section_id,hour,day_of_week,flow_mean,flow_std,flow_min,flow_max,speed_mean,speed_std,cong_mean,cong_std,flow_count,avg_speed,flow_deviation,speed_deviation,is_anomaly
1,0,0,1369.0285714285715,214.12260403899344,567,1575,63.08761904761904,8.866007852359212,0.18082761904761904,0.11489788819043938,1107,56.5,-1.2236743330355064,-0.7421826520655992,0
1,0,1,1345.6857142857143,195.57535014008687,735,1575,62.60190476190476,8.98148716647815,0.18703809523809523,0.11656297850464982,1350,66.3,0.022058327534222818,0.41128849651060906,0
1,0,2,1341.9423076923076,196.94900167465246,745,1575,63.31346153846154,9.11979664323938,0.17875673076923076,0.11671489515213304,1107,56.3,-1.1928487943922363,-0.7681947158872386,0
1,0,3,1369.9615384615386,194.89897423237883,810,1575,64.78846153846153,8.104155804244959,0.15966442307692308,0.10338415581437192,945,50.8,-2.180307705867259,-1.7239577198090534,0
1,0,4,1364.1826923076924,192.24159377498708,735,1575,63.232692307692304,8.462245591336593,0.1791076923076923,0.10933541755756426,1310,71.1,-0.281832213943091,0.9285976908356517,0
1,0,5,1371.3461538461538,202.34507530361748,441,1575,63.64807692307692,8.719145107836038,0.1740951923076923,0.11203831035128305,1310,63.9,-0.30316093507468916,0.028859994170211394,0
1,0,6,1038.2307692307693,134.81812493523645,551,1181,65.47403846153847,8.652571257015433,0.151925,0.1089448357335478,830,57.9,-1.5444164140886123,-0.874340682093044,0
1,1,0,1095.1904761904761,171.2339321624354,454,1260,64.67999999999999,8.442388469913185,0.1601552380952381,0.10940693795760885,886,58.8,-1.2215935101983417,-0.6956613531110443,0
1,1,1,1076.5047619047618,156.4001354889195,588,1260,63.43809523809524,9.164641301390368,0.17669142857142855,0.11809620598534006,1080,75.8,0.0223466214917113,1.347399244919949,0
1,1,2,1073.5576923076924,157.4865583367634,596,1260,63.99903846153846,8.868768099919905,0.16953365384615385,0.11403926560242812,886,58.6,-1.1908685134988883,-0.6080841847403543,0
1,1,3,1095.9615384615386,155.88730825593237,648,1260,65.61730769230769,7.792433999243215,0.14812692307692307,0.10074002321728573,756,43.6,-2.180676127540528,-2.821851193415186,1
1,1,4,1091.2884615384614,153.791857390279,588,1260,64.35,9.049185984954185,0.16515865384615386,0.11616758200483426,1048,62.3,-0.28145603878251646,-0.22628964714983324,0
1,1,5,1097.0576923076924,161.8160784385308,353,1260,65.54038461538461,8.690699405762139,0.15112788461538462,0.1093085065456879,1048,65.4,-0.30315072070616117,-0.016134865582372992,0
1,1,6,830.6442307692307,107.86875504939975,441,945,67.1076923076923,8.181908675505317,0.1298,0.1043507918848261,664,63.1,-1.5447363171082307,-0.48922570629671824,0
1,2,0,985.6666666666666,154.24846755669807,408,1134,65.5352380952381,9.24467602453081,0.14996285714285715,0.11855922753656052,797,55.1,-1.2230554967578797,-1.1275638463818771,0
1,2,1,968.847619047619,140.8759534096726,529,1134,64.4047619047619,8.984606289824288,0.16487142857142856,0.11456142852894863,972,74.3,0.022375409869388584,1.1001302087488485,0
1,2,2,966.2307692307693,141.8115275121345,537,1134,64.20961538461539,9.032697016097424,0.16633846153846152,0.11697552835744475,797,59.2,-1.193265734754476,-0.5539957134135405,0
1,2,3,986.4134615384615,140.38771628952722,583,1134,66.53653846153847,8.57936175339365,0.1389625,0.10691753667223283,680,47.4,-2.1824675616986378,-2.227934858370314,0
1,2,4,982.1634615384615,138.46334978796142,529,1134,65.9048076923077,8.73811403312309,0.14597019230769231,0.11068766156741965,943,67.9,-0.2828230962739831,0.22807113626295747,0
1,2,5,987.3942307692307,145.72246651750797,318,1134,66.09711538461539,8.659855564287671,0.14342307692307693,0.10979501662588116,943,68.9,-0.3046282810556651,0.32329080854934666,0
1,2,6,747.4903846153846,96.9529958371188,397,850,67.02596153846153,8.329302529015596,0.1303375,0.10712683272100856,598,59.4,-1.5417261329930732,-0.9144603534801525,0
1,3,0,821.4,128.44570837517307,340,945,65.51809523809523,9.19884797294227,0.15004761904761907,0.11816178535514356,664,58.3,-1.225325071115493,-0.7838217396251592,0
1,3,1,807.3809523809524,117.37394064012648,441,945,64.46000000000001,9.488004572576402,0.16437619047619048,0.12092732601714001,810,68.9,0.022311805215987933,0.4674666100729846,0
1,3,2,805.1634615384615,118.19878850240134,447,945,65.4326923076923,9.209349853270874,0.15191923076923078,0.11716068219257571,664,56.0,-1.1941875331510896,-1.0231407266040287,0
1,3,3,821.9711538461538,116.96879151699817,486,945,66.9423076923077,8.503702132757157,0.13242115384615386,0.10795944462664026,567,43.3,-2.1796357317394923,-2.776971442463556,1
1,3,4,818.4519230769231,115.40354521717718,441,945,67.11442307692307,9.033093614396597,0.13039326923076924,0.11474454976960664,786,72.8,-0.28117950120895535,0.6287203434481193,0
1,3,5,822.7596153846154,121.4189965457659,265,945,67.24903846153846,9.252163170756997,0.1276201923076923,0.11894761299351857,786,66.1,-0.30272518451357594,-0.12405724670952391,0
1,3,6,623.0192307692307,80.92223052769427,331,709,67.25769230769231,8.087143006123588,0.1279701923076923,0.10305581377758714,498,55.6,-1.5447397156124378,-1.4397290870219286,0
1,4,0,1095.1904761904761,171.2339321624354,454,1260,64.70857142857143,9.119675625617589,0.16026285714285715,0.11747421833120437,886,53.2,-1.2215935101983417,-1.260567395875351,0
1,4,1,1076.5047619047618,156.4001354889195,588,1260,64.20952380952382,10.13654397758545,0.1676952380952381,0.12941833063376032,1080,62.9,0.0223466214917113,-0.1290610687162706,0
1,4,2,1073.5576923076924,157.4865583367634,596,1260,63.69519230769231,9.103156177383928,0.17302211538461537,0.11785651714001608,886,58.0,-1.1908685134988883,-0.6249418090546981,0
1,4,3,1095.9615384615386,155.88730825593237,648,1260,65.93461538461538,7.714892535928551,0.14506634615384614,0.09794603091972412,756,50.5,-2.180676127540528,-1.9980362591231964,0
1,4,4,1091.2884615384614,153.791857390279,588,1260,64.5923076923077,9.010616093799754,0.16286346153846154,0.11435234432218296,1048,66.7,-0.28145603878251646,0.23365281104702024,0
1,4,5,1097.0576923076924,161.8160784385308,353,1260,65.18557692307692,9.065901315049686,0.15439615384615385,0.11631367025408534,1048,62.6,-0.30315072070616117,-0.28488376342187743,0
1,4,6,830.6442307692307,107.86875504939975,441,945,67.13269230769231,8.172894370407782,0.13049615384615385,0.10280560968702888,664,64.7,-1.5447363171082307,-0.2972899560441322,0
1,5,0,1916.6285714285714,299.7440336591968,794,2205,59.58,7.757433159929206,0.22622952380952382,0.10074890524678125,1550,57.0,-1.2230980412607462,-0.33215606068034875,0
1,5,1,1883.9333333333334,273.8184851694875,1029,2205,59.544761904761906,8.274601790934405,0.22676857142857143,0.10730400049382141,1890,63.3,0.022154987502164405,0.453279251073641,0
1,5,2,1878.673076923077,275.6674316279374,1043,2205,60.25576923076923,8.668723234094818,0.21789326923076924,0.11163505753463723,1550,58.5,-1.19223788099805,-0.20230731910790758,0
1,5,3,1917.9038461538462,272.81607728266016,1134,2205,62.10576923076923,7.436420828755258,0.19434519230769232,0.09455648528102407,1323,44.8,-2.1805241349326696,-2.3240385721877157,0
1,5,4,1909.7307692307693,269.2234871521316,1029,2205,60.184615384615384,7.507132779502533,0.21839134615384617,0.09746502595088748,1833,68.7,-0.28499712291514545,1.1327968874787053,0
1,5,5,1919.7884615384614,283.3399163815185,617,2205,61.30288461538461,8.215158339902155,0.20386442307692307,0.10668567743862205,1833,62.6,-0.3062942902781891,0.15770096222011679,0
1,5,6,1453.625,188.76544172673994,772,1654,63.49615384615385,7.6340947426141055,0.17581057692307694,0.09825213445965192,1162,56.0,-1.5448248847015755,-0.9806463811031128,0
1,6,0,3559.3238095238094,556.6919375830437,1474,4095,51.72571428571428,6.312625148362308,0.32824095238095236,0.08198724654016681,2878,47.8,-1.223857442425689,-0.620899419718268,0
1,6,1,3498.657142857143,508.43607926984953,1911,4095,50.84190476190476,6.858750460211969,0.33971047619047623,0.08907575311520131,3510,53.8,0.022308869328181245,0.43065987842044173,0
1,6,2,3488.923076923077,511.96075950028666,1938,4095,52.38365384615384,6.777033038952448,0.3196894230769231,0.08801490376692359,2878,45.2,-1.1932772830998664,-1.0584380251171737,0
1,6,3,3561.7115384615386,506.75826130370285,2106,4095,53.715384615384615,7.001550025762595,0.30274615384615383,0.08967481698112051,2457,43.0,-2.1799146134755514,-1.5282476165773604,0
1,6,4,3546.6153846153848,499.92003841570437,1911,4095,52.32403846153846,6.808354308263917,0.3204682692307692,0.08842134265974508,3405,53.7,-0.2832704053234505,0.2018025869957896,0
1,6,5,3565.3365384615386,526.0895787464065,1147,4095,53.37307692307692,6.970732584938574,0.3068471153846154,0.09052808924888738,3405,53.7,-0.304764620499392,0.04683220177040444,0
1,6,6,2699.701923076923,350.45589946809866,1433,3071,57.26442307692308,7.059441357875813,0.2563048076923077,0.09168544408069003,2159,53.6,-1.5428089406060477,-0.5183469091006286,0
1,7,0,8213.87619047619,1284.6168816424347,3402,9450,28.47142857142857,3.799815640409268,0.63024,0.04934433098138025,6642,31.9,-1.2236052451794397,0.8999310602344827,0
1,7,1,8073.8,1173.3310766295313,4410,9450,28.864761904761906,4.533422483501776,0.6251352380952381,0.05887228024250786,8100,31.8,0.022329398093911754,0.646041196013936,0
1,7,2,8051.346153846154,1181.4400770725608,4471,9450,29.365384615384617,5.715211676817314,0.6186278846153846,0.07421704911910554,6642,31.9,-1.1928952235868335,0.4427112092429031,0
1,7,3,8219.403846153846,1169.337049911506,4860,9450,29.672115384615385,5.8170398626153625,0.6146528846153847,0.07554165822591227,5670,28.4,-2.1801943626118354,-0.2183124561712574,0
1,7,4,8184.451923076923,1153.7113845460733,4410,9450,29.065384615384616,4.636762538768409,0.6225288461538461,0.06021838520835903,7857,31.9,-0.28382235734128947,0.6100194191043551,0
1,7,5,8227.60576923077,1214.1523745824727,2646,9450,28.85576923076923,4.774097320727964,0.6252461538461538,0.061999238835097364,7857,32.8,-0.30523575510912515,0.8244461817575652,0
1,7,6,6230.009615384615,808.8774253414634,3308,7088,39.62692307692308,4.8278365728976285,0.48536538461538464,0.06270171916509468,4982,35.3,-1.5428718215736645,-0.8943921547832411,0
1,8,0,9856.67619047619,1541.626279760074,4082,11340,20.4,4.532998667888278,0.7350552380952381,0.0588670503059361,7970,26.5,-1.2238140832867623,1.342725465256512,0
1,8,1,9681.628571428571,1410.1745613244454,5292,11340,21.031428571428574,5.226988290919217,0.7268571428571428,0.06788087112607767,9720,27.0,0.027210217459330412,1.1396953930412166,0
1,8,2,9661.673076923076,1417.8242831567275,5365,11340,21.52403846153846,6.061280828344761,0.7204625,0.07871667541165644,7970,27.0,-1.1931387871061083,0.9019450249930994,0
1,8,3,9863.307692307691,1403.2596108611667,5832,11340,21.085576923076925,6.657493307518713,0.7261557692307693,0.08646195619638415,6804,25.7,-2.1801282295497284,0.6920776465901423,0
1,8,4,9821.35576923077,1384.485309141462,5292,11340,20.726923076923075,5.42998204451305,0.7308144230769231,0.07052148941682135,9428,25.0,-0.2841149165573504,0.7854946740838777,0
1,8,5,9873.14423076923,1457.0558053047307,3175,11340,20.514423076923077,5.672851687279515,0.7335711538461538,0.07366848422214048,9428,25.4,-0.30550729359552364,0.8597051607052827,0
1,8,6,7475.923076923077,970.7324098334827,3969,8505,33.32211538461539,4.554949441403452,0.5672403846153846,0.059154869177637834,5978,35.8,-1.5430695741211358,0.5428065846492283,0
1,9,0,7653.92380952381,1198.912661982628,3175,8820,31.42761904761905,3.833393135383185,0.5918504761904761,0.049787583646407056,6199,31.1,-1.2135259893393284,-0.08524213789188263,0
1,9,1,7535.523809523809,1095.103561095392,4116,8820,31.758095238095237,4.129788152333019,0.5875580952380953,0.05363659195304079,7560,38.1,0.02235036743742668,1.5319394443724665,0
1,9,2,7514.6057692307695,1102.6739381825323,4173,8820,32.03942307692308,5.674408882763268,0.5839086538461539,0.07370132207660983,6199,30.5,-1.1930941620489908,-0.2708149798286052,0
1,9,3,7671.403846153846,1091.4099059921,4536,8820,32.25,5.979187203261869,0.581173076923077,0.07765997361009236,5292,29.2,-2.1800993669718434,-0.5092510713872644,0
1,9,4,7638.759615384615,1076.8015159540853,4116,8820,31.99903846153846,4.909343087614109,0.5844269230769231,0.0637571914554373,7333,31.8,-0.28394905780117297,-0.04046037407709952,0
1,9,5,7679.067307692308,1133.1655742770608,2470,8820,31.67115384615385,4.382637258013132,0.5886875,0.05692283601252438,7333,35.2,-0.30539601765868485,0.8033547836003908,0
1,9,6,5814.625,755.0525756464192,3087,6615,41.10480769230769,4.536141378245985,0.4661740384615385,0.05890717396631363,4649,39.2,-1.5437462239498398,-0.4189943809100383,0
1,10,0,5475.914285714286,856.3977117317286,2268,6300,42.67142857142857,4.5228844244003765,0.4458285714285714,0.05873787062070728,4428,45.7,-1.2236161250758884,0.6681333881509809,0
1,10,1,5382.580952380952,782.21869828162,2940,6300,42.32095238095238,5.074307365354925,0.45037619047619043,0.06590210035728626,5400,44.0,0.022268484469201405,0.330241171194498,0
1,10,2,5367.653846153846,787.6285627125245,2981,6300,43.31346153846154,5.978733471299456,0.43748846153846155,0.07764650206575342,4428,42.8,-1.1930013214662831,-0.08573791786231034,0
1,10,3,5479.663461538462,779.5643494687648,3240,6300,44.035576923076924,5.838538157729904,0.42810769230769236,0.075830412082255,3780,38.6,-2.180245492552038,-0.9293906915684259,0
1,10,4,5446.75,770.3789604593616,2940,6300,42.79038461538461,5.259748586238758,0.44427884615384616,0.06830337618782627,5238,48.1,-0.27096701888813174,1.0075652182877832,0
1,10,5,5485.115384615385,809.3954391077295,1764,6300,42.8125,4.952212166275372,0.4439971153846154,0.06430737845408599,5238,42.5,-0.30530482336244147,-0.0629759449069591,0
1,10,6,4153.211538461538,539.272769445641,2205,4725,50.162499999999994,5.426744048771212,0.3485394230769231,0.0704770959396818,3321,50.9,-1.5431821404511312,0.13565104286391608,0
1,11,0,4928.295238095238,770.8074553026735,2041,5670,45.61047619047619,4.625824745789076,0.4076638095238095,0.060076257827687246,3985,45.6,-1.2237595705780155,-0.002259833158211183,0
1,11,1,4844.304761904762,704.0353346110921,2646,5670,45.227619047619044,5.647914782638047,0.4126304761904762,0.07335513867455618,4860,53.7,0.02229293672389418,1.4974387699120921,0
1,11,2,4830.875,708.8626564975046,2683,5670,45.622115384615384,6.454560466949597,0.4075067307692307,0.08383037689393527,3985,44.0,-1.1932679194869997,-0.2509243115457785,0
1,11,3,4931.615384615385,701.6516479712861,2916,5670,46.43269230769231,5.5163383505374455,0.3969798076923077,0.07164322931553808,3402,40.4,-2.1799900123342364,-1.0916255800923986,0
1,11,4,4910.615384615385,692.2445315143349,2646,5670,45.284615384615385,5.473958990995533,0.4118875,0.0710895520125131,4714,52.2,-0.28402180941348354,1.2610204829648497,0
1,11,5,4936.567307692308,728.4629084709283,1588,5670,45.27211538461539,5.569446064222662,0.41205,0.07233502153041659,4714,45.9,-0.30552585429632323,0.11253529618483496,0
1,11,6,3737.9326923076924,485.2910899940699,1984,4252,52.598076923076924,5.836576679341342,0.3169048076923077,0.0757947488764506,2989,48.7,-1.543233072723665,-0.6667280935270428,0
1,12,0,4654.533333333334,727.9489371708735,1928,5355,46.70285714285714,5.381761527869583,0.39346857142857145,0.06989430112441448,3764,43.8,-1.2233290751182841,-0.538387524717573,0
1,12,1,4575.171428571429,664.8691522099966,2499,5355,46.00190476190476,6.013765954240402,0.4025704761904762,0.07810352464691372,4590,48.4,0.022302656624564626,0.3981056462539202,0
1,12,2,4562.461538461538,669.4617157071867,2534,5355,46.62980769230769,6.0833192237620315,0.39442115384615384,0.07900643168248649,3764,46.0,-1.192674043918487,-0.10336036389684644,0
1,12,3,4657.673076923077,662.6077408974609,2754,5355,47.84326923076923,5.865710204114731,0.3786576923076923,0.07618033623957242,3213,36.9,-2.180251127846935,-1.8624589795299493,0
1,12,4,4637.865384615385,653.740441021538,2499,5355,47.19519230769231,5.8958333124415585,0.3870730769230769,0.07657217197218397,4452,50.0,-0.2843063238702448,0.47492158073593543,0
1,12,5,4662.307692307692,688.0323298585215,1499,5355,47.11730769230769,6.107204758533867,0.38808750000000003,0.07930979651225649,4452,50.3,-0.30566097924663566,0.5202853972236683,0
1,12,6,3530.1923076923076,458.3369701351628,1874,4016,52.99326923076923,5.908612513079843,0.3117740384615385,0.0767334739112204,2823,46.4,-1.5429191284579942,-1.1139889993133407,0
1,13,0,4654.533333333334,727.9489371708735,1928,5355,46.469523809523814,4.860320577617916,0.3965047619047619,0.06312389889512221,3764,43.3,-1.2233290751182841,-0.6507834051191016,0
1,13,1,4575.171428571429,664.8691522099966,2499,5355,46.37428571428572,6.096279265184697,0.39774095238095236,0.07917774392908425,4590,55.4,0.022302656624564626,1.4781037508675552,0
1,13,2,4562.461538461538,669.4617157071867,2534,5355,47.11730769230769,6.02068348066141,0.38808653846153846,0.07819029569773654,3764,45.2,-1.192674043918487,-0.3179254388753642,0
1,13,3,4657.673076923077,662.6077408974609,2754,5355,47.31346153846154,5.526565282682279,0.38553846153846155,0.07177954424742079,3213,38.5,-2.180251127846935,-1.5918644662294517,0
1,13,4,4637.865384615385,653.740441021538,2499,5355,47.46826923076923,5.66277684846833,0.3835326923076923,0.07353966163545902,4452,49.7,-0.2843063238702448,0.39341063977042345,0
1,13,5,4662.307692307692,688.0323298585215,1499,5355,46.61538461538461,6.308520501559456,0.3946009615384615,0.0819342863557123,4452,55.2,-0.30566097924663566,1.3586432745603414,0
1,13,6,3530.1923076923076,458.3369701351628,1874,4016,52.948076923076925,5.903446101856147,0.3123653846153846,0.07666899193365255,2823,46.3,-1.5429191284579942,-1.1242305769879581,0
1,14,0,5202.1238095238095,813.5436929219234,2155,5985,43.90857142857143,4.712628579876429,0.4297590476190476,0.06120550455266086,4207,39.8,-1.2231814792085411,-0.869975556849515,0
1,14,1,5113.428571428572,743.0739281103615,2793,5985,43.735238095238095,5.471657408732276,0.43200857142857146,0.07105763385921551,5130,50.2,0.022300884118929946,1.1793443885171566,0
1,14,2,5099.211538461538,748.1656100488352,2832,5985,44.54230769230769,5.6567974799924565,0.4215288461538461,0.07346911466940512,4207,47.0,-1.1925162040544215,0.4337003953943284,0
1,14,3,5205.634615384615,740.5330021908753,3078,5985,45.089423076923076,5.478659716142947,0.4144259615384615,0.07115021439725396,3591,39.9,-2.1803387657540005,-0.9454809270941372,0
1,14,4,5183.471153846154,730.6693294936731,2793,5985,44.30480769230769,5.0915193110404235,0.4246134615384615,0.06612326244556532,4976,48.4,-0.28394282617782846,0.8027397443796246,0
1,14,5,5210.836538461538,768.8984948294591,1676,5985,44.58846153846154,5.308434535887894,0.4209288461538462,0.06893917774228182,4976,46.2,-0.30541545585814334,0.30300992720020853,0
1,14,6,3945.7403846153848,512.3689507124914,2095,4489,51.29807692307692,5.754592606926689,0.33379326923076924,0.0747384387454111,3155,45.6,-1.5432725788516808,-0.9884613383138566,0
1,15,0,6571.133333333333,1027.6679356180357,2722,7560,37.095238095238095,4.005702208496055,0.5182447619047619,0.052019354720793734,5314,35.4,-1.2232755903018442,-0.4221523427836523,0
1,15,1,6459.104761904762,938.6466108569615,3528,7560,37.05428571428571,4.665978102000869,0.5187790476190476,0.060598152572814416,6480,44.5,0.022260790424904333,1.5923330099703075,0
1,15,2,6441.163461538462,945.1401818313371,3577,7560,37.458653846153844,5.402922808009146,0.5135221153846155,0.07016385393751685,5314,41.8,-1.1925760405128982,0.8020336346608433,0
1,15,3,6575.596153846154,935.4321105153067,3888,7560,37.79038461538461,5.645300807738956,0.5092211538461539,0.0733147472854507,4536,33.3,-2.1803552896743152,-0.7940133987638249,0
1,15,4,6547.615384615385,922.9250809267968,3528,7560,37.22596153846154,4.7537005552916485,0.5165442307692307,0.061738765067207976,6286,41.8,-0.28346022382492464,0.9601859748420775,0
1,15,5,6582.182692307692,971.2698400659868,2117,7560,37.24807692307692,5.318131301285698,0.5162596153846154,0.06906515921451539,6286,37.8,-0.30494063614824984,0.1035866133385064,0
1,15,6,4983.923076923077,647.1789370411124,2646,5670,45.45576923076923,5.127251140417069,0.40966730769230775,0.06658796859503333,3985,43.7,-1.5434798398904352,-0.3417721234135893,0
1,16,0,8761.57142857143,1370.2641790288733,3629,10080,25.776190476190475,3.6066851339807378,0.6652419047619047,0.04683876349315562,7085,29.8,-1.2235298995122508,1.112568380919763,0
1,16,1,8612.2,1251.6122633197176,4704,10080,26.239047619047618,5.002105234454467,0.6592304761904761,0.06496727596941747,8640,30.2,0.022211174101573142,0.7902771780855283,0
1,16,2,8588.259615384615,1260.2721542663974,4769,10080,26.762500000000003,6.005906275840038,0.6524346153846154,0.07799947693281274,7085,29.5,-1.192796081651774,0.45504365834185856,0
1,16,3,8767.51923076923,1247.3047912779919,5184,10080,26.623076923076926,5.662553384205472,0.6542423076923077,0.07354422445007258,6048,30.6,-2.1802990309950756,0.7010816483448757,0
1,16,4,8730.211538461539,1230.6290890504038,4704,10080,26.040384615384614,4.437407605618599,0.6618153846153846,0.05763287520768859,8381,33.6,-0.28376438028715684,1.6997801989331953,0
1,16,5,8776.240384615385,1295.1101650873068,2822,10080,25.971153846153847,5.38670915763206,0.6627125,0.06995923457576696,8381,27.2,-0.3051766123869601,0.22770286816518742,0
1,16,6,6645.336538461538,862.7696945514745,3528,7560,37.31923076923077,4.176124391887749,0.515335576923077,0.05423862221212623,5314,37.4,-1.54307820045956,0.019294512825693798,0
1,17,0,9856.67619047619,1541.626279760074,4082,11340,20.174285714285716,4.393002052465608,0.7379895238095239,0.05704525518563436,7970,28.1,-1.2238140832867623,1.8000705407975037,0
1,17,1,9680.933333333332,1411.7451098297472,5292,11340,20.88190476190476,5.274152884083721,0.7287980952380951,0.06849745079612643,9720,26.5,0.02767241031723896,1.0631969515903636,0
1,17,2,9661.673076923076,1417.8242831567275,5365,11340,21.33076923076923,6.162398929604261,0.7229759615384614,0.08002856224977116,7970,25.0,-1.1931387871061083,0.5944578130931046,0
1,17,3,9863.307692307691,1403.2596108611667,5832,11340,21.252884615384616,6.832602550831206,0.7239798076923076,0.08873500024186523,6804,25.8,-2.1801282295497284,0.6645301039825883,0
1,17,4,9821.35576923077,1384.485309141462,5292,11340,20.60576923076923,5.317288653612871,0.7323826923076923,0.0690516936545701,9428,25.4,-0.2841149165573504,0.899938238934999,0
1,17,5,9873.14423076923,1457.0558053047307,3175,11340,20.66923076923077,5.292806565923866,0.7315615384615384,0.06873657229179884,9428,27.0,-0.30550729359552364,1.1938525669503226,0
1,17,6,7475.923076923077,970.7324098334827,3969,8505,33.41442307692308,4.752973893151198,0.5660471153846154,0.06172700303934706,5978,37.2,-1.5430695741211358,0.7947927089250483,0
1,18,0,9309.142857142857,1455.8811991141538,3856,10710,22.987619047619045,4.194494909495964,0.7014609523809524,0.054469895523261425,7528,26.8,-1.2234038218148475,0.9067393431183831,0
1,18,1,9150.44761904762,1329.8126529482986,4998,10710,23.732380952380954,5.029786186732897,0.6917933333333334,0.06532494114729408,9180,22.9,0.022222798571569485,-0.16516195757910837,0
1,18,2,9125.038461538461,1338.9902072850937,5067,10710,24.298076923076923,5.768629269116781,0.6844432692307693,0.07491334769581968,7528,28.1,-1.1927096447405008,0.6579281867487189,0
1,18,3,9315.451923076924,1325.2454022960974,5508,10710,23.99230769230769,6.420457176168081,0.6884153846153847,0.08338084081720826,6426,28.1,-2.1802981659767218,0.6387869781507651,0
1,18,4,9275.817307692309,1307.5316459399478,4998,10710,23.36730769230769,5.010948058810388,0.6965317307692308,0.0650815086625294,8905,27.1,-0.2835988504410048,0.7434238044232422,0
1,18,5,9324.778846153846,1375.9696666103011,2999,10710,23.26153846153846,5.194065091357983,0.6979028846153846,0.06745572795779954,8905,24.9,-0.305076344033457,0.3148426296939317,0
1,18,6,7060.576923076923,916.7573573622519,3748,8032,34.89134615384615,4.10531529900651,0.5468673076923077,0.05331263432891752,5646,38.6,-1.5430053346870707,0.901183403140257,0
1,19,0,7643.495238095238,1210.7052865344608,3175,8820,31.24571428571429,3.5642462945693913,0.5942142857142857,0.04629415445025146,6199,34.3,-1.193092425742758,0.8545258111972596,0
1,19,1,7535.523809523809,1095.103561095392,4116,8820,31.523809523809526,4.7167566229659394,0.5905990476190477,0.0612567084163631,7560,39.5,0.02235036743742668,1.687455291739896,0
1,19,2,7514.6057692307695,1102.6739381825323,4173,8820,32.30673076923077,5.031324487803219,0.5804317307692307,0.06534704406359283,6199,33.0,-1.1930941620489908,0.13751727992246884,0
1,19,3,7671.403846153846,1091.4099059921,4536,8820,32.205769230769235,5.526649065028113,0.5817423076923076,0.07177496208966164,5292,33.4,-2.1800993669718434,0.21569558684404352,0
1,19,4,7638.759615384615,1076.8015159540853,4116,8820,32.027884615384615,4.43191112934384,0.5840557692307692,0.057562632544229234,7333,35.7,-0.28394905780117297,0.8266971755371058,0
1,19,5,7679.067307692308,1133.1655742770608,2470,8820,31.479807692307695,4.952225738845507,0.5911759615384615,0.06431960020040739,7333,35.5,-0.30539601765868485,0.8101590937754534,0
1,19,6,5814.625,755.0525756464192,3087,6615,41.85576923076923,4.843288358232019,0.4564163461538462,0.06289654490730848,4649,40.6,-1.5437462239498398,-0.2587460579463055,0
1,20,0,5475.914285714286,856.3977117317286,2268,6300,42.44571428571429,4.731665598989362,0.4487590476190476,0.0614529849923408,4428,41.2,-1.2236161250758884,-0.26271660447328826,0
1,20,1,5382.580952380952,782.21869828162,2940,6300,42.08190476190477,4.920185678023455,0.45347238095238096,0.0638940190640812,5400,48.3,0.022268484469201405,1.2612294230241055,0
1,20,2,5367.653846153846,787.6285627125245,2981,6300,43.19134615384615,5.643694145430768,0.4390740384615385,0.07329151925825368,4428,39.5,-1.1930013214662831,-0.6529087104631295,0
1,20,3,5479.663461538462,779.5643494687648,3240,6300,44.051923076923075,5.735953391931785,0.4278961538461538,0.07449843280175662,3780,42.2,-2.180245492552038,-0.322300400056057,0
1,20,4,5456.317307692308,769.112642960453,2940,6300,42.7173076923077,4.9691366347382235,0.4452355769230769,0.06453684567864598,5238,48.0,-0.2838523994716577,1.0609655237890527,0
1,20,5,5485.115384615385,809.3954391077295,1764,6300,42.99423076923077,5.072787229553948,0.44163173076923073,0.06587658697548365,5238,44.1,-0.30530482336244147,0.2175517449047878,0
1,20,6,4153.211538461538,539.272769445641,2205,4725,49.767307692307696,5.7507018112472155,0.35366923076923074,0.07468525033015734,3321,44.6,-1.5431821404511312,-0.8969927383186237,0
1,21,0,3833.190476190476,599.4454022619911,1588,4410,51.002857142857145,5.969851453229499,0.33762285714285717,0.07753043727012444,3100,47.6,-1.2230942842851156,-0.5690537916321292,0
1,21,1,3767.8380952380953,547.558973357235,2058,4410,50.18380952380952,6.4565131666451565,0.34826285714285715,0.08385360211649878,3780,57.5,0.02221072660004465,1.1313965173577674,0
1,21,2,3757.403846153846,551.3491399828431,2087,4410,51.3,7.14490788868996,0.33377115384615386,0.09279624372323025,3100,49.9,-1.1923332696984092,-0.1956698844737097,0
1,21,3,3835.8365384615386,545.6712640049105,2268,4410,51.80576923076923,6.245166316052804,0.3271971153846154,0.08110131199390173,2646,42.7,-2.180460677225728,-1.4557197635818,0
1,21,4,3819.471153846154,538.3883529361464,2058,4410,51.51826923076923,6.1839561350489145,0.33092884615384616,0.08031095111227751,3667,55.3,-0.28319394555101246,0.6105517518652729,0
1,21,5,3839.625,566.5601740550096,1235,4410,51.337500000000006,6.050951742518796,0.3332826923076923,0.07858275267464113,3667,50.0,-0.3046842349015701,-0.22067491325119354,0
1,21,6,2907.375,377.51816486869245,1544,3308,56.5298076923077,6.440359391281848,0.26584326923076923,0.0836408988130622,2325,44.6,-1.5426001400519482,-1.8494795357343565,0
1,22,0,2464.1619047619047,385.34507821435744,1021,2835,57.205714285714286,7.175289173634378,0.25706190476190477,0.0931827767398696,1993,54.2,-1.2226695102738891,-0.41831500626911705,0
1,22,1,2422.190476190476,351.9603642249337,1323,2835,56.91619047619047,7.569157099316885,0.2610047619047619,0.09781949367324923,2430,65.7,0.022188015251571068,1.1589427965018988,0
1,22,2,2415.4615384615386,354.4431410733192,1341,2835,57.200961538461534,7.853469892839063,0.2577634615384615,0.10024069000925964,1993,50.0,-1.1918685137964449,-0.9157485991037052,0
1,22,3,2465.855769230769,350.80103669321403,1458,2835,58.86923076923077,6.570736491696796,0.2356403846153846,0.08482933811881284,1701,47.0,-2.180250018472592,-1.8036325849252126,0
1,22,4,2455.355769230769,346.0816144349307,1323,2835,57.91153846153846,7.581381226364838,0.24790192307692308,0.09846285286504815,2357,58.0,-0.2841899807117722,0.011652891064713055,0
1,22,5,2468.3076923076924,364.18636744325835,794,2835,57.962500000000006,7.053597684250363,0.2472403846153846,0.09160822081144784,2357,60.2,-0.3056254873959831,0.31676492631919423,0
1,22,6,1868.9038461538462,242.70132346620608,992,2126,61.973076923076924,7.240678383296423,0.1951548076923077,0.09403328256042576,1494,58.7,-1.5446491774663573,-0.4514166468364111,0
1,23,0,1642.7333333333333,256.94728831875034,680,1890,61.892380952380954,8.434449679258357,0.19620190476190474,0.10953555620555398,1328,55.4,-1.2248468817234444,-0.7688341098565414,0
1,23,1,1614.7047619047619,234.67677951278185,882,1890,61.10952380952381,9.219852366262575,0.20669714285714286,0.11913096095114341,1620,72.9,0.022563001231817245,1.2774284704242231,0
1,23,2,1610.201923076923,236.2983296148962,894,1890,61.767307692307696,8.408900073618167,0.19831826923076923,0.1082176472556943,1328,57.8,-1.194210646475383,-0.4712382446181809,0
1,23,3,1643.826923076923,233.87580482735825,972,1890,63.13365384615384,7.951730721751538,0.18105865384615386,0.10135938809726422,1134,43.2,-2.179811311991549,-2.5036835008366802,1
1,23,4,1636.826923076923,230.74545477468996,882,1890,61.41923076923077,8.33637574534568,0.20240961538461538,0.10814346864031768,1571,69.5,-0.2852670292938324,0.9681770240544746,0
1,23,5,1645.4326923076924,242.879080723053,529,1890,62.027884615384615,8.363889752524381,0.1944951923076923,0.108530301240443,1571,66.6,-0.30644725603190875,0.5459966060858488,0
1,23,6,1246.076923076923,161.86250261733701,662,1418,64.38557692307693,8.009913981687031,0.1652980769230769,0.10135541998982794,996,60.1,-1.5449005793658444,-0.5343669436932578,0
2,0,0,2555.4190476190474,399.6942047691051,1058,2940,69.27428571428571,9.38727686994301,0.21279142857142858,0.10667184502940794,2066,62.5,-1.2244530875069664,-0.7208775273987211,0
2,0,1,2511.8571428571427,365.08593373477026,1372,2940,67.75714285714285,9.92222502519215,0.23025142857142858,0.11228222264445079,2520,79.5,0.022303335618010046,1.1822987410245438,0
2,0,2,2504.875,367.60921862945605,1391,2940,68.64134615384616,9.581187175128111,0.22041249999999998,0.10795543640780669,2066,62.2,-1.1938304031987148,-0.6715900791249146,0
2,0,3,2557.144230769231,363.83684645755625,1512,2940,70.65096153846153,8.767348905653169,0.1979673076923077,0.09779327556677483,1764,50.3,-2.1798848567504443,-2.3185772557536395,0
2,0,4,2546.25,358.974233058586,1372,2940,69.3923076923077,8.800934331551948,0.2118875,0.09896942127287287,2444,67.5,-0.2848314510328727,-0.21476810756963016,0
2,0,5,2559.653846153846,377.7859045726843,823,2940,70.18653846153846,9.504777109507563,0.20242692307692306,0.1080089840121359,2444,70.1,-0.3061278450984254,-0.009095164347254563,0
2,0,6,1938.2403846153845,251.66989841998262,1029,2205,72.71153846153847,8.948626923933586,0.17417980769230768,0.10085499095217179,1550,65.7,-1.5425959206623687,-0.782657713182213,0
2,1,0,2190.295238095238,342.5694742510556,907,2520,70.4047619047619,9.10260297675236,0.19994857142857142,0.10343579587421306,1771,61.3,-1.223935669268854,-0.9991395354312634,0
2,1,1,2152.9714285714285,312.86094407846804,1176,2520,69.20761904761905,10.050322375599697,0.2139847619047619,0.11330073645370704,2160,77.9,0.022464762425521694,0.8640260846375517,0
2,1,2,2146.971153846154,315.04135825673416,1192,2520,71.19615384615385,9.766556001551487,0.1920269230769231,0.10890473901870336,1771,58.6,-1.1933646498986885,-1.2884039987245923,0
2,1,3,2191.7596153846152,311.8338334954563,1296,2520,72.31346153846154,9.353562819374345,0.17956442307692308,0.10377836532892366,1512,50.9,-2.1798077831624645,-2.2868924950398686,0
2,1,4,2182.451923076923,307.62699263589934,1176,2520,71.35480769230769,9.01766206335502,0.1895875,0.10155522739458099,2095,75.0,-0.2842698543098349,0.4037803234226981,0
2,1,5,2193.9903846153848,323.7428109991588,706,2520,71.02596153846153,8.943414295482585,0.19309519230769231,0.10120474621416398,2095,75.7,-0.3057591509704049,0.5220397836272073,0
2,1,6,1661.2211538461538,215.7757266431153,882,1890,73.91923076923078,8.913740641171536,0.16000673076923075,0.10129009695258799,1328,68.5,-1.5442224053922862,-0.6072824152046765,0
2,2,0,2044.2952380952381,319.6870141190239,847,2352,70.75904761904762,9.455927071237213,0.19591809523809525,0.10745074433374324,1653,64.8,-1.2239564988541245,-0.6295260436935488,0
2,2,1,2009.4571428571428,291.97174614926445,1098,2352,69.39809523809524,9.740873252517538,0.21138190476190477,0.1106875442761084,2016,70.1,0.02240844583315978,0.07198378480855908,0
2,2,2,2003.875,294.01042473757434,1113,2352,70.92211538461538,10.120803881602392,0.19462211538461538,0.11395981403503243,1653,63.5,-1.1933694753116924,-0.7326284736489661,0
2,2,3,2045.7403846153845,290.9794973323925,1210,2352,72.47403846153847,8.720525894807118,0.17711923076923078,0.09772056960371432,1411,48.9,-2.181317162420921,-2.700185389239864,1
2,2,4,2037.076923076923,287.0534503289943,1098,2352,71.76057692307693,9.329038267888825,0.18518365384615385,0.10475443046040057,1956,75.3,-0.28243554860085257,0.37899224474675924,0
2,2,5,2047.7692307692307,302.13766651892246,659,2352,71.71153846153847,10.130395555703203,0.18539423076923076,0.11461916241875653,1956,73.4,-0.3037231160065356,0.16650844922039626,0
2,2,6,1550.548076923077,201.3221771822273,823,1764,74.33653846153847,8.845492052395489,0.15575576923076923,0.09964851221072146,1240,62.2,-1.5424661932801604,-1.3705097796632795,0
2,3,0,1825.3238095238096,285.4663692720177,756,2100,72.67428571428572,9.514624659837214,0.17437047619047621,0.10774460982752894,1476,68.8,-1.223652277821127,-0.4067651852594824,0
2,3,1,1794.1904761904761,260.75688999076453,980,2100,70.57809523809523,9.716332215481913,0.19812761904761905,0.11012823338066305,1800,80.1,0.022278609871558486,0.9789820613723486,0
2,3,2,1789.201923076923,262.53197234074224,994,2100,71.69807692307693,10.189952987965054,0.1856846153846154,0.11499676801640805,1476,57.3,-1.1929594353409954,-1.4115826749461737,0
2,3,3,1826.5384615384614,259.85227031881624,1080,2100,73.45096153846154,9.179536075511285,0.16592884615384615,0.10324304407616054,1260,52.4,-2.1801489721589618,-2.2907534575721566,0
2,3,4,1818.7788461538462,256.37779150182797,980,2100,73.23653846153846,9.699565175844128,0.16911153846153845,0.10788346851206017,1746,74.0,-0.28386237007438514,0.0786298381683367,0
2,3,5,1828.3653846153845,269.8160847074188,588,2100,72.70961538461539,10.046315261630589,0.17419326923076922,0.11339963721832266,1746,73.4,-0.3052536032781857,0.06865184686668953,0
2,3,6,1384.4807692307693,179.77774740367195,735,1575,74.9423076923077,9.358187239485042,0.14873076923076922,0.10580437992376793,1107,62.1,-1.5433797532806848,-1.3708423373713032,0
2,4,0,2044.2952380952381,319.6870141190239,847,2352,70.96380952380952,8.974998648055653,0.1935952380952381,0.1019861212097701,1653,63.1,-1.2239564988541245,-0.8752154376240487,0
2,4,1,2009.4571428571428,291.97174614926445,1098,2352,69.92190476190477,9.855728331908349,0.20544,0.11199779754015766,2016,70.4,0.02240844583315978,0.04846020709377842,0
2,4,2,2003.875,294.01042473757434,1113,2352,70.33653846153847,10.22158441247828,0.20165961538461538,0.11432224725453205,1653,65.9,-1.1933694753116924,-0.4336120665854771,0
2,4,3,2045.7403846153845,290.9794973323925,1210,2352,73.1625,9.352069367595103,0.1700730769230769,0.10359272496738746,1411,52.0,-2.181317162420921,-2.260451099972585,0
2,4,4,2037.076923076923,287.0534503289943,1098,2352,71.38173076923077,9.96047299168434,0.18927980769230768,0.11236075601038288,1956,77.3,-0.28243554860085257,0.5935795860141473,0
2,4,5,2047.7692307692307,302.13766651892246,659,2352,72.30865384615385,9.116113021286992,0.17835096153846156,0.10353226409097953,1956,82.6,-0.3037231160065356,1.1276812077432319,0
2,4,6,1550.548076923077,201.3221771822273,823,1764,74.9423076923077,9.52086816131717,0.1494769230769231,0.1064493071666785,1240,63.3,-1.5424661932801604,-1.2215369571011594,0
2,5,0,3285.647619047619,513.8647678462687,1361,3780,66.13047619047619,8.605969795276772,0.24851619047619047,0.09779563770730654,2657,57.9,-1.2233479018290425,-0.9552582455648917,0
2,5,1,3229.6285714285714,469.3857946037823,1764,3780,64.97142857142858,9.070521932715234,0.26220857142857146,0.10162984600451336,3240,68.5,0.022095273734148303,0.38858685158379663,0
2,5,2,3220.6346153846152,472.6145221606422,1788,3780,65.95,9.014109759553714,0.2509221153846154,0.10150756627471513,2657,54.0,-1.1925632060052933,-1.324230347192828,0
2,5,3,3287.8653846153848,467.7368577635613,1944,3780,66.96923076923078,7.687678666934143,0.2394230769230769,0.08602687797502562,2268,51.8,-2.1803789115584196,-1.970624057664443,0
2,5,4,3273.875,461.50651758853746,1764,3780,66.28942307692309,8.326048938486023,0.24671153846153848,0.09461326423120565,3143,71.4,-0.28357598268385464,0.6130694482229243,0
2,5,5,3291.144230769231,485.6831125246536,1058,3780,67.23846153846154,9.365919500806834,0.23621826923076925,0.10572056478440975,3143,71.4,-0.30501612427479335,0.443853902668464,0
2,5,6,2491.9903846153848,323.49398623459405,1323,2835,70.37596153846154,8.580554841999707,0.20027211538461537,0.09750912176073408,1993,59.8,-1.5424551345513684,-1.2311150714916654,0
2,6,0,5840.9047619047615,913.4973319380169,2419,6720,54.81333333333333,6.320313202236024,0.3771209523809524,0.07182143548578024,4723,58.0,-1.223750180015647,0.503397946493557,0
2,6,1,5741.333333333333,834.3466889943877,3136,6720,54.346666666666664,6.8162710687040065,0.38242476190476193,0.07745670848057441,5760,58.1,0.0223725259387146,0.5498365499344171,0
2,6,2,5725.403846153846,840.1348310562988,3180,6720,55.45288461538462,7.813144969642777,0.36985096153846153,0.08878538101828258,4723,47.2,-1.1931321947116447,-1.054931826958265,0
2,6,3,5844.865384615385,831.5576570765065,3456,6720,56.14423076923077,6.672226552623157,0.3619971153846154,0.07582054369342875,4032,42.4,-2.1800575926542995,-2.056834000013868,0
2,6,4,5819.990384615385,820.3927249845756,3136,6720,54.91538461538461,6.524379511185307,0.37595865384615385,0.07413964992751287,5587,58.6,-0.2839951374122572,0.5638814486223526,0
2,6,5,5850.692307692308,863.3725818474226,1882,6720,55.09615384615385,6.1937789502725575,0.37390673076923076,0.0703825086727693,5587,53.6,-0.30541768300221217,-0.2411681425380434,0
2,6,6,4430.115384615385,575.3350110210979,2352,5040,61.72403846153846,7.113278915559628,0.2985865384615385,0.08083208540313595,3542,56.0,-1.543622292021261,-0.8035679255848377,0
2,7,0,13142.133333333333,2055.3930237429727,5443,15120,23.31714285714286,5.175802746041821,0.7350314285714286,0.058814680130908625,10627,33.2,-1.223669180340687,1.9057526147519697,0
2,7,1,12918.104761904762,1877.3222282109157,7056,15120,23.954285714285714,5.528545304762654,0.7277895238095239,0.06282069557908679,12960,28.4,0.022316368656369184,0.8026862724931343,0
2,7,2,12882.25,1890.3247358049666,7154,15120,24.325000000000003,7.362549553132401,0.7235826923076923,0.083667801792319,10627,30.4,-1.1930426697891898,0.8240025999443964,0
2,7,3,13151.067307692309,1870.974234899749,7776,15120,24.3125,7.25702455141264,0.7237221153846154,0.08246019452389494,9072,28.0,-2.180171928552286,0.507429137456703,0
2,7,4,13095.076923076924,1845.914127173629,7056,15120,23.692307692307693,5.8932855047357595,0.7307740384615384,0.06696477989689269,12571,29.3,-0.28391032727838045,0.9499273418494972,0
2,7,5,13164.173076923076,1942.584058444442,4234,15120,23.377884615384616,6.809430307505229,0.7343451923076922,0.07738723820408547,12571,31.0,-0.30535101986159036,1.1177055913639513,0
2,7,6,9967.875,1294.3952719882868,5292,11340,37.785576923076924,4.796953286094916,0.5706153846153846,0.05451047065932494,7970,43.6,-1.5434694552279906,1.209585933306752,0
2,8,0,16062.809523809523,2512.154737453174,6653,18480,14.882857142857143,5.027012745444071,0.830872380952381,0.05712410325038962,12989,20.5,-1.223570046176885,1.1151734452575108,0
2,8,1,15788.952380952382,2294.6040146938394,8624,18480,15.16,5.155739893182535,0.8277266666666666,0.058587822419829134,15840,12.8,0.02224671283306418,-0.45685614235331523,0
2,8,2,15726.384615384615,2300.243854981983,8744,18480,15.88846153846154,6.558967887257809,0.8194509615384615,0.07453425484096249,12989,23.6,-1.1900358777601334,1.1739345653518811,0
2,8,3,16073.711538461539,2286.729566467542,9504,18480,15.808653846153845,6.4735325296931014,0.8203528846153846,0.07356206540960065,11088,23.5,-2.1802708150816024,1.1862894369113661,0
2,8,4,16005.278846153846,2256.171486358883,8624,18480,15.100000000000001,5.083764372408971,0.8284134615384615,0.057770705207175976,15365,13.2,-0.28378871559094015,-0.37300508250668135,0
2,8,5,16089.692307692309,2374.3455187209697,5174,18480,15.087499999999999,5.935358709438607,0.8285538461538462,0.06744391402092215,15365,14.1,-0.30521642693285017,-0.16609594950634088,0
2,8,6,12176.432692307691,1594.8128280744234,6468,13860,28.232692307692307,5.360326071586193,0.6791759615384615,0.06090953580897269,9742,34.1,-1.5264596477133492,1.0925421685940035,0
2,9,0,12412.2,1941.2267948982085,5141,14280,26.396190476190476,4.962666850702581,0.7000495238095238,0.05639351968330284,10037,33.6,-1.2235498555571875,1.4486813092640038,0
2,9,1,12200.590476190477,1773.1181882558787,6664,14280,26.80952380952381,5.503661784693263,0.6953504761904762,0.06253901724248374,12240,31.0,0.022225986857886525,0.7600169096533212,0
2,9,2,12166.682692307691,1785.3415232523423,6756,14280,27.510576923076922,6.796442791297859,0.6873817307692308,0.0772290688825814,10037,34.0,-1.1928646345387979,0.9534235834935547,0
2,9,3,12411.298076923076,1772.4592365521373,7344,14280,27.245192307692307,7.172044972591311,0.6903942307692308,0.08150226850964379,8568,34.3,-2.1683299194513412,0.9822839761141579,0
2,9,4,12367.740384615385,1743.4056727315276,6664,14280,26.638461538461538,5.440468777851612,0.6972942307692308,0.06182400298454968,11873,30.2,-0.28377649252185594,0.6534370907711718,0
2,9,5,12432.990384615385,1834.7156627154625,3998,14280,26.829807692307693,5.593996084702634,0.6951115384615385,0.06356376098243016,11873,31.3,-0.3052175025374519,0.7976794130700238,0
2,9,6,9414.240384615385,1222.3053381673794,4998,10710,40.18365384615385,4.909908954071003,0.5433663461538462,0.05579960609976311,7528,40.7,-1.5431700198112788,0.10495034738781035,0
2,10,0,9491.533333333333,1484.4599514422396,3931,10920,39.074285714285715,4.063037622921393,0.5559761904761904,0.04617099806448915,7675,40.2,-1.2236915483324378,0.27638200034765886,0
2,10,1,9329.72380952381,1355.852623424422,5096,10920,39.16952380952381,4.859093849710356,0.5548904761904762,0.05521576823943561,9360,46.6,0.022329836336754613,1.5260490801421303,0
2,10,2,9294.259615384615,1365.4698326892164,5167,10920,40.04615384615385,6.975977129273032,0.5449336538461538,0.07927784569214624,7675,40.8,-1.1858539222769753,0.10790847721034462,0
2,10,3,9497.951923076924,1351.2585387122883,5616,10920,40.13076923076923,6.606720275643391,0.5439625,0.07507798558767356,6552,41.8,-2.1801380248846116,0.25227464660631344,0
2,10,4,9457.51923076923,1333.1693166327577,5096,10920,39.8451923076923,4.683764144851922,0.547214423076923,0.05322980298552234,9079,41.9,-0.2839222196495408,0.4377739547397993,0
2,10,5,9507.442307692309,1402.978086501136,3058,10920,39.3375,5.830805161806683,0.5529865384615384,0.06625976397393826,9079,48.4,-0.3053784360783748,1.5515840280480746,0
2,10,6,7198.942307692308,934.8087476577954,3822,8190,50.19711538461539,5.627143936293175,0.4295769230769231,0.06394325037179867,5756,49.1,-1.543553027052169,-0.19462256011451382,0
2,11,0,8761.57142857143,1370.2641790288733,3629,10080,41.978095238095236,4.332923621093167,0.5229714285714285,0.049235584993684474,7085,43.1,-1.2235298995122508,0.25832937895932157,0
2,11,1,8612.2,1251.6122633197176,4704,10080,42.17809523809524,5.799634951250429,0.5207038095238095,0.0659049854012016,8640,42.2,0.022211174101573142,0.0037704196715577926,0
2,11,2,8588.259615384615,1260.2721542663974,4769,10080,43.097115384615385,6.562063030012597,0.5102615384615384,0.07456575687660542,7085,41.8,-1.192796081651774,-0.1973680682446075,0
2,11,3,8767.51923076923,1247.3047912779919,5184,10080,43.410576923076924,5.951093858319682,0.5066932692307693,0.0676257437400346,6048,39.1,-2.1802990309950756,-0.7231184452935273,0
2,11,4,8730.211538461539,1230.6290890504038,4704,10080,42.72980769230769,5.607828782334487,0.5144336538461538,0.06372455381825222,8381,46.9,-0.28376438028715684,0.74231388482427,0
2,11,5,8776.240384615385,1295.1101650873068,2822,10080,42.85961538461538,5.786585075925706,0.512960576923077,0.06575382364498486,8381,43.7,-0.3051766123869601,0.14497926009486087,0
2,11,6,6645.336538461538,862.7696945514745,3528,7560,52.0125,5.514881676238632,0.40894615384615385,0.06266735407384674,5314,46.5,-1.54307820045956,-0.9977589246314758,0
2,12,0,8031.361904761905,1256.1282709780019,3326,9240,45.42666666666667,4.651390748736972,0.4837838095238095,0.052858359581580625,6494,44.5,-1.2238795204965363,-0.19879617835465832,0
2,12,1,7884.219047619048,1154.0233464922123,4312,9240,45.10666666666666,5.91429602200443,0.4874238095238095,0.06720801309226096,7920,48.1,0.031005128655693822,0.5052639709790486,0
2,12,2,7872.4807692307695,1155.2629085953124,4372,9240,45.776923076923076,5.772217200651852,0.4798067307692308,0.06559246532685725,6494,50.3,-1.193207906958412,0.7822391940875236,0
2,12,3,8029.778846153846,1139.8261829398202,4752,9240,47.13269230769231,6.581666833878271,0.46440384615384617,0.07479268683822607,5544,44.9,-2.1808211419843015,-0.33871437436996266,0
2,12,4,8002.576923076923,1128.1075371544216,4312,9240,45.825,5.863574409382807,0.47926538461538465,0.06663075730672817,7682,50.0,-0.2841697895110737,0.7108107787534959,0
2,12,5,8044.778846153846,1187.2397370938097,2587,9240,45.840384615384615,5.969998117297669,0.47908365384615387,0.06784091629970712,7682,46.7,-0.30556237227886707,0.14374843733292747,0
2,12,6,6091.538461538462,790.8990818869681,3234,6930,54.15673076923077,6.148703619353898,0.3845807692307692,0.06987467154609305,4871,50.8,-1.5432095666754446,-0.5450385302975373,0
2,13,0,8031.361904761905,1256.1282709780019,3326,9240,45.37428571428572,4.7706439770794,0.4843819047619048,0.05421029348208621,6494,52.5,-1.2238795204965363,1.4905343965955682,0
2,13,1,7894.457142857143,1147.3324666420754,4312,9240,45.11047619047619,5.460838267038732,0.48738000000000004,0.06205427896979819,7920,53.0,0.022262626796699728,1.4421051079242135,0
2,13,2,7872.4807692307695,1155.2629085953124,4372,9240,46.11730769230769,6.754752980438024,0.47594038461538457,0.07676264200519432,6494,42.3,-1.193207906958412,-0.5642937300661819,0
2,13,3,8036.7692307692305,1143.407352352168,4752,9240,46.92115384615385,5.71796136318346,0.4668038461538462,0.06498062881340723,5544,38.3,-2.180104426123374,-1.5050998600595356,0
2,13,4,8002.576923076923,1128.1075371544216,4312,9240,45.551923076923075,5.559946580193726,0.48236634615384616,0.0631812350945531,7682,47.5,-0.2841697895110737,0.34974786472892355,0
2,13,5,8044.778846153846,1187.2397370938097,2587,9240,45.56923076923077,5.712345290940276,0.4821673076923077,0.06491523441150406,7682,46.9,-0.30556237227886707,0.2325566115131372,0
2,13,6,6091.538461538462,790.8990818869681,3234,6930,54.34326923076923,5.602387917077236,0.3824625,0.0636586469961359,4871,50.8,-1.5432095666754446,-0.6313300654054688,0
2,14,0,8761.57142857143,1370.2641790288733,3629,10080,42.18285714285714,4.178573025265031,0.520647619047619,0.04748275819713221,7085,45.0,-1.2235298995122508,0.6725781883591747,0
2,14,1,8612.2,1251.6122633197176,4704,10080,41.82190476190476,4.824755493055122,0.5247504761904762,0.054822009413347965,8640,46.0,0.022211174101573142,0.864179221492557,0
2,14,2,8588.259615384615,1260.2721542663974,4769,10080,42.5125,6.373636347585431,0.5169009615384615,0.07242675509392507,7085,42.4,-1.192796081651774,-0.017623184322295656,0
2,14,3,8767.51923076923,1247.3047912779919,5184,10080,43.760576923076925,6.408829138467045,0.5027269230769231,0.0728317508254793,6048,35.7,-2.1802990309950756,-1.2557706007114504,0
2,14,4,8730.211538461539,1230.6290890504038,4704,10080,42.646153846153844,5.345734586318674,0.5153846153846154,0.06074945965516341,8381,47.0,-0.28376438028715684,0.812931649930551,0
2,14,5,8776.240384615385,1295.1101650873068,2822,10080,42.598076923076924,6.076470308616766,0.5159317307692308,0.06905089338007876,8381,45.5,-0.3051766123869601,0.4767825898722864,0
2,14,6,6645.336538461538,862.7696945514745,3528,7560,52.28173076923077,5.983728169009472,0.4058875,0.06799707116408181,5314,53.7,-1.54307820045956,0.23662555103889835,0
2,15,0,10951.87619047619,1712.8284058788113,4536,12600,32.5247619047619,4.144987263420648,0.6303990476190476,0.04710047667413147,8856,35.2,-1.2236275081658115,0.6438619243890714,0
2,15,1,10765.15238095238,1564.4892984671756,5880,12600,32.92666666666667,5.206786744733091,0.6258314285714286,0.05916904452220206,10800,37.2,0.022273975502425308,0.8191504737370613,0
2,15,2,10735.25,1575.2589847171291,5962,12600,33.86153846153846,6.717262325094757,0.6152096153846154,0.07633508211180283,8856,35.6,-1.1929708629015232,0.2584203580075281,0
2,15,3,10959.26923076923,1559.146718534804,6480,12600,34.01538461538461,6.975014621980974,0.613460576923077,0.07925559539619695,7560,34.1,-2.1801972761042565,0.012113845023189433,0
2,15,4,10912.64423076923,1538.2769576422168,5880,12600,33.02211538461539,4.7015171426750975,0.6247442307692308,0.05342573254932182,10476,36.2,-0.28385096070663535,0.6744928478770809,0
2,15,5,10970.211538461539,1618.8486419955439,3528,12600,33.207692307692305,5.628407357337817,0.6226403846153846,0.06396081706982004,10476,35.4,-0.30528393625050027,0.38881683308224024,0
2,15,6,8306.557692307691,1078.5483036198355,4410,9450,44.93557692307692,5.518950904058129,0.48936346153846155,0.06271421705571334,6642,51.6,-1.5433173030341862,1.205368467285817,0
2,16,0,13872.380952380952,2169.533698485568,5746,15960,20.065714285714286,6.0177594311694245,0.7719819047619048,0.06838335911630336,11218,28.4,-1.2234742974911363,1.382650686288057,0
2,16,1,13635.866666666667,1981.629948118985,7448,15960,21.09238095238095,6.28726880960637,0.7603180952380952,0.07144790837891343,13680,24.7,0.022271116090097756,0.5728863030454873,0
2,16,2,13597.990384615385,1995.3317630326137,7551,15960,21.210576923076925,7.299460257599724,0.7589721153846154,0.08294599653456923,11218,28.9,-1.192773302653759,1.0519823360320346,0
2,16,3,13881.778846153846,1974.877919081665,8208,15960,21.1,8.633295223016935,0.7602317307692308,0.09810756754005184,9576,30.7,-2.180264917593936,1.110687504279083,0
2,16,4,13822.721153846154,1948.4564389037425,7448,15960,20.86730769230769,6.355632656747325,0.7628740384615385,0.07222133186092246,13270,23.8,-0.28366983531783563,0.460707123051433,0
2,16,5,13895.653846153846,2050.484857505378,4469,15960,20.291346153846156,6.877839898210917,0.7694125,0.07816258346474675,13270,24.9,-0.3051233432084844,0.6691000247190586,0
2,16,6,10521.60576923077,1366.2218715481356,5586,11970,35.41538461538461,5.433369910883931,0.5975538461538462,0.06174531611979475,8413,38.7,-1.5433732832197937,0.6034157954336076,0
2,17,0,16062.809523809523,2512.154737453174,6653,18480,14.960952380952381,5.358323777043869,0.8299876190476191,0.06089464371929304,12989,20.2,-1.223570046176885,0.9759187106878568,0
2,17,1,15779.047619047618,2287.5243352255475,8624,18480,15.051428571428572,5.364773174029935,0.8289590476190476,0.06095960468154633,15840,15.1,0.026645449650211185,0.00903692621041528,0
2,17,2,15745.115384615385,2310.4350672869746,8744,18480,15.835576923076925,6.9066721402045586,0.8200557692307692,0.07848604455375362,12989,17.9,-1.1928937085060134,0.2984705701059902,0
2,17,3,16073.711538461539,2286.729566467542,9504,18480,15.819230769230769,6.846614597111052,0.8202384615384616,0.07780508919348576,11088,26.0,-2.1802708150816024,1.4848098994887025,0
2,17,4,16005.278846153846,2256.171486358883,8624,18480,15.195192307692308,5.549169093887987,0.8273221153846154,0.06306146940594584,15365,16.0,-0.28378871559094015,0.1447712200718154,0
2,17,5,16089.692307692309,2374.3455187209697,5174,18480,15.04326923076923,5.456193851421224,0.82905,0.06200264165997714,15365,15.6,-0.30521642693285017,0.10184980342144623,0
2,17,6,12163.701923076924,1584.7836940382344,6468,13860,28.208653846153844,5.612142013180135,0.6794471153846153,0.06378001323836163,9742,29.3,-1.5280865466508464,0.19411572160356064,0
2,18,0,15321.12380952381,2394.6698531692537,6350,17640,15.824761904761903,5.627128331580263,0.8201752380952381,0.06394558200435321,12398,24.1,-1.2206741563617296,1.4679882394868757,0
2,18,1,15071.209523809524,2190.324215091482,8232,17640,16.419999999999998,6.009038064577263,0.8134047619047619,0.06828326940731809,15120,16.5,0.022275356817378574,0.013291160338528365,0
2,18,2,14976.403846153846,2208.236604914889,8346,17640,17.058653846153845,6.872184126981078,0.8061519230769231,0.07809389665841365,12398,25.5,-1.1676249565673953,1.2265504668427136,0
2,18,3,15342.961538461539,2182.8321183175713,9072,17640,16.865384615384617,7.766554748803925,0.8083509615384615,0.08826054984680669,10584,24.4,-2.180167543280462,0.9688886181601494,0
2,18,4,15277.653846153846,2153.6189085550945,8232,17640,16.304807692307694,6.07324835600576,0.8147192307692308,0.06901137809230197,14666,18.5,-0.28401078928877044,0.3608585708201566,0
2,18,5,15358.23076923077,2266.4750837924144,4939,17640,16.279807692307692,6.309391671439455,0.8150038461538462,0.07169897959095282,14666,19.3,-0.3054203948576131,0.4779245320941403,0
2,18,6,11629.259615384615,1509.9178206609015,6174,13230,30.329807692307693,5.055361084117935,0.6553500000000001,0.05744901665444854,9299,34.2,-1.5432920590632282,0.764050626090016,0
2,19,0,13142.133333333333,2055.3930237429727,5443,15120,23.038095238095238,5.00008424837447,0.7382019047619048,0.0568190836389304,10627,30.2,-1.223669180340687,1.4294978700664474,0
2,19,1,12918.104761904762,1877.3222282109157,7056,15120,23.677142857142858,6.312095488072836,0.7309428571428571,0.07172747684162559,12960,26.8,0.022316368656369184,0.49395918627750485,0
2,19,2,12882.25,1890.3247358049666,7154,15120,24.599038461538463,7.314521999158678,0.7204682692307693,0.08312006786818844,10627,27.1,-1.1930426697891898,0.3414504780992956,0
2,19,3,13151.067307692309,1870.974234899749,7776,15120,24.31153846153846,7.910584131369646,0.7237298076923077,0.08989403889629652,9072,29.1,-2.180171928552286,0.6045591409725368,0
2,19,4,13095.076923076924,1845.914127173629,7056,15120,23.860576923076923,6.214443218687995,0.7288567307692309,0.07061770558865832,12571,26.9,-0.28391032727838045,0.4883044105531632,0
2,19,5,13164.173076923076,1942.584058444442,4234,15120,23.275,5.925242201432027,0.7355115384615385,0.06733165315107566,12571,27.6,-0.30535101986159036,0.7286981479806313,0
2,19,6,9967.875,1294.3952719882868,5292,11340,37.645192307692305,5.13890320751918,0.5722182692307692,0.058393632058097944,7970,44.9,-1.5434694552279906,1.409000596809271,0
2,20,0,10221.742857142857,1598.5958624113482,4234,11760,35.99523809523809,4.045590689788579,0.5909609523809524,0.045973279227507866,8266,41.7,-1.2234052827710773,1.4066414342861862,0
2,20,1,10047.466666666667,1460.1324167208172,5488,11760,35.980000000000004,4.834399970722642,0.5911333333333334,0.05493747961698518,10080,45.0,0.022280931613777852,1.8619436988095097,0
2,20,2,10019.60576923077,1470.2134474073027,5564,11760,37.02884615384615,6.532096603262539,0.5792153846153846,0.07423308315570692,8266,38.0,-1.192747791040337,0.1484468825589541,0
2,20,3,10228.701923076924,1455.1559879004308,6048,11760,36.77403846153846,6.814020314973774,0.5821115384615385,0.07743473707805831,7056,37.2,-2.1803024187327384,0.062420907148659326,0
2,20,4,10185.153846153846,1435.6908743811039,5488,11760,36.475,5.326809825084933,0.585510576923077,0.06053266296059362,9778,37.2,-0.2835923926906849,0.13584894792245356,0
2,20,5,10238.903846153846,1510.8485143730074,3293,11760,36.40769230769231,5.104494351453228,0.5862778846153847,0.058005776338961174,9778,39.2,-0.3050608920485957,0.5459596785974142,0
2,20,6,7752.7307692307695,1006.6575880738133,4116,8820,47.247115384615384,5.460057198227538,0.46310673076923076,0.062046037189783014,6199,51.4,-1.5434397487692264,0.7592031426527447,0
2,21,0,7301.228571428572,1141.8957016324184,3024,8400,48.85619047619047,4.999940842140875,0.44482095238095243,0.056816551446871685,5904,45.5,-1.2235936552651896,-0.6699062088637926,0
2,21,1,7176.771428571428,1042.9755533784362,3920,8400,48.448571428571434,6.444856540232358,0.44944666666666666,0.0732346243598491,7200,51.7,0.02227123027095611,0.5037181773386905,0
2,21,2,7156.836538461538,1050.2173432992538,3974,8400,49.166346153846156,7.1404578267854495,0.4412884615384615,0.08113915448070168,5904,50.9,-1.1929193678444845,0.24245354467508573,0
2,21,3,7306.201923076923,1039.4165874789394,4320,8400,49.7201923076923,6.461527364717167,0.4349990384615384,0.07342399874223329,5040,45.0,-2.1802424051644147,-0.7293784050774224,0
2,21,4,7275.086538461538,1025.5214170871357,3920,8400,49.15576923076923,5.832297535977591,0.4414115384615384,0.06627400507790719,6984,51.0,-0.28383970847848294,0.3156687515269067,0
2,21,5,7313.471153846154,1079.239582682976,2352,8400,49.24134615384616,6.535349888894727,0.4404384615384615,0.07426501392146768,6984,58.4,-0.30527799976266906,1.3992611551130394,0
2,21,6,5537.711538461538,719.0083877209947,2940,6300,56.92980769230769,6.323893353554021,0.3530740384615385,0.07186219686923223,4428,58.9,-1.5433701799739599,0.31105549110434744,0
2,22,0,5110.971428571429,799.3311201000746,2117,5880,57.43523809523809,6.801837717631634,0.3473295238095238,0.07728946828918484,4133,55.1,-1.2234719370485914,-0.34282057090021434,0
2,22,1,5023.8190476190475,730.1426596767603,2744,5880,57.469523809523814,7.516214828488165,0.34693619047619045,0.08541397508133046,5040,64.6,0.022161053810467263,0.9474186364553351,0
2,22,2,5009.826923076923,735.1738905627686,2782,5880,58.56826923076923,7.85542004986498,0.33445384615384616,0.08926823429958941,4133,51.7,-1.192663406165945,-0.8732234498890027,0
2,22,3,5114.403846153846,727.5891100028723,3024,5880,59.11346153846154,7.0036059740167484,0.32825769230769236,0.07959030981207496,3528,51.1,-2.1803268095635566,-1.1425594149641356,0
2,22,4,5092.653846153846,717.8842804931992,2744,5880,58.125,6.999219790083954,0.3394855769230769,0.07953630717406503,4889,64.4,-0.28368222409284816,0.8952494268873321,0
2,22,5,5119.5,755.5272703951064,1646,5880,58.9048076923077,7.72595398712692,0.3306298076923077,0.08779733158230019,4889,62.6,-0.305080912658962,0.4776647216156299,0
2,22,6,3876.4615384615386,503.2500762871746,2058,4410,63.96153846153846,7.086556501365812,0.27315961538461536,0.08052886899490273,3100,58.7,-1.542863372334084,-0.7414213443556484,0
2,23,0,3650.638095238095,570.9643853201612,1512,4200,63.978095238095236,8.168901876963503,0.27297714285714286,0.09282749743594179,2952,57.5,-1.223589206801894,-0.792049511724952,0
2,23,1,3588.3809523809523,521.5137799815291,1960,4200,63.259047619047614,8.888580565470756,0.28119333333333335,0.10088429708054619,3600,66.0,0.02227903705456963,0.3080213030365909,0
2,23,2,3578.394230769231,525.098519064446,1987,4200,63.95961538461539,8.866020212797938,0.27319134615384616,0.1007470996094859,2952,58.3,-1.192885295186678,-0.6376298441113333,0
2,23,3,3653.0673076923076,519.7301627071807,2160,4200,66.03173076923078,8.290130574153808,0.25021634615384614,0.09251969731037431,2520,47.9,-2.1800649420481144,-2.1845115094564997,0
2,23,4,3637.548076923077,512.786597673484,1960,4200,64.67788461538461,7.780008694566354,0.2650230769230769,0.08841030145878283,3492,68.9,-0.2838319863731873,0.5419911004156363,0
2,23,5,3656.730769230769,539.6371889919116,1176,4200,65.47115384615384,9.043966750162415,0.25600865384615384,0.10277535225519778,3492,81.5,-0.30525642047444834,1.7703672430162865,0
2,23,6,2768.903846153846,359.53272044758637,1470,3150,69.47788461538461,8.42569989868341,0.2106057692307692,0.0954508380825683,2214,60.6,-1.5433599808753167,-1.052418260726678,0
3,0,0,912.6,142.68831012438912,378,1050,53.70095238095239,7.204332233483057,0.1863447619047619,0.1091629718330072,738,50.8,-1.2235603900831231,-0.40210961833564174,0
3,0,1,897.0380952380953,130.30378144119783,490,1050,52.95904761904762,7.522858694033999,0.19802666666666666,0.11313381225062198,900,58.8,0.022729021667146264,0.7753965152138586,0
3,0,2,894.5673076923077,131.22105890243847,497,1050,53.92596153846154,7.85481109377525,0.1838596153846154,0.11745253825098119,738,45.7,-1.1930659479681947,-1.0459197862962188,0
3,0,3,913.2596153846154,129.90257702715996,540,1050,55.19903846153846,6.606917457465963,0.16444903846153844,0.09859758755117251,630,41.6,-2.1803863941933517,-2.055192398719507,0
3,0,4,909.3557692307693,128.13842017004262,490,1050,54.659615384615385,7.150307471571656,0.1723201923076923,0.10744374493741483,873,53.3,-0.28370048715800095,-0.189882262739893,0
3,0,5,914.1538461538462,134.85517360910245,294,1050,54.377884615384616,6.94273325112422,0.17620961538461538,0.10499270018012093,873,59.9,-0.30514806048541354,0.7942366239525278,0
3,0,6,692.3076923076923,89.8570684798246,368,788,55.892307692307696,6.928282998150731,0.15350865384615384,0.1043879313697039,554,49.8,-1.5390253031202714,-0.8780713749974582,0
3,1,0,730.1238095238095,114.26451222745739,302,840,55.38952380952381,7.753943460855206,0.1609638095238095,0.11718640158361901,590,48.6,-1.2262035233622393,-0.874494236563636,0
3,1,1,717.6857142857143,104.35721882495297,392,840,54.352380952380955,8.0711034327848,0.17688666666666666,0.12166693507170956,720,53.3,0.022174450371886024,-0.1302273830714106,0
3,1,2,715.6346153846154,105.07529040749573,397,840,54.95,7.571753846413631,0.16786442307692306,0.11402672818866419,590,49.7,-1.1955490144951233,-0.692451918955848,0
3,1,3,730.5673076923077,103.9911090694615,432,840,56.059615384615384,7.162110650977712,0.15237499999999998,0.10564867015184984,504,43.5,-2.1785085728363267,-1.7511742352864064,0
3,1,4,727.4903846153846,102.58645373133348,392,840,55.223076923076924,7.374124674323862,0.16436538461538464,0.10997737611054977,698,52.4,-0.28744058437546294,-0.382317071770653,0
3,1,5,731.3076923076923,108.00045639269595,235,840,56.18846153846154,7.817112268101218,0.14978076923076922,0.1168455665513395,698,62.6,-0.30837470204361295,0.8191448189223227,0
3,1,6,553.8461538461538,71.88607076151467,294,630,57.29615384615385,6.956074708824104,0.1326269230769231,0.1043087325936568,443,50.2,-1.5417553792868575,-1.0186732331717556,0
3,2,0,657.1142857142858,102.68953529615688,272,756,55.999047619047616,7.822114794189603,0.15199428571428572,0.11782969443272731,531,52.3,-1.2279927591746862,-0.47229231392162746,0
3,2,1,645.9142857142857,93.783313495045,353,756,54.81142857142857,7.529727166955734,0.1704038095238095,0.11257783454793324,648,58.8,0.022237345158132995,0.529007395128578,0
3,2,2,644.0480769230769,94.47220578651047,358,756,54.96057692307692,7.686849421763142,0.1682855769230769,0.11481293812471212,531,51.8,-1.1965012457321051,-0.4106325523454141,0
3,2,3,657.5,93.45743021363216,389,756,56.63365384615384,6.798695057211783,0.14319326923076922,0.10098372094552906,454,44.4,-2.1772290041020046,-1.7967692404135405,0
3,2,4,654.8076923076923,92.22345982555454,353,756,56.41538461538461,7.610158887778675,0.1465923076923077,0.1133053214221822,629,58.0,-0.2798083510745836,0.207950438823109,0
3,2,5,658.2115384615385,97.06455394510198,212,756,55.94230769230769,7.66241225810411,0.1532653846153846,0.11475190356881307,629,59.7,-0.3009185958048109,0.48976673584284863,0
3,2,6,498.38461538461536,64.61406076384864,265,567,58.075,7.349694531661696,0.12227211538461538,0.10853428204925722,399,48.8,-1.5378887400435863,-1.2602425223083091,0
3,3,0,547.6571428571428,85.6218012958315,227,630,56.239047619047625,7.999837681503475,0.1486104761904762,0.12026670276115617,443,49.0,-1.222176122344836,-0.9037695777236812,0
3,3,1,538.2952380952381,78.2271008284808,294,630,55.42,8.165080432031179,0.1611752380952381,0.122470792264423,540,60.9,0.0217896865644246,0.6703297962095325,0
3,3,2,536.7884615384615,78.75014847597934,298,630,56.77403846153846,7.869740440475029,0.14179326923076924,0.11650474907143765,443,54.6,-1.1908111316862944,-0.27590229373182207,0
3,3,3,548.0,77.9273996207398,324,630,56.690384615384616,6.874457002115565,0.14383365384615385,0.09969159005787481,378,40.9,-2.1812377732289843,-2.2936281845514177,0
3,3,4,545.6923076923077,76.91011989456051,294,630,57.3625,7.829322373931952,0.13336153846153848,0.11536868154358573,524,57.3,-0.28201084088328016,-0.00797262786485613,0
3,3,5,548.5673076923077,80.96730305224996,176,630,57.170192307692304,8.089809961017451,0.13539903846153847,0.12050834197060117,524,57.8,-0.3033851062742343,0.07775586036447954,0
3,3,6,415.2692307692308,53.86502923195922,220,472,57.78942307692308,7.376937537414736,0.12743365384615385,0.10771163282911445,332,49.0,-1.545599732497864,-1.1898602137089658,0
3,4,0,730.1238095238095,114.26451222745739,302,840,54.66761904761905,7.407564938292364,0.1717742857142857,0.11212149147977098,590,48.6,-1.2262035233622393,-0.818006865877996,0
3,4,1,717.6857142857143,104.35721882495297,392,840,54.735238095238095,8.183002798394659,0.17246571428571428,0.1211555792776787,720,65.9,0.022174450371886024,1.3627191616423637,0
3,4,2,715.6346153846154,105.07529040749573,397,840,55.51826923076923,7.787091190448744,0.16059326923076922,0.11518409938170028,590,50.7,-1.1955490144951233,-0.6179572757429711,0
3,4,3,730.5673076923077,103.9911090694615,432,840,56.74423076923077,7.082328986185165,0.14134326923076923,0.10562898778769506,504,34.2,-2.1785085728363267,-3.178678091941826,1
3,4,4,727.4903846153846,102.58645373133348,392,840,55.02307692307692,7.04328132334998,0.16686923076923074,0.10576366957204296,698,61.1,-0.28744058437546294,0.8615738970747342,0
3,4,5,731.3076923076923,108.00045639269595,235,840,55.486538461538466,7.134152206621625,0.1597307692307692,0.1073480330938172,698,57.3,-0.30837470204361295,0.25383859218182775,0
3,4,6,553.8461538461538,71.88607076151467,294,630,57.24326923076923,7.008756858638348,0.13397596153846153,0.10434978472369746,443,52.5,-1.5417553792868575,-0.675799051926331,0
3,5,0,1277.6666666666667,199.84487573859465,529,1470,52.00571428571429,7.2673377382778765,0.21212380952380952,0.1099363972799111,1033,46.5,-1.2242216546504716,-0.7565561038558002,0
3,5,1,1255.9142857142858,182.5294556990793,686,1470,51.42476190476191,7.4357864018487945,0.22085523809523808,0.11263524433128277,1260,53.9,0.022382636510374906,0.33243474384700145,0
3,5,2,1252.451923076923,183.79335588145935,696,1470,51.247115384615384,7.115059329907974,0.22364134615384618,0.10755178351834109,1033,46.6,-1.1939494903371333,-0.652221289598076,0
3,5,3,1278.5384615384614,181.92519123358693,756,1470,52.61826923076923,6.536065210175416,0.20362884615384613,0.09699428135787924,882,43.0,-2.1795588794547447,-1.4693207174010854,0
3,5,4,1273.0865384615386,179.46798998338986,686,1470,51.83076923076923,6.469466401415504,0.21512692307692308,0.09694341882034359,1222,58.4,-0.2846395731658599,1.0138536666839815,0
3,5,5,1279.8173076923076,188.85746227448556,412,1470,52.299038461538466,7.0073400517206315,0.2078682692307692,0.10558885759141821,1222,57.4,-0.3061263544076235,0.7269081305545101,0
3,5,6,969.0288461538462,125.75561573137045,514,1102,54.42788461538461,6.63834779904761,0.17596346153846154,0.09934979300645617,775,48.1,-1.542781347870811,-0.9517980717391312,0
3,6,0,2372.942857142857,371.08320725047184,983,2730,44.53523809523809,5.199259950156758,0.32522761904761904,0.07877817749278189,1919,38.2,-1.2232583304508329,-1.2161493486320352,0
3,6,1,2332.447619047619,338.9565430777788,1274,2730,44.018095238095235,5.817162620417359,0.33305999999999997,0.08813888690365558,2340,48.1,0.022280608828842852,0.7004961123965352,0
3,6,2,2325.980769230769,341.3003967059451,1292,2730,44.72403846153846,6.1652249810098185,0.32251057692307694,0.09289011769134795,1919,42.4,-1.192406598681499,-0.37634879193639037,0
3,6,3,2374.576923076923,337.7732246744041,1404,2730,46.175,5.640280754562781,0.3003740384615385,0.08545887445062356,1638,38.0,-2.180620200387168,-1.446830760294243,0
3,6,4,2364.451923076923,333.29799138942764,1274,2730,44.92115384615385,5.812134495482472,0.31937307692307687,0.0880730910391926,2270,49.2,-0.2833773132266964,0.7349273977037474,0
3,6,5,2376.8846153846152,350.77258164352054,764,2730,44.89807692307692,5.785132950603756,0.31972115384615385,0.08765518130895741,2270,46.2,-0.3047033147536263,0.22465801699811616,0
3,6,6,1799.7788461538462,233.72047684305093,956,2048,49.39134615384615,5.889436166939163,0.25164423076923076,0.08923100687402363,1439,44.3,-1.5435678351698556,-0.8630225007566655,0
3,7,0,5475.914285714286,856.3977117317286,2268,6300,24.207619047619048,3.1421053463125665,0.633215238095238,0.047606447084710075,4428,27.7,-1.2236161250758884,1.1079518508055102,0
3,7,1,5382.580952380952,782.21869828162,2940,6300,24.742857142857144,4.01436979302665,0.6251066666666667,0.06082615560043396,5400,30.4,0.022268484469201405,1.40572142921494,0
3,7,2,5367.653846153846,787.6285627125245,2981,6300,25.279807692307692,4.474032515857474,0.616964423076923,0.06778767238826885,4428,28.6,-1.1930013214662831,0.7404478660559835,0
3,7,3,5479.663461538462,779.5643494687648,3240,6300,25.235576923076923,4.392091707471615,0.6176384615384615,0.06655047184253864,3780,25.7,-2.180245492552038,0.10550054560081437,0
3,7,4,5456.317307692308,769.112642960453,2940,6300,24.851923076923075,3.9585223478580254,0.6234567307692308,0.05997518218837483,5238,26.8,-0.2838523994716577,0.49088218543821044,0
3,7,5,5485.115384615385,809.3954391077295,1764,6300,24.895192307692305,4.029222860039217,0.6228009615384615,0.06104699843959523,5238,24.6,-0.30530482336244147,-0.07308146094455352,0
3,7,6,4153.211538461538,539.272769445641,2205,4725,33.6875,3.854708065709343,0.4895846153846154,0.05840726076893394,3321,35.5,-1.5431821404511312,0.4689875584864719,0
3,8,0,6571.133333333333,1027.6679356180357,2722,7560,17.45047619047619,4.103636375439656,0.7356085714285714,0.06217974428140651,5314,25.0,-1.2232755903018442,1.835243351745433,0
3,8,1,6459.104761904762,938.6466108569615,3528,7560,17.85142857142857,4.468460289925084,0.7295257142857143,0.06770347824914884,6480,22.6,0.022260790424904333,1.0603133937022953,0
3,8,2,6441.163461538462,945.1401818313371,3577,7560,18.1875,5.435155029451762,0.7244336538461538,0.08234977332757093,5314,24.9,-1.1925760405128982,1.2327472704988967,0
3,8,3,6575.596153846154,935.4321105153067,3888,7560,18.28846153846154,5.932816546402192,0.7228951923076923,0.08988768869318779,4536,23.0,-2.1803552896743152,0.792812368470443,0
3,8,4,6547.615384615385,922.9250809267968,3528,7560,17.808653846153845,4.632747734156758,0.7301740384615385,0.07019726296104294,6286,21.6,-0.28346022382492464,0.816616876672659,0
3,8,5,6582.182692307692,971.2698400659868,2117,7560,17.604807692307695,4.960922632002735,0.7332644230769231,0.07516084489605722,6286,21.2,-0.30494063614824984,0.7232444706635552,0
3,8,6,4983.923076923077,647.1789370411124,2646,5670,28.286538461538463,3.971672942183357,0.5714163461538462,0.060176715670181666,3985,32.3,-1.5434798398904352,1.0079837286336095,0
3,9,0,5110.971428571429,799.3311201000746,2117,5880,26.959047619047617,3.1420135397940405,0.5915295238095238,0.04760637264187652,4133,25.7,-1.2234719370485914,-0.39944232572360283,0
3,9,1,5023.8190476190475,730.1426596767603,2744,5880,27.058095238095238,4.049757375267658,0.5900295238095238,0.06136066286218268,5040,32.7,0.022161053810467263,1.3897147638121594,0
3,9,2,5009.826923076923,735.1738905627686,2782,5880,27.84423076923077,4.900640475738056,0.5781182692307693,0.07425002731446405,4133,31.2,-1.192663406165945,0.6833669146314091,0
3,9,3,5114.403846153846,727.5891100028723,3024,5880,27.72307692307692,5.063043920567765,0.5799538461538462,0.07671560634517686,3528,26.9,-2.1803268095635566,-0.16224517981007444,0
3,9,4,5092.653846153846,717.8842804931992,2744,5880,27.43846153846154,3.9982595167841333,0.5842673076923077,0.060584108977868714,4889,32.9,-0.28368222409284816,1.3625710707275527,0
3,9,5,5119.5,755.5272703951064,1646,5880,26.83076923076923,4.192088640466647,0.5934721153846154,0.06351277901646504,4889,33.5,-0.305080912658962,1.58712281911553,0
3,9,6,3876.4615384615386,503.2500762871746,2058,4410,35.385576923076925,4.044159597295133,0.4638567307692308,0.06127174036902446,3100,33.9,-1.542863372334084,-0.3664327679818226,0
3,10,0,3644.247619047619,572.9869407317102,1512,4200,36.032380952380954,3.8770898889922587,0.4540571428571429,0.05874295188024175,2952,31.4,-1.2081174781904196,-1.1917349700348496,0
3,10,1,3588.3809523809523,521.5137799815291,1960,4200,36.21142857142857,4.912020465648026,0.45134761904761905,0.07442127887294231,3600,40.9,0.02227903705456963,0.952570486306204,0
3,10,2,3578.394230769231,525.098519064446,1987,4200,36.84423076923077,5.111567443811761,0.4417490384615385,0.07745392365999676,2952,31.8,-1.192885295186678,-0.9848998035407236,0
3,10,3,3653.0673076923076,519.7301627071807,2160,4200,37.589423076923076,5.109612457883039,0.43045865384615384,0.07741515444650421,2520,30.4,-2.1800649420481144,-1.4042904880139904,0
3,10,4,3637.548076923077,512.786597673484,1960,4200,36.80673076923077,4.394729067564518,0.4423211538461539,0.06658200677240196,3492,36.0,-0.2838319863731873,-0.18315105352820918,0
3,10,5,3656.730769230769,539.6371889919116,1176,4200,36.75673076923077,4.5368986546471595,0.4430778846153846,0.06873668761737009,3492,41.1,-0.30525642047444834,0.9552157548816689,0
3,10,6,2768.903846153846,359.53272044758637,1470,3150,42.87019230769231,4.984303124064749,0.3504528846153846,0.07552184658750445,2214,45.8,-1.5433599808753167,0.5866299300478156,0
3,11,0,3285.647619047619,513.8647678462687,1361,3780,38.43714285714286,4.043020033219102,0.4176190476190476,0.06125972622185439,2657,37.5,-1.2233479018290425,-0.23122087960629592,0
3,11,1,3229.6285714285714,469.3857946037823,1764,3780,38.45904761904762,4.588231082766479,0.417287619047619,0.06951909490763353,3240,39.1,0.022095273734148303,0.13939107657172423,0
3,11,2,3220.6346153846152,472.6145221606422,1788,3780,39.06923076923077,5.3611163328711715,0.4080394230769231,0.08122851192271402,2657,37.3,-1.1925632060052933,-0.329397216441413,0
3,11,3,3287.8653846153848,467.7368577635613,1944,3780,39.81346153846154,4.958410677334855,0.39676826923076924,0.07512665714945052,2268,35.2,-2.1803789115584196,-0.9285588165059415,0
3,11,4,3273.875,461.50651758853746,1764,3780,39.260576923076925,4.476918545599005,0.4051423076923077,0.06782905081474071,3143,44.2,-0.28357598268385464,1.1008497316644876,0
3,11,5,3291.144230769231,485.6831125246536,1058,3780,38.84519230769231,4.583123957016344,0.4114298076923077,0.06943244517285203,3143,40.7,-0.30501612427479335,0.4038226944592549,0
3,11,6,2491.9903846153848,323.49398623459405,1323,2835,45.11730769230769,5.196440946104171,0.3164048076923077,0.07873522099546922,1993,42.3,-1.5424551345513684,-0.5411196864560239,0
3,12,0,3102.9904761904763,485.3111907132388,1285,3570,39.72952380952381,4.320388243983934,0.3980380952380952,0.06546255738522531,2509,40.0,-1.223912096888938,0.06246003250446465,0
3,12,1,3050.0857142857144,443.2869602423233,1666,3570,40.06095238095238,5.500707913149683,0.3930209523809524,0.08334444134392169,3060,44.9,0.022364885400671514,0.8781172392571662,0
3,12,2,3041.596153846154,446.3709659110508,1689,3570,39.81442307692308,4.970738029421002,0.3967490384615384,0.07531228447764166,2509,37.5,-1.193142617000123,-0.46467472556313566,0
3,12,3,3105.0673076923076,441.80301950875145,1836,3570,40.97403846153846,4.776540471124762,0.37918749999999996,0.07237211108978535,2142,31.7,-2.1798074415351882,-1.9375242970335127,0
3,12,4,3089.5096153846152,441.5286771232201,1666,3570,40.43269230769231,4.699730260958122,0.38738173076923077,0.07120962458733059,2968,41.5,-0.2751958586647339,0.2266175838466312,0
3,12,5,3098.028846153846,462.2807631885516,1000,3570,40.19615384615384,4.980055816681838,0.3909711538461539,0.07545252950275724,2968,42.2,-0.28127069910936586,0.40156788369927077,0
3,12,6,2348.355769230769,319.0672972282925,1250,2678,46.222115384615385,5.495646233204763,0.2996701923076923,0.08326726285906322,1882,42.8,-1.461576155000154,-0.6215647064238308,0
3,13,0,3102.9904761904763,485.3111907132388,1285,3570,39.854285714285716,4.6370586783879695,0.39614285714285713,0.07025646268814387,2509,36.5,-1.223912096888938,-0.7218083408082321,0
3,13,1,3050.0857142857144,443.2869602423233,1666,3570,39.71142857142857,5.133399576186447,0.3983133333333333,0.07778195493056543,3060,41.5,0.022364885400671514,0.3477411004294477,0
3,13,2,3041.596153846154,446.3709659110508,1689,3570,40.416346153846156,5.685462821148748,0.38762980769230765,0.08614532638637505,2509,41.4,-1.193142617000123,0.172708325388637,0
3,13,3,3105.0673076923076,441.80301950875145,1836,3570,41.05673076923077,5.268034478495455,0.37793076923076924,0.07982213610894395,2142,34.3,-2.1798074415351882,-1.28016040758355,0
3,13,4,3091.855769230769,435.8767399088616,1666,3570,40.63653846153846,5.0519448853604825,0.38429423076923075,0.07654368487699148,2968,39.2,-0.284146678232666,-0.28379180217726774,0
3,13,5,3108.153846153846,458.6932636110442,1000,3570,40.34326923076923,5.084924690816675,0.3887384615384616,0.07704423556959576,2968,40.7,-0.30554359925524566,0.07001688756533733,0
3,13,6,2353.5576923076924,305.6063788195616,1250,2678,45.55673076923077,5.155499738907861,0.30974615384615384,0.07811545838969654,1882,44.9,-1.5429725793135711,-0.12713789612341006,0
3,14,0,3468.0476190476193,542.4187528836493,1436,3990,37.45809523809524,4.045552661503288,0.43245047619047616,0.061295421343324476,2804,35.9,-1.2242116877422557,-0.3841881410849922,0
3,14,1,3408.9333333333334,495.4167101205475,1862,3990,36.93714285714286,4.771978648294668,0.4403438095238095,0.07229669894023985,3420,40.8,0.022337646397736322,0.8077947282835938,0
3,14,2,3399.4423076923076,498.83892037805487,1888,3990,37.78942307692308,5.124468587542031,0.4274346153846154,0.07763992288180965,2804,38.4,-1.1936325475878529,0.11891725748568942,0
3,14,3,3470.3653846153848,493.7454447658582,2052,3990,38.41538461538461,4.582274189072353,0.41794519230769234,0.06942774113276054,2394,32.5,-2.179956486608069,-1.2881166001500288,0
3,14,4,3455.6153846153848,487.1331890137291,1862,3990,37.6875,4.661465403576206,0.4289740384615385,0.0706227486042967,3317,38.8,-0.2845475165033626,0.23814796940341912,0
3,14,5,3473.846153846154,512.6795355762271,1117,3990,37.90096153846154,4.565031613206454,0.4257423076923077,0.06916822140893375,3317,44.1,-0.30592813576713584,1.3549717216475823,0
3,14,6,2630.375,341.5516332911959,1396,2992,44.034615384615385,5.372941362025181,0.33299999999999996,0.08060199954155658,2103,43.6,-1.5440112372058785,-0.08073938677494195,0
3,15,0,4380.72380952381,685.1904352811214,1814,5040,31.802857142857146,3.3180003576893107,0.5181419047619047,0.050275922859893095,3542,28.0,-1.2240561539919361,-1.1426853167460407,0
3,15,1,4306.057142857143,625.8349473452895,2352,5040,31.243809523809524,4.15013725003634,0.5266095238095239,0.06288493693278457,4320,35.4,0.022278452837240132,0.9990512875877278,0
3,15,2,4294.086538461538,630.1668620228969,2385,5040,31.85096153846154,4.452772566894355,0.5174086538461539,0.0674675716574618,3542,30.9,-1.1934531141738614,-0.2130876095985586,0
3,15,3,4383.692307692308,623.6854303707589,2592,5040,32.45096153846154,4.472613431890545,0.5083201923076923,0.0677680716123732,3024,28.0,-2.1800581525569807,-0.9929389643095649,0
3,15,4,4365.009615384615,615.3419839310496,2352,5040,32.36538461538461,4.594123921697842,0.5096125,0.06961500882628326,4190,36.2,-0.2844057059288284,0.8328653723988636,0
3,15,5,4388.0192307692305,647.6264652263201,1411,5040,32.15769230769231,4.233378515084508,0.512760576923077,0.06413928929082309,4190,36.5,-0.3057567654101002,1.023313776244921,0
3,15,6,3322.730769230769,431.4234113035147,1764,3780,38.94903846153846,4.339992286519645,0.40986346153846154,0.06576287065535885,2657,38.0,-1.543067253923052,-0.21817014813554225,0
3,16,0,5840.9047619047615,913.4973319380169,2419,6720,22.038095238095238,3.4357112395560456,0.666087619047619,0.05205615993852976,4723,29.1,-1.223750180015647,2.0494766598070004,0
3,16,1,5741.333333333333,834.3466889943877,3136,6720,22.233333333333334,4.034792594675875,0.6631333333333334,0.061130130218353215,5760,25.2,0.0223725259387146,0.7334533470447069,0
3,16,2,5725.403846153846,840.1348310562988,3180,6720,22.91346153846154,4.921244962312775,0.6528259615384615,0.07456789568592931,4723,24.8,-1.1931321947116447,0.3825683931657019,0
3,16,3,5844.865384615385,831.5576570765065,3456,6720,23.164423076923075,5.919294078044689,0.6490240384615384,0.0896820797927862,4032,24.7,-2.1800575926542995,0.2589814070384772,0
3,16,4,5819.990384615385,820.3927249845756,3136,6720,22.41826923076923,4.294131566148571,0.660325,0.06506068227924429,5587,27.6,-0.2839951374122572,1.2038969277761868,0
3,16,5,5850.692307692308,863.3725818474226,1882,6720,22.5,4.188356491165402,0.6590913461538462,0.06346044729582206,5587,25.7,-0.30541768300221217,0.7622030208091563,0
3,16,6,4430.115384615385,575.3350110210979,2352,5040,31.55480769230769,3.8932572981814544,0.5219009615384615,0.05899038344401816,3542,32.8,-1.543622292021261,0.3190136372184451,0
3,17,0,6571.133333333333,1027.6679356180357,2722,7560,17.52952380952381,4.067127218261535,0.7343971428571429,0.061627329815754466,5314,24.8,-1.2232755903018442,1.7832350577415348,0
3,17,1,6453.4,952.1697852799153,3528,7560,17.686666666666667,4.097162870785539,0.7320219047619048,0.06207959528043936,6480,22.6,0.027935900773382493,1.19628402571569,0
3,17,2,6441.163461538462,945.1401818313371,3577,7560,18.498076923076923,5.811638486428591,0.7197221153846154,0.08805567519101636,5314,24.3,-1.1925760405128982,0.9966134260051576,0
3,17,3,6575.596153846154,935.4321105153067,3888,7560,18.015384615384615,5.616372896347693,0.7270384615384615,0.08509749555108227,4536,23.7,-2.1803552896743152,1.0103516935938424,0
3,17,4,6526.038461538462,930.5847094268042,3528,7560,17.947115384615383,4.588947395661598,0.7280721153846154,0.0695260996697465,6286,21.0,-0.2579409264923852,0.6638224690859795,0
3,17,5,6582.182692307692,971.2698400659868,2117,7560,17.758653846153848,4.700002284174678,0.7309336538461538,0.0712098561556212,6286,23.1,-0.30494063614824984,1.1340432194253394,0
3,17,6,4983.923076923077,647.1789370411124,2646,5670,28.379807692307693,3.9787635247598803,0.5700028846153846,0.06028009936909297,3985,31.3,-1.5434798398904352,0.7321046458546575,0
3,18,0,6206.047619047619,970.6567798398589,2570,7140,19.662857142857142,3.5888249936664294,0.70208,0.05437555198658819,5018,25.3,-1.2239500142815478,1.5663842690499439,0
3,18,1,6091.542857142857,882.8856101157443,3332,7140,20.11714285714286,3.898655023083087,0.6951990476190477,0.05906973306583386,6120,24.5,0.032231605334872994,1.1213210470030202,0
3,18,2,6083.288461538462,892.7059624532324,3378,7140,20.767307692307693,5.325200070222846,0.6853403846153847,0.0806827341874774,5018,25.2,-1.193311765828619,0.8308390031017445,0
3,18,3,6210.221153846154,883.5632949863863,3672,7140,20.43653846153846,5.491388805048782,0.6903557692307692,0.08320208505010009,4284,20.8,-2.1800355044408994,0.06606723344621278,0
3,18,4,6183.788461538462,871.7197451247325,3332,7140,20.040384615384614,4.261489762543831,0.6963576923076923,0.06457027885279502,5936,25.1,-0.2842491757614704,1.1845083719929599,0
3,18,5,6216.3942307692305,917.41945407958,1999,7140,20.25,4.530865023820249,0.6931817307692308,0.0686490947258891,5936,22.9,-0.3056302907241394,0.583589247004427,0
3,18,6,4707.057692307692,611.1553411434897,2499,5355,30.284615384615385,3.9334949313437075,0.5411432692307693,0.05960077663601485,3764,34.5,-1.5430483844899194,1.0689463759367033,0
3,19,0,5110.971428571429,799.3311201000746,2117,5880,26.875238095238096,2.9680277365093226,0.5928019047619048,0.044967629342057676,4133,27.7,-1.2234719370485914,0.2769490339699264,0
3,19,1,5023.8190476190475,730.1426596767603,2744,5880,27.103809523809524,4.324058897377017,0.5893361904761905,0.0655217214772932,5040,30.2,0.022161053810467263,0.7143858792653458,0
3,19,2,5009.826923076923,735.1738905627686,2782,5880,27.66057692307692,4.917640492496666,0.5808990384615385,0.07451129776223268,4133,33.6,-1.192663406165945,1.205328003527664,0
3,19,3,5114.403846153846,727.5891100028723,3024,5880,27.778846153846153,4.819553076748582,0.5791086538461538,0.073022067565691,3528,28.0,-2.1803268095635566,0.04579178293299448,0
3,19,4,5092.653846153846,717.8842804931992,2744,5880,27.15192307692308,3.7142596060601187,0.5886048076923077,0.05628298019967347,4889,31.6,-0.28368222409284816,1.1943520037751953,0
3,19,5,5119.5,755.5272703951064,1646,5880,27.065384615384616,4.078805489302824,0.5899182692307693,0.06179887793059198,4889,27.5,-0.305080912658962,0.10629397405976619,0
3,19,6,3876.4615384615386,503.2500762871746,2058,4410,35.43269230769231,3.9635338333481624,0.4631394230769231,0.06005143494121417,3100,34.2,-1.542863372334084,-0.3102256981800046,0
3,20,0,3650.638095238095,570.9643853201612,1512,4200,36.172380952380955,3.5682492808663087,0.451932380952381,0.05406739650167064,2952,32.4,-1.223589206801894,-1.0542532552309067,0
3,20,1,3588.3809523809523,521.5137799815291,1960,4200,35.98095238095238,4.5033768363754465,0.45483142857142855,0.06822929146844275,3600,40.4,0.02227903705456963,0.9791000794421629,0
3,20,2,3578.394230769231,525.098519064446,1987,4200,36.55480769230769,5.050807487257688,0.44614134615384615,0.07652529832419583,2952,35.2,-1.192885295186678,-0.2677058346358519,0
3,20,3,3653.0673076923076,519.7301627071807,2160,4200,37.301923076923075,4.772981823679096,0.4348211538461539,0.07231431752456813,2520,33.2,-2.1800649420481144,-0.8576079165962311,0
3,20,4,3637.548076923077,512.786597673484,1960,4200,36.84519230769231,4.618785613684939,0.44173461538461545,0.06998390074122357,3492,39.9,-0.2838319863731873,0.6599587769362649,0
3,20,5,3656.730769230769,539.6371889919116,1176,4200,36.49326923076923,4.42271858632237,0.4470701923076923,0.06700905007680431,3492,40.6,-0.30525642047444834,0.9264587158549906,0
3,20,6,2768.903846153846,359.53272044758637,1470,3150,42.85096153846154,4.740468109946417,0.3507461538461539,0.07181976351719228,2214,40.4,-1.5433599808753167,-0.5159410571201977,0
3,21,0,2555.4190476190474,399.6942047691051,1058,2940,43.35047619047619,5.251815140602557,0.3431780952380953,0.07957398345245034,2066,40.2,-1.2244530875069664,-0.5987432295303734,0
3,21,1,2511.8571428571427,365.08593373477026,1372,2940,42.810476190476194,5.6593001029877925,0.3513552380952381,0.08574497964778191,2520,51.7,0.022303335618010046,1.5680108034568354,0
3,21,2,2504.875,367.60921862945605,1391,2940,43.8451923076923,5.830117316471749,0.33568173076923075,0.08833029669077427,2066,41.7,-1.1938304031987148,-0.36732007106122583,0
3,21,3,2557.144230769231,363.83684645755625,1512,2940,44.47403846153846,5.18464864679752,0.3261509615384615,0.07855842300039621,1764,35.3,-2.1798848567504443,-1.7660556248003847,0
3,21,4,2546.25,358.974233058586,1372,2940,43.61538461538461,5.346403731513693,0.33916057692307694,0.0810051639469466,2444,43.9,-0.2848314510328727,0.05313553624438136,0
3,21,5,2559.653846153846,377.7859045726843,823,2940,44.027884615384615,5.759626078929205,0.3329067307692308,0.0872698618608301,2444,46.7,-0.3061278450984254,0.463134932500047,0
3,21,6,1938.2403846153845,251.66989841998262,1029,2205,48.28846153846154,5.904849211630946,0.2683605769230769,0.08946548438784258,1550,45.5,-1.5425959206623687,-0.4714340871071262,0
3,22,0,1642.7333333333333,256.94728831875034,680,1890,49.10571428571429,6.387003459120182,0.2559752380952381,0.09677309283234155,1328,41.8,-1.2248468817234444,-1.1420525770231635,0
3,22,1,1614.7047619047619,234.67677951278185,882,1890,48.537142857142854,7.14997656186122,0.2647285714285714,0.1079670059237167,1620,49.9,0.022563001231817245,0.19034379946390118,0
3,22,2,1610.201923076923,236.2983296148962,894,1890,49.16538461538461,6.928690446754386,0.2552634615384615,0.10449910675299223,1328,42.9,-1.194210646475383,-0.902963558248269,0
3,22,3,1643.826923076923,233.87580482735825,972,1890,50.21153846153846,5.979890372932664,0.23921442307692306,0.09060124885899509,1134,40.3,-2.179811311991549,-1.6547111623823847,0
3,22,4,1636.826923076923,230.74545477468996,882,1890,49.13461538461539,6.1953438393303095,0.25553846153846155,0.09386843023971589,1571,53.6,-0.2852670292938324,0.7196030922706333,0
3,22,5,1645.4326923076924,242.879080723053,529,1890,50.114423076923075,6.367353297363267,0.24069134615384616,0.09647830593774373,1571,48.5,-0.30644725603190875,-0.25314938684525473,0
3,22,6,1246.076923076923,161.86250261733701,662,1418,52.79423076923077,6.475432690465775,0.20052788461538462,0.09711159075805201,996,49.3,-1.5449005793658444,-0.5387814408077412,0
3,23,0,1095.1904761904761,171.2339321624354,454,1260,53.06285714285715,7.280945325654137,0.19601714285714286,0.11031806067452878,886,49.2,-1.2215935101983417,-0.529815678258508,0
3,23,1,1076.5047619047618,156.4001354889195,588,1260,51.86952380952381,7.523503222076849,0.2148314285714286,0.11245229186217126,1080,59.4,0.0223466214917113,0.9995981907073734,0
3,23,2,1073.5576923076924,157.4865583367634,596,1260,52.99615384615385,7.356325104565647,0.19774326923076924,0.11004459798867877,886,52.7,-1.1908685134988883,-0.04020374365099545,0
3,23,3,1095.9615384615386,155.88730825593237,648,1260,54.26153846153846,6.749287020127368,0.17904711538461537,0.09987920661443153,756,35.6,-2.180676127540528,-2.7608738031051696,1
3,23,4,1091.2884615384614,153.791857390279,588,1260,52.55096153846154,6.525736876775995,0.20377307692307692,0.0988743600431162,1048,51.1,-0.28145603878251646,-0.2220042767660017,0
3,23,5,1097.0576923076924,161.8160784385308,353,1260,53.91346153846154,6.918850817822497,0.18348461538461538,0.10415621647755163,1048,57.3,-0.30315072070616117,0.48875903819830424,0
3,23,6,830.6442307692307,107.86875504939975,441,945,56.39519230769231,6.860812879004714,0.1466923076923077,0.10204763659403719,664,49.3,-1.5447363171082307,-1.0326568970278964,0
4,0,0,1369.0285714285715,214.12260403899344,567,1575,53.879999999999995,7.871557855781986,0.1836352380952381,0.11926673240210559,1107,47.1,-1.2236743330355064,-0.8602360249155719,0
4,0,1,1345.6857142857143,195.57535014008687,735,1575,53.567619047619054,8.015243832824655,0.18926095238095236,0.11986347080616193,1350,62.8,0.022058327534222818,1.1504175006644515,0
4,0,2,1341.9423076923076,196.94900167465246,745,1575,54.10961538461538,7.262131052483859,0.1801480769230769,0.1100300753066816,1107,49.6,-1.1928487943922363,-0.6201229532401072,0
4,0,3,1369.9615384615386,194.89897423237883,810,1575,55.236538461538466,6.406444838928569,0.16420576923076924,0.09490393285447762,945,42.6,-2.180307705867259,-1.9693987525416863,0
4,0,4,1364.1826923076924,192.24159377498708,735,1575,54.545192307692304,7.541521051385053,0.17476442307692308,0.1121604043092283,1310,57.7,-0.281832213943091,0.4177711577363694,0
4,0,5,1371.3461538461538,202.34507530361748,441,1575,54.50096153846154,6.96319722335379,0.1744903846153846,0.10505217706762078,1310,66.3,-0.30316093507468916,1.692055750556222,0
4,0,6,1038.2307692307693,134.81812493523645,551,1181,55.92788461538461,6.548229683399715,0.15305576923076922,0.09841933252637168,830,46.4,-1.5444164140886123,-1.4528134992743138,0
4,1,0,1095.1904761904761,171.2339321624354,454,1260,55.235238095238095,7.565152661945085,0.1631466666666667,0.11456058362505324,886,52.9,-1.2215935101983417,-0.3082760439891219,0
4,1,1,1076.5047619047618,156.4001354889195,588,1260,54.18857142857143,8.081297428746709,0.1801447619047619,0.12049603167815588,1080,57.3,0.0223466214917113,0.38454013077980614,0
4,1,2,1073.5576923076924,157.4865583367634,596,1260,54.89423076923077,7.56087048621621,0.16868942307692308,0.1138897601185379,886,49.0,-1.1908685134988883,-0.7785406948860119,0
4,1,3,1095.9615384615386,155.88730825593237,648,1260,56.36730769230769,7.099479569435597,0.14768653846153845,0.10482136636274995,756,37.1,-2.180676127540528,-2.7100869345120393,1
4,1,4,1091.2884615384614,153.791857390279,588,1260,55.89038461538462,7.561572744800291,0.15495096153846152,0.11183511614403574,1048,60.4,-0.28145603878251646,0.5955982378578238,0
4,1,5,1097.0576923076924,161.8160784385308,353,1260,55.551923076923075,7.766557393182531,0.15859423076923077,0.11725681782146459,1048,60.4,-0.30315072070616117,0.6234219948440276,0
4,1,6,830.6442307692307,107.86875504939975,441,945,56.93269230769231,7.28542156902309,0.13872884615384615,0.10843448800518671,664,49.5,-1.5447363171082307,-1.0188160118466736,0
4,2,0,985.6666666666666,154.24846755669807,408,1134,55.68,7.716657805831985,0.15644761904761906,0.11679840793109338,797,48.3,-1.2230554967578797,-0.9551348313147336,0
4,2,1,968.847619047619,140.8759534096726,529,1134,54.92761904761905,8.126115251720783,0.16864285714285715,0.12177777669018428,972,64.2,0.022375409869388584,1.1396570310898502,0
4,2,2,966.2307692307693,141.8115275121345,537,1134,55.190384615384616,7.893730082028162,0.1646673076923077,0.11824121096039288,797,48.3,-1.193265734754476,-0.8717889583618587,0
4,2,3,986.4134615384615,140.38771628952722,583,1134,57.10288461538461,6.826724423578938,0.13544711538461537,0.10251688750936559,680,41.8,-2.1824675616986378,-2.2383357390575864,0
4,2,4,982.1634615384615,138.46334978796142,529,1134,55.52211538461539,7.902180560935387,0.1597451923076923,0.11826614126974992,943,63.7,-0.2828230962739831,1.0335816469812482,0
4,2,5,987.3942307692307,145.72246651750797,318,1134,56.51634615384615,7.832420927641214,0.14501634615384615,0.11683637060949559,943,59.0,-0.3046282810556651,0.3166947896662906,0
4,2,6,747.4903846153846,96.9529958371188,397,850,57.95384615384615,7.104024882381794,0.12383269230769231,0.10509821245217385,598,49.3,-1.5417261329930732,-1.2164486766524807,0
4,3,0,821.4,128.44570837517307,340,945,56.053333333333335,7.902957901301487,0.1510104761904762,0.11932738975979676,664,43.5,-1.225325071115493,-1.5864274131003049,0
4,3,1,807.3809523809524,117.37394064012648,441,945,55.12285714285714,8.126514736234826,0.16563999999999998,0.12187883690212747,810,60.6,0.022311805215987933,0.6731558947163424,0
4,3,2,805.1634615384615,118.19878850240134,447,945,56.62596153846154,8.02399308859903,0.14398653846153847,0.11893754015366359,664,49.1,-1.1941875331510896,-0.9367647514088062,0
4,3,3,821.9711538461538,116.96879151699817,486,945,56.97692307692308,6.777135041643051,0.1381394230769231,0.10045696989091364,567,43.1,-2.1796357317394923,-2.044592157335904,0
4,3,4,818.4519230769231,115.40354521717718,441,945,56.56153846153846,7.85605088286949,0.14518076923076922,0.11603300173082087,786,54.1,-0.28117950120895535,-0.3129319271121349,0
4,3,5,822.7596153846154,121.4189965457659,265,945,56.85096153846154,7.916101266446902,0.1408076923076923,0.11697020423218042,786,59.8,-0.30272518451357594,0.37206671507244654,0
4,3,6,623.0192307692307,80.92223052769427,331,709,58.41826923076923,6.922648413217636,0.11763461538461538,0.1012985060789705,498,51.4,-1.5447397156124378,-1.0123503764287767,0
4,4,0,1095.1904761904761,171.2339321624354,454,1260,54.925714285714285,7.551986857410802,0.16790571428571427,0.11424014334570992,886,45.1,-1.2215935101983417,-1.2993561706716024,0
4,4,1,1076.5047619047618,156.4001354889195,588,1260,54.42285714285714,8.130548485884498,0.1762085714285714,0.12190966715176835,1080,57.4,0.0223466214917113,0.36571772311228756,0
4,4,2,1073.5576923076924,157.4865583367634,596,1260,54.73461538461538,7.7804805456049895,0.17203076923076924,0.1156863478674026,886,48.4,-1.1908685134988883,-0.813122547130814,0
4,4,3,1095.9615384615386,155.88730825593237,648,1260,56.458653846153844,7.3576142526409125,0.14624326923076922,0.10893490508780881,756,38.9,-2.180676127540528,-2.3832211139257145,0
4,4,4,1091.2884615384614,153.791857390279,588,1260,55.739423076923075,7.912229912496234,0.1567298076923077,0.11801507298811384,1048,60.5,-0.28145603878251646,0.6009137547962053,0
4,4,5,1097.0576923076924,161.8160784385308,353,1260,56.05480769230769,7.883618012839499,0.1526125,0.11664650164958819,1048,62.9,-0.30315072070616117,0.8671805877302581,0
4,4,6,830.6442307692307,107.86875504939975,441,945,57.05769230769231,6.955443384939979,0.1360903846153846,0.10450163051566787,664,53.2,-1.5447363171082307,-0.5538329858560103,0
4,5,0,1916.6285714285714,299.7440336591968,794,2205,51.46476190476191,6.604543613073982,0.22023238095238096,0.10006299505738112,1550,49.0,-1.2230980412607462,-0.372627659433703,0
4,5,1,1883.9333333333334,273.8184851694875,1029,2205,51.260000000000005,7.453891601036334,0.22334857142857142,0.11290743921314632,1890,56.3,0.022154987502164405,0.6752509641619402,0
4,5,2,1878.673076923077,275.6674316279374,1043,2205,51.853846153846156,7.080397156828963,0.21511923076923076,0.1055632632084115,1550,46.3,-1.19223788099805,-0.7832912643683284,0
4,5,3,1917.9038461538462,272.81607728266016,1134,2205,52.3625,6.367487006402057,0.20730673076923076,0.09484426710561158,1323,38.5,-2.1805241349326696,-2.173661817904778,0
4,5,4,1909.7307692307693,269.2234871521316,1029,2205,52.30096153846154,6.886535268079758,0.20799423076923076,0.10335903380597869,1833,59.4,-0.28499712291514545,1.0293630331154795,0
4,5,5,1919.7884615384614,283.3399163815185,617,2205,52.18076923076923,6.918430105934043,0.2101846153846154,0.10302784878416786,1833,56.6,-0.3062942902781891,0.6378401314095384,0
4,5,6,1453.625,188.76544172673994,772,1654,54.888461538461534,6.415156623447374,0.16870673076923076,0.09653904312484556,1162,54.3,-1.5448248847015755,-0.09158711187118147,0
4,6,0,3559.3238095238094,556.6919375830437,1474,4095,44.544761904761906,5.125257609892947,0.3250828571428571,0.07765435553828215,2878,41.6,-1.223857442425689,-0.5734399573429175,0
4,6,1,3498.657142857143,508.43607926984953,1911,4095,43.779999999999994,5.89335349225001,0.33666666666666667,0.08929487739061594,3510,52.8,0.022308869328181245,1.527945092876712,0
4,6,2,3488.923076923077,511.96075950028666,1938,4095,44.573076923076925,5.90741233855524,0.3246490384615385,0.0895081424892842,2878,44.6,-1.1932772830998664,0.004549805790557655,0
4,6,3,3561.7115384615386,506.75826130370285,2106,4095,46.17884615384616,5.5667820806443595,0.3003509615384615,0.08424112409837449,2457,32.4,-2.1799146134755514,-2.4707521209532555,0
4,6,4,3546.6153846153848,499.92003841570437,1911,4095,45.30769230769231,5.796930763200326,0.31352115384615387,0.0878313959315066,3405,47.5,-0.2832704053234505,0.3775329484210115,0
4,6,5,3565.3365384615386,526.0895787464065,1147,4095,44.75480769230769,5.242708849360562,0.3218971153846154,0.07943188014790548,3405,44.5,-0.304764620499392,-0.048509768885955366,0
4,6,6,2699.701923076923,350.45589946809866,1433,3071,48.99134615384616,5.752367356933254,0.25795769230769233,0.08637444526376338,2159,38.7,-1.5428089406060477,-1.7859580128059096,0
4,7,0,8213.87619047619,1284.6168816424347,3402,9450,24.344761904761903,2.8084686818614055,0.6311409523809525,0.04255369615881272,6642,29.6,-1.2236052451794397,1.8645721093368242,0
4,7,1,8073.8,1173.3310766295313,4410,9450,24.71142857142857,3.7943863972806104,0.625584761904762,0.05749141872580833,8100,25.8,0.022329398093911754,0.2861358744604769,0
4,7,2,8051.346153846154,1181.4400770725608,4471,9450,25.512500000000003,4.99595345963849,0.6134461538461539,0.07569610155674286,6642,27.7,-1.1928952235868335,0.4369796918083951,0
4,7,3,8219.403846153846,1169.337049911506,4860,9450,25.446153846153848,5.105392600688955,0.6144499999999999,0.07735398396302197,5670,25.2,-2.1801943626118354,-0.04812022563443052,0
4,7,4,8184.451923076923,1153.7113845460733,4410,9450,24.75,4.15098537839517,0.6250028846153846,0.06289321425531694,7857,28.5,-0.28382235734128947,0.9012288337928069,0
4,7,5,8227.60576923077,1214.1523745824727,2646,9450,24.852884615384614,4.470636815930722,0.623439423076923,0.06773221031552891,7857,26.8,-0.30523575510912515,0.4345621983224566,0
4,7,6,6230.009615384615,808.8774253414634,3308,7088,33.732692307692304,4.097156065704158,0.4888980769230769,0.06208177035054737,4982,33.1,-1.5428718215736645,-0.15404632732986479,0
4,8,0,9856.67619047619,1541.626279760074,4082,11340,17.34285714285714,4.070056159668702,0.7372314285714285,0.061670416349715464,7970,24.6,-1.2238140832867623,1.7786870016348342,0
4,8,1,9688.647619047619,1408.0893422604781,5292,11340,18.00095238095238,4.433645297349644,0.7272561904761905,0.06717895865036898,9720,18.5,0.022265745044699796,0.11230590779720201,0
4,8,2,9661.673076923076,1417.8242831567275,5365,11340,18.251923076923077,5.302133308876093,0.7234548076923077,0.08033565976008956,7970,22.9,-1.1931387871061083,0.8749925223658085,0
4,8,3,9863.307692307691,1403.2596108611667,5832,11340,18.10096153846154,5.8615497999043535,0.7257442307692308,0.08880922263281701,6804,24.0,-2.1801282295497284,1.0046816705249701,0
4,8,4,9821.35576923077,1384.485309141462,5292,11340,17.796153846153846,4.5363670310259545,0.7303615384615385,0.0687320212081511,9428,19.4,-0.2841149165573504,0.35277533531739985,0
4,8,5,9873.14423076923,1457.0558053047307,3175,11340,17.654807692307692,4.8771685205857604,0.7325009615384614,0.07390132294517501,9428,22.9,-0.30550729359552364,1.0732579172579124,0
4,8,6,7475.923076923077,970.7324098334827,3969,8505,28.441346153846155,3.8626820647554103,0.5690682692307693,0.05852736023437657,5978,28.0,-1.5430695741211358,-0.11396395223423257,0
4,9,0,7658.27619047619,1195.6896665751437,3175,8820,26.72666666666667,3.0805614706346924,0.5950485714285715,0.046672276226169526,6199,32.3,-1.220437063979462,1.8033400682332201,0
4,9,1,7535.523809523809,1095.103561095392,4116,8820,27.005714285714284,3.846822579226127,0.5908228571428571,0.05828985638293216,7560,30.8,0.02235036743742668,0.9837853923389555,0
4,9,2,7514.6057692307695,1102.6739381825323,4173,8820,27.567307692307693,4.480560867884069,0.5823163461538462,0.0678909392564408,6199,31.0,-1.1930941620489908,0.7644239569810741,0
4,9,3,7671.403846153846,1091.4099059921,4536,8820,27.764423076923077,4.8692998693165706,0.5793240384615385,0.07377782377259351,5292,25.3,-2.1800993669718434,-0.5050771920005525,0
4,9,4,7638.759615384615,1076.8015159540853,4116,8820,27.083653846153844,3.9861680890742663,0.5896375,0.06039846520826969,7333,30.7,-0.28394905780117297,0.9049534637277736,0
4,9,5,7679.067307692308,1133.1655742770608,2470,8820,27.33942307692308,4.371718869909242,0.5857644230769231,0.06623896269043403,7333,30.9,-0.30539601765868485,0.81259821289052,0
4,9,6,5814.625,755.0525756464192,3087,6615,35.34615384615385,4.176678735269803,0.46444903846153845,0.06329021457699752,4649,37.6,-1.5437462239498398,0.5383374976587282,0
4,10,0,5475.914285714286,856.3977117317286,2268,6300,35.98571428571429,3.5612613520468286,0.45476095238095243,0.05395792786841876,4428,40.3,-1.2236161250758884,1.2080565629320366,0
4,10,1,5382.580952380952,782.21869828162,2940,6300,36.22,4.629200794953704,0.4512076190476191,0.07013991058432109,5400,38.3,0.022268484469201405,0.4483530875107887,0
4,10,2,5367.653846153846,787.6285627125245,2981,6300,36.53173076923077,4.788847570452066,0.4464807692307693,0.07255700949313583,4428,34.0,-1.1930013214662831,-0.5275705744061117,0
4,10,3,5479.663461538462,779.5643494687648,3240,6300,37.53269230769231,4.944830433989737,0.43131923076923073,0.07492070381140793,3780,31.8,-2.180245492552038,-1.1569906143238526,0
4,10,4,5456.317307692308,769.112642960453,2940,6300,36.708653846153844,4.641562144488655,0.4438076923076923,0.07032485466015814,5238,40.5,-0.2838523994716577,0.8150694403466768,0
4,10,5,5485.115384615385,809.3954391077295,1764,6300,37.0625,4.5622594364030356,0.4384423076923077,0.06913104580181022,5238,36.7,-0.30530482336244147,-0.07928246527611157,0
4,10,6,4153.211538461538,539.272769445641,2205,4725,42.80769230769231,4.725733976129435,0.3513951923076923,0.07160097816195715,3321,37.8,-1.5431821404511312,-1.0574268598983148,0
4,11,0,4928.295238095238,770.8074553026735,2041,5670,38.677142857142854,4.2109348757102065,0.41397904761904764,0.06380257665287341,3985,43.1,-1.2237595705780155,1.047838280639894,0
4,11,1,4844.304761904762,704.0353346110921,2646,5670,38.42857142857143,5.128534696369728,0.41775333333333337,0.07770425449527629,4860,44.7,0.02229293672389418,1.220470220014124,0
4,11,2,4830.875,708.8626564975046,2683,5670,38.809615384615384,4.514841098189052,0.4119721153846154,0.06840276559549893,3985,41.4,-1.1932679194869997,0.572480791960042,0
4,11,3,4931.615384615385,701.6516479712861,2916,5670,39.732692307692304,4.9926439540567165,0.3979903846153846,0.07564379416691855,3402,33.2,-2.1799900123342364,-1.3058479411461705,0
4,11,4,4910.615384615385,692.2445315143349,2646,5670,39.225,4.922836620115432,0.40568173076923075,0.0745889821953385,4714,47.1,-0.28402180941348354,1.5964445219788608,0
4,11,5,4936.567307692308,728.4629084709283,1588,5670,39.15673076923077,4.562229152446466,0.4067105769230769,0.06912841282611733,4714,42.1,-0.30552585429632323,0.6437274101177485,0
4,11,6,3737.9326923076924,485.2910899940699,1984,4252,44.27403846153846,5.577781777006374,0.3291778846153846,0.08451030264845895,2989,42.6,-1.543233072723665,-0.29958909068838335,0
4,12,0,4654.533333333334,727.9489371708735,1928,5355,39.93809523809524,4.739976893654752,0.3948809523809524,0.07181846250635389,3764,44.3,-1.2233290751182841,0.9183002064139729,0
4,12,1,4575.171428571429,664.8691522099966,2499,5355,39.97714285714286,5.207839082775878,0.3942857142857143,0.0789010388307494,4590,43.2,0.022302656624564626,0.6176612754302481,0
4,12,2,4562.461538461538,669.4617157071867,2534,5355,40.49807692307692,5.338138666352706,0.38639711538461535,0.08087869432354668,3764,37.0,-1.192674043918487,-0.6540737144840191,0
4,12,3,4657.673076923077,662.6077408974609,2754,5355,40.787499999999994,5.200628929479196,0.3820086538461539,0.07879555222598207,3213,34.7,-2.180251127846935,-1.1682850731434524,0
4,12,4,4637.865384615385,653.740441021538,2499,5355,40.34423076923077,5.305956113305653,0.388725,0.08039903727144224,4452,43.8,-0.2843063238702448,0.650074823251373,0
4,12,5,4662.307692307692,688.0323298585215,1499,5355,40.55480769230769,5.080342466242721,0.3855298076923077,0.07697497876129922,4452,41.3,-0.30566097924663566,0.14639335420635213,0
4,12,6,3530.1923076923076,458.3369701351628,1874,4016,45.50865384615384,4.907278338809424,0.31047884615384613,0.0743538204541733,2823,45.1,-1.5429191284579942,-0.08310569750110654,0
4,13,0,4654.533333333334,727.9489371708735,1928,5355,39.8847619047619,4.502879013910923,0.39568476190476193,0.0682282013384162,3764,40.9,-1.2233290751182841,0.22496461618151764,0
4,13,1,4575.171428571429,664.8691522099966,2499,5355,39.6552380952381,5.097114209047436,0.39916285714285715,0.07723002512119093,4590,48.7,0.022302656624564626,1.771012265349145,0
4,13,2,4562.461538461538,669.4617157071867,2534,5355,40.708653846153844,5.293632565931626,0.3832057692307692,0.08020832078827224,3764,35.2,-1.192674043918487,-1.0386567654665952,0
4,13,3,4657.673076923077,662.6077408974609,2754,5355,40.87980769230769,5.1529495711725195,0.3806038461538461,0.07807600096579648,3213,32.4,-2.180251127846935,-1.6424347314285133,0
4,13,4,4637.865384615385,653.740441021538,2499,5355,40.37884615384615,4.940336710291419,0.38819519230769234,0.07484921461256624,4452,42.2,-0.2843063238702448,0.36788484354363177,0
4,13,5,4662.307692307692,688.0323298585215,1499,5355,40.50673076923077,5.051449170577445,0.3862625,0.07653648433568148,4452,43.6,-0.30566097924663566,0.6111430000622389,0
4,13,6,3530.1923076923076,458.3369701351628,1874,4016,45.55384615384616,5.059930600792805,0.3097942307692308,0.0766573321237739,2823,46.3,-1.5429191284579942,0.14717239838295995,0
4,14,0,5202.1238095238095,813.5436929219234,2155,5985,37.45619047619048,4.073009750161228,0.4324819047619048,0.06171354386467365,4207,35.4,-1.2231814792085411,-0.503596758765831,0
4,14,1,5113.428571428572,743.0739281103615,2793,5985,37.00761904761905,4.804759163861453,0.4392809523809524,0.07280287147659832,5130,41.4,0.022300884118929946,0.9122742805806807,0
4,14,2,5099.211538461538,748.1656100488352,2832,5985,38.059615384615384,5.419589050998494,0.4233375,0.08211770759394978,4207,37.7,-1.1925162040544215,-0.0662325235367948,0
4,14,3,5205.634615384615,740.5330021908753,3078,5985,38.35,4.6138247301752475,0.4189413461538462,0.06991057201685362,3591,32.9,-2.1803387657540005,-1.1786778950406804,0
4,14,4,5179.548076923077,737.0306718572858,2793,5985,37.41538461538461,5.003023730962762,0.4331,0.07580001024668834,4976,38.3,-0.2761693956591997,0.17646343446403245,0
4,14,5,5210.836538461538,768.8984948294591,1676,5985,38.04615384615385,4.653820292609866,0.4235403846153846,0.07051061962188596,4976,42.6,-0.30541545585814334,0.9764197306362822,0
4,14,6,3945.7403846153848,512.3689507124914,2095,4489,43.83076923076923,5.062465666633225,0.33589423076923075,0.07670423695202783,3155,45.5,-1.5432725788516808,0.3290767999103481,0
4,15,0,6571.133333333333,1027.6679356180357,2722,7560,31.59238095238095,3.117281089658324,0.5213304761904762,0.04723038079418132,5314,32.3,-1.2232755903018442,0.22627292761085305,0
4,15,1,6459.104761904762,938.6466108569615,3528,7560,31.740952380952383,4.007509663074275,0.519072380952381,0.06071467712435782,6480,38.3,0.022260790424904333,1.6326152689396412,0
4,15,2,6441.163461538462,945.1401818313371,3577,7560,32.13173076923077,4.667950308449187,0.51315,0.07072590879414191,5314,33.7,-1.1925760405128982,0.33524709057654306,0
4,15,3,6575.596153846154,935.4321105153067,3888,7560,32.579807692307696,4.95367628136143,0.5063653846153846,0.0750607298064303,4536,29.4,-2.1803552896743152,-0.6406154455011206,0
4,15,4,6547.615384615385,922.9250809267968,3528,7560,31.792307692307695,4.076994236136917,0.518298076923077,0.06176717320378404,6286,33.3,-0.28346022382492464,0.36890003278237893,0
4,15,5,6582.182692307692,971.2698400659868,2117,7560,31.9,3.959086881092513,0.5166673076923077,0.05998708994168163,6286,36.8,-0.30494063614824984,1.234540877233518,0
4,15,6,4983.923076923077,647.1789370411124,2646,5670,38.98653846153846,4.109308818935387,0.4092951923076923,0.062262448561982646,3985,36.7,-1.5434798398904352,-0.5550781847255141,0
4,16,0,8761.57142857143,1370.2641790288733,3629,10080,22.221904761904764,3.6555011482269615,0.6633085714285715,0.05538242069445886,7085,25.8,-1.2235298995122508,0.9761544447547088,0
4,16,1,8612.2,1251.6122633197176,4704,10080,22.7552380952381,4.266483441006299,0.6552209523809523,0.06464827871948284,8640,26.6,0.022211174101573142,0.8990475370242969,0
4,16,2,8588.259615384615,1260.2721542663974,4769,10080,23.032692307692308,5.008099116309021,0.6510173076923077,0.07588004258422643,7085,25.5,-1.192796081651774,0.4916817374708372,0
4,16,3,8767.51923076923,1247.3047912779919,5184,10080,23.00096153846154,5.027081903502843,0.6515009615384616,0.07616164018690555,6048,25.7,-2.1802990309950756,0.5358337452606278,0
4,16,4,8730.211538461539,1230.6290890504038,4704,10080,22.26634615384615,3.9000276468256585,0.6626336538461538,0.05909063075336454,8381,25.9,-0.28376438028715684,0.9293166632987409,0
4,16,5,8776.240384615385,1295.1101650873068,2822,10080,22.379807692307693,4.381678088960902,0.6609173076923077,0.06638932895056518,8381,26.1,-0.3051766123869601,0.8471004095321861,0
4,16,6,6645.336538461538,862.7696945514745,3528,7560,32.30288461538461,3.7334867934737046,0.5105644230769231,0.05656848400114857,5314,31.9,-1.54307820045956,-0.10762282268151525,0
4,17,0,9849.438095238096,1554.9553909246297,4082,11340,17.421904761904763,3.791107534348811,0.7360352380952381,0.0574391567409048,7970,22.2,-1.208668762795116,1.2570271151020722,0
4,17,1,9688.647619047619,1408.0893422604781,5292,11340,18.00952380952381,4.54802416545073,0.727127619047619,0.06890912981718152,9720,21.8,0.022265745044699796,0.831605110654643,0
4,17,2,9661.673076923076,1417.8242831567275,5365,11340,18.55673076923077,5.553792798717188,0.7188413461538462,0.0841490478524918,7970,22.4,-1.1931387871061083,0.6907642627625076,0
4,17,3,9845.01923076923,1394.709587899231,5832,11340,18.267307692307693,6.10858765726925,0.7232278846153846,0.09255634070764919,6804,23.7,-2.180380384095491,0.8878997265386795,0
4,17,4,9813.673076923076,1380.0013257507896,5292,11340,17.951923076923077,4.473871952397898,0.7279980769230769,0.06779063569201878,9428,21.8,-0.27947095051067955,0.8582040174048767,0
4,17,5,9864.461538461539,1457.3825048684496,3175,11340,17.714423076923076,4.91908149665407,0.731598076923077,0.07453392396424992,9428,20.8,-0.2994811191930316,0.6259943003927726,0
4,17,6,7475.923076923077,970.7324098334827,3969,8505,28.221153846153847,3.5739530499554757,0.5724048076923076,0.05415094756597298,5978,29.9,-1.5430695741211358,0.46843419276014475,0
4,18,0,9303.57142857143,1468.0887945867605,3856,10710,19.74571428571429,3.600401381775385,0.700824761904762,0.05454822280992849,7528,24.8,-1.2094359283710303,1.3999234932156792,0
4,18,1,9150.44761904762,1329.8126529482986,4998,10710,20.27333333333333,4.252041741841086,0.6928295238095239,0.06442513682235186,9180,24.0,0.022222798571569485,0.8743853046021206,0
4,18,2,9125.038461538461,1338.9902072850937,5067,10710,20.659615384615385,5.144919621227063,0.6869759615384615,0.07795659670573267,7528,24.6,-1.1927096447405008,0.7643930274215716,0
4,18,3,9315.451923076924,1325.2454022960974,5508,10710,20.558653846153845,5.551622006958003,0.6885067307692307,0.08411970581090511,6426,23.1,-2.1802981659767218,0.4569433432669,0
4,18,4,9275.817307692309,1307.5316459399478,4998,10710,20.14903846153846,4.3949882134727725,0.694714423076923,0.06659146482856072,8905,23.2,-0.2835988504410048,0.6926151423357033,0
4,18,5,9324.778846153846,1375.9696666103011,2999,10710,20.08076923076923,4.331126379271197,0.6957471153846153,0.06561830042618837,8905,21.4,-0.305076344033457,0.3038913530668149,0
4,18,6,7060.576923076923,916.7573573622519,3748,8032,30.122115384615384,3.5210037384761397,0.5436067307692307,0.053350624903161885,5646,33.0,-1.5430053346870707,0.815033012858438,0
4,19,0,7666.228571428572,1198.9636811810476,3175,8820,26.762857142857143,3.082714124538045,0.5945057142857143,0.046709778725352855,6199,31.0,-1.2237370965334953,1.3700402580130984,0
4,19,1,7535.523809523809,1095.103561095392,4116,8820,26.962857142857143,3.379299459231874,0.5914733333333333,0.05120569992811548,7560,28.7,0.02235036743742668,0.5125374367293442,0
4,19,2,7514.6057692307695,1102.6739381825323,4173,8820,27.407692307692308,4.66300649520341,0.5847298076923078,0.07065325129397271,6199,28.3,-1.1930941620489908,0.19094937985290597,0
4,19,3,7671.403846153846,1091.4099059921,4536,8820,27.78076923076923,5.28342484032052,0.5790788461538462,0.08004640725954267,5292,26.0,-2.1800993669718434,-0.33641154535810963,0
4,19,4,7638.759615384615,1076.8015159540853,4116,8820,27.310576923076926,3.7677455407769798,0.5862067307692308,0.05709082231928227,7333,29.8,-0.28394905780117297,0.6589705553357804,0
4,19,5,7679.067307692308,1133.1655742770608,2470,8820,27.548076923076923,4.143774855403924,0.5826057692307692,0.06278621892406949,7333,28.3,-0.30539601765868485,0.18102162565331395,0
4,19,6,5814.625,755.0525756464192,3087,6615,35.267307692307696,3.816073372208164,0.46564519230769236,0.05781505645902905,4649,35.6,-1.5437462239498398,0.08695398005404599,0
4,20,0,5475.914285714286,856.3977117317286,2268,6300,36.46190476190476,3.50330560801512,0.44755142857142854,0.05307922799980181,4428,35.3,-1.2236161250758884,-0.33071554016082183,0
4,20,1,5382.580952380952,782.21869828162,2940,6300,36.75809523809524,4.570174650601038,0.4430580952380952,0.06924414968477674,5400,37.8,0.022268484469201405,0.22748144806400242,0
4,20,2,5367.653846153846,787.6285627125245,2981,6300,36.6875,4.977379657252116,0.44412788461538466,0.0754140267356903,4428,33.5,-1.1930013214662831,-0.6391131654405089,0
4,20,3,5479.663461538462,779.5643494687648,3240,6300,37.598076923076924,5.020752675736837,0.43033365384615385,0.07607306478984392,3780,29.7,-2.180245492552038,-1.5699592947928256,0
4,20,4,5456.317307692308,769.112642960453,2940,6300,36.63653846153846,4.528229849656691,0.44490288461538463,0.06861024359072625,5238,36.9,-0.2838523994716577,0.058053811109076356,0
4,20,5,5485.115384615385,809.3954391077295,1764,6300,36.55673076923077,4.661946016919882,0.44611057692307693,0.07063312559084364,5238,40.3,-0.30530482336244147,0.8012227061726818,0
4,20,6,4153.211538461538,539.272769445641,2205,4725,42.486538461538466,4.950101650271528,0.35626346153846156,0.0750009385801366,3321,41.9,-1.5431821404511312,-0.11825129864150233,0
4,21,0,3833.190476190476,599.4454022619911,1588,4410,43.63047619047619,5.187209191283805,0.33893238095238093,0.07859490893577468,3100,39.8,-1.2230942842851156,-0.7370255938322147,0
4,21,1,3767.8380952380953,547.558973357235,2058,4410,42.9,5.6428988731243175,0.35037619047619045,0.08384653050458127,3780,48.6,0.02221072660004465,1.00833220758638,0
4,21,2,3757.403846153846,551.3491399828431,2087,4410,44.089423076923076,6.2073542081848405,0.33197596153846154,0.09404951236325204,3100,38.5,-1.1923332696984092,-0.8990034811857552,0
4,21,3,3835.8365384615386,545.6712640049105,2268,4410,44.58173076923077,5.645322222404334,0.3248201923076923,0.08429430802261326,2646,37.0,-2.180460677225728,-1.3406363901237495,0
4,21,4,3819.471153846154,538.3883529361464,2058,4410,43.747115384615384,5.270838564310537,0.33716153846153846,0.07986425413708122,3667,47.5,-0.28319394555101246,0.7106607349726075,0
4,21,5,3839.625,566.5601740550096,1235,4410,43.82884615384615,5.648845110542303,0.335925,0.08559271331612016,3667,47.9,-0.3046842349015701,0.71943192765064,0
4,21,6,2907.375,377.51816486869245,1544,3308,48.25961538461539,6.036386742015331,0.2687980769230769,0.0914618080204134,2325,39.9,-1.5426001400519482,-1.382580331245737,0
4,22,0,2464.1619047619047,385.34507821435744,1021,2835,49.57714285714286,6.3622573573629255,0.24883428571428573,0.09640018635133143,1993,43.7,-1.2226695102738891,-0.9223015530519997,0
4,22,1,2422.190476190476,351.9603642249337,1323,2835,48.70666666666666,6.987781460777786,0.262027619047619,0.1058753171780174,2430,60.1,0.022188015251571068,1.6281350592601955,0
4,22,2,2415.4615384615386,354.4431410733192,1341,2835,49.375,7.13718214227708,0.2518913461538462,0.10813820904047264,1993,47.1,-1.1918685137964449,-0.31830726497690565,0
4,22,3,2465.855769230769,350.80103669321403,1458,2835,50.63653846153846,5.888281231614537,0.23320961538461538,0.08794454620735513,1701,36.3,-2.180250018472592,-2.430629856151182,0
4,22,4,2455.355769230769,346.0816144349307,1323,2835,50.00576923076923,6.037855128120438,0.24233749999999998,0.09147903169738549,2357,58.1,-0.2841899807117722,1.338363865826645,0
4,22,5,2468.3076923076924,364.18636744325835,794,2835,49.901923076923076,6.486730005849071,0.244025,0.09797781971109483,2357,48.1,-0.3056254873959831,-0.2773584673059809,0
4,22,6,1868.9038461538462,242.70132346620608,992,2126,53.03942307692308,6.72133854949578,0.19653173076923075,0.10151924994599158,1494,48.2,-1.5446491774663573,-0.7189391888906821,0
4,23,0,1642.7333333333333,256.94728831875034,680,1890,52.712380952380954,7.340164733506893,0.2013247619047619,0.11121563841072994,1328,47.3,-1.2248468817234444,-0.7363618569945458,0
4,23,1,1614.7047619047619,234.67677951278185,882,1890,52.3352380952381,7.481348358422646,0.20703619047619048,0.11335600160879265,1620,52.8,0.022563001231817245,0.06203982013990323,0
4,23,2,1610.201923076923,236.2983296148962,894,1890,52.6375,7.347414676414042,0.20307115384615385,0.11008612398391246,1328,49.6,-1.194210646475383,-0.4128488244297874,0
4,23,3,1643.826923076923,233.87580482735825,972,1890,54.07403846153846,6.406534818984118,0.18157115384615385,0.09519510233901388,1134,41.6,-2.179811311991549,-1.9440459396608367,0
4,23,4,1636.826923076923,230.74545477468996,882,1890,53.39326923076923,7.0042049010393095,0.19100576923076923,0.10612473685346915,1571,53.4,-0.2852670292938324,0.0009595911904103984,0
4,23,5,1645.4326923076924,242.879080723053,529,1890,52.95576923076923,7.092274299711274,0.19807596153846155,0.10654937548640157,1571,52.6,-0.30644725603190875,-0.0500922966019053,0
4,23,6,1246.076923076923,161.86250261733701,662,1418,55.59134615384615,7.191825329381588,0.15902019230769232,0.10684623411076304,996,47.3,-1.5449005793658444,-1.1512839835228446,0
5,0,0,1916.6285714285714,299.7440336591968,794,2205,69.37142857142857,9.028221929526948,0.2116847619047619,0.10259096880794324,1550,61.4,-1.2230980412607462,-0.8819686696768005,0
5,0,1,1883.9333333333334,273.8184851694875,1029,2205,68.3847619047619,9.532815599814844,0.22301904761904764,0.1080693892965552,1890,70.2,0.022154987502164405,0.19022038896710122,0
5,0,2,1878.673076923077,275.6674316279374,1043,2205,69.4548076923077,9.760589268854625,0.21074326923076925,0.1109152959103399,1550,60.8,-1.19223788099805,-0.8858020180928426,0
5,0,3,1917.9038461538462,272.81607728266016,1134,2205,70.00576923076923,8.77824790580348,0.20535,0.09772231512702927,1323,51.9,-2.1805241349326696,-2.0602251352983294,0
5,0,4,1909.7307692307693,269.2234871521316,1029,2205,69.46923076923078,9.378534434569364,0.21101730769230767,0.10560438303855077,1833,74.7,-0.28499712291514545,0.5571443836334135,0
5,0,5,1919.7884615384614,283.3399163815185,617,2205,70.125,9.023278955390671,0.20311826923076925,0.10253757612389566,1833,80.0,-0.3062942902781891,1.093180012348343,0
5,0,6,1453.625,188.76544172673994,772,1654,73.96346153846153,9.153258825397648,0.16020673076923078,0.10279345986564567,1162,66.9,-1.5448248847015755,-0.7708460137439148,0
5,1,0,1642.7333333333333,256.94728831875034,680,1890,70.69047619047619,9.358167183818264,0.19669619047619047,0.1063446012551517,1328,64.3,-1.2248468817234444,-0.6821479660946413,0
5,1,1,1614.7047619047619,234.67677951278185,882,1890,69.33142857142857,10.04527552830486,0.21215333333333333,0.11412992854524875,1620,70.8,0.022563001231817245,0.1460498446250928,0
5,1,2,1610.201923076923,236.2983296148962,894,1890,70.32596153846154,9.826455228994757,0.20166153846153845,0.11002885350413953,1328,59.5,-1.194210646475383,-1.1005958230308448,0
5,1,3,1643.826923076923,233.87580482735825,972,1890,72.11634615384615,8.426473661292194,0.1812625,0.09411799471733154,1134,51.5,-2.179811311991549,-2.4437160573898358,0
5,1,4,1636.826923076923,230.74545477468996,882,1890,70.26442307692308,9.619023609385145,0.20210288461538461,0.10816695694213864,1571,73.9,-0.2852670292938324,0.37756444168788084,0
5,1,5,1645.4326923076924,242.879080723053,529,1890,70.9673076923077,9.995692686990523,0.1940875,0.11257056185180503,1571,74.2,-0.30644725603190875,0.32308530841602545,0
5,1,6,1246.076923076923,161.86250261733701,662,1418,73.68557692307692,9.246940383718544,0.163975,0.10270716006274995,996,67.9,-1.5449005793658444,-0.6249988314986675,0
5,2,0,1533.2285714285715,239.82923641074828,635,1764,71.51809523809523,10.17027891751614,0.18778380952380955,0.1147189509894386,1240,60.7,-1.2226046739341212,-1.0626521459526677,0
5,2,1,1507.1238095238095,219.04766320273484,823,1764,71.11714285714285,10.198382763409647,0.19185428571428573,0.1158912081258933,1512,80.0,0.022259848867636337,0.8701532210073825,0
5,2,2,1502.9711538461538,220.53018447962367,835,1764,71.22596153846153,10.352533531594002,0.1913576923076923,0.11632095679110283,1240,62.0,-1.1923956374057103,-0.8903191010511851,0
5,2,3,1534.3461538461538,218.33045983966917,907,1764,72.60288461538461,8.75825775921492,0.1764076923076923,0.09659814435925762,1058,49.1,-2.18166689854891,-2.6804509243223906,1
5,2,4,1527.8173076923076,215.3708368545714,823,1764,71.70673076923077,9.036100890619348,0.18558557692307692,0.10178047137374627,1467,77.6,-0.28237102511293727,0.6514706503970611,0
5,2,5,1535.8557692307693,226.64481507284157,494,1764,71.70096153846154,9.678978273851575,0.18565192307692308,0.10915143037792692,1467,78.6,-0.30379133665720115,0.7120501529204006,0
5,2,6,1162.9711538461538,151.0057837721333,617,1323,74.7798076923077,9.523434354496612,0.15170384615384616,0.10586734410652927,930,71.9,-1.5426940683080017,-0.302074528991683,0
5,3,0,1369.0285714285715,214.12260403899344,567,1575,72.11333333333333,9.496265122775972,0.18053142857142856,0.10791385124815436,1107,62.5,-1.2236743330355064,-1.0112629102149522,0
5,3,1,1345.6857142857143,195.57535014008687,735,1575,70.70952380952382,10.540977948806084,0.19712000000000002,0.11862823506166714,1350,85.1,0.022058327534222818,1.3638997503643309,0
5,3,2,1341.9423076923076,196.94900167465246,745,1575,71.87115384615385,10.0319941882747,0.18371153846153848,0.11319943077466091,1107,70.2,-1.1928487943922363,-0.166416531898129,0
5,3,3,1369.9615384615386,194.89897423237883,810,1575,74.46346153846153,8.809086854060974,0.15466538461538462,0.0985968842624269,945,50.6,-2.180307705867259,-2.705888028245576,1
5,3,4,1364.1826923076924,192.24159377498708,735,1575,72.32884615384616,10.509622711091945,0.17913846153846155,0.11766486496867105,1310,89.3,-0.281832213943091,1.6132854107266954,0
5,3,5,1371.3461538461538,202.34507530361748,441,1575,72.53173076923078,10.139332855852128,0.17631057692307694,0.11431716645909634,1310,76.9,-0.30316093507468916,0.4303996423026441,0
5,3,6,1038.2307692307693,134.81812493523645,551,1181,75.17980769230769,9.14715064985826,0.14618846153846154,0.10312844503943096,830,63.8,-1.5444164140886123,-1.2427236514323194,0
5,4,0,1533.2285714285715,239.82923641074828,635,1764,70.94761904761904,9.404398472135826,0.19390190476190478,0.10662359385036582,1240,64.5,-1.2226046739341212,-0.6848678719837832,0
5,4,1,1507.1238095238095,219.04766320273484,823,1764,70.50095238095238,9.723914762842085,0.19895904761904762,0.1102961831538835,1512,80.5,0.022259848867636337,1.0272380499177618,0
5,4,2,1502.9711538461538,220.53018447962367,835,1764,71.15673076923078,9.48229586331456,0.1917346153846154,0.1070832955609798,1240,58.9,-1.1923956374057103,-1.2912293238351424,0
5,4,3,1534.3461538461538,218.33045983966917,907,1764,72.5798076923077,8.923519482953948,0.17550192307692306,0.10088982357562254,1058,53.2,-2.18166689854891,-2.169336254237349,0
5,4,4,1527.8173076923076,215.3708368545714,823,1764,72.28076923076922,10.344672442674467,0.17949807692307693,0.11602485922176729,1467,80.2,-0.28237102511293727,0.7647978063114234,0
5,4,5,1535.8557692307693,226.64481507284157,494,1764,72.71538461538461,9.256860685650803,0.17391153846153845,0.10481541362572819,1467,73.8,-0.30379133665720115,0.11704237512654676,0
5,4,6,1162.9711538461538,151.0057837721333,617,1323,74.54230769230769,9.227172749707783,0.1539375,0.10319800384490399,930,68.9,-1.5426940683080017,-0.6108262609342426,0
5,5,0,2464.1619047619047,385.34507821435744,1021,2835,65.96095238095238,8.697352550744473,0.25044666666666665,0.09883124901594277,1993,57.8,-1.2226695102738891,-0.9372484154502996,0
5,5,1,2422.190476190476,351.9603642249337,1323,2835,64.9047619047619,8.560007424425931,0.2624485714285714,0.09727738897911171,2430,68.6,0.022188015251571068,0.4311826013949603,0
5,5,2,2415.4615384615386,354.4431410733192,1341,2835,66.21346153846153,8.925398010676712,0.2476605769230769,0.1012102832741843,1993,58.8,-1.1918685137964449,-0.8296733429896854,0
5,5,3,2465.855769230769,350.80103669321403,1458,2835,67.52788461538461,8.292228865592934,0.23263653846153845,0.0942290949829164,1701,53.9,-2.180250018472592,-1.6414730111648548,0
5,5,4,2455.355769230769,346.0816144349307,1323,2835,66.22692307692309,8.383608959063597,0.2474201923076923,0.09527245282831664,2357,73.8,-0.2841899807117722,0.9022432376837549,0
5,5,5,2468.3076923076924,364.18636744325835,794,2835,66.61057692307692,9.237564911229093,0.24328461538461538,0.10440696306172767,2357,68.6,-0.3056254873959831,0.215129398497908,0
5,5,6,1868.9038461538462,242.70132346620608,992,2126,70.53365384615384,8.92408773262549,0.19928076923076923,0.09965379203705046,1494,64.3,-1.5446491774663573,-0.6977381499612763,0
5,6,0,4380.72380952381,685.1904352811214,1814,5040,54.739047619047625,6.430074997141517,0.3779657142857143,0.07306868848052313,3542,50.6,-1.2240561539919361,-0.6427017730204657,0
5,6,1,4306.057142857143,625.8349473452895,2352,5040,53.98857142857143,6.916581446140781,0.3864923809523809,0.07859617662363405,4320,61.8,0.022278452837240132,1.1277465849738597,0
5,6,2,4294.086538461538,630.1668620228969,2385,5040,55.06442307692308,7.086729266930073,0.3742721153846154,0.08052672891200856,3542,49.5,-1.1934531141738614,-0.7840827608927732,0
5,6,3,4383.692307692308,623.6854303707589,2592,5040,55.98557692307692,6.7538901881535685,0.36380384615384614,0.07674617339447323,3024,45.8,-2.1800581525569807,-1.5058755597357532,0
5,6,4,4365.009615384615,615.3419839310496,2352,5040,55.3451923076923,6.670087986606057,0.37107788461538466,0.07579845011701691,4190,65.5,-0.2844057059288284,1.5201607692396637,0
5,6,5,4388.0192307692305,647.6264652263201,1411,5040,55.784615384615385,6.979898589281524,0.3660846153846154,0.07931971653327183,4190,64.5,-0.3057567654101002,1.2468542288652071,0
5,6,6,3322.730769230769,431.4234113035147,1764,3780,62.22788461538461,7.06377957537392,0.29286249999999997,0.0802670133645573,2657,56.3,-1.543067253923052,-0.8380081047508842,0
5,7,0,9856.67619047619,1541.626279760074,4082,11340,23.21714285714286,5.335214240216694,0.7361714285714286,0.060629067213744836,7970,31.3,-1.2238140832867623,1.5121671049296357,0
5,7,1,9688.647619047619,1408.0893422604781,5292,11340,23.887619047619047,5.497109296958777,0.7285485714285714,0.06246468404424421,9720,25.0,0.022265745044699796,0.20198999010156732,0
5,7,2,9661.673076923076,1417.8242831567275,5365,11340,24.666346153846156,7.202704596891512,0.719698076923077,0.08185047103050995,7970,30.7,-1.1931387871061083,0.8365313961082215,0
5,7,3,9863.307692307691,1403.2596108611667,5832,11340,24.346153846153847,7.810087118056721,0.7233423076923077,0.0887570084117061,6804,28.2,-2.1801282295497284,0.4928137111091196,0
5,7,4,9821.35576923077,1384.485309141462,5292,11340,23.69326923076923,6.017067382701984,0.7307596153846153,0.06837731060575489,9428,26.1,-0.2841149165573504,0.3993203686652356,0
5,7,5,9873.14423076923,1457.0558053047307,3175,11340,23.46923076923077,6.2792318638984375,0.7333086538461538,0.07135588655284925,9428,28.7,-0.30550729359552364,0.831702399269931,0
5,7,6,7475.923076923077,970.7324098334827,3969,8505,37.75673076923077,4.699840204329136,0.5709403846153847,0.05340712748192,5978,41.5,-1.5430695741211358,0.7947762701860956,0
5,8,0,12047.057142857142,1884.0673464433437,4990,13860,14.918095238095239,5.310761588010579,0.83048,0.0603532619728978,9742,21.8,-1.2234408248729813,1.2934059622990721,0
5,8,1,11841.67619047619,1720.8730761271133,6468,13860,15.14952380952381,5.026336864065348,0.8278457142857143,0.057114008837539185,11880,13.8,0.022269850901235472,-0.26795741546852553,0
5,8,2,11808.798076923076,1732.7703917934075,6558,13860,15.70096153846154,6.592338819061295,0.8215798076923077,0.07491691498866576,9742,21.9,-1.192764003281434,0.938915531514607,0
5,8,3,12055.25,1715.0000410427688,7128,13860,15.847115384615384,6.949288665570808,0.8199163461538461,0.0789743378629332,8316,23.9,-2.180307934364304,1.1571419152684492,0
5,8,4,12003.942307692309,1692.0786712351742,6468,13860,15.052884615384615,5.272201447503878,0.8289423076923076,0.0599119429757349,11524,16.3,-0.28363898172190055,0.23609765682161066,0
5,8,5,12067.288461538461,1780.6687937051295,3881,13860,15.252884615384614,5.788655740975447,0.8266749999999999,0.06577579858589064,11524,14.8,-0.3051018878076371,-0.07810165590351628,0
5,8,6,9137.23076923077,1186.3988444335184,4851,10395,27.770192307692305,5.195570925722416,0.6844259615384616,0.059040247906431365,7306,31.6,-1.5435073480973063,0.7357132861994777,0
5,9,0,9300.485714285714,1459.3549689074025,3856,10710,26.52095238095238,5.000609486662126,0.6986247619047619,0.056826704822225814,7528,31.8,-1.2145595872516655,1.0535739480596238,0
5,9,1,9150.44761904762,1329.8126529482986,4998,10710,27.046666666666667,5.344642656736287,0.6926552380952382,0.060736690503023584,9180,27.8,0.022222798571569485,0.1406878818301012,0
5,9,2,9125.038461538461,1338.9902072850937,5067,10710,27.725,6.509406934642871,0.6849375000000001,0.07397000728778755,7528,34.3,-1.1927096447405008,1.0085273194194573,0
5,9,3,9315.451923076924,1325.2454022960974,5508,10710,27.384615384615383,7.347303438119313,0.6888048076923077,0.08349748020127708,6426,28.8,-2.1802981659767218,0.19237817595660028,0
5,9,4,9275.817307692309,1307.5316459399478,4998,10710,26.996153846153845,5.471691012768207,0.6932230769230769,0.06217519286593613,8905,32.5,-0.2835988504410048,1.0040416617839902,0
5,9,5,9324.778846153846,1375.9696666103011,2999,10710,26.799038461538462,6.044390726999892,0.6954634615384615,0.06868884260621248,8905,29.2,-0.305076344033457,0.39656534352074696,0
5,9,6,7060.576923076923,916.7573573622519,3748,8032,40.24038461538461,4.6792564182072605,0.5427288461538462,0.0531733192331207,5646,44.1,-1.5430053346870707,0.8230762066304212,0
5,10,0,7118.657142857143,1113.346668560877,2948,8190,38.745714285714286,4.1818524734727465,0.5597104761904762,0.0475217802773907,5756,40.2,-1.223917888432385,0.3469315114233761,0
5,10,1,6997.295238095238,1016.9025076541311,3822,8190,39.28285714285714,5.567064154175277,0.5536,0.06326664268730463,7020,47.1,0.02232715374613518,1.4016591240555385,0
5,10,2,6977.875,1023.9344325138101,3875,8190,39.86923076923077,6.552300076747332,0.5469413461538462,0.07446238851275618,5756,39.3,-1.1933020593708052,-0.08674256930855188,0
5,10,3,7123.4807692307695,1013.4436916432218,4212,8190,40.03942307692308,6.839099728825534,0.5450028846153846,0.07771729881620648,4914,36.4,-2.1801497073322613,-0.5313724753643146,0
5,10,4,7081.201923076923,1042.601268670415,2852,8190,39.5326923076923,5.440221338795501,0.5507634615384616,0.06181717651408275,6809,42.1,-0.2610770967630602,0.47104650118211083,0
5,10,5,7130.557692307692,1052.28126502231,2293,8190,39.55769230769231,5.713749254664838,0.5504826923076923,0.06492414609433968,6809,48.4,-0.30557860071267906,1.5448453974641254,0
5,10,6,5399.182692307692,701.0302372108804,2866,6142,50.002884615384616,5.363060579806426,0.4317894230769231,0.06094140257031129,4317,44.8,-1.5436812822801786,-0.9683279274643991,0
5,11,0,6571.133333333333,1027.6679356180357,2722,7560,41.839999999999996,3.997441489445277,0.5245447619047618,0.04542793104923359,5314,45.6,-1.2232755903018442,0.9382544972654052,0
5,11,1,6459.104761904762,938.6466108569615,3528,7560,42.04666666666666,5.675776237435361,0.522192380952381,0.06449698218229064,6480,48.3,0.022260790424904333,1.099820512133622,0
5,11,2,6441.163461538462,945.1401818313371,3577,7560,42.86826923076923,6.6050034641749065,0.512864423076923,0.07505833966363756,5314,41.1,-1.1925760405128982,-0.2673119130391544,0
5,11,3,6575.596153846154,935.4321105153067,3888,7560,43.50673076923077,6.81114541246358,0.5056057692307692,0.0773966279927314,4536,40.6,-2.1803552896743152,-0.4261352886451589,0
5,11,4,6547.615384615385,922.9250809267968,3528,7560,42.84326923076923,5.297641248763214,0.5131442307692308,0.06020036420062569,6286,50.4,-0.28346022382492464,1.4237455802031904,0
5,11,5,6582.182692307692,971.2698400659868,2117,7560,42.589423076923076,5.295499431312885,0.5160269230769231,0.06017429575867321,6286,48.9,-0.30494063614824984,1.1894406935249304,0
5,11,6,4983.923076923077,647.1789370411124,2646,5670,52.388461538461534,5.812178504603944,0.4046759615384615,0.06604275093091426,3985,50.8,-1.5434798398904352,-0.2728294120844021,0
5,12,0,6023.561904761905,942.0509022239471,2495,6930,45.15809523809524,4.357349691842087,0.4868352380952381,0.049514987981403524,4871,44.6,-1.2234473398068242,-0.127788081439351,0
5,12,1,5920.857142857143,860.4462105899945,3234,6930,45.13904761904762,5.821949436236562,0.4870552380952381,0.06615784007983712,5940,54.3,0.022247334503787332,1.5708216405360442,0
5,12,2,5904.3942307692305,866.3946993789978,3279,6930,46.111538461538466,6.946680532865379,0.4760057692307692,0.0789405624098112,4871,40.4,-1.192738487579677,-0.8210149128676386,0
5,12,3,6027.663461538462,857.4914827121163,3564,6930,46.18653846153846,6.761801013780474,0.47515384615384615,0.07684167801531348,4158,42.9,-2.18036178272843,-0.4853270872623731,0
5,12,4,6002.009615384615,846.0225099164253,3234,6930,45.58173076923077,5.2533625740641625,0.48202403846153846,0.059694947006389026,5762,49.5,-0.28368840744467894,0.744442203179573,0
5,12,5,6033.653846153846,890.3822324097051,1940,6930,46.160576923076924,5.991132902075874,0.47544711538461537,0.06808103531996985,5762,51.0,-0.30509458221424257,0.8064182473361078,0
5,12,6,4568.7307692307695,593.3019865122671,2426,5198,55.1125,6.5359303792444186,0.37371923076923075,0.07427050934675108,3653,49.4,-1.5434219939054545,-0.8726796145148399,0
5,13,0,6023.561904761905,942.0509022239471,2495,6930,45.457142857142856,4.740290828932034,0.48344380952380955,0.053866758559019304,4871,50.2,-1.2234473398068242,0.998435109271708,0
5,13,1,5920.857142857143,860.4462105899945,3234,6930,45.637142857142855,5.427392367618902,0.4814,0.06167610496032416,5940,52.7,0.022247334503787332,1.2989419680136227,0
5,13,2,5904.3942307692305,866.3946993789978,3279,6930,45.7173076923077,6.616241303926643,0.4804875,0.07518290795159663,4871,48.5,-1.192738487579677,0.4199503428954974,0
5,13,3,6027.663461538462,857.4914827121163,3564,6930,46.47692307692308,6.2219815588200875,0.4718576923076923,0.07070205046711107,4158,40.1,-2.18036178272843,-1.0232576936781617,0
5,13,4,6002.009615384615,846.0225099164253,3234,6930,45.93557692307692,5.6287389863582815,0.47800384615384617,0.06396719414521052,5762,48.8,-0.28368840744467894,0.5079900105064149,0
5,13,5,6033.653846153846,890.3822324097051,1940,6930,46.41730769230769,5.778339908536105,0.47252884615384616,0.06566453384042983,5762,55.2,-0.30509458221424257,1.5173076299027324,0
5,13,6,4568.7307692307695,593.3019865122671,2426,5198,54.690384615384616,6.5492090863294345,0.37851442307692307,0.07442453455247972,3653,46.4,-1.5434219939054545,-1.2639305297742776,0
5,14,0,6571.133333333333,1027.6679356180357,2722,7560,42.41238095238096,4.479047272452532,0.5180352380952381,0.050899559807965816,5314,42.8,-1.2232755903018442,0.08634773128759449,0
5,14,1,6459.104761904762,938.6466108569615,3528,7560,41.89809523809524,5.178932562878426,0.5238838095238095,0.05885463697144254,6480,44.2,0.022260790424904333,0.4436181688643576,0
5,14,2,6441.163461538462,945.1401818313371,3577,7560,43.59615384615385,6.676402773613876,0.5045894230769231,0.07586727157840402,5314,43.2,-1.1925760405128982,-0.059247679143284715,0
5,14,3,6575.596153846154,935.4321105153067,3888,7560,43.30096153846154,6.478950160556288,0.5079442307692308,0.07362258758890532,4536,38.5,-2.1803552896743152,-0.7398672234600681,0
5,14,4,6547.615384615385,922.9250809267968,3528,7560,42.39038461538462,5.537752501083463,0.5182961538461538,0.06292856008509863,6286,40.5,-0.28346022382492464,-0.3407478280646859,0
5,14,5,6582.182692307692,971.2698400659868,2117,7560,42.80673076923077,5.713640031735283,0.5135663461538461,0.0649323376144213,6286,45.2,-0.30494063614824984,0.4181376217755693,0
5,14,6,4983.923076923077,647.1789370411124,2646,5670,51.93942307692308,5.808520996672276,0.40977884615384613,0.06600267672282727,3985,46.4,-1.5434798398904352,-0.9520328413511236,0
5,15,0,8213.87619047619,1284.6168816424347,3402,9450,32.59809523809524,4.582239563130607,0.6295657142857143,0.05206964424353553,6642,39.4,-1.2236052451794397,1.4811737646517258,0
5,15,1,8073.8,1173.3310766295313,4410,9450,32.89142857142857,4.9227711529356935,0.626232380952381,0.055939714279746124,8100,37.6,0.022329398093911754,0.9545489305274518,0
5,15,2,8051.346153846154,1181.4400770725608,4471,9450,33.78846153846154,6.207532344203418,0.6160403846153847,0.07054045939389053,6642,36.0,-1.1928952235868335,0.355693921496085,0
5,15,3,8219.403846153846,1169.337049911506,4860,9450,33.79807692307692,6.197274389447594,0.6159307692307692,0.07042090112961771,5670,36.6,-2.1801943626118354,0.4513934621105793,0
5,15,4,8184.451923076923,1153.7113845460733,4410,9450,33.38461538461539,5.514020421603289,0.6206326923076924,0.06266035807617526,7857,35.7,-0.28382235734128947,0.41914845324062,0
5,15,5,8227.60576923077,1214.1523745824727,2646,9450,32.80288461538461,5.719757220911464,0.6272403846153847,0.06499995148501662,7857,37.8,-0.30523575510912515,0.872133877920305,0
5,15,6,6230.009615384615,808.8774253414634,3308,7088,45.04615384615385,4.863753855648387,0.4881086538461539,0.05527045790127744,4982,49.9,-1.5428718215736645,0.9959153247390272,0
5,16,0,10404.219047619048,1627.2068682074184,4309,11970,19.942857142857143,6.254211767694216,0.7733761904761904,0.07106881081011113,8413,27.9,-1.223696168914856,1.2702544473639,0
5,16,1,10226.857142857143,1486.2624744159907,5586,11970,20.919999999999998,6.242185884398561,0.7622723809523809,0.07093062902371325,10260,23.2,0.022299314367562308,0.36467245890583905,0
5,16,2,10198.442307692309,1496.5588543075326,5664,11970,21.51153846153846,7.882625698421751,0.7555548076923077,0.08957484138792206,8413,26.0,-1.1930238308470202,0.568690535946621,0
5,16,3,10411.26923076923,1481.219585608979,6156,11970,20.99230769230769,8.318428393244272,0.7614519230769231,0.09452903800098723,7182,25.2,-2.1801274172103295,0.5052204460454317,0
5,16,4,10366.951923076924,1461.3670975434864,5586,11970,20.612499999999997,6.564773415739496,0.7657625,0.07460360644540046,9952,28.3,-0.28394582327480056,1.169241814721208,0
5,16,5,10421.625,1537.9328149976518,3352,11970,20.32884615384615,7.0305943495653604,0.7689942307692307,0.07989275557631807,9952,27.6,-0.30535920804098104,1.0327471638247023,0
5,16,6,7891.2692307692305,1024.6147012581623,4190,8978,35.39903846153846,4.871125449435418,0.5977384615384616,0.05535544159443596,6310,39.7,-1.5432667481347564,0.8811413644283655,0
5,17,0,12047.057142857142,1884.0673464433437,4990,13860,15.029523809523809,5.2496689238011776,0.8292133333333334,0.0596573985782837,9742,22.3,-1.2234408248729813,1.3823068135668506,0
5,17,1,11841.67619047619,1720.8730761271133,6468,13860,15.231428571428571,5.403120791331088,0.8269190476190476,0.06140099456604619,11880,13.2,0.022269850901235472,-0.37527863310972653,0
5,17,2,11808.798076923076,1732.7703917934075,6558,13860,15.845192307692308,7.000830461247059,0.8199365384615385,0.07956094331091593,9742,25.2,-1.192764003281434,1.3343366016361626,0
5,17,3,12055.25,1715.0000410427688,7128,13860,15.933653846153847,7.133819502520942,0.8189375,0.08106439869287191,8316,23.5,-2.180307934364304,1.0591457624560794,0
5,17,4,12003.942307692309,1692.0786712351742,6468,13860,15.178846153846154,5.362684320536929,0.8275115384615385,0.0609389019304085,11524,15.3,-0.28363898172190055,0.022549965515513356,0
5,17,5,12067.288461538461,1780.6687937051295,3881,13860,15.210576923076925,5.760358643588369,0.8271490384615384,0.06545899034160392,11524,15.1,-0.3051018878076371,-0.019162920349810614,0
5,17,6,9137.23076923077,1186.3988444335184,4851,10395,28.390384615384615,5.929840928968314,0.6773817307692307,0.06738312105268345,7306,33.4,-1.5435073480973063,0.843392179104281,0
5,18,0,11499.495238095238,1798.4451945404314,4763,13230,15.787619047619048,5.481045928366637,0.820592380952381,0.06228405416260574,9299,21.6,-1.2235474338061239,1.0585198208513076,0
5,18,1,11303.42857142857,1642.6882216070687,6174,13230,16.580952380952382,5.950001539076971,0.8115847619047618,0.06760973385335585,11340,17.0,0.022263023171505684,0.07030998503945281,0
5,18,2,11272.076923076924,1654.0110393516836,6260,13230,17.114423076923078,7.57419505504641,0.8055201923076923,0.08607272312400764,9299,25.5,-1.1928971132376276,1.1056647227839012,0
5,18,3,11507.317307692309,1637.0420059993185,6804,13230,16.858653846153846,7.575325435374357,0.8084240384615384,0.08608637962156394,7938,25.1,-2.1803322647123005,1.0864855073208104,0
5,18,4,11458.317307692309,1615.1971069980336,6174,13230,16.3125,5.911346461703228,0.8146326923076923,0.06717400162006115,11000,16.3,-0.28375141844448715,-0.002111006353173897,0
5,18,5,11518.759615384615,1699.7852833859297,3704,13230,16.334615384615383,6.47193746940716,0.8143826923076923,0.07354408682718287,11000,18.9,-0.3051894663169468,0.3957743541174961,0
5,18,6,8721.903846153846,1132.4746725064358,4630,9922,30.522115384615386,5.4717803270710865,0.6531519230769232,0.06218006576701361,6974,34.4,-1.5434238436846592,0.7074133555177621,0
5,19,0,9856.67619047619,1541.626279760074,4082,11340,23.205714285714286,5.519159435921457,0.7363,0.06272261124617229,7970,30.4,-1.2238140832867623,1.3011536016752165,0
5,19,1,9688.647619047619,1408.0893422604781,5292,11340,23.577142857142857,5.403315526722335,0.7320780952380953,0.06140112906277172,9720,24.6,0.022265745044699796,0.18895206418467658,0
5,19,2,9661.673076923076,1417.8242831567275,5365,11340,24.475,7.570724786069547,0.721875,0.08602847998733924,7970,30.3,-1.1931387871061083,0.7683961843205424,0
5,19,3,9863.307692307691,1403.2596108611667,5832,11340,24.0625,7.759018398280438,0.7265653846153846,0.08816995698316826,6804,27.4,-2.1801282295497284,0.42959095073564335,0
5,19,4,9821.35576923077,1384.485309141462,5292,11340,23.783653846153847,6.160382515183868,0.7297307692307692,0.07000716062809832,9428,24.0,-0.2841149165573504,0.03506203275303857,0
5,19,5,9873.14423076923,1457.0558053047307,3175,11340,23.36730769230769,6.261850005919918,0.7344682692307691,0.0711549413773369,9428,28.7,-0.30550729359552364,0.8502582655291262,0
5,19,6,7475.923076923077,970.7324098334827,3969,8505,37.92211538461539,4.883834175972989,0.5690673076923077,0.055496502893946455,5978,42.5,-1.5430695741211358,0.9354392590293356,0
5,20,0,7666.228571428572,1198.9636811810476,3175,8820,36.08095238095238,3.956812412645375,0.5899895238095239,0.044963968317825835,6199,36.5,-1.2237370965334953,0.10563837546534359,0
5,20,1,7535.523809523809,1095.103561095392,4116,8820,35.71142857142857,5.312979648676694,0.5941885714285714,0.06037710071880559,7560,38.9,0.02235036743742668,0.5990200299496008,0
5,20,2,7514.6057692307695,1102.6739381825323,4173,8820,36.86826923076923,6.875187756279287,0.5810413461538462,0.0781272755605863,6199,41.3,-1.1930941620489908,0.6436615712024748,0
5,20,3,7671.403846153846,1091.4099059921,4536,8820,37.31730769230769,6.523883564164465,0.5759403846153845,0.07413336515346411,5292,30.5,-2.1800993669718434,-1.0433775908860219,0
5,20,4,7638.759615384615,1076.8015159540853,4116,8820,35.99230769230769,5.738436110281696,0.5909980769230769,0.06521020823768159,7333,38.3,-0.28394905780117297,0.4014469785207756,0
5,20,5,7679.067307692308,1133.1655742770608,2470,8820,36.04615384615385,5.60003334034671,0.5903846153846154,0.0636323187855463,7333,36.2,-0.30539601765868485,0.027423393857521235,0
5,20,6,5814.625,755.0525756464192,3087,6615,47.6576923076923,4.967050507027057,0.4584384615384615,0.05644332376473021,4649,44.0,-1.5437462239498398,-0.7349116314025818,0
5,21,0,5475.914285714286,856.3977117317286,2268,6300,49.067619047619054,5.390830805780942,0.4424133333333333,0.06126135540997004,4428,52.9,-1.2236161250758884,0.7095910037172134,0
5,21,1,5382.580952380952,782.21869828162,2940,6300,48.38666666666667,6.011368503265397,0.4501542857142857,0.06831110821451009,5400,53.5,0.022268484469201405,0.8491978742972401,0
5,21,2,5367.653846153846,787.6285627125245,2981,6300,49.06923076923077,6.537332327918321,0.4423923076923077,0.0742862146553904,4428,50.3,-1.1930013214662831,0.18798025961216802,0
5,21,3,5479.663461538462,779.5643494687648,3240,6300,49.924038461538466,6.861522025276952,0.4326817307692308,0.07797431835668042,3780,41.1,-2.180245492552038,-1.2841461366316174,0
5,21,4,5456.317307692308,769.112642960453,2940,6300,48.92980769230769,6.028699642554306,0.4439817307692308,0.06851205657404016,5238,50.8,-0.2838523994716577,0.30970116389184,0
5,21,5,5485.115384615385,809.3954391077295,1764,6300,48.50865384615384,5.929457654220068,0.44876634615384614,0.06738330237489831,5238,49.4,-0.30530482336244147,0.15007197723058832,0
5,21,6,4153.211538461538,539.272769445641,2205,4725,57.151923076923076,6.312016291481536,0.3505432692307692,0.07172708086221125,3321,52.5,-1.5431821404511312,-0.7358290239130212,0
5,22,0,3833.190476190476,599.4454022619911,1588,4410,57.22380952380952,6.590968818267158,0.3497295238095238,0.07489172302501575,3100,55.3,-1.2230942842851156,-0.2914435103049842,0
5,22,1,3767.8380952380953,547.558973357235,2058,4410,57.87428571428572,7.279502684981946,0.3423342857142857,0.0827199118301441,3780,62.9,0.02221072660004465,0.6894454262385291,0
5,22,2,3757.403846153846,551.3491399828431,2087,4410,57.85865384615385,8.344483795943388,0.34252115384615384,0.09482241416343462,3100,55.2,-1.1923332696984092,-0.31823077416761353,0
5,22,3,3835.8365384615386,545.6712640049105,2268,4410,59.267307692307696,7.420693217397978,0.32651153846153846,0.08432306265012873,2646,52.0,-2.180460677225728,-0.9780120750096726,0
5,22,4,3819.471153846154,538.3883529361464,2058,4410,59.00384615384615,7.249598891842668,0.32950288461538463,0.08238273626383535,3667,58.7,-0.28319394555101246,-0.04185439972276774,0
5,22,5,3839.625,566.5601740550096,1235,4410,58.28365384615385,7.367972025090033,0.33768461538461536,0.08372557202850943,3667,63.6,-0.3046842349015701,0.7205701154418893,0
5,22,6,2907.375,377.51816486869245,1544,3308,64.7173076923077,7.758621165506351,0.2649096153846154,0.08710192391310996,2325,59.6,-1.5426001400519482,-0.6587150516528189,0
5,23,0,2737.9904761904763,428.2432247261005,1134,3150,63.84190476190476,8.186078484377056,0.27452190476190474,0.0930212589235472,2214,63.0,-1.2235529026678242,-0.1027204367929801,0
5,23,1,2691.352380952381,391.158289348452,1470,3150,63.33904761904762,8.678770464562177,0.28028761904761906,0.09846780193705462,2700,66.7,0.02210715766869305,0.3868156483889508,0
5,23,2,2683.8846153846152,393.8758196620018,1490,3150,64.65673076923078,8.848868771134127,0.26564423076923077,0.09948635836321186,2214,61.6,-1.1929462598776188,-0.34504752787295745,0
5,23,3,2739.8653846153848,389.80971354075365,1620,3150,65.05865384615385,8.109752137006062,0.2609403846153846,0.09145275985604549,1890,47.7,-2.180149836179426,-2.137830509264089,0
5,23,4,2728.1826923076924,384.59664318603024,1470,3150,65.29326923076923,8.368564206497277,0.25803365384615384,0.09509872704483965,2619,70.8,-0.2838814519771096,0.6572403855257799,0
5,23,5,2742.596153846154,404.7244182679681,882,3150,64.7326923076923,8.500604687888156,0.26440576923076925,0.09659746104818664,2619,64.6,-0.30537594103084853,-0.015591407727014995,0
5,23,6,2076.576923076923,269.6811023005012,1102,2362,68.72307692307692,8.558584298697353,0.21923653846153845,0.09684399932560171,1660,55.6,-1.5446446676344379,-1.53153385268929,0
6,0,0,1916.6285714285714,299.7440336591968,794,2205,68.71333333333332,9.01616141529568,0.2191647619047619,0.10245732411871669,1550,63.0,-1.2230980412607462,-0.6329748683257029,0
6,0,1,1883.9333333333334,273.8184851694875,1029,2205,67.9847619047619,9.600438501126883,0.22765238095238097,0.10863845392935767,1890,67.1,0.022154987502164405,-0.09206259471491943,0
6,0,2,1878.673076923077,275.6674316279374,1043,2205,69.04326923076923,9.92657279532023,0.2162778846153846,0.1109605676103621,1550,63.1,-1.19223788099805,-0.5981206350713087,0
6,0,3,1917.9038461538462,272.81607728266016,1134,2205,70.5798076923077,8.432811320003266,0.198175,0.0953428964979634,1323,53.6,-2.1805241349326696,-2.011155650497366,0
6,0,4,1909.7307692307693,269.2234871521316,1029,2205,69.58557692307691,9.31401927224408,0.20939807692307694,0.10555221960824429,1833,78.1,-0.28499712291514545,0.9131709006939721,0
6,0,5,1919.7884615384614,283.3399163815185,617,2205,70.07884615384616,9.323429856376949,0.20365096153846154,0.1059464079536903,1833,73.0,-0.3062942902781891,0.3129775324939096,0
6,0,6,1453.625,188.76544172673994,772,1654,72.44903846153846,9.879792018489225,0.17757019230769233,0.11075078196029602,1162,61.1,-1.5448248847015755,-1.1475507715754931,0
6,1,0,1642.7333333333333,256.94728831875034,680,1890,70.77904761904762,10.359301795952936,0.1957009523809524,0.11770316110325854,1328,70.3,-1.2248468817234444,-0.046198637909698866,0
6,1,1,1614.7047619047619,234.67677951278185,882,1890,69.50190476190475,10.577443170696025,0.21106095238095238,0.11851490858443321,1620,80.4,0.022563001231817245,1.029341557011522,0
6,1,2,1610.201923076923,236.2983296148962,894,1890,70.06538461538462,9.83314949427946,0.2043173076923077,0.11069424208835825,1328,70.2,-1.194210646475383,0.013676047965503438,0
6,1,3,1643.826923076923,233.87580482735825,972,1890,71.71538461538461,8.888650658578412,0.18592499999999998,0.09916899545822866,1134,54.0,-2.179811311991549,-1.9907944805437163,0
6,1,4,1636.826923076923,230.74545477468996,882,1890,70.85480769230769,8.799546323341865,0.1957048076923077,0.09805042825768817,1571,77.1,-0.2852670292938324,0.7089119097024306,0
6,1,5,1645.4326923076924,242.879080723053,529,1890,70.30961538461538,9.420670510125248,0.20103846153846155,0.10702854288359209,1571,73.4,-0.30644725603190875,0.3276951105509017,0
6,1,6,1246.076923076923,161.86250261733701,662,1418,73.60096153846153,9.397288342531644,0.16381057692307693,0.10648686405909256,996,65.3,-1.5449005793658444,-0.882396843406165,0
6,2,0,1533.2285714285715,239.82923641074828,635,1764,71.01619047619047,9.185598299360587,0.19299904761904763,0.10438296859976551,1240,63.6,-1.2226046739341212,-0.8064935238315222,0
6,2,1,1507.1238095238095,219.04766320273484,823,1764,69.69047619047619,10.167193885327043,0.2084304761904762,0.11480128326457915,1512,75.0,0.022259848867636337,0.5217080336043131,0
6,2,2,1502.9711538461538,220.53018447962367,835,1764,71.76057692307693,10.169194088116932,0.18540288461538462,0.11398258209360071,1240,59.0,-1.1923956374057103,-1.253594028428387,0
6,2,3,1534.3461538461538,218.33045983966917,907,1764,73.30865384615385,9.621598988853941,0.16759134615384616,0.10824769161473072,1058,43.4,-2.18166689854891,-3.1052636099951108,1
6,2,4,1527.8173076923076,215.3708368545714,823,1764,71.98653846153846,9.594780718058779,0.1825721153846154,0.10790695151737428,1467,71.0,-0.28237102511293727,-0.10271327274381,0
6,2,5,1535.8557692307693,226.64481507284157,494,1764,71.97884615384615,9.615396967878551,0.1820596153846154,0.10926155535897467,1467,65.3,-0.30379133665720115,-0.6938774760287292,0
6,2,6,1162.9711538461538,151.0057837721333,617,1323,74.65961538461539,9.45028400693862,0.15261057692307692,0.10579564650344267,930,64.7,-1.5426940683080017,-1.0527818591186624,0
6,3,0,1369.0285714285715,214.12260403899344,567,1575,72.78761904761905,10.447402099216367,0.1732895238095238,0.11803471288941425,1107,57.4,-1.2236743330355064,-1.4714571460125963,0
6,3,1,1345.6857142857143,195.57535014008687,735,1575,71.48571428571428,10.351350976223687,0.18905142857142856,0.11515265546412537,1350,78.5,0.022058327534222818,0.6769663271113471,0
6,3,2,1341.9423076923076,196.94900167465246,745,1575,70.98653846153846,10.168054464386948,0.19428653846153845,0.11374350301103711,1107,62.6,-1.1928487943922363,-0.8239824704105276,0
6,3,3,1369.9615384615386,194.89897423237883,810,1575,73.49807692307692,9.259945907380756,0.1664403846153846,0.10224561853003042,945,53.8,-2.180307705867259,-2.124939791438617,0
6,3,4,1364.1826923076924,192.24159377498708,735,1575,72.80865384615385,9.958156247025816,0.17262980769230768,0.11316007725102437,1310,73.5,-0.281832213943091,0.0693554692275646,0
6,3,5,1371.3461538461538,202.34507530361748,441,1575,72.42596153846154,9.16083893212046,0.1771875,0.10372526041451163,1310,63.3,-0.30316093507468916,-0.9951065116298422,0
6,3,6,1038.2307692307693,134.81812493523645,551,1181,75.1375,9.497001954117145,0.14835,0.10439962894700269,830,62.1,-1.5444164140886123,-1.3713576649002288,0
6,4,0,1533.2285714285715,239.82923641074828,635,1764,70.52666666666667,9.145903524641579,0.19855714285714288,0.10393248442465577,1240,60.3,-1.2226046739341212,-1.1169478401714605,0
6,4,1,1507.1238095238095,219.04766320273484,823,1764,70.50666666666666,9.948533586052795,0.19878761904761907,0.11305050836414646,1512,75.9,0.022259848867636337,0.5415790675131988,0
6,4,2,1502.9711538461538,220.53018447962367,835,1764,70.99134615384615,10.221005503867127,0.19429038461538461,0.11429397670275648,1240,69.5,-1.1923956374057103,-0.14576731028855874,0
6,4,3,1534.3461538461538,218.33045983966917,907,1764,71.62788461538462,9.045917995146022,0.1867221153846154,0.1014326281324241,1058,55.9,-2.18166689854891,-1.7367521021960197,0
6,4,4,1527.8173076923076,215.3708368545714,823,1764,71.2798076923077,9.584751034317124,0.19065384615384615,0.10763605156597841,1467,78.1,-0.28237102511293727,0.71082535474853,0
6,4,5,1535.8557692307693,226.64481507284157,494,1764,71.72403846153847,9.863775987742747,0.1853875,0.11126823942333651,1467,77.7,-0.30379133665720115,0.6052356814535857,0
6,4,6,1162.9711538461538,151.0057837721333,617,1323,74.69038461538462,9.136925182597391,0.15189038461538462,0.10275424590875949,930,72.5,-1.5426940683080017,-0.23946676852150955,0
6,5,0,2464.1619047619047,385.34507821435744,1021,2835,65.73428571428572,7.956804400243623,0.2530219047619048,0.09041871932309871,1993,63.3,-1.2226695102738891,-0.3055535936355211,0
6,5,1,2422.190476190476,351.9603642249337,1323,2835,65.65142857142857,9.793052033552566,0.2543952380952381,0.11019195958814534,2430,74.2,0.022188015251571068,0.8720316284471954,0
6,5,2,2415.4615384615386,354.4431410733192,1341,2835,65.92307692307692,8.567189961631856,0.2512067307692308,0.09640284436083224,1993,67.3,-1.1918685137964449,0.16053312134655234,0
6,5,3,2465.855769230769,350.80103669321403,1458,2835,67.05,8.373281594464276,0.23807115384615385,0.09514848862686208,1701,48.0,-2.180250018472592,-2.272379829466693,0
6,5,4,2455.355769230769,346.0816144349307,1323,2835,66.04230769230769,8.409803483010343,0.2499576923076923,0.09429870500434585,2357,66.2,-0.2841899807117722,0.018728739692144832,0
6,5,5,2468.3076923076924,364.18636744325835,794,2835,66.60961538461538,8.972119915213174,0.24306923076923076,0.10195603476325103,2357,69.6,-0.3056254873959831,0.33292637413131687,0
6,5,6,1868.9038461538462,242.70132346620608,992,2126,71.04134615384615,8.371595648635745,0.19298365384615385,0.09453134386502476,1494,60.3,-1.5446491774663573,-1.281539530673315,0
6,6,0,4380.72380952381,685.1904352811214,1814,5040,54.99523809523809,6.079353156260521,0.3750542857142857,0.06908417250072474,3542,51.2,-1.2240561539919361,-0.6232580042325466,0
6,6,1,4306.057142857143,625.8349473452895,2352,5040,54.306666666666665,6.885397964403009,0.38288190476190476,0.0782473639036834,4320,69.0,0.022278452837240132,2.130889820890194,0
6,6,2,4294.086538461538,630.1668620228969,2385,5040,54.88269230769231,7.33285520766906,0.37632788461538463,0.08332549867514914,3542,50.9,-1.1934531141738614,-0.5423901459384203,0
6,6,3,4383.692307692308,623.6854303707589,2592,5040,56.56346153846154,7.278483487787927,0.35722980769230767,0.08270286840661031,3024,43.6,-2.1800581525569807,-1.7786226119853612,0
6,6,4,4365.009615384615,615.3419839310496,2352,5040,54.64711538461539,7.018919740006592,0.37900673076923075,0.07975453027814769,4190,60.4,-0.2844057059288284,0.8184592836706959,0
6,6,5,4388.0192307692305,647.6264652263201,1411,5040,55.88076923076923,7.02554391942035,0.36499326923076925,0.07983478481763616,4190,56.7,-0.3057567654101002,0.11644171063582333,0
6,6,6,3322.730769230769,431.4234113035147,1764,3780,62.25865384615384,6.744441948701356,0.29251634615384614,0.07664018453493518,2657,63.1,-1.543067253923052,0.12456190463046647,0
6,7,0,9856.67619047619,1541.626279760074,4082,11340,23.227619047619047,5.514970800503202,0.7360476190476191,0.06267306361532361,7970,30.4,-1.2238140832867623,1.2981753589951475,0
6,7,1,9688.647619047619,1408.0893422604781,5292,11340,24.06285714285714,5.416024250436724,0.7265580952380952,0.06154096787592983,9720,29.4,0.022265745044699796,0.9836194257173266,0
6,7,2,9661.673076923076,1417.8242831567275,5365,11340,24.717307692307692,7.524760968466814,0.7191192307692307,0.08550691685747125,7970,31.4,-1.1931387871061083,0.8869149712458778,0
6,7,3,9863.307692307691,1403.2596108611667,5832,11340,24.29423076923077,7.4594414914056575,0.7239317307692308,0.08476904805207483,6804,28.4,-2.1801282295497284,0.5496755327012508,0
6,7,4,9821.35576923077,1384.485309141462,5292,11340,23.907692307692308,6.244371326533168,0.7283211538461539,0.07096032622307227,9428,24.6,-0.2841149165573504,0.11069181156077015,0
6,7,5,9873.14423076923,1457.0558053047307,3175,11340,23.700961538461538,6.600963377649465,0.7306692307692307,0.07500577851774505,9428,28.0,-0.30550729359552364,0.650289256793159,0
6,7,6,7475.923076923077,970.7324098334827,3969,8505,37.753846153846155,4.780663379180091,0.5709826923076923,0.05432111006327419,5978,41.0,-1.5430695741211358,0.6776000710593478,0
6,8,0,12047.057142857142,1884.0673464433437,4990,13860,15.074285714285715,5.121204571556994,0.8287009523809523,0.058196458548143544,9742,23.0,-1.2234408248729813,1.5446108560254372,0
6,8,1,11841.67619047619,1720.8730761271133,6468,13860,15.20857142857143,5.037515304151486,0.8271771428571428,0.057241099840840005,11880,14.0,0.022269850901235472,-0.23943888343981895,0
6,8,2,11808.798076923076,1732.7703917934075,6558,13860,15.951923076923077,6.794157695413164,0.8187307692307692,0.07720608039453869,9742,24.1,-1.192764003281434,1.1975144151302854,0
6,8,3,12055.25,1715.0000410427688,7128,13860,15.78173076923077,6.912009591067219,0.8206615384615384,0.0785430279796501,8316,22.8,-2.180307934364304,1.013906314118119,0
6,8,4,12003.942307692309,1692.0786712351742,6468,13860,15.160576923076924,5.4448767808898975,0.8277163461538461,0.06187169484839568,11524,15.9,-0.28363898172190055,0.1355526635383409,0
6,8,5,12067.288461538461,1780.6687937051295,3881,13860,15.127884615384614,5.742880044878013,0.8280884615384616,0.06525868957158468,11524,16.1,-0.3051018878076371,0.16897890743974317,0
6,8,6,9137.23076923077,1186.3988444335184,4851,10395,28.523076923076925,5.605756936309033,0.675873076923077,0.06370016876838111,7306,32.6,-1.5435073480973063,0.7259792621300027,0
6,9,0,9309.142857142857,1455.8811991141538,3856,10710,26.070476190476192,4.685696808240432,0.7037409523809524,0.05324886725996028,7528,28.3,-1.2234038218148475,0.4748014832668155,0
6,9,1,9150.44761904762,1329.8126529482986,4998,10710,27.00095238095238,5.417626063246905,0.6931704761904762,0.06156154194695293,9180,30.4,0.022222798571569485,0.6262494098597216,0
6,9,2,9115.538461538461,1341.9833888622006,5067,10710,27.597115384615385,7.192275477876521,0.6863903846153847,0.08173006068312998,7528,33.2,-1.182970404112381,0.7779325620902994,0
6,9,3,9315.451923076924,1325.2454022960974,5508,10710,27.31826923076923,7.291766395704781,0.689564423076923,0.08286439726230148,6426,30.6,-2.1802981659767218,0.4494434074419624,0
6,9,4,9275.817307692309,1307.5316459399478,4998,10710,26.55673076923077,5.242669675353321,0.6982124999999999,0.05957229056699145,8905,33.1,-0.2835988504410048,1.2457035441371243,0
6,9,5,9324.778846153846,1375.9696666103011,2999,10710,26.652884615384615,5.645789852139225,0.6971259615384615,0.06415218858337834,8905,31.5,-0.305076344033457,0.8570182965305952,0
6,9,6,7060.576923076923,916.7573573622519,3748,8032,39.776923076923076,5.146065152826204,0.5479846153846154,0.058476274782786865,5646,39.8,-1.5430053346870707,0.004475684925019231,0
6,10,0,7118.657142857143,1113.346668560877,2948,8190,38.93809523809524,4.0736578949009274,0.5575238095238095,0.04629117610676996,5756,42.8,-1.223917888432385,0.945697426497685,0
6,10,1,6997.295238095238,1016.9025076541311,3822,8190,39.13809523809524,4.9418421696067965,0.5552485714285714,0.056163088607892916,7020,48.9,0.02232715374613518,1.9713683165875031,0
6,10,2,6977.875,1023.9344325138101,3875,8190,39.91538461538461,6.691057199918154,0.5464173076923077,0.07603628342156525,5756,41.5,-1.1933020593708052,0.2364724456664456,0
6,10,3,7123.4807692307695,1013.4436916432218,4212,8190,40.353846153846156,5.978780001488486,0.5414317307692308,0.0679455296748844,4914,39.2,-2.1801497073322613,-0.19266798138508506,0
6,10,4,7093.153846153846,999.898973238843,3822,8190,39.151923076923076,5.119257014682395,0.5550932692307693,0.05817196846782785,6809,44.2,-0.28417971411280796,0.9841731285109926,0
6,10,5,7130.557692307692,1052.28126502231,2293,8190,39.49326923076923,5.828691412083544,0.5512153846153847,0.06623592397704856,6809,45.5,-0.30557860071267906,1.0287803114237992,0
6,10,6,5395.471153846154,707.8044674967547,2866,6142,49.74807692307692,5.364608596354786,0.43468076923076926,0.060957491279512645,3931,41.2,-2.0690042674959437,-1.590455708509541,0
6,11,0,6571.133333333333,1027.6679356180357,2722,7560,42.07714285714286,4.5846159377534885,0.5218457142857142,0.05209635309207839,5314,45.4,-1.2232755903018442,0.7232067245389461,0
6,11,1,6459.104761904762,938.6466108569615,3528,7560,42.06095238095238,5.140328769006888,0.5220314285714286,0.058411455531964286,6480,49.9,0.022260790424904333,1.5220480032693493,0
6,11,2,6441.163461538462,945.1401818313371,3577,7560,42.14807692307692,6.083560224386221,0.5210432692307692,0.06913551876030807,5314,42.9,-1.1925760405128982,0.12339634782206743,0
6,11,3,6575.596153846154,935.4321105153067,3888,7560,43.43269230769231,6.2177235291534805,0.5064384615384616,0.07065420140551398,4536,38.7,-2.1803552896743152,-0.7599393719932214,0
6,11,4,6547.615384615385,922.9250809267968,3528,7560,42.88365384615384,5.497697851412168,0.5126865384615384,0.06247422778567162,6286,43.1,-0.28346022382492464,0.03928068671935035,0
6,11,5,6582.182692307692,971.2698400659868,2117,7560,42.73461538461538,5.156309533569007,0.5143798076923077,0.05859069540730997,6286,41.3,-0.30494063614824984,-0.27768668820435893,0
6,11,6,4983.923076923077,647.1789370411124,2646,5670,51.90865384615385,5.69141937314023,0.4101307692307692,0.06467470818654064,3985,50.7,-1.5434798398904352,-0.21199174574806645,0
6,12,0,6023.561904761905,942.0509022239471,2495,6930,44.76190476190476,4.236571113357452,0.4913409523809524,0.04814391026119602,4871,46.6,-1.2234473398068242,0.4328422129358845,0
6,12,1,5920.857142857143,860.4462105899945,3234,6930,45.17619047619048,5.570587660781123,0.4866361904761905,0.06330139918828129,5940,52.5,0.022247334503787332,1.3123724541197153,0
6,12,2,5904.3942307692305,866.3946993789978,3279,6930,46.17980769230769,6.659461184182213,0.47522884615384614,0.07567694839939082,4871,46.3,-1.192738487579677,0.01802129203141081,0
6,12,3,6027.663461538462,857.4914827121163,3564,6930,46.68653846153846,6.522821143371116,0.46947307692307694,0.07412163216962488,4158,41.6,-2.18036178272843,-0.7786128457993671,0
6,12,4,6002.009615384615,846.0225099164253,3234,6930,45.50384615384615,5.139565224272202,0.48290673076923074,0.05840021489590578,5762,50.4,-0.28368840744467894,0.9507897527107901,0
6,12,5,6033.653846153846,890.3822324097051,1940,6930,45.64807692307692,4.922624226525805,0.4812692307692308,0.055937880034047656,5762,46.8,-0.30509458221424257,0.2335314883157864,0
6,12,6,4568.7307692307695,593.3019865122671,2426,5198,54.62403846153846,6.4808829434469555,0.37926826923076923,0.07364691448057639,3653,54.6,-1.5434219939054545,-0.00370341935725841,0
6,13,0,6023.561904761905,942.0509022239471,2495,6930,45.2152380952381,4.32467831067728,0.4861895238095238,0.049143999406394245,4871,50.0,-1.2234473398068242,1.1038332170984786,0
6,13,1,5920.857142857143,860.4462105899945,3234,6930,44.89809523809524,6.272497676861037,0.48979809523809525,0.07127806192456143,5940,49.2,0.022247334503787332,0.6847443458274628,0
6,13,2,5904.3942307692305,866.3946993789978,3279,6930,46.170192307692304,6.9480999680878375,0.4753365384615385,0.07895657287111633,4871,52.6,-1.192738487579677,0.9240752104449399,0
6,13,3,6027.663461538462,857.4914827121163,3564,6930,46.52403846153846,6.6083427000439965,0.4713201923076923,0.07509051027888439,4158,39.2,-2.18036178272843,-1.1066272620621125,0
6,13,4,6002.009615384615,846.0225099164253,3234,6930,45.43269230769231,5.3727366841509925,0.4837182692307692,0.06104920785317059,5762,46.7,-0.28368840744467894,0.23543928798136743,0
6,13,5,6033.653846153846,890.3822324097051,1940,6930,45.78365384615385,5.617312188985827,0.47973365384615385,0.06383121647147678,5762,52.6,-0.30509458221424257,1.2112969611296116,0
6,13,6,4568.7307692307695,593.3019865122671,2426,5198,54.353846153846156,5.866441058644344,0.3823403846153846,0.06666407530126676,3653,49.1,-1.5434219939054545,-0.8940523867107727,0
6,14,0,6571.133333333333,1027.6679356180357,2722,7560,42.1647619047619,4.0656388690978735,0.5208561904761905,0.04620069705561713,5314,47.3,-1.2232755903018442,1.2599835903456182,0
6,14,1,6459.104761904762,938.6466108569615,3528,7560,42.214285714285715,5.925522186846758,0.5202914285714286,0.06733897047813359,6480,54.7,0.022260790424904333,2.1035578492795284,0
6,14,2,6441.163461538462,945.1401818313371,3577,7560,42.98461538461538,6.309320724608521,0.5115384615384616,0.07169467259959804,5314,41.9,-1.1925760405128982,-0.17163480568278547,0
6,14,3,6575.596153846154,935.4321105153067,3888,7560,43.825961538461534,6.87173746337101,0.5019798076923077,0.07808978698287389,4536,34.8,-2.1803552896743152,-1.3115817897011406,0
6,14,4,6547.615384615385,922.9250809267968,3528,7560,42.74326923076923,5.564847443770774,0.5142798076923077,0.0632327498711968,6286,44.4,-0.28346022382492464,0.29717957055165123,0
6,14,5,6582.182692307692,971.2698400659868,2117,7560,42.70288461538462,5.426176338496573,0.5147432692307692,0.061661304390284166,6286,46.8,-0.30494063614824984,0.7536759533721225,0
6,14,6,4983.923076923077,647.1789370411124,2646,5670,52.065384615384616,5.596423428444332,0.40834615384615386,0.06359735740232157,3985,52.9,-1.5434798398904352,0.14886770420887943,0
6,15,0,8213.87619047619,1284.6168816424347,3402,9450,32.77238095238095,4.224004098330231,0.6275857142857143,0.04800153929537337,6642,37.3,-1.2236052451794397,1.0693468741337804,0
6,15,1,8073.8,1173.3310766295313,4410,9450,32.97142857142857,4.7947630543388415,0.6253257142857143,0.05448171010773925,8100,39.1,0.022329398093911754,1.2755200119675318,0
6,15,2,8051.346153846154,1181.4400770725608,4471,9450,33.332692307692305,6.35048262530567,0.621223076923077,0.0721620899730293,6642,38.4,-1.1928952235868335,0.7966860363940025,0
6,15,3,8219.403846153846,1169.337049911506,4860,9450,33.75480769230769,7.1514528336948135,0.6164240384615384,0.08126236723824598,5670,36.7,-2.1801943626118354,0.4112562598799934,0
6,15,4,8184.451923076923,1153.7113845460733,4410,9450,32.941346153846155,5.096364791947926,0.6256759615384616,0.0579160398246408,7857,36.0,-0.28382235734128947,0.5989885115487529,0
6,15,5,8227.60576923077,1214.1523745824727,2646,9450,33.04807692307692,5.43212273709998,0.6244567307692308,0.06173008702065223,7857,36.3,-0.30523575510912515,0.597546809217312,0
6,15,6,6230.009615384615,808.8774253414634,3308,7088,44.888461538461534,4.797962911027316,0.4899048076923077,0.05452297347775397,4982,49.4,-1.5428718215736645,0.9383471846654668,0
6,16,0,10404.219047619048,1627.2068682074184,4309,11970,20.047619047619047,5.887880238221028,0.7721809523809523,0.06690363060063173,8413,28.6,-1.223696168914856,1.4500770797205271,0
6,16,1,10226.857142857143,1486.2624744159907,5586,11970,20.965714285714288,6.109888400268557,0.7617533333333333,0.0694354737351198,10260,24.0,0.022299314367562308,0.4958073604990182,0
6,16,2,10198.442307692309,1496.5588543075326,5664,11970,21.35,7.169568916371607,0.7573884615384615,0.0814665483885749,8413,29.2,-1.1930238308470202,1.0933804092470794,0
6,16,3,10411.26923076923,1481.219585608979,6156,11970,21.07403846153846,8.150108644130317,0.760525,0.09261161489571507,7182,29.6,-2.1801274172103295,1.0448343165865062,0
6,16,4,10366.951923076924,1461.3670975434864,5586,11970,20.810576923076926,6.898415721725792,0.7635192307692308,0.07839545146915751,9952,25.5,-0.28394582327480056,0.67879862269661,0
6,16,5,10421.625,1537.9328149976518,3352,11970,20.407692307692308,6.755963813552982,0.7680951923076923,0.0767712645723667,9952,23.5,-0.30535920804098104,0.45703875715584735,0
6,16,6,7891.2692307692305,1024.6147012581623,4190,8978,35.80384615384615,5.5839562666403495,0.5931384615384615,0.06345759888195096,6310,38.6,-1.5432667481347564,0.4998526468340053,0
6,17,0,12032.952380952382,1882.8916968167318,4990,13860,15.14952380952381,5.26907019621116,0.8278438095238094,0.059879126522021785,9742,20.0,-1.2167137481608878,0.9188125958161011,0
6,17,1,11841.67619047619,1720.8730761271133,6468,13860,15.251428571428573,5.624501931551094,0.8266914285714285,0.0639173822426048,11880,13.7,0.022269850901235472,-0.27534440315676467,0
6,17,2,11808.798076923076,1732.7703917934075,6558,13860,16.064423076923077,7.110991331887611,0.817448076923077,0.08080669248065984,9742,24.9,-1.192764003281434,1.2407790588806704,0
6,17,3,12055.25,1715.0000410427688,7128,13860,15.735576923076923,6.650234221281901,0.8211846153846154,0.07556630955430113,8316,22.4,-2.180307934364304,1.0006289351848603,0
6,17,4,12003.942307692309,1692.0786712351742,6468,13860,15.347115384615384,5.381088003653349,0.8256038461538461,0.06115082725837704,11524,17.2,-0.28363898172190055,0.3436940027929393,0
6,17,5,12067.288461538461,1780.6687937051295,3881,13860,15.08173076923077,5.487563422427166,0.8286134615384615,0.06235378867926719,11524,15.0,-0.3051018878076371,-0.014866726029453617,0
6,17,6,9137.23076923077,1186.3988444335184,4851,10395,27.940384615384616,5.208423335045125,0.6824961538461539,0.05918254453212102,7306,34.0,-1.5435073480973063,1.1611965905336015,0
6,18,0,11499.495238095238,1798.4451945404314,4763,13230,15.878095238095238,5.687925486238049,0.8195666666666667,0.06464136962245365,9299,23.8,-1.2235474338061239,1.3903138573921674,0
6,18,1,11303.42857142857,1642.6882216070687,6174,13230,16.47047619047619,5.88441428706643,0.8128409523809523,0.06686270475792758,11340,17.2,0.022263023171505684,0.12376527573308434,0
6,18,2,11264.64423076923,1652.5441869054912,6260,13230,17.122115384615384,7.323309728846335,0.8054307692307692,0.083221873381409,9299,25.3,-1.1894582618498093,1.1151696734171828,0
6,18,3,11496.89423076923,1636.219588595099,6804,13230,16.90576923076923,7.520726402158999,0.8078903846153846,0.08546301592567845,7938,27.9,-2.1750579842679487,1.459916372221252,0
6,18,4,11458.317307692309,1615.1971069980336,6174,13230,16.466346153846153,6.278049455554871,0.8128836538461539,0.07134429595392028,11000,17.2,-0.28375141844448715,0.11667431233476308,0
6,18,5,11518.759615384615,1699.7852833859297,3704,13230,16.310576923076923,6.525348902909714,0.8146528846153847,0.07414881776578926,11000,20.2,-0.3051894663169468,0.595136255876316,0
6,18,6,8721.903846153846,1132.4746725064358,4630,9922,30.474038461538463,5.219548676548179,0.6537019230769231,0.059310577947445764,6974,38.9,-1.5434238436846592,1.6112215526834306,0
6,19,0,9856.67619047619,1541.626279760074,4082,11340,23.094285714285714,5.234258976490084,0.7375647619047618,0.059482090033879366,7970,30.8,-1.2238140832867623,1.4693618908331685,0
6,19,1,9688.647619047619,1408.0893422604781,5292,11340,24.015238095238093,5.905290668160025,0.7270990476190476,0.06710493575684584,9720,25.6,0.022265745044699796,0.2679093883403121,0
6,19,2,9651.528846153846,1421.1731100990335,5365,11340,24.325000000000003,7.012468091753722,0.7235759615384616,0.079686389544753,7970,30.2,-1.1831894385774613,0.8366004548883371,0
6,19,3,9863.307692307691,1403.2596108611667,5832,11340,24.375,7.860676988558084,0.7230067307692308,0.0893296374615625,6804,31.8,-2.1801282295497284,0.9433750121868828,0
6,19,4,9821.35576923077,1384.485309141462,5292,11340,23.503846153846155,6.090417797407278,0.7329057692307692,0.06920580932308161,9428,26.2,-0.2841149165573504,0.44196216319802384,0
6,19,5,9873.14423076923,1457.0558053047307,3175,11340,23.70384615384615,6.714235320367215,0.7306384615384616,0.0762965513576234,9428,24.6,-0.30550729359552364,0.13327223148176667,0
6,19,6,7475.923076923077,970.7324098334827,3969,8505,37.590384615384615,4.821785497574046,0.5728326923076923,0.05479249903009223,5978,39.9,-1.5430695741211358,0.478004535957774,0
6,20,0,7666.228571428572,1198.9636811810476,3175,8820,35.848571428571425,4.236315395702749,0.5926295238095238,0.04813738336943213,6199,40.4,-1.2237370965334953,1.0718536300988375,0
6,20,1,7535.523809523809,1095.103561095392,4116,8820,36.042857142857144,4.827402891961546,0.5904200000000001,0.05485646725774451,7560,39.0,0.02235036743742668,0.6113079524669791,0
6,20,2,7514.6057692307695,1102.6739381825323,4173,8820,36.80769230769231,6.295979489297037,0.581735576923077,0.07154621687537707,6199,38.2,-1.1930941620489908,0.22079166205199705,0
6,20,3,7671.403846153846,1091.4099059921,4536,8820,36.82692307692308,6.9280523155667115,0.581510576923077,0.07872637129658654,5292,32.2,-2.1800993669718434,-0.6668907737322449,0
6,20,4,7638.759615384615,1076.8015159540853,4116,8820,36.183653846153845,5.177117512969149,0.5888240384615384,0.05882865112546122,7333,42.6,-0.28394905780117297,1.2369772109082964,0
6,20,5,7679.067307692308,1133.1655742770608,2470,8820,36.47115384615385,5.429936313111888,0.5855576923076924,0.06170679919156001,7333,36.5,-0.30539601765868485,0.0053026638890285105,0
6,20,6,5814.625,755.0525756464192,3087,6615,47.474999999999994,6.326730930887191,0.4605153846153846,0.07189549288333738,4649,47.7,-1.5437462239498398,0.03550726746235804,0
6,21,0,5475.914285714286,856.3977117317286,2268,6300,48.720952380952376,5.075046328664914,0.44635238095238094,0.057672055450222005,4428,49.1,-1.2236161250758884,0.0745416254933404,0
6,21,1,5382.580952380952,782.21869828162,2940,6300,48.21142857142857,6.095163818801099,0.45214190476190474,0.06925966161559141,5400,49.1,0.022268484469201405,0.1455442400800188,0
6,21,2,5367.653846153846,787.6285627125245,2981,6300,49.34423076923077,6.926070446488666,0.43926923076923075,0.07871116065116195,4428,47.6,-1.1930013214662831,-0.25147247028232994,0
6,21,3,5479.663461538462,779.5643494687648,3240,6300,50.26634615384615,6.608461927261346,0.428789423076923,0.07509549767154962,3780,39.3,-2.180245492552038,-1.6569327246071988,0
6,21,4,5456.317307692308,769.112642960453,2940,6300,48.42211538461538,5.663474468426453,0.44974807692307694,0.06435617513354307,5238,54.6,-0.2838523994716577,1.0889067448466137,0
6,21,5,5485.115384615385,809.3954391077295,1764,6300,48.62307692307692,6.313619594366998,0.4474692307692308,0.07175035749976642,5238,50.2,-0.30530482336244147,0.24937032555338776,0
6,21,6,4153.211538461538,539.272769445641,2205,4725,56.32692307692308,6.3938719261193855,0.35991730769230773,0.0726577419448593,3321,51.9,-1.5431821404511312,-0.6912885092012928,0
6,22,0,3833.190476190476,599.4454022619911,1588,4410,58.12761904761904,6.786872158780781,0.3394628571428571,0.07712298028416749,3100,54.5,-1.2230942842851156,-0.5337188875816318,0
6,22,1,3767.8380952380953,547.558973357235,2058,4410,57.13904761904762,7.609198573463763,0.3506876190476191,0.08646344569465145,3780,67.7,0.02221072660004465,1.386097537572284,0
6,22,2,3757.403846153846,551.3491399828431,2087,4410,57.799038461538466,8.134876314898742,0.34319038461538465,0.09244099510795879,3100,55.8,-1.1923332696984092,-0.24543509124648025,0
6,22,3,3835.8365384615386,545.6712640049105,2268,4410,59.513461538461534,7.339215821345818,0.3237086538461539,0.08339595705152145,2646,46.9,-2.180460677225728,-1.7163003298699844,0
6,22,4,3819.471153846154,538.3883529361464,2058,4410,58.02307692307692,6.98395151688082,0.3406471153846154,0.07936329267745834,3667,57.9,-0.28319394555101246,-0.01759762314334898,0
6,22,5,3839.625,566.5601740550096,1235,4410,58.059615384615384,7.272404541264177,0.3402307692307692,0.08264417713872237,3667,61.8,-0.3046842349015701,0.5136194500306224,0
6,22,6,2907.375,377.51816486869245,1544,3308,64.0173076923077,7.464263628520682,0.2725346153846154,0.08482013725139675,2325,54.1,-1.5426001400519482,-1.326860836760523,0
6,23,0,2737.9904761904763,428.2432247261005,1134,3150,63.91428571428571,8.079942266685267,0.2737047619047619,0.09182146386932757,2214,65.0,-1.2235529026678242,0.13420544299621365,0
6,23,1,2691.352380952381,391.158289348452,1470,3150,63.48,8.767470471095898,0.2786342857142857,0.09962906958059232,2700,73.2,0.02210715766869305,1.1073805411260393,0
6,23,2,2683.8846153846152,393.8758196620018,1490,3150,64.77884615384616,8.305930424047101,0.2638798076923077,0.09438692662868763,2214,56.0,-1.1929462598776188,-1.0556661379056815,0
6,23,3,2739.8653846153848,389.80971354075365,1620,3150,65.81153846153846,7.806871602127101,0.25213942307692305,0.08871190353492668,1890,48.6,-2.180149836179426,-2.2018448476056474,0
6,23,4,2728.1826923076924,384.59664318603024,1470,3150,64.4625,8.52001854572028,0.2674663461538462,0.09681472508015003,2619,70.6,-0.2838814519771096,0.7195177791353482,0
6,23,5,2742.596153846154,404.7244182679681,882,3150,64.19903846153846,8.691000760102291,0.2705221153846154,0.09860857497986357,2619,76.6,-0.30537594103084853,1.4252339334717794,0
6,23,6,2076.576923076923,269.6811023005012,1102,2362,69.55288461538461,8.86307883049052,0.21006442307692305,0.09969670308234456,1660,66.5,-1.5446446676344379,-0.344061477837208,0
7,0,0,547.6571428571428,85.6218012958315,227,630,46.97428571428571,6.609128718490993,0.14708285714285715,0.11855871756639835,443,42.2,-1.222176122344836,-0.7212861265181948,0
7,0,1,538.2952380952381,78.2271008284808,294,630,46.36571428571428,7.002346153136937,0.15915047619047618,0.1243000697163997,540,49.2,0.0217896865644246,0.4041850833358842,0
7,0,2,536.7884615384615,78.75014847597934,298,630,46.42307692307692,6.995480243606266,0.1573048076923077,0.12523944707190016,443,39.8,-1.1908111316862944,-0.9454136893929073,0
7,0,3,548.0,77.9273996207398,324,630,48.4701923076923,6.356555820914837,0.12204615384615385,0.11153018218608601,378,32.1,-2.1812377732289843,-2.5712791606906857,1
7,0,4,545.6923076923077,76.91011989456051,294,630,47.2625,6.343381039296689,0.14267884615384616,0.11254703325188695,524,48.6,-0.28201084088328016,0.21051783164386723,0
7,0,5,548.5673076923077,80.96730305224996,176,630,47.54326923076923,6.495028187014436,0.13870673076923076,0.11381759829838371,524,52.7,-0.3033851062742343,0.7927299653404754,0
7,0,6,415.2692307692308,53.86502923195922,220,472,48.526923076923076,6.058344654704817,0.12047211538461539,0.1065740377652024,332,41.3,-1.545599732497864,-1.1909216579055064,0
7,1,0,438.0095238095238,68.60022079439902,181,504,47.72380952380952,6.706304780542246,0.13485428571428573,0.11863877951788997,354,44.7,-1.2244461952873045,-0.4502192236078644,0
7,1,1,430.54285714285714,62.64997829384924,235,504,46.691428571428574,7.392591331421385,0.15371333333333334,0.13094691677477752,432,55.3,0.02325476160092909,1.1629132344549509,0
7,1,2,429.36538461538464,63.07647657358496,238,504,47.285576923076924,7.002252318219185,0.14387788461538462,0.12259467429850081,354,36.6,-1.1946361361214617,-1.5238437577771884,0
7,1,3,438.3557692307692,62.44872355131806,259,504,48.91923076923077,5.7859903939975945,0.11321442307692307,0.1018431789121199,302,32.0,-2.1831341000546547,-2.9191267788767483,1
7,1,4,436.49038461538464,61.56817914593366,235,504,47.52884615384615,6.572370426615138,0.13770961538461537,0.11701189676403276,419,50.3,-0.2840354303743589,0.4209963381806907,0
7,1,5,438.8076923076923,64.81580727178176,141,504,48.13653846153846,6.884357641380109,0.12734807692307692,0.12224308583760811,419,49.7,-0.30555257452712775,0.2267740694328954,0
7,1,6,332.2692307692308,43.13722307864194,176,378,48.79423076923077,5.979590318191791,0.11673173076923077,0.10377497057269493,266,44.9,-1.5358863454189322,-0.6501664658771538,0
7,2,0,364.9809523809524,57.098258924079055,151,420,47.27142857142857,6.559955943298854,0.14192666666666667,0.11737948096359113,295,44.1,-1.2254086133843891,-0.4827168703716084,0
7,2,1,358.76190476190476,52.12070380921354,196,420,46.3847619047619,6.687988385507905,0.15826952380952383,0.11920477785001345,360,50.8,0.02374982779105355,0.6591886759300927,0
7,2,2,357.77884615384613,52.47763402100097,199,420,47.823076923076925,6.262451375998366,0.1331807692307692,0.11026083028232722,295,45.2,-1.1960692708825,-0.4181900768675813,0
7,2,3,365.21153846153845,51.990042563605364,216,420,48.53653846153846,5.932321500631592,0.12009230769230769,0.10452121231476925,252,36.7,-2.177143188355288,-1.9919047564626702,0
7,2,4,363.65384615384613,51.27060688829954,196,420,48.39326923076923,6.212518905412847,0.12316057692307693,0.10900818747042011,349,48.4,-0.28575804856922693,0.0010816791934397817,0
7,2,5,365.59615384615387,53.94594907828281,118,420,48.32884615384615,6.533924512075391,0.12377115384615384,0.11576910035373848,349,52.7,-0.30758709891424735,0.6679713126408836,0
7,2,6,276.91346153846155,36.0447700519173,147,315,48.72980769230769,5.838637289603791,0.11592788461538461,0.1037219157981616,221,41.0,-1.5507923489166233,-1.3216425142396435,0
7,3,0,292.0952380952381,45.638319722643466,121,336,47.97523809523809,6.969532333835678,0.1311552380952381,0.12259885099611564,236,41.5,-1.228856580835165,-0.9277467007133345,0
7,3,1,287.1047619047619,41.71190657573866,157,336,47.929523809523815,7.2840173273344435,0.1340095238095238,0.12601517805698087,288,57.5,0.021457267146048092,1.3120994591842656,0
7,3,2,286.25961538461536,42.004621842855755,159,336,48.39807692307692,7.163540112645542,0.12672884615384616,0.12262623824227764,236,44.5,-1.1962410508560033,-0.5433965464562438,0
7,3,3,292.21153846153845,41.521236367126846,173,336,49.37307692307692,5.868315958450102,0.1056423076923077,0.10281089501812872,202,37.2,-2.172137079283858,-2.0708442705564463,0
7,3,4,290.9807692307692,41.00698040725488,157,336,48.267307692307696,6.2508941854744675,0.12475961538461539,0.11070152077890914,279,50.6,-0.2920929115652338,0.3725813340056517,0
7,3,5,292.52884615384613,43.17068331269312,94,336,48.39903846153846,6.515127955025213,0.12353653846153846,0.11413856768227648,279,46.8,-0.3133078292410736,-0.2450585601630986,0
7,3,6,221.44230769230768,28.690794478834775,118,252,49.60192307692308,6.032130486620595,0.10332115384615384,0.10383219347841596,177,43.4,-1.548469598117968,-1.0264463984444432,0
7,4,0,364.9809523809524,57.098258924079055,151,420,48.33428571428572,6.754753718841111,0.12239047619047619,0.12145994078755853,295,47.5,-1.2254086133843891,-0.12332832043272725,0
7,4,1,358.76190476190476,52.12070380921354,196,420,47.260952380952375,6.650310797220961,0.14242761904761905,0.11861661698938865,360,53.1,0.02374982779105355,0.8766929647613427,0
7,4,2,357.77884615384613,52.47763402100097,199,420,47.9375,6.993217067377241,0.13285,0.12173215863773199,295,40.3,-1.1960692708825,-1.090570223158927,0
7,4,3,365.21153846153845,51.990042563605364,216,420,48.924038461538466,6.195417899541781,0.11368942307692308,0.10876316473672246,252,32.8,-2.177143188355288,-2.598380757358678,1
7,4,4,363.65384615384613,51.27060688829954,196,420,48.502884615384616,6.614671200698734,0.12153942307692309,0.1161987186553262,349,52.8,-0.28575804856922693,0.648653382851989,0
7,4,5,365.59615384615387,53.94594907828281,118,420,48.98173076923077,6.644550499792048,0.11403846153846153,0.115694044377428,349,51.4,-0.30758709891424735,0.3634008383954403,0
7,4,6,276.91346153846155,36.0447700519173,147,315,49.53846153846154,6.3952395476864465,0.10360096153846153,0.11169824597730382,221,42.8,-1.5507923489166233,-1.0520233456210792,0
7,5,0,730.1238095238095,114.26451222745739,302,840,46.00857142857142,5.973420523222247,0.16365619047619048,0.1083290428454416,590,44.6,-1.2262035233622393,-0.23541240718492298,0
7,5,1,717.6857142857143,104.35721882495297,392,840,45.304761904761904,6.597834448811171,0.17688761904761904,0.11896687701207984,720,55.6,0.022174450371886024,1.558035113469033,0
7,5,2,715.6346153846154,105.07529040749573,397,840,46.30096153846154,6.761218583685221,0.15959423076923077,0.12080303460706737,590,44.2,-1.1955490144951233,-0.31027820361960556,0
7,5,3,730.5673076923077,103.9911090694615,432,840,47.31057692307692,5.779641509177528,0.14210288461538462,0.1014572265861317,504,35.7,-2.1785085728363267,-2.005405154131263,0
7,5,4,727.4903846153846,102.58645373133348,392,840,46.49038461538461,6.515396540782801,0.15571923076923078,0.11696024474105711,698,51.0,-0.28744058437546294,0.6910867954814596,0
7,5,5,731.3076923076923,108.00045639269595,235,840,46.587500000000006,6.005413213433167,0.15390096153846156,0.1076506345790867,698,47.6,-0.30837470204361295,0.16831761411484703,0
7,5,6,553.8461538461538,71.88607076151467,294,630,47.65673076923077,5.721238993096814,0.1349298076923077,0.10189227214216375,443,40.2,-1.5417553792868575,-1.3010678455761975,0
7,6,0,1460.3238095238096,228.39845813327122,605,1680,41.62095238095238,5.216019983556858,0.2432542857142857,0.09483920504299267,1181,38.7,-1.2229135987636255,-0.558924839580189,0
7,6,1,1435.4380952380952,208.62899181826631,784,1680,41.32666666666667,5.871038216839482,0.24860285714285715,0.10675138213583976,1440,45.7,0.02186506329496832,0.743632870946314,0
7,6,2,1431.4423076923076,210.05319838994635,795,1680,42.247115384615384,6.200296841167846,0.2323076923076923,0.11173516685927244,1181,40.2,-1.192223624184777,-0.32963245348356346,0
7,6,3,1461.3365384615386,207.85901731501468,864,1680,43.06826923076923,4.949791883887781,0.21733942307692308,0.08891511870117765,1008,32.1,-2.180875939652568,-2.2114373924439037,0
7,6,4,1455.1057692307693,205.09779425705997,784,1680,42.54423076923077,6.202674445457027,0.22690576923076922,0.11179672418818164,1397,42.3,-0.28329381358343597,-0.03931169601352072,0
7,6,5,1462.7788461538462,215.86709128898818,470,1680,42.85288461538461,5.580808945969348,0.2209625,0.10123516138420206,1397,42.0,-0.30470507899233285,-0.1525512003051886,0
7,6,6,1107.576923076923,143.71254293298782,588,1260,44.82884615384615,5.625715455288203,0.1851625,0.10184272396571727,886,39.4,-1.541699155575307,-0.9632931607205367,0
7,7,0,3285.647619047619,513.8647678462687,1361,3780,32.51047619047619,3.405649260632527,0.40890095238095236,0.061918057660660386,2657,30.9,-1.2233479018290425,-0.47149928683776965,0
7,7,1,3229.6285714285714,469.3857946037823,1764,3780,31.834285714285713,4.072275601114021,0.4211971428571429,0.07403810798545525,3240,37.8,0.022095273734148303,1.461369801707236,0
7,7,2,3220.6346153846152,472.6145221606422,1788,3780,32.95384615384615,4.604154373027111,0.4008375,0.08371184415566144,2657,33.6,-1.1925632060052933,0.1400373273011979,0
7,7,3,3287.8653846153848,467.7368577635613,1944,3780,32.93653846153846,3.931403506699222,0.4011548076923077,0.0714758956990542,2268,25.2,-2.1803789115584196,-1.9628892216665033,0
7,7,4,3273.875,461.50651758853746,1764,3780,32.56826923076923,3.9445984801408507,0.40784903846153847,0.07171790882107766,3143,34.3,-0.28357598268385464,0.43790305840836874,0
7,7,5,3291.144230769231,485.6831125246536,1058,3780,32.61346153846154,4.095796037765111,0.4070298076923077,0.0744697369690165,3143,36.3,-0.30501612427479335,0.8978864092686715,0
7,7,6,2491.9903846153848,323.49398623459405,1323,2835,36.94615384615385,4.133052260232177,0.32824903846153847,0.07514584911918401,1993,36.8,-1.5424551345513684,-0.03527685314441592,0
7,8,0,4380.72380952381,685.1904352811214,1814,5040,26.36190476190476,2.7360267708563257,0.5206904761904761,0.04975139836420821,3542,26.9,-1.2240561539919361,0.1959541122490359,0
7,8,1,4294.72380952381,638.6015745848666,2352,5040,26.195238095238096,3.56743769694885,0.5237266666666667,0.06486218862188131,4320,29.0,0.03957991286428067,0.7840141862300072,0
7,8,2,4294.086538461538,630.1668620228969,2385,5040,26.635576923076922,4.29332103262393,0.5157192307692308,0.07806153668793712,3542,27.1,-1.1934531141738614,0.10792201497453693,0
7,8,3,4383.692307692308,623.6854303707589,2592,5040,26.84807692307692,3.9600181614085534,0.5118567307692308,0.07200306730848154,3024,23.7,-2.1800581525569807,-0.7929628518273556,0
7,8,4,4361.009615384615,622.805498712909,2352,5040,26.441346153846155,3.1548886576424517,0.5192528846153845,0.057364755183207015,4190,28.8,-0.27457508000044695,0.7452565007170977,0
7,8,5,4388.0192307692305,647.6264652263201,1411,5040,26.879807692307693,3.2611684072023053,0.511273076923077,0.05929335696966305,4190,28.7,-0.3057567654101002,0.5564349128845497,0
7,8,6,3322.730769230769,431.4234113035147,1764,3780,32.417307692307695,3.6320697329736094,0.4105932692307693,0.0660373434577432,2657,33.2,-1.543067253923052,0.2149031636067193,0
7,9,0,3285.647619047619,513.8647678462687,1361,3780,32.37428571428572,3.3245308683339805,0.4113752380952381,0.06044574455491912,2657,33.7,-1.2233479018290425,0.39757145399486005,0
7,9,1,3229.6285714285714,469.3857946037823,1764,3780,32.239999999999995,4.1892169270089665,0.4138142857142857,0.07616383962900615,3240,37.7,0.022095273734148303,1.300242424934469,0
7,9,2,3220.6346153846152,472.6145221606422,1788,3780,32.41346153846154,4.073167172366034,0.41066538461538465,0.07405962275208222,2657,33.7,-1.1925632060052933,0.31508346517024055,0
7,9,3,3287.8653846153848,467.7368577635613,1944,3780,32.96634615384615,3.9948658938795627,0.4006105769230769,0.07263637447416621,2268,25.7,-2.1803789115584196,-1.814379394064343,0
7,9,4,3273.875,461.50651758853746,1764,3780,32.497115384615384,4.035292285723217,0.4091442307692308,0.07337414140272448,3143,34.1,-0.28357598268385464,0.396234561601784,0
7,9,5,3291.144230769231,485.6831125246536,1058,3780,32.50576923076923,3.883468245799295,0.4089826923076923,0.07060751829148966,3143,31.8,-0.30501612427479335,-0.18127006211767452,0
7,9,6,2491.9903846153848,323.49398623459405,1323,2835,36.97403846153846,4.126565491518085,0.32774423076923076,0.07502560834901911,1993,33.4,-1.5424551345513684,-0.8640110905694429,0
7,10,0,2555.4190476190474,399.6942047691051,1058,2940,35.94571428571429,3.879384085021856,0.3464409523809524,0.0705407597601967,2066,33.0,-1.2244530875069664,-0.7573729468010962,0
7,10,1,2511.8571428571427,365.08593373477026,1372,2940,35.64380952380952,4.716846318689977,0.3519285714285714,0.08575570368369509,2520,37.0,0.022303335618010046,0.2869123268992462,0
7,10,2,2504.875,367.60921862945605,1391,2940,36.22596153846154,4.601793554782358,0.34134615384615385,0.08366538870176173,2066,30.6,-1.1938304031987148,-1.2199074983804306,0
7,10,3,2557.144230769231,363.83684645755625,1512,2940,36.97692307692308,4.609577003301411,0.3276875,0.08380534854157436,1764,29.6,-2.1798848567504443,-1.5968828036963365,0
7,10,4,2546.25,358.974233058586,1372,2940,36.71153846153846,4.482897547980637,0.3325144230769231,0.08150837281223862,2444,37.4,-0.2848314510328727,0.15323330459003506,0
7,10,5,2559.653846153846,377.7859045726843,823,2940,36.56442307692308,4.581747626661005,0.33519423076923077,0.08330751644653632,2444,41.4,-0.3061278450984254,1.0531016328075553,0
7,10,6,1938.2403846153845,251.66989841998262,1029,2205,40.11057692307692,4.879139631884237,0.2711528846153846,0.08723728377774374,1550,37.7,-1.5425959206623687,-0.4930472648718153,0
7,11,0,2190.295238095238,342.5694742510556,907,2520,38.174285714285716,4.404128931849253,0.3059219047619048,0.08007687409962856,1771,37.0,-1.223935669268854,-0.2660288660380751,0
7,11,1,2152.9714285714285,312.86094407846804,1176,2520,37.87619047619047,5.201950887916284,0.3113457142857143,0.0945852210652174,2160,44.4,0.022464762425521694,1.2517020332894422,0
7,11,2,2146.971153846154,315.04135825673416,1192,2520,38.49423076923077,5.3073282716562495,0.30031346153846156,0.09581391862090628,1771,36.1,-1.1933646498986885,-0.4502695050807928,0
7,11,3,2191.7596153846152,311.8338334954563,1296,2520,39.49134615384616,4.8084696832306415,0.2822730769230769,0.08639891026682567,1512,29.2,-2.1798077831624645,-2.1358121624511535,0
7,11,4,2182.451923076923,307.62699263589934,1176,2520,38.17788461538461,4.571459725885386,0.30585192307692305,0.08311919384002339,2095,39.9,-0.2842698543098349,0.3758879238608999,0
7,11,5,2193.9903846153848,323.7428109991588,706,2520,38.42307692307692,4.90797312027737,0.3014,0.08923125187219783,2095,41.8,-0.3057591509704049,0.6866493562153958,0
7,11,6,1661.2211538461538,215.7757266431153,882,1890,41.589423076923076,5.065951798536319,0.24382884615384615,0.09210659577393726,1328,32.9,-1.5442224053922862,-1.7118805342928443,0
7,12,0,2007.895238095238,314.0154921401639,832,2310,39.312380952380956,4.905367845496779,0.28522857142857144,0.08918810794551647,1624,35.0,-1.2224970510479707,-0.8773261916362474,0
7,12,1,1973.6857142857143,286.82939563057727,1078,2310,38.85333333333333,4.677854263743209,0.29357714285714287,0.08505077697960887,1980,39.8,0.02201331410702701,0.2019402936623633,0
7,12,2,1968.2115384615386,288.79870616245034,1093,2310,39.44519230769231,5.652714440442129,0.28281346153846154,0.10277769587067001,1624,33.7,-1.1918322790031302,-1.0145650761869847,0
7,12,3,2009.2596153846155,285.825291032871,1188,2310,39.73365384615385,4.897762726355205,0.2775673076923077,0.08904846116244543,1386,31.7,-2.1804851777835257,-1.6369279229845974,0
7,12,4,2000.7115384615386,282.00036745403736,1078,2310,39.31442307692308,4.58990911493308,0.2851923076923077,0.08345204272754234,1921,41.4,-0.2826546384842753,0.4533952456378613,0
7,12,5,2011.3076923076924,296.75471473416036,647,2310,39.75769230769231,5.368384478072175,0.27713269230769233,0.09760615375545506,1921,39.5,-0.30430737828312693,-0.047912585785365155,0
7,12,6,1521.2692307692307,197.4945608575958,808,1732,42.497115384615384,4.710646003783864,0.227325,0.08564738475028358,1218,40.7,-1.5355049496193311,-0.38069268129296113,0
7,13,0,2007.895238095238,314.0154921401639,832,2310,39.402857142857144,4.758988603419062,0.2835809523809524,0.08652641670348882,1624,33.0,-1.2224970510479707,-1.3426027351515797,0
7,13,1,1973.6857142857143,286.82939563057727,1078,2310,38.83047619047619,5.198411810157536,0.29399142857142857,0.09451547097035094,1980,46.3,0.02201331410702701,1.434126962648501,0
7,13,2,1968.2115384615386,288.79870616245034,1093,2310,39.67788461538461,5.4862043527514865,0.27858076923076924,0.0997474715127604,1624,37.9,-1.1918322790031302,-0.32347498405778485,0
7,13,3,2009.2596153846155,285.825291032871,1188,2310,40.04423076923077,4.9525089635059905,0.27192115384615384,0.09004826717908948,1386,27.5,-2.1804851777835257,-2.5278001231796927,1
7,13,4,2000.7115384615386,282.00036745403736,1078,2310,39.48461538461538,5.171857551233063,0.28210192307692306,0.09402880469712845,1921,41.8,-0.2826546384842753,0.446825215184399,0
7,13,5,2011.3076923076924,296.75471473416036,647,2310,39.23076923076923,5.091284708702067,0.2867144230769231,0.09257128810915512,1921,41.9,-0.30430737828312693,0.5232467744208507,0
7,13,6,1522.875,197.71960569384157,808,1732,42.291346153846156,4.919292525046194,0.23106634615384614,0.08943831481749631,1218,37.6,-1.5418783592380145,-0.9517280887691264,0
7,14,0,2190.295238095238,342.5694742510556,907,2520,37.906666666666666,4.829243185385237,0.31078,0.08780661596766103,1771,33.2,-1.223935669268854,-0.9726038734488563,0
7,14,1,2152.9714285714285,312.86094407846804,1176,2520,37.95142857142857,5.203218572814668,0.30997904761904765,0.09460292695020482,2160,43.2,0.022464762425521694,1.006781387594435,0
7,14,2,2146.971153846154,315.04135825673416,1192,2520,38.53365384615385,5.394920490824232,0.29938846153846155,0.09808583155078113,1771,36.9,-1.1933646498986885,-0.3022530764193946,0
7,14,3,2191.7596153846152,311.8338334954563,1296,2520,38.91346153846154,4.422187169006944,0.2924798076923077,0.08040482449395935,1512,30.3,-2.1798077831624645,-1.943388491960152,0
7,14,4,2182.451923076923,307.62699263589934,1176,2520,38.17788461538461,4.480485339755172,0.30585576923076924,0.08146610925215525,2095,39.0,-0.2842698543098349,0.18307940510060985,0
7,14,5,2193.9903846153848,323.7428109991588,706,2520,38.32788461538461,4.926576564588368,0.3031298076923077,0.08956661444569414,2095,38.9,-0.3057591509704049,0.11589314520498928,0
7,14,6,1661.2211538461538,215.7757266431153,882,1890,41.80769230769231,5.111374946739268,0.23986153846153846,0.0929359527948253,1328,41.5,-1.5442224053922862,-0.06008001970021966,0
7,15,0,2920.504761904762,456.7053233551721,1210,3360,33.92857142857143,3.6086358568374224,0.38311619047619044,0.06561074771801657,2362,34.4,-1.2228728342237634,0.1302779804543755,0
7,15,1,2870.714285714286,417.1406955573982,1568,3360,33.97333333333333,4.612467774885695,0.38230476190476187,0.08386030896326296,2880,37.5,0.02225985569389167,0.7629402385079643,0
7,15,2,2862.7596153846152,420.0211389777901,1590,3360,34.25865384615385,4.417938072342462,0.3771144230769231,0.08032607747172785,2362,34.0,-1.1921964085883971,-0.05841406133690921,0
7,15,3,2922.5096153846152,415.73124242239027,1728,3360,35.114423076923075,4.627449092191237,0.36155288461538465,0.08413476470743178,2016,26.9,-2.180465931411269,-1.7713236121028093,0
7,15,4,2910.076923076923,410.1795413734264,1568,3360,34.21730769230769,4.21551554639311,0.3778673076923077,0.07664739521132538,2794,33.5,-0.28298362432222357,-0.16975625445751444,0
7,15,5,2925.451923076923,431.61318262275245,941,3360,34.40480769230769,4.298032510091605,0.37445673076923075,0.07814639207944027,2794,37.4,-0.3045525086909304,0.6952575916444553,0
7,15,6,2215.028846153846,287.6340196445966,1176,2520,38.83846153846154,4.789598513532887,0.2938461538461538,0.08708684753847562,1771,35.8,-1.5436748752936824,-0.6330657720420432,0
7,16,0,3650.638095238095,570.9643853201612,1512,4200,29.747619047619047,3.128408763563577,0.4591352380952381,0.05688453044571348,2952,30.8,-1.223589206801894,0.3353230989534978,0
7,16,1,3588.3809523809523,521.5137799815291,1960,4200,30.13714285714286,3.7344615805632944,0.45205238095238093,0.06790072801133185,3600,37.3,0.02227903705456963,1.9129204529799453,0
7,16,2,3578.394230769231,525.098519064446,1987,4200,30.388461538461538,4.281804077003775,0.44747692307692305,0.07784696118152531,2952,32.2,-1.192885295186678,0.42209253475595493,0
7,16,3,3653.0673076923076,519.7301627071807,2160,4200,30.91346153846154,4.03268340862936,0.43793846153846155,0.0733251825080795,2520,22.7,-2.1800649420481144,-2.031685568286004,0
7,16,4,3637.548076923077,512.786597673484,1960,4200,30.691346153846155,3.7331397175646734,0.4419778846153846,0.06787946192200928,3492,34.5,-0.2838319863731873,1.0175024534301371,0
7,16,5,3656.730769230769,539.6371889919116,1176,4200,30.6875,3.635656415671799,0.44205,0.0661007953479462,3492,33.5,-0.30525642047444834,0.7714660075781524,0
7,16,6,2768.903846153846,359.53272044758637,1470,3150,35.73365384615385,3.9948901968438917,0.35064326923076927,0.0708168933337334,2214,33.0,-1.5433599808753167,-0.6825789751509649,0
7,17,0,4380.72380952381,685.1904352811214,1814,5040,26.335238095238093,2.692974511875617,0.5211761904761905,0.04896149688945056,3542,27.2,-1.2240561539919361,0.3199297296228814,0
7,17,1,4306.057142857143,625.8349473452895,2352,5040,26.276190476190475,3.300044399745712,0.5222523809523809,0.05999940079065869,4320,28.5,0.022278452837240132,0.671836765688208,0
7,17,2,4294.086538461538,630.1668620228969,2385,5040,26.900961538461537,4.5862075876852,0.5108961538461538,0.08338630643917702,3542,29.4,-1.1934531141738614,0.5437174918370166,0
7,17,3,4383.692307692308,623.6854303707589,2592,5040,26.970192307692308,3.8004312429725147,0.5096336538461539,0.06909447817789154,3024,23.9,-2.1800581525569807,-0.8057335540050986,0
7,17,4,4365.009615384615,615.3419839310496,2352,5040,26.592307692307692,3.2509503407463045,0.5165038461538461,0.05910292474335615,4190,34.0,-0.2844057059288284,2.271636036627585,0
7,17,5,4388.0192307692305,647.6264652263201,1411,5040,26.542307692307695,3.646189454138969,0.5174105769230769,0.06629844397457858,4190,29.2,-0.3057567654101002,0.7269022409885457,0
7,17,6,3322.730769230769,431.4234113035147,1764,3780,32.46057692307692,3.888429894259259,0.40981057692307693,0.07069701373551954,2657,31.0,-1.543067253923052,-0.37465773726692747,0
7,18,0,4004.247619047619,634.4643528349841,1663,4620,28.287619047619046,2.4462960713831166,0.4856790476190476,0.04447661809059403,3247,28.0,-1.1935039070752893,-0.11709461696003544,0
7,18,1,3947.1428571428573,573.5898331589366,2156,4620,27.963809523809523,3.0799951239198355,0.4915676190476191,0.05600456968861851,3960,31.9,0.022414830189778186,1.273850060707278,0
7,18,2,3936.2115384615386,577.5754760593484,2186,4620,28.922115384615385,4.283768342226049,0.4741442307692308,0.0778874029558591,3247,29.1,-1.1932632779545869,0.04142855440878182,0
7,18,3,4018.3365384615386,571.6798039668969,2376,4620,29.072115384615383,4.207031948036508,0.47141923076923076,0.07649697256135715,2772,22.8,-2.180092297979319,-1.4873293496236712,0
7,18,4,4001.2115384615386,564.0149704182173,2156,4620,28.385576923076922,3.5536230184323427,0.4838971153846154,0.06460988901544792,3841,32.8,-0.28405043546696834,1.2387458084343064,0
7,18,5,4022.3365384615386,593.5284423309995,1294,4620,28.771153846153844,3.814959646223688,0.4768875,0.06936384958060486,3841,32.8,-0.305517765200476,1.0533042244834554,0
7,18,6,3045.721153846154,395.5174675295464,1617,3465,34.27307692307692,4.070620066056366,0.3768548076923077,0.07400983256613619,2435,35.9,-1.544067615988091,0.39869506363903784,0
7,19,0,3285.647619047619,513.8647678462687,1361,3780,32.51238095238095,3.5038082369290957,0.4088638095238095,0.06370632912013821,2657,32.2,-1.2233479018290425,-0.08890096764470984,0
7,19,1,3229.6285714285714,469.3857946037823,1764,3780,32.049523809523805,4.032324291787452,0.41728,0.07331698748479885,3240,32.8,0.022095273734148303,0.1856546225152914,0
7,19,2,3220.6346153846152,472.6145221606422,1788,3780,32.68653846153846,4.54646043252614,0.4057009615384616,0.08266052989758751,2657,31.1,-1.1925632060052933,-0.34819537775704323,0
7,19,3,3287.8653846153848,467.7368577635613,1944,3780,33.35288461538461,3.991470438121997,0.39358173076923075,0.07257534520039113,2268,29.5,-2.1803789115584196,-0.96286719468878,0
7,19,4,3273.875,461.50651758853746,1764,3780,32.396153846153844,3.833245553215604,0.4109798076923077,0.06969713033304661,3143,36.2,-0.28357598268385464,0.9897484043567085,0
7,19,5,3288.0673076923076,485.85966778990206,1058,3780,32.93269230769231,4.067451727419973,0.40122307692307696,0.07395272332732587,3143,35.4,-0.29857247181570734,0.6051102152149554,0
7,19,6,2491.9903846153848,323.49398623459405,1323,2835,37.14903846153846,4.057571017445432,0.32456153846153846,0.07377986715636019,1993,40.3,-1.5424551345513684,0.7746543391491771,0
7,20,0,2372.942857142857,371.08320725047184,983,2730,37.03714285714286,4.432967775283652,0.3265961904761905,0.08059457407272137,1919,35.0,-1.2232583304508329,-0.45850948289013954,0
7,20,1,2332.447619047619,338.9565430777788,1274,2730,36.50952380952381,4.894493055574015,0.3361895238095238,0.08898458695817615,2340,42.0,0.022280608828842852,1.1194788387428125,0
7,20,2,2325.980769230769,341.3003967059451,1292,2730,37.02980769230769,5.182380152046798,0.3267288461538461,0.09422323077709226,1919,34.0,-1.192406598681499,-0.5835103755092671,0
7,20,3,2374.576923076923,337.7732246744041,1404,2730,38.284615384615385,4.643520785732308,0.30391153846153846,0.0844318617765062,1638,28.4,-2.180620200387168,-2.124115447151673,0
7,20,4,2364.451923076923,333.29799138942764,1274,2730,37.59134615384615,4.902864440678977,0.31651826923076926,0.08914164006283404,2270,39.3,-0.2833773132266964,0.34779177540622336,0
7,20,5,2376.8846153846152,350.77258164352054,764,2730,37.565384615384616,4.754308607576047,0.3169951923076923,0.08643967016713701,2270,37.8,-0.3047033147536263,0.04924437183651442,0
7,20,6,1799.7788461538462,233.72047684305093,956,2048,41.385576923076925,4.814489019438847,0.24753269230769231,0.08753095590261079,1439,38.6,-1.5435678351698556,-0.5773827884887432,0
7,21,0,1642.7333333333333,256.94728831875034,680,1890,40.910476190476196,5.326745358773604,0.25617142857142855,0.09684626468540992,1328,35.8,-1.2248468817234444,-0.9576016554873806,0
7,21,1,1614.7047619047619,234.67677951278185,882,1890,40.95428571428571,5.539960229158628,0.2553790476190476,0.10072701942076884,1620,47.7,0.022563001231817245,1.2154527252778065,0
7,21,2,1610.201923076923,236.2983296148962,894,1890,41.21634615384615,5.819770632001856,0.2507846153846154,0.10537685563141108,1328,39.8,-1.194210646475383,-0.24295057957705687,0
7,21,3,1643.826923076923,233.87580482735825,972,1890,42.56346153846154,4.9357829115513825,0.22643557692307692,0.08888029139084871,1134,32.6,-2.179811311991549,-2.0145367713554214,0
7,21,4,1636.826923076923,230.74545477468996,882,1890,41.31057692307692,5.398506054927914,0.24890096153846153,0.09815524408208683,1571,45.0,-0.2852670292938324,0.682151973105677,0
7,21,5,1645.4326923076924,242.879080723053,529,1890,41.087500000000006,5.06288009480463,0.25295576923076923,0.09205568473813237,1571,42.4,-0.30644725603190875,0.25872876462114386,0
7,21,6,1246.076923076923,161.86250261733701,662,1418,43.89903846153846,5.278579081980296,0.2018375,0.0959750202001916,996,40.5,-1.5449005793658444,-0.6427129875243727,0
7,22,0,1095.1904761904761,171.2339321624354,454,1260,44.60666666666666,5.7816564479439005,0.18916095238095237,0.10475502420045585,886,40.5,-1.2215935101983417,-0.709065999265991,0
7,22,1,1076.5047619047618,156.4001354889195,588,1260,43.10190476190476,6.455006717394779,0.2163857142857143,0.11727024544628943,1080,50.6,0.0223466214917113,1.1597969756041904,0
7,22,2,1073.5576923076924,157.4865583367634,596,1260,43.86730769230769,5.664357002689787,0.20241538461538464,0.10298228971053901,886,40.9,-1.1908685134988883,-0.5229328522863673,0
7,22,3,1095.9615384615386,155.88730825593237,648,1260,45.36634615384616,5.967657337063382,0.1759230769230769,0.10712499842486815,756,32.3,-2.180676127540528,-2.1858640295138114,0
7,22,4,1091.2884615384614,153.791857390279,588,1260,44.27403846153846,6.05349927194177,0.19545673076923079,0.10918164233156631,1048,47.7,-0.28145603878251646,0.5650139275706413,0
7,22,5,1097.0576923076924,161.8160784385308,353,1260,45.30673076923077,6.166292090097849,0.17624326923076922,0.11211422379679521,1048,50.0,-0.30315072070616117,0.7598845977983659,0
7,22,6,830.6442307692307,107.86875504939975,441,945,46.38461538461539,5.803844879441162,0.1572201923076923,0.1046114228107377,664,43.4,-1.5447363171082307,-0.5133634361607314,0
7,23,0,730.1238095238095,114.26451222745739,302,840,46.58666666666667,6.693338632646793,0.15541333333333335,0.11817413248991333,590,40.3,-1.2262035233622393,-0.9378411283071947,0
7,23,1,717.6857142857143,104.35721882495297,392,840,45.364761904761906,6.785547154294207,0.17628095238095237,0.12160782418467327,720,46.5,0.022174450371886024,0.16705617214659754,0
7,23,2,715.6346153846154,105.07529040749573,397,840,45.91153846153846,6.456310342697662,0.1661903846153846,0.11592616458247075,590,39.6,-1.1955490144951233,-0.9760648850802557,0
7,23,3,730.5673076923077,103.9911090694615,432,840,47.53942307692308,5.79667494695255,0.13676346153846153,0.10375302363842227,504,36.5,-2.1785085728363267,-1.9011608498451893,0
7,23,4,727.4903846153846,102.58645373133348,392,840,46.176923076923075,6.133249044241198,0.1612951923076923,0.11004822277476813,698,49.0,-0.28744058437546294,0.4595413441236495,0
7,23,5,731.3076923076923,108.00045639269595,235,840,46.48365384615385,6.297049865232749,0.15582403846153847,0.11295909431895124,698,46.9,-0.30837470204361295,0.06601282100863565,0
7,23,6,553.8461538461538,71.88607076151467,294,630,48.13653846153846,6.269266346453801,0.1270423076923077,0.11111229139693424,443,47.7,-1.5417553792868575,-0.06952061553894559,0
8,0,0,1369.0285714285715,214.12260403899344,567,1575,53.6552380952381,7.227311726951785,0.1870990476190476,0.10940053042273859,1107,46.2,-1.2236743330355064,-1.0301115077681053,0
8,0,1,1345.6857142857143,195.57535014008687,735,1575,53.50476190476191,8.042475950471934,0.18996476190476191,0.1207683677549016,1350,62.6,0.022058327534222818,1.1294958409289069,0
8,0,2,1341.9423076923076,196.94900167465246,745,1575,53.91538461538461,7.757761778489969,0.18353365384615383,0.11676331433660708,1107,47.1,-1.1928487943922363,-0.8773936186170608,0
8,0,3,1369.9615384615386,194.89897423237883,810,1575,54.94423076923077,7.602386274877256,0.16940769230769231,0.11200266613704926,945,41.2,-2.180307705867259,-1.805508847414917,0
8,0,4,1364.1826923076924,192.24159377498708,735,1575,54.27596153846154,7.437134524818945,0.17814903846153846,0.11177840942955149,1310,59.6,-0.281832213943091,0.7149110095695368,0
8,0,5,1371.3461538461538,202.34507530361748,441,1575,54.650000000000006,7.392557264750903,0.17245865384615386,0.11114565149709618,1310,54.6,-0.30316093507468916,-0.006754422588271159,0
8,0,6,1038.2307692307693,134.81812493523645,551,1181,56.537499999999994,7.287923079693827,0.1457923076923077,0.1066902937253684,830,46.6,-1.5444164140886123,-1.3616887834363014,0
8,1,0,1095.1904761904761,171.2339321624354,454,1260,55.4,7.775009275285093,0.16119619047619047,0.11688709124934456,886,47.1,-1.2215935101983417,-1.0661515878150376,0
8,1,1,1076.5047619047618,156.4001354889195,588,1260,54.145714285714284,7.564682978911182,0.18054857142857142,0.11299139868071455,1080,62.3,0.0223466214917113,1.076518414960496,0
8,1,2,1073.5576923076924,157.4865583367634,596,1260,54.99134615384616,7.589263118059005,0.16762980769230768,0.11363559786825289,886,48.1,-1.1908685134988883,-0.9068439987910746,0
8,1,3,1095.9615384615386,155.88730825593237,648,1260,57.05576923076923,7.422843604005779,0.13776057692307692,0.1092541202868978,756,39.2,-2.180676127540528,-2.402279690258278,0
8,1,4,1091.2884615384614,153.791857390279,588,1260,55.99615384615385,7.625798358038376,0.15291923076923078,0.11357992103157347,1048,62.9,-0.28145603878251646,0.904142020274581,0
8,1,5,1097.0576923076924,161.8160784385308,353,1260,55.70673076923077,7.9631464779773875,0.15716923076923078,0.11888279459151342,1048,59.1,-0.30315072070616117,0.4255872183135952,0
8,1,6,830.6442307692307,107.86875504939975,441,945,57.166346153846156,7.3404532885208065,0.1351548076923077,0.10938469025461738,664,48.9,-1.5447363171082307,-1.1246035896528586,0
8,2,0,985.6666666666666,154.24846755669807,408,1134,55.49428571428571,7.493507812810993,0.15947523809523811,0.11308755183906131,797,46.2,-1.2230554967578797,-1.2386587641605782,0
8,2,1,968.847619047619,140.8759534096726,529,1134,54.957142857142856,7.933932204133094,0.16841714285714288,0.11850843158671395,972,58.4,0.022375409869388584,0.43339457769615436,0
8,2,2,966.2307692307693,141.8115275121345,537,1134,55.6875,7.691486751376614,0.1580528846153846,0.11378429768366632,797,50.0,-1.193265734754476,-0.7384937718659815,0
8,2,3,986.4134615384615,140.38771628952722,583,1134,57.05865384615385,7.119883420242859,0.13664326923076925,0.10616810517381695,680,38.5,-2.1824675616986378,-2.6029393122281523,1
8,2,4,982.1634615384615,138.46334978796142,529,1134,56.35576923076923,7.6610580896521485,0.14773173076923077,0.11374090234774062,943,60.2,-0.2828230962739831,0.5011343577773754,0
8,2,5,987.3942307692307,145.72246651750797,318,1134,56.34615384615385,7.573111903202784,0.14727403846153847,0.11330969075275045,943,62.3,-0.3046282810556651,0.7851454956548247,0
8,2,6,747.4903846153846,96.9529958371188,397,850,57.41730769230769,7.085284110996007,0.13238846153846154,0.10403051578784894,598,52.9,-1.5417261329930732,-0.6366633980599782,0
8,3,0,821.4,128.44570837517307,340,945,56.7952380952381,7.912689187826738,0.1398742857142857,0.11939391576156266,664,49.4,-1.225325071115493,-0.9334252448778289,0
8,3,1,807.3809523809524,117.37394064012648,441,945,55.000952380952384,7.8226679400083015,0.16760952380952382,0.11699037314422463,810,59.3,0.022311805215987933,0.5488612120384433,0
8,3,2,805.1634615384615,118.19878850240134,447,945,56.12115384615385,7.70892400632701,0.15173173076923077,0.11375687604475077,664,49.9,-1.1941875331510896,-0.8059612766046834,0
8,3,3,821.9711538461538,116.96879151699817,486,945,57.56442307692308,6.910185507032225,0.1302903846153846,0.10116186061243179,567,39.0,-2.1796357317394923,-2.682648183066493,1
8,3,4,818.4519230769231,115.40354521717718,441,945,56.35192307692308,7.243275834148482,0.1470548076923077,0.10838062905040141,786,53.2,-0.28117950120895535,-0.4345516631373367,0
8,3,5,822.7596153846154,121.4189965457659,265,945,56.82884615384615,7.6545522096004825,0.14070192307692309,0.113529394834164,786,57.4,-0.30272518451357594,0.07451887997297885,0
8,3,6,623.0192307692307,80.92223052769427,331,709,58.27211538461539,7.543111777478047,0.11982788461538461,0.11093059533730745,498,51.2,-1.5447397156124378,-0.9363181153631407,0
8,4,0,1095.1904761904761,171.2339321624354,454,1260,55.40761904761905,8.092989549819022,0.16067333333333333,0.12236112400050382,886,52.7,-1.2215935101983417,-0.3341506281073165,0
8,4,1,1076.5047619047618,156.4001354889195,588,1260,54.15714285714286,7.567108190955536,0.1800838095238095,0.11352055991673722,1080,55.7,0.0223466214917113,0.20362084108800055,0
8,4,2,1073.5576923076924,157.4865583367634,596,1260,54.68653846153846,7.885713488442711,0.17245,0.11780126179949602,886,46.6,-1.1908685134988883,-1.024168173449438,0
8,4,3,1095.9615384615386,155.88730825593237,648,1260,56.55769230769231,7.154626343702269,0.14466826923076923,0.10593767380377925,756,39.9,-2.180676127540528,-2.324991075401228,0
8,4,4,1091.2884615384614,153.791857390279,588,1260,55.44134615384615,7.3342210336392455,0.16081634615384616,0.10976500150526955,1048,57.1,-0.28145603878251646,0.22584476128327383,0
8,4,5,1097.0576923076924,161.8160784385308,353,1260,55.32019230769231,7.55109944811218,0.16330192307692307,0.1120322526209923,1048,61.6,-0.30315072070616117,0.8305416077916559,0
8,4,6,830.6442307692307,107.86875504939975,441,945,56.81923076923077,7.3869220165280876,0.14077788461538462,0.10952143644119125,664,55.4,-1.5447363171082307,-0.19186774797132716,0
8,5,0,1916.6285714285714,299.7440336591968,794,2205,52.044761904761906,7.413526890244678,0.21144476190476189,0.1123253173572811,1550,51.5,-1.2230980412607462,-0.07338316582078824,0
8,5,1,1883.9333333333334,273.8184851694875,1029,2205,50.97333333333333,6.63171672093031,0.22767619047619048,0.10047595533625249,1890,53.5,0.022154987502164405,0.3804237327232407,0
8,5,2,1878.673076923077,275.6674316279374,1043,2205,51.59903846153846,7.243336344293603,0.21819423076923078,0.10974750529214386,1550,47.1,-1.19223788099805,-0.6202715892360318,0
8,5,3,1917.9038461538462,272.81607728266016,1134,2205,53.13942307692308,6.468616068270366,0.1957855769230769,0.09592604293040179,1323,37.3,-2.1805241349326696,-2.4448775649012684,0
8,5,4,1909.7307692307693,269.2234871521316,1029,2205,52.309615384615384,6.985526218522405,0.20788269230769232,0.10485436357926714,1833,60.2,-0.28499712291514545,1.1279186681472013,0
8,5,5,1919.7884615384614,283.3399163815185,617,2205,52.3,7.012333102041044,0.2080701923076923,0.105168283896937,1833,51.9,-0.3062942902781891,-0.0569611259089573,0
8,5,6,1453.625,188.76544172673994,772,1654,55.16153846153846,6.7636278495957125,0.1645125,0.10199373451868483,1162,50.9,-1.5448248847015755,-0.6291367869867277,0
8,6,0,3559.3238095238094,556.6919375830437,1474,4095,44.878095238095234,5.503984237881001,0.32003238095238096,0.0833938345065127,2878,44.6,-1.223857442425689,-0.05043453628044892,0
8,6,1,3498.657142857143,508.43607926984953,1911,4095,44.00761904761905,6.229762546994982,0.3332152380952381,0.09438829761737537,3510,51.6,0.022308869328181245,1.2167740190750331,0
8,6,2,3488.923076923077,511.96075950028666,1938,4095,44.611538461538466,5.884244351719205,0.32407307692307696,0.08915551181799139,2878,42.9,-1.1932772830998664,-0.2903745347848115,0
8,6,3,3561.7115384615386,506.75826130370285,2106,4095,45.58846153846154,5.398387168212726,0.30926538461538466,0.08179561762091267,2457,32.9,-2.1799146134755514,-2.3460712304468045,0
8,6,4,3546.6153846153848,499.92003841570437,1911,4095,44.77884615384615,5.453112998477092,0.32152884615384614,0.08262673193176454,3405,46.3,-0.2832704053234505,0.2784408535166459,0
8,6,5,3565.3365384615386,526.0895787464065,1147,4095,45.19230769230769,5.804713389606263,0.3152663461538462,0.08794833060622984,3405,42.3,-0.304764620499392,-0.4974119098419648,0
8,6,6,2699.701923076923,350.45589946809866,1433,3071,49.04615384615385,5.845019838130612,0.25709423076923077,0.08789591132998596,2159,44.8,-1.5428089406060477,-0.72521596229289,0
8,7,0,8213.87619047619,1284.6168816424347,3402,9450,24.314285714285713,3.0794426497285254,0.6315990476190476,0.04666285892367075,6642,26.9,-1.2236052451794397,0.8369517025802362,0
8,7,1,8073.8,1173.3310766295313,4410,9450,24.875238095238096,3.9730288037538655,0.6230980952380951,0.060197602464640065,8100,28.2,0.022329398093911754,0.8347320766619692,0
8,7,2,8051.346153846154,1181.4400770725608,4471,9450,25.192307692307693,5.140184204090268,0.6182932692307692,0.07788060598896467,6642,25.8,-1.1928952235868335,0.11799428595382648,0
8,7,3,8219.403846153846,1169.337049911506,4860,9450,25.31826923076923,5.24864780409881,0.616391346153846,0.07952590359033712,5670,24.5,-2.1801943626118354,-0.1556044940167766,0
8,7,4,8184.451923076923,1153.7113845460733,4410,9450,24.795192307692307,3.9143842231127306,0.6243173076923078,0.05930993702217452,7857,28.9,-0.28382235734128947,1.0459749756744903,0
8,7,5,8227.60576923077,1214.1523745824727,2646,9450,24.829807692307693,3.7367729135336663,0.6237894230769231,0.05660969404490805,7857,27.9,-0.30523575510912515,0.8194231085109287,0
8,7,6,6230.009615384615,808.8774253414634,3308,7088,33.7625,3.799263789184139,0.4884519230769231,0.05756518969157518,4982,34.5,-1.5428718215736645,0.19360696470903987,0
8,8,0,9856.67619047619,1541.626279760074,4082,11340,17.420952380952382,3.9551255751263206,0.7360438095238095,0.05993038577544893,7970,21.0,-1.2238140832867623,0.9026315941919688,0
8,8,1,9688.647619047619,1408.0893422604781,5292,11340,17.876190476190477,4.636177217723583,0.7291514285714286,0.07024633594918471,9720,20.6,0.022265745044699796,0.5862474451941092,0
8,8,2,9661.673076923076,1417.8242831567275,5365,11340,18.434615384615384,5.3599516232922175,0.7206884615384616,0.08121092196345173,7970,25.4,-1.1931387871061083,1.2971037923641977,0
8,8,3,9863.307692307691,1403.2596108611667,5832,11340,18.095192307692308,5.689837300516423,0.7258307692307693,0.08621120720617607,6804,20.2,-2.1801282295497284,0.36927504792408533,0
8,8,4,9821.35576923077,1384.485309141462,5292,11340,17.839423076923076,4.530145377320296,0.7297048076923077,0.06863695030765479,9428,18.4,-0.2841149165573504,0.12347113946553596,0
8,8,5,9873.14423076923,1457.0558053047307,3175,11340,17.547115384615385,4.598985889286692,0.7341336538461539,0.06968131285557894,9428,19.6,-0.30550729359552364,0.4454091777882034,0
8,8,6,7475.923076923077,970.7324098334827,3969,8505,28.447115384615383,3.43420704180377,0.5689855769230769,0.05203166216473477,5978,28.7,-1.5430695741211358,0.07342317471489099,0
8,9,0,7666.228571428572,1198.9636811810476,3175,8820,27.01809523809524,3.0463654558904283,0.5906409523809524,0.04615746396687626,6199,34.4,-1.2237370965334953,2.415255920288547,0
8,9,1,7535.523809523809,1095.103561095392,4116,8820,26.982857142857142,3.3771135018526706,0.5911666666666666,0.051166028142679114,7560,31.2,0.02235036743742668,1.245055075608237,0
8,9,2,7514.6057692307695,1102.6739381825323,4173,8820,27.779807692307692,4.691934409851445,0.5790951923076924,0.07108327999683393,6199,32.6,-1.1930941620489908,1.0251509033373778,0
8,9,3,7671.403846153846,1091.4099059921,4536,8820,27.77403846153846,5.275405385284517,0.5791846153846154,0.07993044035282344,5292,27.1,-2.1800993669718434,-0.12752824285060482,0
8,9,4,7638.759615384615,1076.8015159540853,4116,8820,27.06346153846154,3.7106526705183276,0.5899528846153846,0.05621959192194524,7333,29.5,-0.28394905780117297,0.6548685613266408,0
8,9,5,7679.067307692308,1133.1655742770608,2470,8820,27.118269230769233,4.011168011940529,0.5891192307692308,0.06077858123769113,7333,28.0,-0.30539601765868485,0.21927230262762956,0
8,9,6,5814.625,755.0525756464192,3087,6615,35.19903846153846,3.7757400147124183,0.4666778846153846,0.05720585033007164,4649,31.6,-1.5437462239498398,-0.950682943770996,0
8,10,0,5472.447619047619,858.1050677661841,2268,6300,36.41428571428571,3.6217141227343155,0.44826952380952384,0.05487397646462569,4428,32.7,-1.2171416844672,-1.0227362586263329,0
8,10,1,5382.580952380952,782.21869828162,2940,6300,36.17809523809524,4.663689133829178,0.4518495238095238,0.0706630032181588,5400,41.1,0.022268484469201405,1.0531091437551863,0
8,10,2,5367.653846153846,787.6285627125245,2981,6300,36.81153846153846,5.047181424181563,0.4422471153846154,0.07647122938489379,4428,33.8,-1.1930013214662831,-0.59549741425894,0
8,10,3,5479.663461538462,779.5643494687648,3240,6300,37.05288461538461,4.8234853597459315,0.43859326923076924,0.07307928300648786,3780,30.8,-2.180245492552038,-1.2936595748193787,0
8,10,4,5456.317307692308,769.112642960453,2940,6300,36.57019230769231,4.084968415171647,0.44590480769230767,0.06189589973371545,5238,38.1,-0.2838523994716577,0.37358229348969657,0
8,10,5,5483.115384615385,813.7899147765862,1764,6300,36.85192307692308,4.730298555187597,0.4416394230769231,0.07167622782077321,5238,43.1,-0.3011985872260464,1.318076667605519,0
8,10,6,4153.211538461538,539.272769445641,2205,4725,43.11826923076923,5.135726084230733,0.3467,0.07781587054539622,3321,39.2,-1.5431821404511312,-0.7614609030155933,0
8,11,0,4928.295238095238,770.8074553026735,2041,5670,38.640952380952385,4.179222766305109,0.4145285714285714,0.06332306772885696,3985,38.9,-1.2237595705780155,0.06183667794684827,0
8,11,1,4844.304761904762,704.0353346110921,2646,5670,38.56,5.156579068753595,0.41575428571428574,0.07812699477892909,4860,45.3,0.02229293672389418,1.3045382467408901,0
8,11,2,4830.875,708.8626564975046,2683,5670,38.919230769230765,5.092009291609765,0.4103182692307692,0.07715103427809143,3985,35.7,-1.1932679194869997,-0.6309731294540712,0
8,11,3,4931.615384615385,701.6516479712861,2916,5670,39.33461538461539,4.673240684087595,0.40402499999999997,0.070809395117408,3402,31.3,-2.1799900123342364,-1.7156101782073412,0
8,11,4,4910.615384615385,692.2445315143349,2646,5670,39.05,4.430564626841747,0.4083326923076923,0.06712616644653052,4714,41.9,-0.28402180941348354,0.6418102740297242,0
8,11,5,4936.567307692308,728.4629084709283,1588,5670,39.03173076923077,4.27569932786966,0.40860192307692306,0.06478049865487769,4714,43.5,-0.30552585429632323,1.042599792690152,0
8,11,6,3737.9326923076924,485.2910899940699,1984,4252,45.30480769230769,5.453232403994815,0.31356346153846154,0.0826259474721374,2989,44.9,-1.543233072723665,-0.07409673657882268,0
8,12,0,4654.533333333334,727.9489371708735,1928,5355,40.30190476190476,4.570515476575014,0.3893657142857143,0.06924733656162613,3764,39.4,-1.2233290751182841,-0.19690027607529023,0
8,12,1,4575.171428571429,664.8691522099966,2499,5355,39.92,4.806313956261477,0.3951514285714286,0.0728140771394538,4590,42.4,0.022302656624564626,0.5149165985692976,0
8,12,2,4562.461538461538,669.4617157071867,2534,5355,40.3451923076923,5.271518633233007,0.38871538461538463,0.07987185582699761,3764,37.2,-1.192674043918487,-0.5955090810248668,0
8,12,3,4657.673076923077,662.6077408974609,2754,5355,41.19423076923077,5.111757376891934,0.3758413461538461,0.07745560408385904,3213,36.7,-2.180251127846935,-0.8774782635170485,0
8,12,4,4637.865384615385,653.740441021538,2499,5355,40.31634615384615,4.794659459786991,0.3891423076923077,0.07264788959483968,4452,46.2,-0.2843063238702448,1.224572499965419,0
8,12,5,4662.307692307692,688.0323298585215,1499,5355,40.412499999999994,4.646152756517289,0.38769711538461543,0.07039501783001074,4452,43.1,-0.30566097924663566,0.57719326245005,0
8,12,6,3530.1923076923076,458.3369701351628,1874,4016,45.39519230769231,5.316750957056172,0.31219038461538456,0.08055603672151344,2823,39.3,-1.5429191284579942,-1.144260799281073,0
8,13,0,4654.533333333334,727.9489371708735,1928,5355,40.103809523809524,4.356977688576631,0.39236190476190475,0.06601338060888809,3764,36.9,-1.2233290751182841,-0.7336445826572959,0
8,13,1,4575.171428571429,664.8691522099966,2499,5355,39.46476190476191,5.267479709580521,0.40205238095238094,0.07980945829724467,4590,41.4,0.022302656624564626,0.366697401360907,0
8,13,2,4562.461538461538,669.4617157071867,2534,5355,40.222115384615385,5.170922374214233,0.3905740384615385,0.07834746728602293,3764,40.3,-1.192674043918487,0.015032963198261426,0
8,13,3,4657.673076923077,662.6077408974609,2754,5355,40.66538461538461,5.106644619327893,0.3838596153846154,0.07737421175372856,3213,31.5,-2.180251127846935,-1.7912880993850513,0
8,13,4,4637.865384615385,653.740441021538,2499,5355,40.3,4.8200028199645315,0.3893903846153846,0.07302639038768464,4452,41.3,-0.2843063238702448,0.20703921659560096,0
8,13,5,4662.307692307692,688.0323298585215,1499,5355,40.55480769230769,4.550917539144783,0.38553942307692307,0.06895572579599375,4452,41.9,-0.30566097924663566,0.29493896702735495,0
8,13,6,3530.1923076923076,458.3369701351628,1874,4016,45.42788461538461,5.037210214378459,0.31169711538461536,0.07632987995616447,2823,41.6,-1.5429191284579942,-0.7584159273730584,0
8,14,0,5202.1238095238095,813.5436929219234,2155,5985,37.41619047619047,4.121825673951639,0.4330942857142857,0.062454104423493736,4207,36.5,-1.2231814792085411,-0.2217398671890812,0
8,14,1,5113.428571428572,743.0739281103615,2793,5985,37.24761904761905,4.7801089309702345,0.43563904761904765,0.07242727585340891,5130,40.3,0.022300884118929946,0.6372257909722926,0
8,14,2,5099.211538461538,748.1656100488352,2832,5985,37.89711538461539,5.17207694719657,0.4258009615384616,0.07836466597167933,4207,33.7,-1.1925162040544215,-0.8099291900491687,0
8,14,3,5205.634615384615,740.5330021908753,3078,5985,37.99423076923077,4.934243863991251,0.42433076923076923,0.07476154465114963,3591,31.6,-2.1803387657540005,-1.293267675528652,0
8,14,4,5183.471153846154,730.6693294936731,2793,5985,37.776923076923076,4.246328643131817,0.42762596153846155,0.064336880355079,4976,42.2,-0.28394282617782846,1.0391765518891924,0
8,14,5,5210.836538461538,768.8984948294591,1676,5985,38.1375,4.879722009828415,0.42216346153846157,0.07393342591489364,4976,40.0,-0.30541545585814334,0.3809009993321388,0
8,14,6,3945.7403846153848,512.3689507124914,2095,4489,44.04807692307692,4.724671474051365,0.33260576923076923,0.07158180306125032,3155,41.5,-1.5432725788516808,-0.5381739656155237,0
8,15,0,6571.133333333333,1027.6679356180357,2722,7560,31.66095238095238,3.156357907160599,0.5202885714285714,0.04782133478312332,5314,27.6,-1.2232755903018442,-1.2825310656665467,0
8,15,1,6459.104761904762,938.6466108569615,3528,7560,31.524761904761903,4.407986217179277,0.5223514285714286,0.06678155565591577,6480,38.1,0.022260790424904333,1.4882885034069093,0
8,15,2,6441.163461538462,945.1401818313371,3577,7560,32.30480769230769,5.033738208430013,0.5105288461538462,0.07626536410299575,5314,31.1,-1.1925760405128982,-0.23887197204129176,0
8,15,3,6575.596153846154,935.4321105153067,3888,7560,32.63653846153846,4.495284642592039,0.5055048076923077,0.06810914909359773,4536,29.9,-2.1803552896743152,-0.6074063413591638,0
8,15,4,6547.615384615385,922.9250809267968,3528,7560,31.997115384615384,4.044040484820573,0.5151951923076923,0.06127428130526887,6286,35.0,-0.28346022382492464,0.7407140176888294,0
8,15,5,6582.182692307692,971.2698400659868,2117,7560,31.89134615384615,4.139018939546763,0.5167951923076923,0.06271181951401805,6286,33.9,-0.30494063614824984,0.4841274227524429,0
8,15,6,4983.923076923077,647.1789370411124,2646,5670,38.94903846153846,4.030177311676856,0.40986153846153844,0.061066326041861504,3985,34.7,-1.5434798398904352,-1.051696035532389,0
8,16,0,8761.57142857143,1370.2641790288733,3629,10080,22.18190476190476,3.212918064757098,0.6639095238095237,0.04868236437081299,7085,27.5,-1.2235298995122508,1.6500870115964454,0
8,16,1,8612.2,1251.6122633197176,4704,10080,22.81714285714286,3.859714445965608,0.6542885714285714,0.058483532057990666,8640,25.7,0.022211174101573142,0.7449792957882666,0
8,16,2,8588.259615384615,1260.2721542663974,4769,10080,23.072115384615383,4.812311410618677,0.6504269230769231,0.07291501401021964,7085,26.4,-1.192796081651774,0.6901015575345569,0
8,16,3,8767.51923076923,1247.3047912779919,5184,10080,22.966346153846153,5.502525643878315,0.6520269230769231,0.08336711562204645,6048,23.8,-2.1802990309950756,0.1512290191483506,0
8,16,4,8730.211538461539,1230.6290890504038,4704,10080,22.69326923076923,4.336238458116204,0.6561605769230769,0.0656958147922478,8381,27.0,-0.28376438028715684,0.9909099122686985,0
8,16,5,8776.240384615385,1295.1101650873068,2822,10080,22.422115384615385,3.9861156295069833,0.660275,0.06039859470814237,8381,28.3,-0.3051766123869601,1.4708995335327157,0
8,16,6,6645.336538461538,862.7696945514745,3528,7560,31.786538461538463,3.470067784019615,0.518385576923077,0.0525777564143511,5314,37.2,-1.54307820045956,1.555562096612032,0
8,17,0,9841.638095238095,1538.063481008415,4082,11340,17.438095238095237,4.339496181151344,0.7357838095238095,0.065752998065326,7970,24.3,-1.2168717023916071,1.5776320925722407,0
8,17,1,9688.647619047619,1408.0893422604781,5292,11340,17.80952380952381,4.225961970812632,0.7301542857142858,0.06402899738005043,9720,20.6,0.022265745044699796,0.6587585558377577,0
8,17,2,9661.673076923076,1417.8242831567275,5365,11340,18.56826923076923,5.778874557395412,0.7186692307692308,0.0875568310054288,7970,20.7,-1.1931387871061083,0.36824615011003115,0
8,17,3,9863.307692307691,1403.2596108611667,5832,11340,18.2,6.044543395027365,0.724239423076923,0.09158227498225877,6804,20.2,-2.1801282295497284,0.33033044269574696,0
8,17,4,9815.923076923076,1397.1894235527009,5292,11340,17.976923076923075,4.587133351274509,0.7276221153846154,0.06949969470734203,9428,23.0,-0.27764331303307627,1.092654169295378,0
8,17,5,9873.14423076923,1457.0558053047307,3175,11340,17.697115384615383,4.804517629945803,0.7318615384615386,0.07279739180713027,9428,20.2,-0.30550729359552364,0.5198619691029756,0
8,17,6,7475.923076923077,970.7324098334827,3969,8505,28.46826923076923,3.786031157665115,0.5686615384615384,0.05736378260620289,5978,32.0,-1.5430695741211358,0.9303745471370385,0
8,18,0,9309.142857142857,1455.8811991141538,3856,10710,19.66190476190476,3.7493686892283025,0.7020895238095237,0.056810805993716386,7528,26.3,-1.2234038218148475,1.7657473333528941,0
8,18,1,9150.44761904762,1329.8126529482986,4998,10710,20.07238095238095,4.15323079148342,0.6958704761904762,0.06292714182016912,9180,24.4,0.022222798571569485,1.039485741811843,0
8,18,2,9114.413461538461,1348.1028425130578,5067,10710,20.642307692307693,4.93158420572869,0.6872403846153846,0.07471732168027664,7528,24.9,-1.1767660773716686,0.8616047264268895,0
8,18,3,9315.451923076924,1325.2454022960974,5508,10710,20.909615384615385,5.963636071260604,0.6831913461538461,0.09035621642540134,6426,24.5,-2.1802981659767218,0.6010383914510787,0
8,18,4,9261.817307692309,1320.2645716351747,4884,10710,20.307692307692307,4.522429373510089,0.6923086538461539,0.06852372151175651,8905,25.2,-0.2702599257443748,1.0794007560053605,0
8,18,5,9324.778846153846,1375.9696666103011,2999,10710,19.95673076923077,4.306255653355218,0.6976259615384616,0.06524429223287945,8905,22.8,-0.305076344033457,0.6587351304270012,0
8,18,6,7060.576923076923,916.7573573622519,3748,8032,30.208653846153844,3.870654107359636,0.5423009615384615,0.05864276496347707,5646,28.6,-1.5430053346870707,-0.4145316231877097,0
8,19,0,7666.228571428572,1198.9636811810476,3175,8820,27.104761904761904,3.0328452290135375,0.5893190476190476,0.0459495293673858,6199,33.4,-1.2237370965334953,2.0688656903127973,0
8,19,1,7535.523809523809,1095.103561095392,4116,8820,26.88095238095238,3.84950284597533,0.5927133333333333,0.05832333130368133,7560,27.5,0.02235036743742668,0.1603956892254038,0
8,19,2,7514.6057692307695,1102.6739381825323,4173,8820,27.59423076923077,5.001122726823728,0.5819076923076923,0.0757772331671427,6199,29.5,-1.1930941620489908,0.38030783412426855,0
8,19,3,7671.403846153846,1091.4099059921,4536,8820,27.957692307692305,4.830198136756773,0.5763980769230769,0.07318407830023016,5292,30.3,-2.1800993669718434,0.4839280595808799,0
8,19,4,7638.759615384615,1076.8015159540853,4116,8820,27.317307692307693,4.027416775675047,0.5860980769230769,0.061022201881605856,7333,30.2,-0.28394905780117297,0.7139942363791081,0
8,19,5,7679.067307692308,1133.1655742770608,2470,8820,26.911538461538463,3.8097806601060373,0.5922509615384615,0.057720557148325115,7333,31.0,-0.30539601765868485,1.070339347272375,0
8,19,6,5814.625,755.0525756464192,3087,6615,35.78846153846154,4.49431804588143,0.4577509615384615,0.06809271234717137,4649,33.8,-1.5437462239498398,-0.4414567351165874,0
8,20,0,5475.914285714286,856.3977117317286,2268,6300,36.24761904761905,4.023275914506621,0.4507942857142857,0.06096264907644338,4428,36.9,-1.2236161250758884,0.16174964624525467,0
8,20,1,5382.580952380952,782.21869828162,2940,6300,36.135238095238094,4.589515244897894,0.45249904761904763,0.06954251673400692,5400,42.2,0.022268484469201405,1.3185654534984679,0
8,20,2,5367.653846153846,787.6285627125245,2981,6300,36.91153846153846,4.912996588054434,0.4407317307692308,0.07443929600156335,4428,33.6,-1.1930013214662831,-0.672667226618408,0
8,20,3,5479.663461538462,779.5643494687648,3240,6300,37.49134615384615,4.781804318372757,0.43195,0.07245081223957918,3780,30.6,-2.180245492552038,-1.4381526656719519,0
8,20,4,5456.317307692308,769.112642960453,2940,6300,36.23076923076923,4.201804441854446,0.4510490384615385,0.0636645105374972,5238,39.1,-0.2838523994716577,0.6812355152860454,0
8,20,5,5485.115384615385,809.3954391077295,1764,6300,36.92211538461539,4.325650671763723,0.44057115384615386,0.06554447193011369,5238,42.3,-0.30530482336244147,1.240386973611255,0
8,20,6,4153.211538461538,539.272769445641,2205,4725,43.15384615384615,4.843771359778485,0.34615576923076924,0.07339273373060226,3321,42.1,-1.5431821404511312,-0.2171190350206869,0
8,21,0,3833.190476190476,599.4454022619911,1588,4410,43.864761904761906,5.1252763706416715,0.33538190476190477,0.0776595451820023,3100,46.4,-1.2230942842851156,0.49369068230329843,0
8,21,1,3767.8380952380953,547.558973357235,2058,4410,42.785714285714285,5.59774041932973,0.3517266666666667,0.08481363989842977,3780,47.0,0.02221072660004465,0.7515122668230481,0
8,21,2,3757.403846153846,551.3491399828431,2087,4410,44.05673076923077,5.695915150574067,0.3324682692307693,0.08630283805976215,3100,47.3,-1.1923332696984092,0.5684047423037699,0
8,21,3,3835.8365384615386,545.6712640049105,2268,4410,44.9673076923077,5.042141676024714,0.3186759615384615,0.07640152681744877,2646,37.2,-2.180460677225728,-1.5374287164526659,0
8,21,4,3819.471153846154,538.3883529361464,2058,4410,43.551923076923075,5.470272366255239,0.3401278846153846,0.0828810604768844,3667,49.2,-0.28319394555101246,1.03061974763425,0
8,21,5,3839.625,566.5601740550096,1235,4410,43.54615384615385,5.534164377278863,0.34021250000000003,0.08384929116361556,3667,51.7,-0.3046842349015701,1.4707078648790264,0
8,21,6,2907.375,377.51816486869245,1544,3308,48.35480769230769,5.856170586931467,0.26735288461538464,0.08873097548779506,2325,46.7,-1.5426001400519482,-0.28209334655119495,0
8,22,0,2464.1619047619047,385.34507821435744,1021,2835,49.294285714285714,5.7854896171275,0.2531095238095238,0.0876642562935535,1993,40.5,-1.2226695102738891,-1.5174361952605049,0
8,22,1,2422.190476190476,351.9603642249337,1323,2835,48.478095238095236,6.384957998662846,0.26548285714285713,0.09674351643664537,2430,53.6,0.022188015251571068,0.8009286007782586,0
8,22,2,2415.4615384615386,354.4431410733192,1341,2835,48.99134615384616,6.508800772082726,0.2577009615384615,0.0986200815478438,1993,46.3,-1.1918685137964449,-0.4128590898761721,0
8,22,3,2465.855769230769,350.80103669321403,1458,2835,50.55865384615385,5.864168148440913,0.23396153846153847,0.08885216947779684,1701,39.0,-2.180250018472592,-1.9677090532761958,0
8,22,4,2455.355769230769,346.0816144349307,1323,2835,49.325,6.210166265772897,0.2526538461538462,0.09409244568283921,2357,54.6,-0.2841899807117722,0.8480480705196302,0
8,22,5,2468.3076923076924,364.18636744325835,794,2835,50.05384615384616,5.8409987687790395,0.24161057692307694,0.08849861709003365,2357,51.3,-0.3056254873959831,0.2129813892293606,0
8,22,6,1868.9038461538462,242.70132346620608,992,2126,52.583653846153844,6.676347332505769,0.20366826923076922,0.10027936246696613,1494,44.2,-1.5446491774663573,-1.253846596541073,0
8,23,0,1642.7333333333333,256.94728831875034,680,1890,53.42285714285714,7.613869646179331,0.19099333333333335,0.11455421395958086,1328,46.4,-1.2248468817234444,-0.9211670016389402,0
8,23,1,1614.7047619047619,234.67677951278185,882,1890,52.053333333333335,7.366113507483317,0.21131142857142857,0.11160333803448512,1620,63.7,0.022563001231817245,1.5789706401414147,0
8,23,2,1610.201923076923,236.2983296148962,894,1890,53.12596153846154,7.2643162326955055,0.19565576923076922,0.10888663546950358,1328,48.8,-1.194210646475383,-0.5946897825279933,0
8,23,3,1643.826923076923,233.87580482735825,972,1890,54.14807692307692,6.665794161227199,0.18090288461538462,0.09827372260530791,1134,41.0,-2.179811311991549,-1.9695150278060605,0
8,23,4,1636.826923076923,230.74545477468996,882,1890,53.200961538461534,6.921452443009087,0.19404326923076923,0.10464918812688483,1571,58.5,-0.2852670292938324,0.7644917865494355,0
8,23,5,1645.4326923076924,242.879080723053,529,1890,53.53846153846154,7.212937509300177,0.18894807692307694,0.10905058056919947,1571,61.8,-0.30644725603190875,1.1437920445664922,0
8,23,6,1246.076923076923,161.86250261733701,662,1418,55.5,6.450107246794088,0.15983557692307693,0.09634545139002369,996,46.4,-1.5449005793658444,-1.40864534478371,0
9,0,0,1369.0285714285715,214.12260403899344,567,1575,53.785714285714285,7.482150921866146,0.18545238095238095,0.11267297138113239,1107,48.7,-1.2236743330355064,-0.6788056378938415,0
9,0,1,1345.6857142857143,195.57535014008687,735,1575,53.43714285714285,7.51424617672296,0.19086380952380955,0.11289756685036485,1350,57.3,0.022058327534222818,0.5133879264619619,0
9,0,2,1341.9423076923076,196.94900167465246,745,1575,53.69519230769231,7.599826004749353,0.18731346153846154,0.11353648236023685,1107,49.4,-1.1928487943922363,-0.564427137363147,0
9,0,3,1369.9615384615386,194.89897423237883,810,1575,55.35480769230769,7.20482416335018,0.16212307692307693,0.10775329628528095,945,41.2,-2.180307705867259,-1.9619061215949227,0
9,0,4,1364.1826923076924,192.24159377498708,735,1575,54.31730769230769,7.485681377858268,0.17722980769230767,0.1130499690873123,1310,56.3,-0.281832213943091,0.2645112842641687,0
9,0,5,1371.3461538461538,202.34507530361748,441,1575,54.58173076923077,7.3013200618283856,0.17367403846153848,0.10945260710896731,1310,56.8,-0.30316093507468916,0.3034020138648526,0
9,0,6,1038.2307692307693,134.81812493523645,551,1181,56.16826923076923,6.857315056994879,0.15075576923076922,0.1009093160391062,830,51.3,-1.5444164140886123,-0.7089043083600098,0
9,1,0,1095.1904761904761,171.2339321624354,454,1260,54.73238095238095,7.6856696725150995,0.17113333333333333,0.11575216451429148,886,52.8,-1.2215935101983417,-0.2510997787862966,0
9,1,1,1076.5047619047618,156.4001354889195,588,1260,54.331428571428575,8.389752383410675,0.1785,0.12444732976088872,1080,67.4,0.0223466214917113,1.5558281758854666,0
9,1,2,1073.5576923076924,157.4865583367634,596,1260,54.78173076923077,7.402922073599177,0.1707451923076923,0.1108994514241448,886,49.5,-1.1908685134988883,-0.712503209502423,0
9,1,3,1095.9615384615386,155.88730825593237,648,1260,56.4076923076923,6.946392404578572,0.1476105769230769,0.10153032730554316,756,36.3,-2.180676127540528,-2.890534509591176,1
9,1,4,1091.2884615384614,153.791857390279,588,1260,55.36826923076923,7.067871576778981,0.16153076923076923,0.1063106375929613,1048,58.4,-0.28145603878251646,0.42833933002927677,0
9,1,5,1097.0576923076924,161.8160784385308,353,1260,55.73557692307692,7.983318995768624,0.15641346153846153,0.11962922091462139,1048,52.1,-0.30315072070616117,-0.4548269529842938,0
9,1,6,830.6442307692307,107.86875504939975,441,945,57.64423076923077,6.991684754994236,0.12802884615384616,0.10398258225418308,664,50.2,-1.5447363171082307,-1.063205646886753,0
9,2,0,985.6666666666666,154.24846755669807,408,1134,56.32857142857143,7.883047954626753,0.1475742857142857,0.1180194687561951,797,50.8,-1.2230554967578797,-0.700435555485342,0
9,2,1,968.847619047619,140.8759534096726,529,1134,55.187619047619044,8.454308132977294,0.16541047619047616,0.12578469465091893,972,67.0,0.022375409869388584,1.3955518592664924,0
9,2,2,966.2307692307693,141.8115275121345,537,1134,55.622115384615384,7.737199974336179,0.1580673076923077,0.11595753779432319,797,47.2,-1.193265734754476,-1.0871173343291727,0
9,2,3,986.4134615384615,140.38771628952722,583,1134,56.83076923076923,6.972471207710007,0.14076538461538463,0.10276621008762057,680,39.2,-2.1824675616986378,-2.52500421502654,1
9,2,4,982.1634615384615,138.46334978796142,529,1134,55.93846153846154,7.782308885590402,0.15419423076923078,0.11530841448840463,943,52.9,-0.2828230962739831,-0.3899308386093738,0
9,2,5,987.3942307692307,145.72246651750797,318,1134,55.425,7.848897640736392,0.16137596153846154,0.11714298084064413,943,59.2,-0.3046282810556651,0.48034726657239957,0
9,2,6,747.4903846153846,96.9529958371188,397,850,57.888461538461534,7.204210037911926,0.12604711538461538,0.10486747712512443,598,49.3,-1.5417261329930732,-1.190492305231991,0
9,3,0,821.4,128.44570837517307,340,945,56.260000000000005,8.045287679514878,0.14856857142857144,0.12058172245912226,664,48.8,-1.225325071115493,-0.9260997616474052,0
9,3,1,807.3809523809524,117.37394064012648,441,945,55.51238095238095,8.018508580370783,0.15998380952380953,0.11986954296860328,810,62.5,0.022311805215987933,0.8703508226550761,0
9,3,2,805.1634615384615,118.19878850240134,447,945,55.940384615384616,8.174344416939581,0.15444326923076923,0.120951395007486,664,52.9,-1.1941875331510896,-0.37148786274093853,0
9,3,3,821.9711538461538,116.96879151699817,486,945,57.61346153846154,7.268352168217002,0.12961826923076922,0.10669206007202338,567,37.7,-2.1796357317394923,-2.735984887543549,1
9,3,4,818.4519230769231,115.40354521717718,441,945,56.162499999999994,7.640225527856156,0.15041442307692307,0.11371887447259761,786,59.8,-0.28117950120895535,0.47547617867670233,0
9,3,5,822.7596153846154,121.4189965457659,265,945,56.68557692307692,7.26258423434907,0.14252403846153847,0.10796710259048778,786,58.8,-0.30272518451357594,0.2907388912646022,0
9,3,6,623.0192307692307,80.92223052769427,331,709,57.809615384615384,7.621565204163408,0.1264298076923077,0.11250458793648717,498,50.0,-1.5447397156124378,-1.0233307553154156,0
9,4,0,1095.1904761904761,171.2339321624354,454,1260,55.766666666666666,7.6389521364903015,0.15591619047619049,0.11446041314644849,886,54.1,-1.2215935101983417,-0.21789477001897012,0
9,4,1,1076.5047619047618,156.4001354889195,588,1260,54.48761904761905,7.814147613809385,0.17497904761904765,0.11748048912907764,1080,66.8,0.0223466214917113,1.5736386326160268,0
9,4,2,1073.5576923076924,157.4865583367634,596,1260,55.30865384615385,8.20252282499404,0.1634596153846154,0.12208260574337916,886,53.5,-1.1908685134988883,-0.2202312108831387,0
9,4,3,1095.9615384615386,155.88730825593237,648,1260,55.89038461538462,7.356504541827983,0.15420288461538462,0.10988781963538799,756,38.2,-2.180676127540528,-2.4014625274356765,0
9,4,4,1091.2884615384614,153.791857390279,588,1260,55.260576923076925,7.201286539172573,0.1640298076923077,0.10687559674942257,1048,51.9,-0.28145603878251646,-0.4660162794560818,0
9,4,5,1097.0576923076924,161.8160784385308,353,1260,56.05384615384616,8.066277916884108,0.15216538461538462,0.1201272389902617,1048,59.5,-0.30315072070616117,0.4267007502242314,0
9,4,6,830.6442307692307,107.86875504939975,441,945,56.997115384615384,7.0517980455964215,0.13837884615384616,0.10389402991068782,664,53.0,-1.5447363171082307,-0.5660194979815226,0
9,5,0,1916.6285714285714,299.7440336591968,794,2205,51.444761904761904,7.166414468686299,0.22063523809523808,0.10836540213994682,1550,44.6,-1.2230980412607462,-0.9537857567492046,0
9,5,1,1883.9333333333334,273.8184851694875,1029,2205,51.41142857142857,7.602951277751827,0.22146857142857143,0.11426500432890954,1890,58.4,0.022154987502164405,0.9179845205360639,0
9,5,2,1878.673076923077,275.6674316279374,1043,2205,51.24038461538461,6.569885980166047,0.2236298076923077,0.09954204544619899,1550,47.1,-1.19223788099805,-0.6292486872667856,0
9,5,3,1917.9038461538462,272.81607728266016,1134,2205,52.747115384615384,6.083065092418128,0.20123653846153847,0.0910967937769772,1323,42.5,-2.1805241349326696,-1.6817669316164578,0
9,5,4,1909.7307692307693,269.2234871521316,1029,2205,52.12980769230769,7.094122821282092,0.21034423076923076,0.10709008804125661,1833,51.2,-0.28499712291514545,-0.1308828289851958,0
9,5,5,1919.7884615384614,283.3399163815185,617,2205,52.18557692307692,7.083831148580423,0.20954326923076924,0.10685315916789646,1833,53.5,-0.3062942902781891,0.1852910013492656,0
9,5,6,1453.625,188.76544172673994,772,1654,54.9375,6.670470900831137,0.16806826923076923,0.10024629694579387,1162,43.1,-1.5448248847015755,-1.7719559258206277,0
9,6,0,3559.3238095238094,556.6919375830437,1474,4095,44.68190476190477,5.194889888378864,0.32299904761904763,0.0787092733457927,2878,40.5,-1.223857442425689,-0.8034569129390903,0
9,6,1,3498.657142857143,508.43607926984953,1911,4095,44.16095238095238,5.867699969357919,0.3308952380952381,0.08890228687565699,3510,44.2,0.022308869328181245,0.006643350162680671,0
9,6,2,3488.923076923077,511.96075950028666,1938,4095,44.98846153846154,6.0553804638200175,0.3183519230769231,0.09174748374187108,2878,42.7,-1.1932772830998664,-0.37729892660686476,0
9,6,3,3561.7115384615386,506.75826130370285,2106,4095,45.8423076923077,5.374710510293073,0.30541826923076926,0.08143265102700535,2457,39.7,-2.1799146134755514,-1.1406941339866736,0
9,6,4,3546.6153846153848,499.92003841570437,1911,4095,45.17788461538461,5.409771036390431,0.31548846153846155,0.08196734290230791,3405,47.1,-0.2832704053234505,0.3546488166584095,0
9,6,5,3565.3365384615386,526.0895787464065,1147,4095,45.58653846153846,5.647476585601228,0.30929903846153844,0.08556728970247704,3405,51.4,-0.304764620499392,1.0275714712204564,0
9,6,6,2699.701923076923,350.45589946809866,1433,3071,49.60673076923077,6.305757338823897,0.24869423076923078,0.09468051729232549,2159,43.8,-1.5428089406060477,-0.9194037164056226,0
9,7,0,8213.87619047619,1284.6168816424347,3402,9450,24.624761904761904,2.9144131535017532,0.6268933333333334,0.04415516623372857,6642,27.2,-1.2236052451794397,0.8805999563209637,0
9,7,1,8073.8,1173.3310766295313,4410,9450,24.854285714285712,3.9019233071019572,0.6234228571428572,0.05911599623612048,8100,30.3,0.022329398093911754,1.3920810451032588,0
9,7,2,8051.346153846154,1181.4400770725608,4471,9450,25.377884615384616,5.160510186465616,0.6154865384615384,0.07818387346157017,6642,29.8,-1.1928952235868335,0.8552570684786122,0
9,7,3,8219.403846153846,1169.337049911506,4860,9450,25.352884615384614,5.023729259810636,0.6158634615384616,0.07611344121462701,5670,23.9,-2.1801943626118354,-0.28862986871075214,0
9,7,4,8184.451923076923,1153.7113845460733,4410,9450,24.815384615384616,3.8451777700965275,0.6240115384615385,0.058262968151342326,7857,26.6,-0.28382235734128947,0.46291390204055405,0
9,7,5,8227.60576923077,1214.1523745824727,2646,9450,24.91346153846154,4.369489488127402,0.6225211538461538,0.0662030484633463,7857,27.3,-0.30523575510912515,0.5449353099278486,0
9,7,6,6230.009615384615,808.8774253414634,3308,7088,33.90865384615385,4.053791478941947,0.4862298076923077,0.06142898319736121,4982,29.8,-1.5428718215736645,-1.0110395347409853,0
9,8,0,9856.67619047619,1541.626279760074,4082,11340,17.396190476190476,4.112479221587066,0.7364257142857144,0.06231271327958476,7970,25.8,-1.2238140832867623,2.0385329002517665,0
9,8,1,9688.647619047619,1408.0893422604781,5292,11340,17.904761904761905,4.411204722774391,0.7287095238095238,0.06683689464171708,9720,20.9,0.022265745044699796,0.6774710249921483,0
9,8,2,9661.673076923076,1417.8242831567275,5365,11340,18.528846153846153,5.791367413641694,0.7192576923076923,0.08774719943231858,7970,22.6,-1.1931387871061083,0.7017576298616574,0
9,8,3,9863.307692307691,1403.2596108611667,5832,11340,18.18076923076923,5.617778245200496,0.7245326923076922,0.08511359336325415,6804,21.9,-2.1801282295497284,0.6608701706401845,0
9,8,4,9821.35576923077,1384.485309141462,5292,11340,17.998076923076923,4.6637411702155225,0.7272990384615384,0.07066326477992457,9428,22.0,-0.2841149165573504,0.856256889539849,0
9,8,5,9873.14423076923,1457.0558053047307,3175,11340,17.474038461538463,4.727794189833031,0.7352432692307692,0.07163593604398347,9428,19.7,-0.30550729359552364,0.46983077974097975,0
9,8,6,7475.923076923077,970.7324098334827,3969,8505,28.133653846153848,4.096306898794482,0.5737307692307693,0.06206763000589094,5978,28.2,-1.5430695741211358,0.016157134739643763,0
9,9,0,7666.228571428572,1198.9636811810476,3175,8820,26.822857142857142,3.121521360554112,0.5935933333333333,0.04728878397404174,6199,28.0,-1.2237370965334953,0.37590127021664854,0
9,9,1,7535.523809523809,1095.103561095392,4116,8820,26.793333333333337,4.127586989873667,0.59404,0.06254181462767991,7560,31.2,0.02235036743742668,1.0650329956691043,0
9,9,2,7514.6057692307695,1102.6739381825323,4173,8820,27.65192307692308,4.727239403962414,0.5810288461538462,0.07162440555076441,6199,29.9,-1.1930941620489908,0.47455421425325034,0
9,9,3,7671.403846153846,1091.4099059921,4536,8820,27.68173076923077,4.477489857270107,0.5805788461538461,0.06783768702704995,5292,26.0,-2.1800993669718434,-0.37475979282855154,0
9,9,4,7638.759615384615,1076.8015159540853,4116,8820,27.237499999999997,3.984172265449462,0.587314423076923,0.060364389325935006,7333,29.1,-0.28394905780117297,0.46630437452862794,0
9,9,5,7679.067307692308,1133.1655742770608,2470,8820,27.389423076923077,4.252650076556623,0.5850057692307693,0.06443364740451327,7333,27.2,-0.30539601765868485,-0.04443786694217548,0
9,9,6,5814.625,755.0525756464192,3087,6615,35.80480769230769,4.100802190234905,0.4574971153846154,0.06213513374868633,4649,33.6,-1.5437462239498398,-0.5363448763224725,0
9,10,0,5475.914285714286,856.3977117317286,2268,6300,36.82857142857143,3.791937658874578,0.4419914285714286,0.05745810867708101,4428,37.2,-1.2236161250758884,0.09769454545409913,0
9,10,1,5382.580952380952,782.21869828162,2940,6300,36.37238095238095,4.179540258994618,0.4489028571428571,0.06332805529867538,5400,40.6,0.022268484469201405,1.009089013655539,0
9,10,2,5367.653846153846,787.6285627125245,2981,6300,36.575,4.821729738372206,0.4458307692307692,0.07305210413019698,4428,34.7,-1.1930013214662831,-0.38805978428579935,0
9,10,3,5479.663461538462,779.5643494687648,3240,6300,36.99903846153846,4.654833487314326,0.4394048076923077,0.0705273621484112,3780,32.8,-2.180245492552038,-0.9001475557396513,0
9,10,4,5456.317307692308,769.112642960453,2940,6300,36.65096153846154,4.480377827174233,0.444685576923077,0.06788790363428601,5238,40.3,-0.2838523994716577,0.8126350614542335,0
9,10,5,5485.115384615385,809.3954391077295,1764,6300,36.73653846153846,4.584800928274246,0.44338653846153847,0.06946887975144582,5238,38.5,-0.30530482336244147,0.3837949817608044,0
9,10,6,4153.211538461538,539.272769445641,2205,4725,42.95769230769231,5.046188455044438,0.3491201923076923,0.07645113596444413,3321,37.3,-1.5431821404511312,-1.1189638910803992,0
9,11,0,4928.295238095238,770.8074553026735,2041,5670,38.743809523809524,4.144665798198278,0.4129752380952381,0.0627973262857957,3985,38.6,-1.2237595705780155,-0.03461398119480217,0
9,11,1,4844.304761904762,704.0353346110921,2646,5670,38.322857142857146,4.91996046620407,0.41934285714285713,0.07454485595566304,4860,37.3,0.02229293672389418,-0.2074777576552697,0
9,11,2,4830.875,708.8626564975046,2683,5670,39.073076923076925,5.943736701319123,0.40798653846153843,0.0900549509241978,3985,35.2,-1.1932679194869997,-0.6505287548605895,0
9,11,3,4931.615384615385,701.6516479712861,2916,5670,39.81442307692308,5.034857491050809,0.39675096153846157,0.07629287970847672,3402,30.5,-2.1799900123342364,-1.8463203556187964,0
9,11,4,4910.615384615385,692.2445315143349,2646,5670,38.95961538461539,4.540444339719529,0.40970673076923075,0.06879170228865886,4714,43.6,-0.28402180941348354,1.0197651633446037,0
9,11,5,4936.567307692308,728.4629084709283,1588,5670,39.11153846153846,4.766617487312259,0.40740288461538465,0.07222140507371422,4714,47.2,-0.30552585429632323,1.693345041746857,0
9,11,6,3737.9326923076924,485.2910899940699,1984,4252,45.21153846153846,4.892342097849437,0.31497499999999995,0.07413139443431978,2989,47.6,-1.543233072723665,0.48720825490928377,0
9,12,0,4654.533333333334,727.9489371708735,1928,5355,39.46857142857143,4.267189542709178,0.4019933333333333,0.0646584030868656,3764,39.4,-1.2233290751182841,-0.016031889138118,0
9,12,1,4575.171428571429,664.8691522099966,2499,5355,39.46380952380952,5.327489013985781,0.4020647619047619,0.0807234035515871,4590,45.1,0.022302656624564626,1.0559629184101385,0
9,12,2,4558.596153846154,666.9356749703607,2534,5355,39.958653846153844,5.312407359821354,0.3945653846153846,0.08048743828810015,3764,39.5,-1.191395616864097,-0.08617413421156071,0
9,12,3,4657.673076923077,662.6077408974609,2754,5355,40.7826923076923,4.407373396244166,0.38207884615384613,0.0667787837261002,3213,33.1,-2.180251127846935,-1.7391992069822404,0
9,12,4,4637.865384615385,653.740441021538,2499,5355,40.08653846153846,4.919212536482731,0.392625,0.07453077001890998,4452,43.6,-0.2843063238702448,0.7127835353937879,0
9,12,5,4662.307692307692,688.0323298585215,1499,5355,40.409615384615385,5.3293566749732015,0.38773653846153844,0.08075201768820985,4452,45.5,-0.30566097924663566,0.953370401202906,0
9,12,6,3526.6153846153848,458.0721592303844,1874,4016,45.44615384615384,5.26340956121707,0.31185865384615385,0.07787757583276302,2823,42.9,-1.5360025935031314,-0.4828287688631956,0
9,13,0,4654.533333333334,727.9489371708735,1928,5355,39.84952380952381,4.2876863899724045,0.39621619047619044,0.06496305921268689,3764,42.4,-1.2233290751182841,0.5934533046494735,0
9,13,1,4575.171428571429,664.8691522099966,2499,5355,39.87619047619047,5.415691656401434,0.3958123809523809,0.08205399804542186,4590,40.8,0.022302656624564626,0.17026576191803658,0
9,13,2,4562.461538461538,669.4617157071867,2534,5355,40.12980769230769,5.25569279531968,0.39197115384615383,0.07963204905997752,3764,41.3,-1.192674043918487,0.22222950581781167,0
9,13,3,4657.673076923077,662.6077408974609,2754,5355,41.03365384615385,5.282148183496203,0.3782798076923077,0.08003202075165744,3213,32.6,-2.180251127846935,-1.593616345145921,0
9,13,4,4637.865384615385,653.740441021538,2499,5355,40.0125,4.765525215810348,0.3937509615384615,0.07220610064212203,4452,41.9,-0.2843063238702448,0.3952444840519412,0
9,13,5,4662.307692307692,688.0323298585215,1499,5355,40.43846153846154,4.757667448645859,0.38729326923076923,0.07208700146003875,4452,40.6,-0.30566097924663566,0.03388207404951112,0
9,13,6,3530.1923076923076,458.3369701351628,1874,4016,45.68653846153846,5.764825676972808,0.30778076923076925,0.08734741489433404,2823,39.3,-1.5429191284579942,-1.105927489206275,0
9,14,0,5190.914285714286,823.8410170831334,2155,5985,37.74857142857143,4.043611159445381,0.42804761904761907,0.061269457027697476,4207,38.3,-1.1942866675067794,0.1360339089613157,0
9,14,1,5113.428571428572,743.0739281103615,2793,5985,37.359047619047615,4.735132506433144,0.43395904761904763,0.07174502488143755,5130,39.8,0.022300884118929946,0.5144118478552698,0
9,14,2,5096.413461538462,754.3793129309635,2832,5985,37.74519230769231,5.336627053877126,0.4281048076923077,0.08085737939053186,4207,39.1,-1.1789847049700384,0.25339483727881323,0
9,14,3,5205.634615384615,740.5330021908753,3078,5985,38.417307692307695,4.487424549657886,0.41792019230769234,0.06799205461835077,3591,32.3,-2.1803387657540005,-1.3601801708431183,0
9,14,4,5183.471153846154,730.6693294936731,2793,5985,37.708653846153844,4.583086478064969,0.42865865384615387,0.06943967083410546,4976,41.7,-0.28394282617782846,0.8689899859076204,0
9,14,5,5210.836538461538,768.8984948294591,1676,5985,37.62596153846154,4.760741461226631,0.42991153846153846,0.07213334242132617,4976,41.4,-0.30541545585814334,0.7910800642229933,0
9,14,6,3945.7403846153848,512.3689507124914,2095,4489,43.89903846153846,5.0309236966212065,0.3348673076923077,0.07622301902689442,3155,39.5,-1.5432725788516808,-0.8726651554926362,0
9,15,0,6571.133333333333,1027.6679356180357,2722,7560,31.72952380952381,3.381110531306011,0.5192504761904763,0.05122921177603791,5314,33.9,-1.2232755903018442,0.6400487894566739,0
9,15,1,6459.104761904762,938.6466108569615,3528,7560,31.976190476190474,3.760690500465712,0.5155123809523809,0.0569853974129778,6480,37.4,0.022260790424904333,1.4384128114305956,0
9,15,2,6441.163461538462,945.1401818313371,3577,7560,32.02211538461539,4.795668691658063,0.5148153846153847,0.07266562837699438,5314,31.8,-1.1925760405128982,-0.04621945432920682,0
9,15,3,6575.596153846154,935.4321105153067,3888,7560,32.525,5.020748213300407,0.5071951923076923,0.07607439687672084,4536,27.1,-2.1803552896743152,-1.0783684195637657,0
9,15,4,6547.615384615385,922.9250809267968,3528,7560,32.275,4.280090508071242,0.5109846153846154,0.06485499848875835,6286,37.1,-0.28346022382492464,1.1246848967224348,0
9,15,5,6582.182692307692,971.2698400659868,2117,7560,31.975,3.962022382473792,0.515526923076923,0.06003289588632952,6286,33.7,-0.30494063614824984,0.4342875829732018,0
9,15,6,4983.923076923077,647.1789370411124,2646,5670,39.5951923076923,4.556897680167187,0.4000740384615385,0.06904590002126179,3985,35.5,-1.5434798398904352,-0.896712077758305,0
9,16,0,8761.57142857143,1370.2641790288733,3629,10080,22.272380952380953,3.4497072127181814,0.6625380952380953,0.05226927024286456,7085,26.9,-1.2235298995122508,1.3375753389210279,0
9,16,1,8612.2,1251.6122633197176,4704,10080,22.2447619047619,3.4644341571610258,0.6629580952380952,0.05249149524694519,8640,26.2,0.022211174101573142,1.1383833787974096,0
9,16,2,8588.259615384615,1260.2721542663974,4769,10080,22.93653846153846,4.991741873389006,0.6524798076923077,0.07562538277821151,7085,23.4,-1.192796081651774,0.09266002728515695,0
9,16,3,8767.51923076923,1247.3047912779919,5184,10080,22.736538461538462,5.126119251542108,0.6555096153846154,0.07767173083383956,6048,22.7,-2.1802990309950756,-0.007114021257877171,0
9,16,4,8730.211538461539,1230.6290890504038,4704,10080,22.595192307692308,3.784110361074928,0.6576490384615384,0.05733637418682586,8381,26.2,-0.28376438028715684,0.9501061775352249,0
9,16,5,8776.240384615385,1295.1101650873068,2822,10080,22.59807692307692,4.496729788428686,0.6576048076923077,0.06812996771563544,8381,26.2,-0.3051766123869601,0.7992320920085434,0
9,16,6,6645.336538461538,862.7696945514745,3528,7560,31.772115384615386,3.649483451433269,0.5186076923076923,0.05529850450462563,5314,31.3,-1.54307820045956,-0.1290114823255936,0
9,17,0,9856.67619047619,1541.626279760074,4082,11340,17.482857142857142,3.8651414827039225,0.7351114285714286,0.05856087778195783,7970,21.8,-1.2238140832867623,1.1140607062765937,0
9,17,1,9688.647619047619,1408.0893422604781,5292,11340,18.14,4.291104394334507,0.7251514285714286,0.0650160514415859,9720,19.9,0.022265745044699796,0.4091972290461729,0
9,17,2,9661.673076923076,1417.8242831567275,5365,11340,18.517307692307693,5.573732470434789,0.7194298076923077,0.08445282348232898,7970,20.4,-1.1931387871061083,0.33717451859682424,0
9,17,3,9863.307692307691,1403.2596108611667,5832,11340,18.20576923076923,5.586092767959367,0.7241519230769231,0.0846405110616112,6804,20.8,-2.1801282295497284,0.46357894280883477,0
9,17,4,9821.35576923077,1384.485309141462,5292,11340,17.657692307692308,4.553089046523397,0.7324567307692308,0.06898445408723054,9428,19.7,-0.2841149165573504,0.4475712990663023,0
9,17,5,9873.14423076923,1457.0558053047307,3175,11340,17.598076923076924,4.391098249719036,0.7333567307692307,0.0665247727628597,9428,21.6,-0.30550729359552364,0.9093010084877242,0
9,17,6,7468.8557692307695,984.3241377319426,3969,8505,28.522115384615386,4.096741701533233,0.5678480769230769,0.062073609577457334,5978,30.9,-1.5145830181872293,0.5790197651088794,0
9,18,0,9309.142857142857,1455.8811991141538,3856,10710,19.902857142857144,3.819747704688429,0.6984400000000001,0.05787387746045438,7528,23.2,-1.2234038218148475,0.860929521050812,0
9,18,1,9143.933333333332,1344.8771052423817,4998,10710,20.33904761904762,4.341780369451773,0.6918314285714287,0.06578536240375515,9180,22.1,0.02681761653158792,0.40465102359341326,0
9,18,2,9125.038461538461,1338.9902072850937,5067,10710,20.474038461538463,4.945646220889205,0.6897865384615384,0.07493367171594795,7528,26.2,-1.1927096447405008,1.155441951107259,0
9,18,3,9296.298076923076,1324.3024240284121,5508,10710,20.549038461538462,5.270084010168577,0.6886576923076924,0.07984623656536338,6426,23.1,-2.167387411644109,0.48312896793854143,0
9,18,4,9275.817307692309,1307.5316459399478,4998,10710,20.107692307692307,4.310625668273585,0.6953365384615384,0.06531089065681814,8905,22.2,-0.2835988504410048,0.48426034860449424,0
9,18,5,9297.278846153846,1407.1185696531525,2999,10710,20.129807692307693,4.588839983028734,0.6950038461538461,0.06952186206835824,8905,23.1,-0.27877967558468364,0.6458568505652114,0
9,18,6,7060.576923076923,916.7573573622519,3748,8032,30.35673076923077,4.024747822361937,0.5400528846153846,0.06098490973100791,5646,30.7,-1.5430053346870707,0.08507823682727245,0
9,19,0,7659.266666666666,1199.2171907176867,3175,8820,26.674285714285716,2.77603163677067,0.5958438095238096,0.04206033195077665,6199,33.0,-1.2176730797712807,2.2705105721794716,0
9,19,1,7535.523809523809,1095.103561095392,4116,8820,26.96952380952381,4.25793656710898,0.591372380952381,0.06451274247303353,7560,32.8,0.02235036743742668,1.3661112574654881,0
9,19,2,7514.6057692307695,1102.6739381825323,4173,8820,27.25576923076923,4.758473829805829,0.5870298076923077,0.07210014594037137,6199,30.3,-1.1930941620489908,0.6384077752933233,0
9,19,3,7671.403846153846,1091.4099059921,4536,8820,27.620192307692307,5.372572918861496,0.5815096153846154,0.08140192803140033,5292,27.6,-2.1800993669718434,-0.003751422971261147,0
9,19,4,7638.759615384615,1076.8015159540853,4116,8820,27.504807692307693,3.8277063478000493,0.5832586538461538,0.05799547121685814,7333,30.8,-0.28394905780117297,0.858635864513517,0
9,19,5,7679.067307692308,1133.1655742770608,2470,8820,27.13653846153846,3.731265375107648,0.5888413461538462,0.056538095431872167,7333,30.1,-0.30539601765868485,0.7921013992161069,0
9,19,6,5814.625,755.0525756464192,3087,6615,35.55769230769231,3.939757330945191,0.46125,0.059694975476059786,4649,36.6,-1.5437462239498398,0.2638915773740122,0
9,20,0,5475.914285714286,856.3977117317286,2268,6300,36.3552380952381,3.608749542441711,0.4491647619047619,0.05467984085873873,4428,37.5,-1.2236161250758884,0.31634184442327684,0
9,20,1,5382.580952380952,782.21869828162,2940,6300,36.02571428571429,4.463549565679172,0.45415714285714287,0.06762621228423257,5400,42.4,0.022268484469201405,1.4248832209637026,0
9,20,2,5367.653846153846,787.6285627125245,2981,6300,36.67596153846154,5.021478047837521,0.44430384615384616,0.0760828150264239,4428,33.7,-1.1930013214662831,-0.5914686519879738,0
9,20,3,5479.663461538462,779.5643494687648,3240,6300,36.86923076923077,4.805116143248988,0.44137115384615383,0.07280352022999309,3780,31.3,-2.180245492552038,-1.1566140054667389,0
9,20,4,5456.317307692308,769.112642960453,2940,6300,36.50192307692308,4.384216633467263,0.44693846153846156,0.06642769382078549,5238,38.2,-0.2838523994716577,0.38643450351173414,0
9,20,5,5485.115384615385,809.3954391077295,1764,6300,36.58846153846154,4.465125003790737,0.4456307692307692,0.06765149712667275,5238,38.6,-0.30530482336244147,0.44949324540310126,0
9,20,6,4153.211538461538,539.272769445641,2205,4725,42.599999999999994,4.604366859271454,0.35454423076923075,0.06976218803201481,3321,37.9,-1.5431821404511312,-1.018557939440052,0
9,21,0,3833.190476190476,599.4454022619911,1588,4410,43.55809523809524,4.84767551259961,0.34003428571428573,0.07344801252556836,3100,45.5,-1.2230942842851156,0.39976008213556835,0
9,21,1,3767.8380952380953,547.558973357235,2058,4410,43.07238095238095,5.331555106484398,0.34738857142857144,0.08077740582123687,3780,48.4,0.02221072660004465,0.9973910109345432,0
9,21,2,3757.403846153846,551.3491399828431,2087,4410,43.57692307692308,5.2386211550059505,0.33974134615384616,0.07937635510419075,3100,45.0,-1.1923332696984092,0.27113348078468935,0
9,21,3,3835.8365384615386,545.6712640049105,2268,4410,44.53942307692308,5.242904002780797,0.32516057692307687,0.0794392451717055,2646,33.7,-2.180460677225728,-2.0635105974114265,0
9,21,4,3819.471153846154,538.3883529361464,2058,4410,43.36057692307692,5.398137367886174,0.3430221153846154,0.08179227532155971,3667,43.8,-0.28319394555101246,0.08125220330615056,0
9,21,5,3839.625,566.5601740550096,1235,4410,43.87307692307692,5.318190632694157,0.3352519230769231,0.08058016087327546,3667,46.7,-0.3046842349015701,0.5305596724668369,0
9,21,6,2907.375,377.51816486869245,1544,3308,48.440384615384616,5.344728266150143,0.26605384615384614,0.08098657796392066,2325,41.4,-1.5426001400519482,-1.3147977386434964,0
9,22,0,2464.1619047619047,385.34507821435744,1021,2835,49.59619047619048,6.257163952830448,0.24854380952380953,0.09480235809689862,1993,48.8,-1.2226695102738891,-0.12704159045191363,0
9,22,1,2422.190476190476,351.9603642249337,1323,2835,48.693333333333335,7.031115824930616,0.26243523809523805,0.10597464499092404,2430,58.5,0.022188015251571068,1.3927716729135473,0
9,22,2,2415.4615384615386,354.4431410733192,1341,2835,49.96153846153846,7.488273132262251,0.2435201923076923,0.11225629861439156,1993,47.3,-1.1918685137964449,-0.35495352257666674,0
9,22,3,2465.855769230769,350.80103669321403,1458,2835,50.534615384615385,6.058689807271193,0.23475673076923076,0.09055061746442676,1701,39.7,-2.180250018472592,-1.7853302325048648,0
9,22,4,2455.355769230769,346.0816144349307,1323,2835,50.09134615384615,6.585392935279101,0.24104326923076924,0.09977414958360054,2357,53.7,-0.2841899807117722,0.5471476652817715,0
9,22,5,2468.3076923076924,364.18636744325835,794,2835,50.291346153846156,6.852865754125258,0.23816923076923077,0.10344184152480713,2357,47.9,-0.3056254873959831,-0.3484471705436935,0
9,22,6,1868.9038461538462,242.70132346620608,992,2126,52.28942307692308,6.415408004024615,0.20773269230769228,0.09720493059761388,1494,46.0,-1.5446491774663573,-0.9788363747459523,0
9,23,0,1642.7333333333333,256.94728831875034,680,1890,52.96190476190476,7.210960953677249,0.19754190476190478,0.1092525961502415,1328,50.9,-1.2248468817234444,-0.285544372159324,0
9,23,1,1614.7047619047619,234.67677951278185,882,1890,51.85333333333334,7.3569311467102825,0.21482,0.11047098766366044,1620,61.7,0.022563001231817245,1.336603596609385,0
9,23,2,1610.201923076923,236.2983296148962,894,1890,52.16730769230769,7.6351822646932215,0.20985,0.11517181845829426,1328,49.8,-1.194210646475383,-0.3096469920985832,0
9,23,3,1643.826923076923,233.87580482735825,972,1890,54.497115384615384,6.735681782413401,0.17485192307692307,0.1009822246982296,1134,40.0,-2.179811311991549,-2.14909565144485,0
9,23,4,1636.826923076923,230.74545477468996,882,1890,53.01923076923077,7.28213770122665,0.19717692307692308,0.10937818087981054,1571,50.2,-0.2852670292938324,-0.3866123878539109,0
9,23,5,1645.4326923076924,242.879080723053,529,1890,53.9701923076923,7.537864030175658,0.1825625,0.1137027611823277,1571,51.2,-0.30644725603190875,-0.3670167211037887,0
9,23,6,1246.076923076923,161.86250261733701,662,1418,55.3125,7.408571361041917,0.16274903846153846,0.11092670543944314,996,45.7,-1.5449005793658444,-1.2957346545831365,0
10,0,0,547.6571428571428,85.6218012958315,227,630,47.15142857142857,6.467494376996668,0.14363619047619047,0.11629330469170276,443,44.9,-1.222176122344836,-0.34757707848022223,0
10,0,1,538.2952380952381,78.2271008284808,294,630,45.96666666666667,6.608977965131201,0.16543333333333332,0.11835282378310999,540,48.4,0.0217896865644246,0.36762976794183916,0
10,0,2,536.7884615384615,78.75014847597934,298,630,46.70769230769231,6.742571493948597,0.15370576923076923,0.11839372181180505,443,41.2,-1.1908111316862944,-0.815643686650056,0
10,0,3,548.0,77.9273996207398,324,630,47.37403846153846,5.706647379082217,0.14000384615384615,0.10161946140636542,378,39.0,-2.1812377732289843,-1.4648513204050162,0
10,0,4,545.6923076923077,76.91011989456051,294,630,47.160576923076924,6.601565249363078,0.1444048076923077,0.11748398145701307,524,55.1,-0.28201084088328016,1.2008386482592635,0
10,0,5,548.5673076923077,80.96730305224996,176,630,47.14807692307692,6.335199566503289,0.14420961538461538,0.11311714824479577,524,46.5,-0.3033851062742343,-0.10213657053407121,0
10,0,6,415.2692307692308,53.86502923195922,220,472,48.54423076923077,6.189010412656947,0.11993173076923076,0.10934169144584098,332,40.0,-1.545599732497864,-1.3783217320921783,0
10,1,0,438.0095238095238,68.60022079439902,181,504,47.955238095238094,6.749315933319878,0.13090857142857143,0.11922771853949007,354,41.9,-1.2244461952873045,-0.8958359329512846,0
10,1,1,430.54285714285714,62.64997829384924,235,504,46.758095238095244,6.950245996647845,0.15136285714285716,0.12429331875813796,432,53.3,0.02325476160092909,0.9398956251051226,0
10,1,2,429.36538461538464,63.07647657358496,238,504,47.80865384615385,6.520648466425981,0.13347884615384614,0.11504569938171758,354,42.1,-1.1946361361214617,-0.8741327718835276,0
10,1,3,438.3557692307692,62.44872355131806,259,504,48.473076923076924,6.135923677219769,0.12227019230769232,0.10694337298404878,302,32.1,-2.1831341000546547,-2.664054710566079,1
10,1,4,436.49038461538464,61.56817914593366,235,504,47.674038461538466,6.351698728400963,0.13479134615384616,0.11330159949734034,419,50.9,-0.2840354303743589,0.5070912151277541,0
10,1,5,438.8076923076923,64.81580727178176,141,504,48.22788461538461,6.444994395905723,0.12585576923076924,0.11385732583371384,419,53.6,-0.30555257452712775,0.8322416806469761,0
10,1,6,332.2692307692308,43.13722307864194,176,378,48.94423076923077,6.301669172052396,0.11354807692307692,0.11054067210959334,266,47.4,-1.5358863454189322,-0.24466281852485422,0
10,2,0,364.9809523809524,57.098258924079055,151,420,47.54190476190476,6.291382704699843,0.13669619047619047,0.1129286653019792,295,40.0,-1.2254086133843891,-1.196865055709072,0
10,2,1,358.76190476190476,52.12070380921354,196,420,47.07142857142857,6.561260348640143,0.14612952380952382,0.11649823861643835,360,51.3,0.02374982779105355,0.6434947337684602,0
10,2,2,357.77884615384613,52.47763402100097,199,420,47.426923076923075,6.819734794963588,0.14092884615384615,0.1197354476011509,295,39.1,-1.1960692708825,-1.2192161667922374,0
10,2,3,365.21153846153845,51.990042563605364,216,420,48.986538461538466,5.808815825921597,0.11330192307692308,0.10054518375759426,252,32.0,-2.177143188355288,-2.9192431879123966,1
10,2,4,363.65384615384613,51.27060688829954,196,420,48.364423076923075,6.407079189583831,0.12346442307692307,0.11297526657599159,349,49.2,-0.28575804856922693,0.1302114090212931,0
10,2,5,365.59615384615387,53.94594907828281,118,420,48.79711538461538,6.454583029417507,0.1155625,0.11415945685665216,349,51.2,-0.30758709891424735,0.3716998612981129,0
10,2,6,276.91346153846155,36.0447700519173,147,315,49.27403846153846,6.1792637132057475,0.10826826923076924,0.1075819834272468,221,45.4,-1.5507923489166233,-0.62592880850635,0
10,3,0,292.0952380952381,45.638319722643466,121,336,48.214285714285715,6.972148280720344,0.12592285714285714,0.1237845385035121,236,39.7,-1.228856580835165,-1.2194363929216496,0
10,3,1,287.1047619047619,41.71190657573866,157,336,47.8352380952381,7.292685758193998,0.13440476190476192,0.12778864640563006,288,55.2,0.021457267146048092,1.0085004543017966,0
10,3,2,286.25961538461536,42.004621842855755,159,336,47.760576923076925,6.361983849309881,0.1335480769230769,0.11316744615856751,236,41.5,-1.1962410508560033,-0.9825161317310902,0
10,3,3,292.21153846153845,41.521236367126846,173,336,49.247115384615384,5.9938472778709215,0.10753461538461538,0.1056702691414816,202,34.7,-2.172137079283858,-2.4229655937840686,0
10,3,4,290.9807692307692,41.00698040725488,157,336,48.57692307692308,6.513216298967215,0.11979134615384615,0.11494200995519091,279,49.1,-0.2920929115652338,0.08018696592350266,0
10,3,5,292.52884615384613,43.17068331269312,94,336,49.05480769230769,6.732963106661763,0.11051057692307692,0.11993611480540542,279,49.0,-0.3133078292410736,-0.00812813171905729,0
10,3,6,221.44230769230768,28.690794478834775,118,252,49.63942307692308,6.535510443056985,0.10332211538461539,0.11269757878252253,177,38.8,-1.548469598117968,-1.6560088279166643,0
10,4,0,364.9809523809524,57.098258924079055,151,420,47.94571428571429,7.082793730793453,0.1312247619047619,0.12533508301668186,295,39.0,-1.2254086133843891,-1.2612398760274612,0
10,4,1,358.76190476190476,52.12070380921354,196,420,47.46857142857143,6.807791270156715,0.13981047619047618,0.12004351688819538,360,50.6,0.02374982779105355,0.4593024994965257,0
10,4,2,357.77884615384613,52.47763402100097,199,420,47.49807692307692,6.712486275146146,0.13898461538461537,0.11865689115794378,295,37.8,-1.1960692708825,-1.4426324615837303,0
10,4,3,365.21153846153845,51.990042563605364,216,420,48.91730769230769,6.077036872286093,0.11446057692307693,0.10580696144831901,252,34.9,-2.177143188355288,-2.3028130084323353,0
10,4,4,363.65384615384613,51.27060688829954,196,420,47.840384615384615,6.432495163262237,0.13361826923076922,0.11231764229091924,349,47.2,-0.28575804856922693,-0.09940009253500862,0
10,4,5,365.59615384615387,53.94594907828281,118,420,48.5326923076923,6.70201306242179,0.12199038461538461,0.11666711712100529,349,52.0,-0.30758709891424735,0.5165823814795505,0
10,4,6,276.91346153846155,36.0447700519173,147,315,49.28173076923077,6.122674148027768,0.10810865384615384,0.10657295337187242,221,47.4,-1.5507923489166233,-0.3068369073279272,0
10,5,0,730.1238095238095,114.26451222745739,302,840,46.279999999999994,6.515578963589441,0.1589809523809524,0.11783914565662909,590,42.5,-1.2262035233622393,-0.5792589471510706,0
10,5,1,717.6857142857143,104.35721882495297,392,840,45.542857142857144,6.341512455225504,0.17316095238095236,0.11326929831773454,720,49.9,0.022174450371886024,0.6860008364713438,0
10,5,2,715.6346153846154,105.07529040749573,397,840,46.1548076923077,6.61278373308267,0.16264423076923076,0.117410588023334,590,40.8,-1.1955490144951233,-0.8085433419120919,0
10,5,3,730.5673076923077,103.9911090694615,432,840,46.888461538461534,5.900260117555583,0.1491076923076923,0.10472906764674667,504,33.7,-2.1785085728363267,-2.2314519625434235,0
10,5,4,727.4903846153846,102.58645373133348,392,840,46.3451923076923,5.892333010970551,0.15865673076923076,0.10491802233442829,698,57.3,-0.28744058437546294,1.8560131514006766,0
10,5,5,731.3076923076923,108.00045639269595,235,840,46.67211538461538,6.008383410690277,0.15146923076923077,0.109163379005541,698,51.6,-0.30837470204361295,0.8188053633524518,0
10,5,6,553.8461538461538,71.88607076151467,294,630,47.51923076923077,6.130745008071655,0.13802692307692307,0.10858195350671229,443,35.6,-1.5417553792868575,-1.94100728064162,0
10,6,0,1460.3238095238096,228.39845813327122,605,1680,42.1647619047619,5.300308063477591,0.2333704761904762,0.09637157848242468,1181,41.3,-1.2229135987636255,-0.16284590167365817,0
10,6,1,1435.4380952380952,208.62899181826631,784,1680,41.77047619047619,5.878643286205322,0.2405342857142857,0.10688037420457458,1440,48.5,0.02186506329496832,1.1427969877693778,0
10,6,2,1431.4423076923076,210.05319838994635,795,1680,42.325961538461534,5.681224317528678,0.23043557692307692,0.10329066905692418,1181,31.7,-1.192223624184777,-1.8670783201663868,0
10,6,3,1461.3365384615386,207.85901731501468,864,1680,42.98846153846154,5.248102897040396,0.21838749999999998,0.0954230292037891,1008,35.0,-2.180875939652568,-1.519266871509489,0
10,6,4,1455.1057692307693,205.09779425705997,784,1680,42.33076923076923,5.539322395963492,0.23034903846153845,0.10071968887571987,1397,43.8,-0.28329381358343597,0.26475858931884544,0
10,6,5,1462.7788461538462,215.86709128898818,470,1680,42.81057692307692,6.048042582638125,0.22162692307692305,0.10996274058359141,1397,42.7,-0.30470507899233285,-0.018252912812766385,0
10,6,6,1107.576923076923,143.71254293298782,588,1260,44.62692307692308,5.52329982221355,0.18903461538461538,0.09948876286180748,886,38.3,-1.541699155575307,-1.1434267580302648,0
10,7,0,3285.647619047619,513.8647678462687,1361,3780,32.49238095238095,3.6978084787867993,0.4092342857142857,0.06723115381990735,2657,34.7,-1.2233479018290425,0.5953972704494681,0
10,7,1,3229.6285714285714,469.3857946037823,1764,3780,31.996190476190474,4.107636504813646,0.41824952380952385,0.07468690432502663,3240,34.2,0.022095273734148303,0.535212256165207,0
10,7,2,3220.6346153846152,472.6145221606422,1788,3780,32.606730769230765,4.561260778334878,0.40715,0.08293414161043806,2657,28.7,-1.1925632060052933,-0.8546287246937215,0
10,7,3,3287.8653846153848,467.7368577635613,1944,3780,33.045192307692304,3.563593686527505,0.3991788461538462,0.06478578693623295,2268,27.6,-2.1803789115584196,-1.5237301118537199,0
10,7,4,3273.875,461.50651758853746,1764,3780,32.739423076923075,3.9859807303065207,0.40473365384615384,0.07247376573975146,3143,36.1,-0.28357598268385464,0.8409892714420438,0
10,7,5,3291.144230769231,485.6831125246536,1058,3780,32.401923076923076,4.042996600120818,0.41088173076923074,0.07350778806162798,3143,36.3,-0.30501612427479335,0.961776509499347,0
10,7,6,2491.9903846153848,323.49398623459405,1323,2835,37.15769230769231,4.129615800735926,0.32440384615384615,0.07508118831926153,1993,35.2,-1.5424551345513684,-0.47291642556400376,0
10,8,0,4380.72380952381,685.1904352811214,1814,5040,26.432380952380953,2.7925207539375876,0.5194095238095238,0.05077820081152621,3542,27.2,-1.2240561539919361,0.27390307334585445,0
10,8,1,4306.057142857143,625.8349473452895,2352,5040,26.336190476190477,3.213407124530807,0.5211628571428571,0.05842229760239541,4320,29.9,0.022278452837240132,1.1056032905952773,0
10,8,2,4287.75,629.3176879980288,2385,5040,26.614423076923078,4.22248760870602,0.5161038461538461,0.07677094151299457,3542,29.4,-1.184994739977714,0.6581417786899424,0
10,8,3,4383.692307692308,623.6854303707589,2592,5040,26.852884615384614,4.344127980261083,0.5117634615384615,0.07897971111927382,3024,20.8,-2.1800581525569807,-1.3901485309629482,0
10,8,4,4362.9807692307695,616.2717528923379,2352,5040,26.40576923076923,3.2060872600483066,0.5198990384615384,0.058295270329210995,4190,29.9,-0.28068455445733215,1.0864850629638338,0
10,8,5,4382.682692307692,648.4567080552152,1411,5040,26.60865384615385,3.439126965783784,0.5162105769230769,0.06253283862467819,4190,34.5,-0.29713582812224487,2.2879256786225355,0
10,8,6,3322.730769230769,431.4234113035147,1764,3780,32.49134615384615,3.674158263735431,0.4092480769230769,0.06680626384905648,2657,31.0,-1.543067253923052,-0.404799698353363,0
10,9,0,3285.647619047619,513.8647678462687,1361,3780,32.06,3.377943161155912,0.4170914285714286,0.06141791757216375,2657,30.0,-1.2233479018290425,-0.6080385360707066,0
10,9,1,3229.6285714285714,469.3857946037823,1764,3780,31.942857142857143,4.2422521491188245,0.4192190476190476,0.0771308330237033,3240,36.9,0.022095273734148303,1.1657687934075365,0
10,9,2,3216.826923076923,470.5742090875803,1788,3780,32.52211538461539,4.473220354070621,0.40868557692307694,0.08133264121998784,2657,30.2,-1.1896423897486403,-0.5179570043901554,0
10,9,3,3287.8653846153848,467.7368577635613,1944,3780,33.00865384615385,4.200788427544853,0.3998394230769231,0.07638052465934454,2268,26.7,-2.1803789115584196,-1.4982120224530444,0
10,9,4,3266.875,462.3120596891029,1764,3780,32.04038461538461,3.9808161145691536,0.41744807692307695,0.0723780071471712,2891,30.1,-0.8130154988770473,-0.4862124837826791,0
10,9,5,3291.144230769231,485.6831125246536,1058,3780,32.566346153846155,4.229659734688737,0.4078846153846154,0.07690293941789723,3143,33.7,-0.30501612427479335,0.2673926487256359,0
10,9,6,2490.028846153846,322.53138499292106,1323,2835,37.3875,4.076970308109183,0.320225,0.07413043182344278,1993,36.5,-1.5409769700243419,-0.21715352280369282,0
10,10,0,2555.4190476190474,399.6942047691051,1058,2940,36.0,4.277400360751125,0.3454495238095238,0.07776567505086815,2066,30.7,-1.2244530875069664,-1.236180331680402,0
10,10,1,2511.8571428571427,365.08593373477026,1372,2940,36.0,4.636145613960607,0.34545809523809523,0.08429333487310432,2520,39.2,0.022303335618010046,0.6887429421894857,0
10,10,2,2504.875,367.60921862945605,1391,2940,35.9375,4.590158055108102,0.34658942307692303,0.08345599842701745,2066,32.2,-1.1938304031987148,-0.8124720836167373,0
10,10,3,2557.144230769231,363.83684645755625,1512,2940,37.47115384615385,4.570561629293443,0.3187105769230769,0.08310295745355885,1764,27.7,-2.1798848567504443,-2.1331781202692954,0
10,10,4,2546.25,358.974233058586,1372,2940,36.18557692307692,4.606610241419985,0.34208653846153847,0.0837511826407643,2444,37.9,-0.2848314510328727,0.37135971790327066,0
10,10,5,2559.653846153846,377.7859045726843,823,2940,36.58653846153846,4.63113267388946,0.33478846153846153,0.08420001419146651,2444,40.0,-0.3061278450984254,0.7354802756804018,0
10,10,6,1938.2403846153845,251.66989841998262,1029,2205,40.30096153846154,4.416748687595903,0.26725673076923073,0.08030362983057271,1550,39.2,-1.5425959206623687,-0.2487065826769251,0
10,11,0,2190.295238095238,342.5694742510556,907,2520,38.296190476190475,4.6998552311894874,0.30370761904761906,0.08545686574483295,1771,37.2,-1.223935669268854,-0.23274398519328288,0
10,11,1,2152.9714285714285,312.86094407846804,1176,2520,37.705714285714286,4.970235031035881,0.31444666666666665,0.09036569727274693,2160,41.0,0.022464762425521694,0.6614719373194938,0
10,11,2,2146.971153846154,315.04135825673416,1192,2520,38.50961538461539,5.433919346317656,0.299825,0.0987974280845231,1771,36.1,-1.1933646498986885,-0.44262510726674953,0
10,11,3,2191.7596153846152,311.8338334954563,1296,2520,39.17211538461539,4.542794502227649,0.2877826923076923,0.08260073866275386,1512,28.8,-2.1798077831624645,-2.278186590574292,0
10,11,4,2182.451923076923,307.62699263589934,1176,2520,38.65865384615385,4.967752526099463,0.2971125,0.09032608960644888,2095,38.7,-0.2842698543098349,0.008306189114338062,0
10,11,5,2193.9903846153848,323.7428109991588,706,2520,38.73557692307692,4.949196625387179,0.2957173076923077,0.08998194041277448,2095,39.1,-0.3057591509704049,0.0734842968430658,0
10,11,6,1661.2211538461538,215.7757266431153,882,1890,42.03653846153846,4.965571911298167,0.2356923076923077,0.09028382182840534,1328,35.2,-1.5442224053922862,-1.3740206318824466,0
10,12,0,2007.895238095238,314.0154921401639,832,2310,38.7047619047619,4.566567069313095,0.29628095238095237,0.08302605834597267,1624,37.4,-1.2224970510479707,-0.28509620529995594,0
10,12,1,1973.6857142857143,286.82939563057727,1078,2310,38.71142857142857,5.213283962180621,0.2961542857142857,0.09478561135994808,1980,41.3,0.02201331410702701,0.49558313262577214,0
10,12,2,1961.9134615384614,289.86605914493015,1093,2310,39.52596153846154,5.636221194890212,0.28178557692307693,0.10115808777351429,1624,36.1,-1.1657170396728551,-0.6067706914426245,0
10,12,3,2009.2596153846155,285.825291032871,1188,2310,40.079807692307696,4.705860420024779,0.2715326923076923,0.0846768482501227,1386,30.8,-2.1804851777835257,-1.9677867591040654,0
10,12,4,2000.7115384615386,282.00036745403736,1078,2310,39.90384615384615,5.19409528601269,0.27447403846153845,0.0944335981792809,1921,41.0,-0.2826546384842753,0.21063293154912727,0
10,12,5,2011.3076923076924,296.75471473416036,647,2310,39.59903846153846,5.431345471388679,0.2800182692307692,0.09874829802089706,1921,41.5,-0.30430737828312693,0.3493550535353888,0
10,12,6,1522.875,197.71960569384157,808,1732,42.89423076923077,5.427149065149652,0.220475,0.0977708503325878,1218,36.9,-1.5418783592380145,-1.1024584202871737,0
10,13,0,2007.895238095238,314.0154921401639,832,2310,39.46190476190476,5.016978499064277,0.2825104761904762,0.0912155487376019,1624,36.4,-1.2224970510479707,-0.6090944615089775,0
10,13,1,1973.6857142857143,286.82939563057727,1078,2310,38.83428571428571,5.476169151097195,0.2939209523809524,0.0995674594425984,1980,45.8,0.02201331410702701,1.269686386596591,0
10,13,2,1968.2115384615386,288.79870616245034,1093,2310,39.32788461538461,5.167475895656235,0.28494423076923076,0.09395546954624286,1624,36.1,-1.1918322790031302,-0.6234475409325846,0
10,13,3,2009.2596153846155,285.825291032871,1188,2310,40.175,4.867222449090658,0.26984326923076923,0.08752126594772187,1386,29.5,-2.1804851777835257,-2.188745769016608,0
10,13,4,2000.7115384615386,282.00036745403736,1078,2310,39.940384615384616,5.003756244029471,0.2738105769230769,0.09097578459231995,1921,42.0,-0.2826546384842753,0.4107928834928971,0
10,13,5,2011.3076923076924,296.75471473416036,647,2310,40.19903846153846,5.222589009262687,0.2691028846153846,0.09495857907093505,1921,42.9,-0.30430737828312693,0.5161807154508641,0
10,13,6,1522.875,197.71960569384157,808,1732,42.46923076923077,5.0030491076355625,0.22826730769230769,0.08974030000567353,1218,38.4,-1.5418783592380145,-0.8117276894480793,0
10,14,0,2190.295238095238,342.5694742510556,907,2520,38.494285714285716,4.6245546266106,0.3001038095238095,0.08407778441123331,1771,33.3,-1.223935669268854,-1.1207734362351165,0
10,14,1,2152.9714285714285,312.86094407846804,1176,2520,38.11904761904762,4.944948767683879,0.30692857142857144,0.08991002630224469,2160,40.4,0.022464762425521694,0.4603382371637673,0
10,14,2,2146.971153846154,315.04135825673416,1192,2520,38.28653846153846,5.166716816190001,0.30388365384615385,0.09393545926277327,1771,37.4,-1.1933646498986885,-0.17125496584357214,0
10,14,3,2191.7596153846152,311.8338334954563,1296,2520,39.44230769230769,4.230786204053126,0.28286826923076924,0.07692206276917353,1512,32.1,-2.1798077831624645,-1.7313553051295751,0
10,14,4,2182.451923076923,307.62699263589934,1176,2520,38.628846153846155,5.006920900927077,0.2976615384615385,0.09103487895284793,2095,36.7,-0.2842698543098349,-0.3844681213709629,0
10,14,5,2193.9903846153848,323.7428109991588,706,2520,38.65,4.819096317816064,0.2972644230769231,0.0876185055134005,2095,45.7,-0.3057591509704049,1.459900473301873,0
10,14,6,1661.2211538461538,215.7757266431153,882,1890,41.315384615384616,4.760940782260182,0.24880865384615386,0.08656167576238134,1328,34.6,-1.5442224053922862,-1.4075598339754019,0
10,15,0,2920.504761904762,456.7053233551721,1210,3360,34.180952380952384,3.878171040930326,0.3785314285714286,0.07051638695842498,2362,32.2,-1.2228728342237634,-0.5094818000800698,0
10,15,1,2870.714285714286,417.1406955573982,1568,3360,33.63428571428571,4.42094726560663,0.3884647619047619,0.08037923571917398,2880,40.8,0.02225985569389167,1.6171969234062296,0
10,15,2,2862.7596153846152,420.0211389777901,1590,3360,34.44423076923077,4.1613530968561125,0.3737413461538462,0.07565769310734775,2362,32.5,-1.1921964085883971,-0.4660911517406927,0
10,15,3,2922.5096153846152,415.73124242239027,1728,3360,34.84230769230769,3.9465037324487002,0.36650288461538466,0.07175523046018543,2016,31.1,-2.180465931411269,-0.9458622929167712,0
10,15,4,2910.076923076923,410.1795413734264,1568,3360,34.27596153846154,4.152540342907847,0.37679999999999997,0.07550173533657983,2794,40.3,-0.28298362432222357,1.4472024209452385,0
10,15,5,2925.451923076923,431.61318262275245,941,3360,34.670192307692304,4.266962262892651,0.36963076923076926,0.07758452963212117,2794,37.1,-0.3045525086909304,0.5681152984184477,0
10,15,6,2215.028846153846,287.6340196445966,1176,2520,38.628846153846155,4.255565700633965,0.29765673076923077,0.07737372269682807,1771,37.2,-1.5436748752936824,-0.33497225318409496,0
10,16,0,3650.638095238095,570.9643853201612,1512,4200,30.375238095238096,3.4279053076966406,0.4477295238095238,0.062324744937318696,2952,28.3,-1.223589206801894,-0.6036344545593324,0
10,16,1,3588.3809523809523,521.5137799815291,1960,4200,30.215238095238096,3.91485781627018,0.4506266666666667,0.07118186251624814,3600,36.8,0.02227903705456963,1.6777071203612282,0
10,16,2,3578.394230769231,525.098519064446,1987,4200,30.69519230769231,4.525384279293866,0.4419048076923077,0.08227442639604125,2952,30.0,-1.192885295186678,-0.153281897383246,0
10,16,3,3653.0673076923076,519.7301627071807,2160,4200,31.283653846153847,4.349000790873024,0.4312076923076923,0.07906902685764562,2520,26.0,-2.1800649420481144,-1.2121250028715027,0
10,16,4,3637.548076923077,512.786597673484,1960,4200,30.28076923076923,3.3137277551948836,0.44944423076923073,0.060249613183180915,3492,35.2,-0.2838319863731873,1.4800342060333211,0
10,16,5,3656.730769230769,539.6371889919116,1176,4200,30.27403846153846,3.782663447332832,0.4495625,0.06877406966122471,3492,30.3,-0.30525642047444834,0.006845199639266202,0
10,16,6,2768.903846153846,359.53272044758637,1470,3150,35.598076923076924,3.8292938528534375,0.35276153846153846,0.06962643916372477,2214,35.1,-1.5433599808753167,-0.12973138867886924,0
10,17,0,4367.161904761905,695.5620185229507,1814,5040,26.43714285714286,2.595234432231847,0.5193228571428572,0.04718130589940921,3542,29.1,-1.1863069283812466,1.0221180519927073,0
10,17,1,4306.057142857143,625.8349473452895,2352,5040,26.28857142857143,3.2796961129663496,0.5220314285714286,0.05963537494687986,4320,27.9,0.022278452837240132,0.4898411634670804,0
10,17,2,4280.490384615385,636.4593656931222,2385,5040,26.72596153846154,3.7627968113049297,0.5140740384615385,0.06841191061233104,3542,29.7,-1.1602921121131424,0.7882848216545759,0
10,17,3,4383.692307692308,623.6854303707589,2592,5040,26.873076923076926,3.9917203330552056,0.5114019230769231,0.07257283315932156,3024,24.8,-2.1800581525569807,-0.5180464276708181,0
10,17,4,4365.009615384615,615.3419839310496,2352,5040,26.657692307692308,3.3710271059524968,0.5153144230769231,0.06129090180707184,4190,30.5,-0.2844057059288284,1.1364320876171279,0
10,17,5,4388.0192307692305,647.6264652263201,1411,5040,26.58942307692308,3.6172166059842095,0.5165528846153846,0.06576508200417365,4190,28.8,-0.3057567654101002,0.6094416637346374,0
10,17,6,3322.730769230769,431.4234113035147,1764,3780,32.33846153846154,3.62058053844954,0.4120346153846154,0.06583531051442108,2657,31.5,-1.543067253923052,-0.23094420563924664,0
10,18,0,4011.3714285714286,626.3130093765303,1663,4620,28.41714285714286,2.955973650048359,0.48332476190476187,0.05374184872172993,3247,28.4,-1.220410901608609,-0.005779841349090151,0
10,18,1,3947.1428571428573,573.5898331589366,2156,4620,28.04,3.7090222638649863,0.4901838095238095,0.06743733576127361,3960,30.5,0.022414830189778186,0.6614641767278507,0
10,18,2,3936.2115384615386,577.5754760593484,2186,4620,28.857692307692307,3.997710323014461,0.4753105769230769,0.07268572183645992,3247,28.4,-1.1932632779545869,-0.11420294153097584,0
10,18,3,4018.3365384615386,571.6798039668969,2376,4620,28.928846153846152,3.999385221613298,0.47402115384615384,0.07270946530051492,2772,26.0,-2.180092297979319,-0.7304975680704587,0
10,18,4,4001.2115384615386,564.0149704182173,2156,4620,28.65192307692308,3.341878454653292,0.47905576923076926,0.06076174995550216,3841,31.6,-0.28405043546696834,0.8795297809752658,0
10,18,5,4022.3365384615386,593.5284423309995,1294,4620,28.557692307692307,3.233552625830902,0.4807663461538461,0.05879241020063221,3841,29.8,-0.305517765200476,0.38300833549431057,0
10,18,6,3042.221153846154,395.4457226322853,1617,3465,34.3625,4.09515905306533,0.37522500000000003,0.07445607260373603,2435,31.3,-1.5354971975226128,-0.7460125077768235,0
10,19,0,3285.647619047619,513.8647678462687,1361,3780,31.91047619047619,3.230054887885742,0.4198152380952381,0.058722654488563,2657,34.0,-1.2233479018290425,0.6449038309000082,0
10,19,1,3229.6285714285714,469.3857946037823,1764,3780,32.17809523809524,3.9631228205598794,0.41494190476190473,0.0720532612577353,3240,34.1,0.022095273734148303,0.48372649140353896,0
10,19,2,3220.6346153846152,472.6145221606422,1788,3780,32.7875,4.404558263338746,0.4038605769230769,0.08008420982779063,2657,32.5,-1.1925632060052933,-0.06512542883114293,0
10,19,3,3287.8653846153848,467.7368577635613,1944,3780,33.07211538461539,4.154035509680115,0.3986894230769231,0.07553194003011224,2268,27.5,-2.1803789115584196,-1.338152705869562,0
10,19,4,3272.144230769231,465.8783836109027,1764,3780,32.81346153846154,3.711934509704017,0.40339134615384614,0.06749125237899233,3143,35.7,-0.27719993739334936,0.7755478915635228,0
10,19,5,3291.144230769231,485.6831125246536,1058,3780,32.57692307692308,4.086402523768112,0.40768750000000004,0.07429406630973263,3143,29.8,-0.30501612427479335,-0.6778931173904029,0
10,19,6,2491.9903846153848,323.49398623459405,1323,2835,37.434615384615384,4.283718764412127,0.31937403846153845,0.07788514321131502,1993,33.6,-1.5424551345513684,-0.8930755820334679,0
10,20,0,2372.942857142857,371.08320725047184,983,2730,37.38285714285714,4.1307816624529,0.3203114285714286,0.07510557481393687,1919,36.9,-1.2232583304508329,-0.11661014325761604,0
10,20,1,2332.447619047619,338.9565430777788,1274,2730,36.82,4.522452534087774,0.33054285714285714,0.0822247481193874,2340,42.7,0.022280608828842852,1.2973108831868756,0
10,20,2,2325.980769230769,341.3003967059451,1292,2730,37.70096153846154,4.868414051531273,0.3145307692307692,0.08851511096589924,1919,35.5,-1.192406598681499,-0.45116333201989844,0
10,20,3,2374.576923076923,337.7732246744041,1404,2730,38.24230769230769,4.441544651886044,0.3046865384615385,0.0807561546636339,1638,29.3,-2.180620200387168,-2.0088100629337697,0
10,20,4,2364.451923076923,333.29799138942764,1274,2730,37.53173076923077,4.66570350626403,0.3176048076923077,0.08483164410017856,2270,37.9,-0.2833773132266964,0.07876231464973339,0
10,20,5,2376.8846153846152,350.77258164352054,764,2730,37.377884615384616,4.77176071655649,0.32040096153846154,0.08675890205878074,2270,37.9,-0.3047033147536263,0.10918894013403828,0
10,20,6,1799.7788461538462,233.72047684305093,956,2048,40.989423076923075,4.527519269079866,0.2547384615384615,0.08231883233400152,1439,38.6,-1.5435678351698556,-0.5265923812611398,0
10,21,0,1642.7333333333333,256.94728831875034,680,1890,41.41428571428571,5.368433888722336,0.24701142857142858,0.09760658800500108,1328,36.9,-1.2248468817234444,-0.8393308921675888,0
10,21,1,1614.7047619047619,234.67677951278185,882,1890,40.43714285714285,5.34277472463904,0.26478380952380953,0.09714233423555664,1620,44.1,0.022563001231817245,0.6842912940081093,0
10,21,2,1610.201923076923,236.2983296148962,894,1890,41.440384615384616,5.653584123621741,0.24686923076923076,0.10192353890013242,1328,37.3,-1.194210646475383,-0.7310537859084419,0
10,21,3,1643.826923076923,233.87580482735825,972,1890,42.223076923076924,5.175713088513304,0.23309807692307694,0.09194457277232454,1134,29.1,-2.179811311991549,-2.5306214784896994,1
10,21,4,1636.826923076923,230.74545477468996,882,1890,41.44711538461539,5.202612426870469,0.2464153846153846,0.09459278361731403,1571,39.5,-0.2852670292938324,-0.3735392592355825,0
10,21,5,1645.4326923076924,242.879080723053,529,1890,41.70384615384615,5.456143292343688,0.24175192307692306,0.09920134079579442,1571,46.1,-0.30644725603190875,0.8042514824504238,0
10,21,6,1246.076923076923,161.86250261733701,662,1418,44.06826923076923,5.4924001230133515,0.19875576923076924,0.09986377792347992,996,39.0,-1.5449005793658444,-0.9211015406843277,0
10,22,0,1095.1904761904761,171.2339321624354,454,1260,44.20095238095239,5.798930525372351,0.1963447619047619,0.10543448930401537,886,42.1,-1.2215935101983417,-0.3616762796139165,0
10,22,1,1076.5047619047618,156.4001354889195,588,1260,43.22380952380952,6.016380265727187,0.21411619047619046,0.10938792483968514,1080,51.7,0.0223466214917113,1.4065143755357898,0
10,22,2,1073.5576923076924,157.4865583367634,596,1260,44.03942307692308,6.2966228931152495,0.19972403846153847,0.11362598456338459,886,37.9,-1.1908685134988883,-0.9734882172240398,0
10,22,3,1095.9615384615386,155.88730825593237,648,1260,45.35096153846154,5.372222609451013,0.1754375,0.09767841747433903,756,35.4,-2.180676127540528,-1.8488572956807783,0
10,22,4,1091.2884615384614,153.791857390279,588,1260,44.38942307692308,5.88702569287654,0.19292307692307692,0.10703251681830177,1048,52.4,-0.28145603878251646,1.358409703514349,0
10,22,5,1097.0576923076924,161.8160784385308,353,1260,44.39519230769231,6.163915975809004,0.19325576923076923,0.11121725160141062,1048,51.0,-0.30315072070616117,1.0697922871297616,0
10,22,6,830.6442307692307,107.86875504939975,441,945,46.05096153846154,5.641610236161194,0.16342788461538463,0.10127948110337594,664,40.7,-1.5447363171082307,-0.9468030021292009,0
10,23,0,730.1238095238095,114.26451222745739,302,840,45.86666666666667,6.242975539736127,0.16685809523809522,0.1121698469877715,590,43.5,-1.2262035233622393,-0.3784864744195912,0
10,23,1,717.6857142857143,104.35721882495297,392,840,45.049523809523805,6.842867198903653,0.1818552380952381,0.1228876714891665,720,55.5,0.022174450371886024,1.5249786530443932,0
10,23,2,715.6346153846154,105.07529040749573,397,840,45.61634615384616,6.774439547297258,0.1721528846153846,0.12072839769919784,590,37.5,-1.1955490144951233,-1.196317853120159,0
10,23,3,730.5673076923077,103.9911090694615,432,840,46.997115384615384,5.476489144130611,0.14700961538461538,0.09698689283802688,504,35.8,-2.1785085728363267,-2.040852554423432,0
10,23,4,727.4903846153846,102.58645373133348,392,840,46.26153846153846,6.237987410258631,0.15996826923076923,0.11171336524191894,698,49.9,-0.28744058437546294,0.582341368436101,0
10,23,5,731.3076923076923,108.00045639269595,235,840,46.12980769230769,6.528159761033067,0.16230576923076923,0.11713834060707552,698,49.4,-0.30837470204361295,0.5001701437738493,0
10,23,6,553.8461538461538,71.88607076151467,294,630,47.62307692307692,5.90626178768813,0.135875,0.10483567516073795,443,47.7,-1.5417553792868575,0.013001973151891083,0
11,0,0,2555.4190476190474,399.6942047691051,1058,2940,69.15142857142857,8.758019558861843,0.21419142857142856,0.09952785473490257,2066,60.9,-1.2244530875069664,-0.9410823637008023,0
11,0,1,2511.8571428571427,365.08593373477026,1372,2940,67.87714285714286,9.29244168813948,0.22866666666666668,0.1055963701906268,2520,78.4,0.022303335618010046,1.131193023899702,0
11,0,2,2504.875,367.60921862945605,1391,2940,68.94807692307693,9.447976932154855,0.21717788461538462,0.10584983681028164,2066,61.1,-1.1938304031987148,-0.8297838934661961,0
11,0,3,2557.144230769231,363.83684645755625,1512,2940,70.61634615384615,8.919740413490894,0.19819903846153847,0.09993703114082,1764,48.3,-2.1798848567504443,-2.499103570819485,0
11,0,4,2546.25,358.974233058586,1372,2940,69.32307692307693,8.676138807982767,0.21223557692307693,0.09859513164517784,2444,75.5,-0.2848314510328727,0.711124150036186,0
11,0,5,2559.653846153846,377.7859045726843,823,2940,69.95865384615385,8.969122984011044,0.20544903846153847,0.10092501974593293,2444,66.7,-0.3061278450984254,-0.3629144908646949,0
11,0,6,1938.2403846153845,251.66989841998262,1029,2205,72.8875,8.762538173538442,0.17181923076923075,0.09941493224259924,1550,63.3,-1.5425959206623687,-1.0928992054910427,0
11,1,0,2190.295238095238,342.5694742510556,907,2520,70.52285714285713,9.493867019766551,0.19860380952380952,0.1078858156391155,1771,72.3,-1.223935669268854,0.18699155337997522,0
11,1,1,2152.9714285714285,312.86094407846804,1176,2520,69.26857142857142,9.273238110549359,0.21310761904761905,0.10483875870119469,2160,77.2,0.022464762425521694,0.8543816798596822,0
11,1,2,2146.971153846154,315.04135825673416,1192,2520,70.74711538461538,10.008791831600089,0.19721153846153847,0.1115159218965844,1771,61.2,-1.1933646498986885,-0.9529208256930739,0
11,1,3,2191.7596153846152,311.8338334954563,1296,2520,71.9875,9.093310114306645,0.18201826923076922,0.1032327672112957,1512,51.0,-2.1798077831624645,-2.3054800656539554,0
11,1,4,2182.451923076923,307.62699263589934,1176,2520,69.65192307692308,9.620336275426022,0.2089403846153846,0.1083839341793799,2095,74.2,-0.2842698543098349,0.4722656398491884,0
11,1,5,2193.9903846153848,323.7428109991588,706,2520,71.0375,9.06325331653108,0.19275,0.10299402753916298,2095,74.1,-0.3057591509704049,0.3375305299170096,0
11,1,6,1661.2211538461538,215.7757266431153,882,1890,74.09903846153847,9.219391711630813,0.15860384615384618,0.10368513288403491,1328,68.6,-1.5442224053922862,-0.5958180813377578,0
11,2,0,2044.2952380952381,319.6870141190239,847,2352,70.62,9.49580271650424,0.1975009523809524,0.1079066891197045,1653,62.5,-1.2239564988541245,-0.8542150770604395,0
11,2,1,2009.4571428571428,291.97174614926445,1098,2352,69.78666666666668,9.779659686806266,0.20737619047619046,0.11027445439919571,2016,68.6,0.02240844583315978,-0.12121633485032966,0
11,2,2,2003.875,294.01042473757434,1113,2352,71.2326923076923,9.61162769024386,0.1911701923076923,0.10798795948686787,1653,68.4,-1.1933694753116924,-0.29440884628747294,0
11,2,3,2045.7403846153845,290.9794973323925,1210,2352,72.61057692307692,8.915481443683573,0.17533846153846153,0.10040954999226416,1411,53.0,-2.181317162420921,-2.197144999607279,0
11,2,4,2037.076923076923,287.0534503289943,1098,2352,72.14038461538462,9.86749610905853,0.18038365384615387,0.1118492519738166,1956,78.7,-0.28243554860085257,0.6640969849230962,0
11,2,5,2047.7692307692307,302.13766651892246,659,2352,72.08846153846153,9.312892282137733,0.18096442307692306,0.10555081683997643,1956,69.5,-0.3037231160065356,-0.2776457627233249,0
11,2,6,1550.548076923077,201.3221771822273,823,1764,74.75865384615385,9.434697484120953,0.15138942307692307,0.10575613082668506,1240,68.9,-1.5424661932801604,-0.6203114346440208,0
11,3,0,1825.3238095238096,285.4663692720177,756,2100,72.22190476190477,10.012962569285849,0.1793,0.11378170564050066,1476,65.8,-1.223652277821127,-0.6407192202417195,0
11,3,1,1794.1904761904761,260.75688999076453,980,2100,71.10666666666667,10.462940705419687,0.19283809523809525,0.11730624809655638,1800,80.9,0.022278609871558486,0.9351082574415172,0
11,3,2,1789.201923076923,262.53197234074224,994,2100,72.82884615384616,10.483280012513346,0.17340096153846155,0.1175208516885014,1476,68.1,-1.1929594353409954,-0.4506547188492983,0
11,3,3,1826.5384615384614,259.85227031881624,1080,2100,73.10865384615384,8.06644867874216,0.1700644230769231,0.0898721507435734,1260,55.2,-2.1801489721589618,-2.2173921433179915,0
11,3,4,1818.7788461538462,256.37779150182797,980,2100,72.66442307692309,10.048551248224799,0.17513365384615384,0.11268653197028765,1746,78.0,-0.28386237007438514,0.530451830627057,0
11,3,5,1828.3653846153845,269.8160847074188,588,2100,73.4048076923077,10.23214409487047,0.1665730769230769,0.11511860851049271,1746,76.4,-0.3052536032781857,0.29243801687894394,0
11,3,6,1384.4807692307693,179.77774740367195,735,1575,74.63846153846154,9.100755411858266,0.15282884615384615,0.10179520815116597,1107,63.7,-1.5433797532806848,-1.2006097237803564,0
11,4,0,2044.2952380952381,319.6870141190239,847,2352,69.87238095238095,9.57835596177146,0.2059952380952381,0.10884566029735761,1653,67.0,-1.2239564988541245,-0.2995697034854633,0
11,4,1,2009.4571428571428,291.97174614926445,1098,2352,70.33333333333333,10.042253680044082,0.20090190476190475,0.11385823504975251,2016,85.9,0.02240844583315978,1.5485747934883407,0
11,4,2,2003.875,294.01042473757434,1113,2352,71.28942307692309,9.621183326180159,0.19012692307692308,0.10890262260321425,1653,70.7,-1.1933694753116924,-0.06119944527697566,0
11,4,3,2045.7403846153845,290.9794973323925,1210,2352,72.4548076923077,8.97189657307743,0.1772403846153846,0.10080049942012086,1411,54.7,-2.181317162420921,-1.9767325918143408,0
11,4,4,2037.076923076923,287.0534503289943,1098,2352,71.0125,9.764853634584306,0.19354038461538461,0.10998510359790946,1956,70.7,-0.28243554860085257,-0.03196978816075026,0
11,4,5,2047.7692307692307,302.13766651892246,659,2352,71.38942307692308,9.521849358076869,0.18879615384615384,0.10811998631785967,1956,72.3,-0.3037231160065356,0.09552993221670401,0
11,4,6,1550.548076923077,201.3221771822273,823,1764,75.00192307692308,8.256753408476865,0.1477048076923077,0.09382962910003446,1240,69.3,-1.5424661932801604,-0.6897415218743835,0
11,5,0,3285.647619047619,513.8647678462687,1361,3780,65.23809523809524,8.439415092660573,0.25865809523809524,0.09590393709427755,2657,61.8,-1.2233479018290425,-0.40690334187530697,0
11,5,1,3229.6285714285714,469.3857946037823,1764,3780,64.42666666666666,8.825730157925339,0.26788190476190477,0.10029615068630919,3240,72.8,0.022095273734148303,0.9476673895278196,0
11,5,2,3220.6346153846152,472.6145221606422,1788,3780,65.38365384615385,9.172353040861363,0.25700673076923075,0.10423056524338695,2657,61.2,-1.1925632060052933,-0.4556189276906077,0
11,5,3,3287.8653846153848,467.7368577635613,1944,3780,67.70673076923077,8.179779288487216,0.23060384615384616,0.092950909815606,2268,55.7,-2.1803789115584196,-1.4660628017301072,0
11,5,4,3273.875,461.50651758853746,1764,3780,65.91153846153847,8.522025235530062,0.25100384615384613,0.09684019056845831,3143,74.5,-0.28357598268385464,1.006614643226376,0
11,5,5,3291.144230769231,485.6831125246536,1058,3780,66.9048076923077,8.69566770615475,0.23972211538461538,0.09881543151836818,3143,72.6,-0.30501612427479335,0.6541936241910425,0
11,5,6,2491.9903846153848,323.49398623459405,1323,2835,70.76634615384616,8.53469914129445,0.19652788461538462,0.09543018945574493,1993,70.1,-1.5424551345513684,-0.07798357119747781,0
11,6,0,5840.9047619047615,913.4973319380169,2419,6720,54.56,6.200800196500696,0.38000190476190476,0.07046357348761619,4723,54.3,-1.223750180015647,-0.041862560664323895,0
11,6,1,5741.333333333333,834.3466889943877,3136,6720,54.310476190476194,6.890279158818378,0.38283809523809526,0.07829947610217747,5760,56.7,0.0223725259387146,0.3462937881969687,0
11,6,2,5725.403846153846,840.1348310562988,3180,6720,55.2201923076923,7.755215968620104,0.37249807692307696,0.0881234901194283,4723,51.4,-1.1931321947116447,-0.4919621454354938,0
11,6,3,5844.865384615385,831.5576570765065,3456,6720,56.00576923076923,6.816325732380886,0.36357019230769233,0.07745851740389342,4032,44.6,-2.1800575926542995,-1.6708504220162854,0
11,6,4,5819.990384615385,820.3927249845756,3136,6720,55.23173076923077,6.162433393138568,0.3723673076923077,0.07002993595988206,5587,58.2,-0.2839951374122572,0.4808912533699972,0
11,6,5,5850.692307692308,863.3725818474226,1882,6720,55.2,6.748505767730171,0.37272788461538464,0.07668656729342299,5587,58.0,-0.30541768300221217,0.4142927588179556,0
11,6,6,4430.115384615385,575.3350110210979,2352,5040,61.67307692307692,7.108523951617834,0.2991653846153846,0.08078228654394544,3542,54.4,-1.543622292021261,-1.0217113790035028,0
11,7,0,13142.133333333333,2055.3930237429727,5443,15120,23.124761904761904,5.063534432822686,0.7372114285714286,0.05753825870050043,10627,28.8,-1.223669180340687,1.118596546526373,0
11,7,1,12918.104761904762,1877.3222282109157,7056,15120,23.953333333333333,5.592716187951463,0.7278028571428571,0.06355006877854849,12960,28.0,0.022316368656369184,0.7222687230470372,0
11,7,2,12882.25,1890.3247358049666,7154,15120,24.56346153846154,7.499774206210305,0.7208692307692307,0.08522560930234489,10627,31.2,-1.1930426697891898,0.8837201065313374,0
11,7,3,13151.067307692309,1870.974234899749,7776,15120,24.194230769230767,7.547272727027389,0.7250615384615385,0.08576154829841984,9072,30.1,-2.180171928552286,0.7814683211905514,0
11,7,4,13095.076923076924,1845.914127173629,7056,15120,23.689423076923074,6.0013415695827605,0.730798076923077,0.06820027756793619,12571,28.1,-0.28391032727838045,0.7337092514247299,0
11,7,5,13164.173076923076,1942.584058444442,4234,15120,23.241346153846152,5.858155224667213,0.7358923076923076,0.06657333016883332,12571,28.8,-0.30535101986159036,0.9472574656491102,0
11,7,6,9967.875,1294.3952719882868,5292,11340,37.95961538461539,5.431506777133973,0.5686403846153846,0.061718240949253024,7970,41.3,-1.5434694552279906,0.6138712588618661,0
11,8,0,16062.809523809523,2512.154737453174,6653,18480,14.995238095238095,5.162128752760168,0.8295980952380952,0.058662822358852056,12989,24.3,-1.223570046176885,1.7990197749420505,0
11,8,1,15788.952380952382,2294.6040146938394,8624,18480,15.26952380952381,5.547558780662754,0.82648,0.06304191432323784,15840,14.5,0.02224671283306418,-0.1384643581641149,0
11,8,2,15729.403846153846,2300.8177842022974,8744,18480,15.813461538461537,6.86677745100372,0.8202990384615384,0.07803290380817807,12989,23.3,-1.1910512664049517,1.0886695861367077,0
11,8,3,16073.711538461539,2286.729566467542,9504,18480,15.704807692307693,6.685564507069891,0.8215346153846154,0.07597640380916278,11088,23.7,-2.1802708150816024,1.1941027973444405,0
11,8,4,16005.278846153846,2256.171486358883,8624,18480,15.207692307692307,5.25622501601381,0.8271846153846153,0.059727591596421235,15365,15.9,-0.28378871559094015,0.13146185174436875,0
11,8,5,16089.692307692309,2374.3455187209697,5174,18480,15.162500000000001,5.88353284497198,0.8276971153846154,0.0668544142898942,15365,16.1,-0.30521642693285017,0.15907266908672962,0
11,8,6,12167.528846153846,1593.6371415619199,6468,13860,27.862499999999997,5.113264446610491,0.6833798076923077,0.05810803861273382,9742,34.1,-1.5219986801950436,1.2174854655661358,0
11,9,0,12412.2,1941.2267948982085,5141,14280,26.286666666666665,4.825275334245917,0.701284761904762,0.05483659779632083,10037,29.9,-1.2235498555571875,0.747285952413473,0
11,9,1,12193.609523809524,1788.9300438618336,6664,14280,26.919047619047618,5.323877549415668,0.6941019047619048,0.06049859181602171,12240,29.0,0.02593182278503397,0.39013876146825927,0
11,9,2,12154.701923076924,1794.8611373921215,6756,14280,27.435576923076926,6.782300183597976,0.6882326923076924,0.07707336618576727,10037,32.6,-1.1798629321957135,0.7603349288646145,0
11,9,3,12420.60576923077,1767.0056698403512,7344,14280,27.498076923076926,7.197841919958021,0.6875240384615384,0.08179385109368782,8568,31.6,-2.1802895327910985,0.5690917090683039,0
11,9,4,12367.740384615385,1743.4056727315276,6664,14280,26.835576923076925,5.774229966217421,0.6950528846153846,0.06561897067149527,11873,29.3,-0.28377649252185594,0.4260589726405152,0
11,9,5,12432.990384615385,1834.7156627154625,3998,14280,26.597115384615385,5.8057965131070235,0.6977576923076924,0.06597647373030023,11873,32.5,-0.3052175025374519,1.0149744067010118,0
11,9,6,9414.240384615385,1222.3053381673794,4998,10710,40.198076923076925,5.096562343597959,0.5432,0.05792067893717831,7528,39.4,-1.5431700198112788,-0.15628457450979077,0
11,10,0,9491.533333333333,1484.4599514422396,3931,10920,38.90857142857143,4.098524928972202,0.5578533333333333,0.046568681838818834,7675,40.7,-1.2236915483324378,0.4360271879564142,0
11,10,1,9329.72380952381,1355.852623424422,5096,10920,38.892380952380954,5.264936540601113,0.55804,0.059827208885898424,9360,40.4,0.022329836336754613,0.2858079971227942,0
11,10,2,9303.826923076924,1365.2042021041643,5167,10920,39.48173076923077,6.207257956963509,0.5513432692307693,0.07053626866354183,7675,40.5,-1.193092571529406,0.16378108127695376,0
11,10,3,9497.951923076924,1351.2585387122883,5616,10920,39.752884615384616,6.354479449485676,0.5482586538461539,0.07221083963836092,6552,33.4,-2.1801380248846116,-0.9981781960028177,0
11,10,4,9457.51923076923,1333.1693166327577,5096,10920,39.57403846153846,5.497271965845197,0.5503,0.06247139928123379,9079,50.0,-0.2839222196495408,1.8931263251789452,0
11,10,5,9507.442307692309,1402.978086501136,3058,10920,39.837500000000006,4.842774369329323,0.5473019230769232,0.055026611356969124,9079,45.9,-0.3053784360783748,1.2492853651545024,0
11,10,6,7198.942307692308,934.8087476577954,3822,8190,49.73557692307692,5.851743052399599,0.4348192307692308,0.06649892338266106,5756,45.4,-1.543553027052169,-0.7396395379872687,0
11,11,0,8761.57142857143,1370.2641790288733,3629,10080,42.20952380952381,4.1869652083194655,0.5203457142857143,0.047580151058243494,7085,44.0,-1.2235298995122508,0.42661211175327507,0
11,11,1,8612.2,1251.6122633197176,4704,10080,41.94285714285714,5.595668949197318,0.5233742857142858,0.06358988796694288,8640,47.5,0.022211174101573142,0.9913433896125083,0
11,11,2,8588.259615384615,1260.2721542663974,4769,10080,42.64519230769231,7.0133974400413885,0.5153961538461538,0.07969992377123802,7085,43.9,-1.192796081651774,0.1786610686665472,0
11,11,3,8767.51923076923,1247.3047912779919,5184,10080,43.10288461538461,6.4086933786465865,0.5102009615384616,0.07282890109028095,6048,40.1,-2.1802990309950756,-0.4678342519638759,0
11,11,4,8730.211538461539,1230.6290890504038,4704,10080,42.66923076923077,5.25327594367584,0.5151269230769231,0.05969617123688538,8381,49.7,-0.28376438028715684,1.3358161924261536,0
11,11,5,8776.240384615385,1295.1101650873068,2822,10080,42.78365384615385,6.052763319455364,0.5138211538461538,0.06878090538971211,8381,50.9,-0.3051766123869601,1.3387206008522312,0
11,11,6,6645.336538461538,862.7696945514745,3528,7560,52.45,5.887076515802439,0.4039836538461538,0.06689518552716604,5314,56.2,-1.54307820045956,0.6359083165957059,0
11,12,0,8031.361904761905,1256.1282709780019,3326,9240,44.67142857142857,4.282965235533813,0.4923704761904762,0.04866623557814992,6494,45.5,-1.2238795204965363,0.19300678740958863,0
11,12,1,7885.847619047619,1147.969836619214,4312,9240,44.871428571428574,5.570193931952496,0.49009619047619046,0.06329884997711183,7920,51.5,0.029749983286256037,1.1878747422407425,0
11,12,2,7869.432692307692,1160.5587603402034,4372,9240,45.64134615384615,6.849259198507134,0.4813471153846154,0.07783245006332733,6494,50.3,-1.1851367530386607,0.6791774025929458,0
11,12,3,8036.7692307692305,1143.407352352168,4752,9240,46.724999999999994,6.599893350123904,0.4690365384615385,0.07499625240823743,5544,37.7,-2.180104426123374,-1.3653775517922413,0
11,12,4,8002.576923076923,1128.1075371544216,4312,9240,45.25192307692308,5.582513975377718,0.48577884615384614,0.06343489847305488,7682,47.5,-0.2841697895110737,0.40197967014022307,0
11,12,5,8044.778846153846,1187.2397370938097,2587,9240,46.212500000000006,6.140059256220813,0.47485769230769226,0.06976671069239573,7682,57.0,-0.30556237227886707,1.7540481401196888,0
11,12,6,6091.538461538462,790.8990818869681,3234,6930,55.03942307692308,6.754968229417011,0.3745557692307692,0.07676241726428959,4871,49.6,-1.5432095666754446,-0.8040574460158011,0
11,13,0,8031.361904761905,1256.1282709780019,3326,9240,44.955238095238094,4.544374818480809,0.48914380952380954,0.051640612602518295,6494,46.4,-1.2238795204965363,0.31722507750115964,0
11,13,1,7894.457142857143,1147.3324666420754,4312,9240,45.23238095238095,5.468010031047282,0.48599714285714285,0.062133812572826755,7920,49.5,0.022262626796699728,0.7790454970749972,0
11,13,2,7872.4807692307695,1155.2629085953124,4372,9240,45.847115384615385,6.1481855675446955,0.4790048076923077,0.06986005620087807,6494,43.7,-1.193207906958412,-0.34866039047788067,0
11,13,3,8036.7692307692305,1143.407352352168,4752,9240,46.65576923076923,6.804493474269349,0.4698201923076923,0.07732670117446991,5544,40.4,-2.180104426123374,-0.9180094242353026,0
11,13,4,8002.576923076923,1128.1075371544216,4312,9240,45.63173076923077,5.449436853831636,0.48145769230769225,0.06192636669230831,7682,45.2,-0.2841697895110737,-0.07907972576471202,0
11,13,5,8044.778846153846,1187.2397370938097,2587,9240,45.81442307692308,5.16670480082613,0.4793759615384615,0.058711111889153,7682,44.2,-0.30556237227886707,-0.3118630748783348,0
11,13,6,6091.538461538462,790.8990818869681,3234,6930,54.33076923076923,6.142484189959177,0.3826038461538461,0.06980126424297664,4871,53.9,-1.5432095666754446,-0.07001549576872419,0
11,14,0,8761.57142857143,1370.2641790288733,3629,10080,42.15428571428571,4.248914534945925,0.5209733333333333,0.04828276541269605,7085,39.6,-1.2235298995122508,-0.599750404317081,0
11,14,1,8612.2,1251.6122633197176,4704,10080,42.239047619047625,5.467289006834108,0.5200085714285715,0.06212928226115052,8640,45.3,0.022211174101573142,0.5588444168516887,0
11,14,2,8588.259615384615,1260.2721542663974,4769,10080,42.72692307692308,6.539903368681781,0.5144692307692308,0.07431545603189003,7085,43.1,-1.192796081651774,0.05695914917780036,0
11,14,3,8767.51923076923,1247.3047912779919,5184,10080,43.263461538461534,6.908796386713784,0.5083692307692308,0.078510620241243,6048,38.9,-2.1802990309950756,-0.6306677194375488,0
11,14,4,8730.211538461539,1230.6290890504038,4704,10080,42.674038461538466,5.198132509925017,0.5150701923076924,0.05906677787476092,8381,47.4,-0.28376438028715684,0.9074196037553534,0
11,14,5,8776.240384615385,1295.1101650873068,2822,10080,42.93653846153846,6.049072105563973,0.5120836538461538,0.0687386200439674,8381,39.3,-0.3051766123869601,-0.6001807534521787,0
11,14,6,6645.336538461538,862.7696945514745,3528,7560,52.42788461538461,5.119986664325192,0.40422788461538467,0.05818574452032571,5314,48.6,-1.54307820045956,-0.7461782780069154,0
11,15,0,10951.87619047619,1712.8284058788113,4536,12600,32.647619047619045,4.26628317873675,0.6290038095238095,0.048483797697727274,8856,35.4,-1.2236275081658115,0.6436386079544034,0
11,15,1,10765.15238095238,1564.4892984671756,5880,12600,33.13333333333333,5.129339938542601,0.6234828571428571,0.058286108744086434,10800,36.7,0.022273975502425308,0.6939931410098735,0
11,15,2,10735.25,1575.2589847171291,5962,12600,33.65,6.665430306067909,0.6176173076923077,0.07574563006691873,8856,37.3,-1.1929708629015232,0.5467812309690627,0
11,15,3,10959.26923076923,1559.146718534804,6480,12600,33.92980769230769,6.428726184168073,0.6144307692307692,0.07305756485078607,7560,36.8,-2.1801972761042565,0.44577020758387087,0
11,15,4,10912.64423076923,1538.2769576422168,5880,12600,33.30480769230769,5.709936490009347,0.6215384615384616,0.06488219841679663,10476,36.8,-0.28385096070663535,0.6110543908655524,0
11,15,5,10970.211538461539,1618.8486419955439,3528,12600,33.1125,5.5040265490300095,0.6237230769230769,0.06254784146550564,10476,32.1,-0.30528393625050027,-0.1836226196948776,0
11,15,6,8306.557692307691,1078.5483036198355,4410,9450,45.02307692307692,5.293414680932967,0.48837499999999995,0.06015283729759931,6642,44.8,-1.5433173030341862,-0.04206288523485416,0
11,16,0,13872.380952380952,2169.533698485568,5746,15960,19.948571428571427,5.852631135548454,0.7733142857142856,0.06651049718851702,11218,30.0,-1.2234742974911363,1.7144910431906704,0
11,16,1,13635.866666666667,1981.629948118985,7448,15960,20.84857142857143,6.135538254328604,0.7630857142857143,0.06971985760137525,13680,24.2,0.022271116090097756,0.5453433747756748,0
11,16,2,13597.990384615385,1995.3317630326137,7551,15960,21.5875,7.826798468840544,0.7546865384615384,0.08894023525995193,11218,29.2,-1.192773302653759,0.9713788137168049,0
11,16,3,13881.778846153846,1974.877919081665,8208,15960,20.933653846153845,7.741510985914416,0.762116346153846,0.08796815190525824,9576,28.9,-2.180264917593936,1.0277152632979716,0
11,16,4,13822.721153846154,1948.4564389037425,7448,15960,20.670192307692307,6.171416727841196,0.7651125,0.07013139220299351,13270,25.8,-0.28366983531783563,0.8298757256088173,0
11,16,5,13895.653846153846,2050.484857505378,4469,15960,20.373076923076926,6.772162190311855,0.768485576923077,0.07695461960971271,13270,23.3,-0.3051233432084844,0.43156194068966813,0
11,16,6,10521.60576923077,1366.2218715481356,5586,11970,35.57403846153846,5.381503655182197,0.5957509615384615,0.06115599819781638,8413,39.7,-1.5433732832197937,0.765271026849024,0
11,17,0,16062.809523809523,2512.154737453174,6653,18480,14.925714285714285,5.228951001054473,0.8303885714285714,0.05942064248009482,12989,20.8,-1.223570046176885,1.121271360068717,0
11,17,1,15788.952380952382,2294.6040146938394,8624,18480,15.181904761904761,5.013995431105834,0.8274780952380952,0.056981304256734366,15840,13.1,0.02224671283306418,-0.4143922482522068,0
11,17,2,15745.115384615385,2310.4350672869746,8744,18480,15.878846153846155,6.84754471023197,0.8195538461538461,0.07781159836060697,12989,23.7,-1.1928937085060134,1.140518097459007,0
11,17,3,16073.711538461539,2286.729566467542,9504,18480,15.827884615384615,6.708398688020184,0.8201394230769231,0.07623029163508901,11088,23.0,-2.1802708150816024,1.0675334581444593,0
11,17,4,16005.278846153846,2256.171486358883,8624,18480,15.199038461538462,5.17354163480396,0.8272826923076924,0.05879487204755934,15365,14.6,-0.28378871559094015,-0.11556547699285881,0
11,17,5,16089.692307692309,2374.3455187209697,5174,18480,15.178846153846154,5.54854433944446,0.8275096153846153,0.06305172097807668,15365,14.8,-0.30521642693285017,-0.0681556412454589,0
11,17,6,12183.048076923076,1581.7810189280078,6468,13860,28.039423076923075,5.495018366520197,0.6813673076923077,0.062445154875605764,9742,33.1,-1.543217813044225,0.9192661288568581,0
11,18,0,15281.104761904762,2406.034868200446,6350,17640,15.914285714285715,5.560029547711827,0.8191599999999999,0.06317584220619098,12398,24.6,-1.1982755600318973,1.5593659263948405,0
11,18,1,15071.209523809524,2190.324215091482,8232,17640,16.616190476190475,5.784979286737797,0.8111752380952381,0.06573391552450795,15120,18.8,0.022275356817378574,0.37684509568607466,0
11,18,2,15014.615384615385,2209.7614215012422,8346,17640,17.058653846153845,7.2821181514871105,0.8061528846153846,0.08274677708413664,12398,23.9,-1.1841113334870386,0.9381836678621246,0
11,18,3,15342.961538461539,2182.8321183175713,9072,17640,16.9,7.322382232128973,0.8079519230769231,0.08321021919686394,10584,25.7,-2.180167543280462,1.2001556549302943,0
11,18,4,15256.009615384615,2171.06660063036,8232,17640,16.494230769230768,6.024461897141688,0.8125605769230769,0.06845927060451902,14666,17.3,-0.2717590043636918,0.1335279341395622,0
11,18,5,15358.23076923077,2266.4750837924144,4939,17640,16.14903846153846,6.304860125521411,0.8164865384615384,0.07164804898825748,14666,18.8,-0.3054203948576131,0.419797348756423,0
11,18,6,11629.259615384615,1509.9178206609015,6174,13230,30.18653846153846,5.284765753225732,0.6569682692307693,0.06005337797896213,9299,35.7,-1.5432920590632282,1.0413041474219278,0
11,19,0,13142.133333333333,2055.3930237429727,5443,15120,23.097142857142856,5.342202389803886,0.7375314285714285,0.06070977192012345,10627,29.2,-1.223669180340687,1.1402515634467183,0
11,19,1,12918.104761904762,1877.3222282109157,7056,15120,23.84,5.504519122433019,0.7290904761904762,0.06255257868971188,12960,27.4,0.022316368656369184,0.6455685293606015,0
11,19,2,12861.538461538461,1959.9121632937374,5389,15120,24.460576923076925,6.900533513484622,0.7220394230769231,0.0784099946797814,10627,30.9,-1.1401159206155507,0.9318271974743682,0
11,19,3,13151.067307692309,1870.974234899749,7776,15120,24.127884615384616,7.474999843890887,0.7258173076923077,0.08494031993089415,9072,26.9,-2.180171928552286,0.3703561045332459,0
11,19,4,13078.788461538461,1839.3800384071844,7056,15120,23.790384615384614,6.155627612757733,0.7296519230769231,0.06994725333201478,12571,30.3,-0.27606350525752504,1.0557912013930073,0
11,19,5,13164.173076923076,1942.584058444442,4234,15120,23.541346153846156,6.272448780520805,0.7324855769230769,0.07127754915298481,12571,27.6,-0.30535101986159036,0.6460305508161086,0
11,19,6,9967.875,1294.3952719882868,5292,11340,38.205769230769235,4.585685344869495,0.5658432692307692,0.052107042112866604,7970,36.5,-1.5434694552279906,-0.3711675414578833,0
11,20,0,10221.742857142857,1598.5958624113482,4234,11760,35.80380952380953,4.09157022259754,0.5931371428571429,0.04649284323987373,8266,41.8,-1.2234052827710773,1.461925592095083,0
11,20,1,10047.466666666667,1460.1324167208172,5488,11760,36.132380952380956,5.058570321704908,0.5894028571428571,0.05747605597976441,10080,40.3,0.022280931613777852,0.822247455021436,0
11,20,2,10019.60576923077,1470.2134474073027,5564,11760,36.86634615384615,7.086916847493417,0.581060576923077,0.08053622283180065,8266,41.3,-1.192747791040337,0.6247295750294414,0
11,20,3,10228.701923076924,1455.1559879004308,6048,11760,37.17115384615385,6.5934311688257825,0.5776009615384615,0.07492395302525451,7056,32.4,-2.1803024187327384,-0.7225264751267566,0
11,20,4,10185.153846153846,1435.6908743811039,5488,11760,36.54903846153846,5.514077221997971,0.5846740384615384,0.06266085784493047,9778,42.2,-0.2835923926906849,1.0229693234479589,0
11,20,5,10238.903846153846,1510.8485143730074,3293,11760,36.1,5.0988862290405175,0.5897788461538461,0.057946280232906,9778,40.8,-0.3050608920485957,0.9199656812249442,0
11,20,6,7752.7307692307695,1006.6575880738133,4116,8820,47.35288461538461,5.613782566594801,0.4618980769230769,0.06378618558899746,6199,46.5,-1.5434397487692264,-0.15165675509055676,0
11,21,0,7301.228571428572,1141.8957016324184,3024,8400,48.63142857142857,5.393199319615297,0.44737333333333335,0.06128923432047217,5904,51.4,-1.2235936552651896,0.5123948358744883,0
11,21,1,7176.771428571428,1042.9755533784362,3920,8400,48.06952380952381,6.6714103544315195,0.4537580952380952,0.07581231605463432,7200,52.0,0.02227123027095611,0.5882704372242695,0
11,21,2,7156.836538461538,1050.2173432992538,3974,8400,48.65673076923077,6.790338144819139,0.44709134615384616,0.07716398263209334,5904,46.8,-1.1929193678444845,-0.27303506527029525,0
11,21,3,7306.201923076923,1039.4165874789394,4320,8400,49.95769230769231,6.402907293356581,0.43230096153846154,0.07276078840394432,5040,45.4,-2.1802424051644147,-0.7107060961903866,0
11,21,4,7275.086538461538,1025.5214170871357,3920,8400,49.38653846153846,6.078324655681495,0.4387884615384615,0.06907346912828385,6984,52.6,-0.28383970847848294,0.527807191665249,0
11,21,5,7313.471153846154,1079.239582682976,2352,8400,48.896153846153844,6.103443609834671,0.4443634615384615,0.06935759603466116,6984,48.4,-0.30527799976266906,-0.08115783473584097,0
11,21,6,5537.711538461538,719.0083877209947,2940,6300,56.99615384615385,6.418418930572745,0.3523192307692308,0.07293491722665388,4428,54.4,-1.5433701799739599,-0.4038557340758978,0
11,22,0,5110.971428571429,799.3311201000746,2117,5880,57.81428571428572,6.652304814172256,0.34302190476190475,0.07559199945068514,4133,52.3,-1.2234719370485914,-0.8276843927278087,0
11,22,1,5023.8190476190475,730.1426596767603,2744,5880,57.3352380952381,7.284229289155877,0.3484619047619048,0.08277383386831895,5040,57.0,0.022161053810467263,-0.04595935800050676,0
11,22,2,5009.826923076923,735.1738905627686,2782,5880,57.795192307692304,7.764999638128418,0.3432432692307692,0.08824199379445151,4133,59.6,-1.192663406165945,0.23212961753167968,0
11,22,3,5114.403846153846,727.5891100028723,3024,5880,60.01923076923077,7.467015844106093,0.31796250000000004,0.08485065027412428,3528,46.4,-2.1803268095635566,-1.8214794582743057,0
11,22,4,5092.653846153846,717.8842804931992,2744,5880,58.521153846153844,7.080928482217308,0.3349884615384615,0.0804594009757539,4889,68.5,-0.28368222409284816,1.4072693271228434,0
11,22,5,5119.5,755.5272703951064,1646,5880,58.01538461538462,6.570672842122612,0.3407326923076923,0.07466853022708653,4889,58.8,-0.305080912658962,0.11923026770045277,0
11,22,6,3876.4615384615386,503.2500762871746,2058,4410,64.56826923076923,7.8133103313882275,0.2667019230769231,0.08733918923855655,3100,56.1,-1.542863372334084,-1.0824406641256883,0
11,23,0,3650.638095238095,570.9643853201612,1512,4200,64.82285714285715,8.06066251742251,0.2633809523809524,0.09160116107682649,2952,66.3,-1.223589206801894,0.1830262204563845,0
11,23,1,3588.3809523809523,521.5137799815291,1960,4200,63.28380952380952,8.42458768460971,0.2808590476190476,0.0957328672111562,3600,74.5,0.02227903705456963,1.329785271739632,0
11,23,2,3578.394230769231,525.098519064446,1987,4200,64.01346153846154,8.745895655336868,0.2725721153846154,0.09938653036897241,2952,62.3,-1.192885295186678,-0.19569232045577886,0
11,23,3,3653.0673076923076,519.7301627071807,2160,4200,65.37692307692308,7.2895886757749615,0.25732692307692306,0.08200880278439596,2520,50.9,-2.1800649420481144,-1.9832518954071252,0
11,23,4,3637.548076923077,512.786597673484,1960,4200,64.27019230769231,7.938010802250102,0.26965865384615384,0.09020986815605808,3492,70.4,-0.2838319863731873,0.7712379669353657,0
11,23,5,3656.730769230769,539.6371889919116,1176,4200,64.81538461538462,8.875872928280591,0.26395096153846154,0.09945177295904552,3492,70.5,-0.30525642047444834,0.639736290457549,0
11,23,6,2768.903846153846,359.53272044758637,1470,3150,68.90576923076922,8.350383130830908,0.21697980769230768,0.09488789847832316,2214,62.7,-1.5433599808753167,-0.7422828755160713,0
12,0,0,912.6,142.68831012438912,378,1050,54.576190476190476,7.466714906960858,0.17332095238095238,0.11276166040271204,738,53.8,-1.2235603900831231,-0.10381437380577956,0
12,0,1,897.0380952380953,130.30378144119783,490,1050,52.98666666666667,7.480629686919445,0.1973152380952381,0.11308090941118253,900,53.4,0.022729021667146264,0.055180051692464864,0
12,0,2,894.5673076923077,131.22105890243847,497,1050,54.28173076923077,7.9796435721441545,0.1788769230769231,0.11865807303861271,738,49.4,-1.1930659479681947,-0.6110073278175884,0
12,0,3,913.2596153846154,129.90257702715996,540,1050,55.45673076923077,6.941905454865168,0.16105673076923077,0.10284894075512437,630,42.8,-2.1803863941933517,-1.8206131903553406,0
12,0,4,909.3557692307693,128.13842017004262,490,1050,54.35865384615385,7.037370572738323,0.17724423076923077,0.1049951231663782,873,55.1,-0.28370048715800095,0.10519471712101196,0
12,0,5,914.1538461538462,134.85517360910245,294,1050,54.16730769230769,7.547332098650417,0.17985,0.11335509461743727,873,58.3,-0.30514806048541354,0.5468454017563054,0
12,0,6,692.3076923076923,89.8570684798246,368,788,56.00096153846154,6.349015598222098,0.15201153846153848,0.09527788719268192,554,52.3,-1.5390253031202714,-0.5820022739834582,0
12,1,0,730.1238095238095,114.26451222745739,302,840,55.260000000000005,7.6106150565155755,0.16283809523809523,0.11514204971130926,590,48.7,-1.2262035233622393,-0.8608229062024654,0
12,1,1,717.6857142857143,104.35721882495297,392,840,54.62571428571428,8.188606397017425,0.1731895238095238,0.12278836070169487,720,62.4,0.022174450371886024,0.9482447793949382,0
12,1,2,715.6346153846154,105.07529040749573,397,840,55.184615384615384,7.748457650857985,0.16545288461538463,0.11483171220320866,590,57.2,-1.1955490144951233,0.25976614245767565,0
12,1,3,730.5673076923077,103.9911090694615,432,840,57.20673076923077,7.1061202176835065,0.13596634615384615,0.1036405922000079,504,47.3,-2.1785085728363267,-1.3921533737741834,0
12,1,4,727.4903846153846,102.58645373133348,392,840,55.06442307692308,7.083138987507973,0.1658644230769231,0.10703640422206898,698,59.7,-0.28744058437546294,0.653529689921604,0
12,1,5,731.3076923076923,108.00045639269595,235,840,56.416346153846156,7.036121926353274,0.14606346153846153,0.10529945929446766,698,57.2,-0.30837470204361295,0.11121775273613912,0
12,1,6,553.8461538461538,71.88607076151467,294,630,57.760576923076925,6.989762531477916,0.12732019230769231,0.10243162661991413,443,45.2,-1.5417553792868575,-1.7944290062115733,0
12,2,0,657.1142857142858,102.68953529615688,272,756,56.05714285714286,7.454333498850714,0.15182285714285715,0.1111632334566041,531,49.8,-1.2279927591746862,-0.8382721455447126,0
12,2,1,645.9142857142857,93.783313495045,353,756,54.946666666666665,8.056316999084855,0.1681238095238095,0.1210573080466513,648,65.6,0.022237345158132995,1.3207184064972872,0
12,2,2,644.0480769230769,94.47220578651047,358,756,55.55865384615385,7.789931397643057,0.15999038461538462,0.11524756006450426,531,51.5,-1.1965012457321051,-0.5203448132095464,0
12,2,3,657.5,93.45743021363216,389,756,57.3125,7.100699917641101,0.1330894230769231,0.10553055869785492,454,41.6,-2.1772290041020046,-2.209698086262717,0
12,2,4,654.8076923076923,92.22345982555454,353,756,56.10865384615385,8.165355545227964,0.15181923076923076,0.12100498190572354,629,57.0,-0.2798083510745836,0.10902842682682322,0
12,2,5,658.2115384615385,97.06455394510198,212,756,56.28076923076923,7.551005551542947,0.14815096153846155,0.11311709629757398,629,64.6,-0.3009185958048109,1.100281002641651,0
12,2,6,498.38461538461536,64.61406076384864,265,567,57.763461538461534,7.308248534312653,0.1274173076923077,0.10720017609961235,399,47.8,-1.5378887400435863,-1.3614543823903256,0
12,3,0,547.6571428571428,85.6218012958315,227,630,56.859047619047615,8.011646513263042,0.1400609523809524,0.11940398016755337,443,54.3,-1.222176122344836,-0.3190177496373684,0
12,3,1,538.2952380952381,78.2271008284808,294,630,55.089523809523804,7.722979245401898,0.1662485714285714,0.11556657764307064,540,62.5,0.0217896865644246,0.9582951092080758,0
12,3,2,536.7884615384615,78.75014847597934,298,630,56.57211538461539,8.22345044548063,0.14535192307692307,0.12130758865061589,443,50.9,-1.1908111316862944,-0.6889110977438181,0
12,3,3,548.0,77.9273996207398,324,630,57.63173076923077,6.777565281877558,0.12896153846153846,0.09954563602679471,378,39.0,-2.1812377732289843,-2.7449799737435323,1
12,3,4,545.6923076923077,76.91011989456051,294,630,57.099999999999994,7.907253644229124,0.13864903846153845,0.11467650405201034,524,54.6,-0.28201084088328016,-0.31576606135667257,0
12,3,5,548.5673076923077,80.96730305224996,176,630,57.349999999999994,7.903937816665102,0.13320576923076924,0.11703277511804003,524,61.1,-0.3033851062742343,0.4738475442785625,0
12,3,6,415.2692307692308,53.86502923195922,220,472,57.94615384615384,7.165328102121566,0.12442980769230769,0.1053372714349518,332,48.2,-1.545599732497864,-1.3582868556592058,0
12,4,0,730.1238095238095,114.26451222745739,302,840,54.96095238095238,7.334985911030662,0.16726190476190475,0.11113384461726282,590,51.2,-1.2262035233622393,-0.5120435119288924,0
12,4,1,717.6857142857143,104.35721882495297,392,840,55.030476190476186,7.6039226188947495,0.16752285714285714,0.11301410757506786,720,59.7,0.022174450371886024,0.6132875317035535,0
12,4,2,715.6346153846154,105.07529040749573,397,840,55.47980769230769,7.952423820625562,0.16030096153846152,0.1191323368711739,590,50.2,-1.1955490144951233,-0.6630905125435638,0
12,4,3,730.5673076923077,103.9911090694615,432,840,56.125,6.842155880084774,0.15116538461538462,0.10111573371971289,504,43.2,-2.1785085728363267,-1.8862676544714116,0
12,4,4,727.4903846153846,102.58645373133348,392,840,55.00096153846154,7.506275629348359,0.16757884615384616,0.11223087306333596,698,66.7,-0.28744058437546294,1.5564940721250187,0
12,4,5,731.3076923076923,108.00045639269595,235,840,56.271153846153844,7.532565842412286,0.1474951923076923,0.11401442369986857,698,55.3,-0.30837470204361295,-0.12875642936956444,0
12,4,6,553.8461538461538,71.88607076151467,294,630,57.74134615384616,7.19499030916075,0.12680480769230768,0.10673419428228648,443,48.9,-1.5417553792868575,-1.2271142325625162,0
12,5,0,1277.6666666666667,199.84487573859465,529,1470,51.589523809523804,6.856396842050325,0.21833999999999998,0.10388241003839205,1033,48.2,-1.2242216546504716,-0.49363936974427486,0
12,5,1,1255.9142857142858,182.5294556990793,686,1470,51.40952380952381,7.016731704256891,0.2215457142857143,0.10524282729859642,1260,59.9,0.022382636510374906,1.2083108545801655,0
12,5,2,1252.451923076923,183.79335588145935,696,1470,52.152884615384615,7.187785712086012,0.21071153846153848,0.10699258508714317,1033,47.9,-1.1939494903371333,-0.5908601319213315,0
12,5,3,1278.5384615384614,181.92519123358693,756,1470,53.62019230769231,6.440306629130465,0.1880125,0.09662195240675488,882,40.2,-2.1795588794547447,-2.080551062035545,0
12,5,4,1273.0865384615386,179.46798998338986,686,1470,52.09903846153846,7.016672173249642,0.21106153846153844,0.10533847553803938,1222,61.9,-0.2846395731658599,1.3948226552782044,0
12,5,5,1279.8173076923076,188.85746227448556,412,1470,52.127884615384616,7.053271040794239,0.21018365384615387,0.10686612994868441,1222,51.3,-0.3061263544076235,-0.11720980415492116,0
12,5,6,969.0288461538462,125.75561573137045,514,1102,54.785576923076924,6.728903288779945,0.1701625,0.10151894097267558,775,49.3,-1.542781347870811,-0.8140162706015138,0
12,6,0,2372.942857142857,371.08320725047184,983,2730,44.83714285714285,5.010186875504,0.3206542857142857,0.07591161742013311,1919,45.0,-1.2232583304508329,0.03244045428902466,0
12,6,1,2332.447619047619,338.9565430777788,1274,2730,43.976190476190474,5.676885044593012,0.33369238095238096,0.08601587475938795,2340,45.3,0.022280608828842852,0.2327828878954001,0
12,6,2,2325.980769230769,341.3003967059451,1292,2730,44.64519230769231,6.001001207851845,0.32355384615384614,0.09092333260636648,1919,40.0,-1.192406598681499,-0.7727817957555141,0
12,6,3,2374.576923076923,337.7732246744041,1404,2730,45.47596153846154,5.427733443031577,0.310975,0.08223915013868993,1638,33.1,-2.180620200387168,-2.2759411927999635,0
12,6,4,2364.451923076923,333.29799138942764,1274,2730,44.7173076923077,5.5700907647638225,0.3224653846153846,0.08439612650342831,2270,48.3,-0.2833773132266964,0.6420491097233856,0
12,6,5,2376.8846153846152,350.77258164352054,764,2730,44.76538461538462,5.114699342600493,0.32173557692307686,0.07749728077693609,2270,43.8,-0.3047033147536263,-0.18837878104566894,0
12,6,6,1799.7788461538462,233.72047684305093,956,2048,49.69326923076923,5.9071499283771045,0.24751153846153845,0.08816192219867652,1439,47.8,-1.5435678351698556,-0.3199630318119219,0
12,7,0,5475.914285714286,856.3977117317286,2268,6300,24.64190476190476,3.4033010262769716,0.6266371428571428,0.05156593101804951,4428,27.3,-1.2236161250758884,0.7787462100858222,0
12,7,1,5382.580952380952,782.21869828162,2940,6300,24.879047619047622,3.8174370993280307,0.6230466666666666,0.05783534497351189,5400,27.3,0.022268484469201405,0.6325257131926262,0
12,7,2,5367.653846153846,787.6285627125245,2981,6300,24.978846153846156,4.62147106149309,0.6215336538461538,0.0700275252548304,4428,26.3,-1.1930013214662831,0.28525577049118644,0
12,7,3,5479.663461538462,779.5643494687648,3240,6300,25.275,4.86013604028705,0.6170432692307692,0.07364127267799998,3780,26.4,-2.180245492552038,0.23099970733747544,0
12,7,4,5456.317307692308,769.112642960453,2940,6300,24.845192307692308,4.281612975433039,0.6235576923076922,0.06487309746886899,5238,29.3,-0.2838523994716577,1.0380264291791566,0
12,7,5,5485.115384615385,809.3954391077295,1764,6300,24.7125,3.9137469321027525,0.6255721153846154,0.059301268764125954,5238,28.2,-0.30530482336244147,0.888818789883331,0
12,7,6,4153.211538461538,539.272769445641,2205,4725,33.58173076923077,3.7547578728984115,0.49119038461538467,0.05689100551570956,3321,37.2,-1.5431821404511312,0.9610894917881143,0
12,8,0,6571.133333333333,1027.6679356180357,2722,7560,17.13047619047619,3.7777975830839012,0.7404485714285715,0.05723954240108589,5314,23.4,-1.2232755903018442,1.6551897697815643,0
12,8,1,6459.104761904762,938.6466108569615,3528,7560,17.80857142857143,4.474739233608056,0.7301723809523809,0.06779984328215113,6480,20.3,0.022260790424904333,0.555534768389236,0
12,8,2,6441.163461538462,945.1401818313371,3577,7560,18.53846153846154,5.541586953181498,0.7191182692307693,0.08396258732770066,5314,25.5,-1.1925760405128982,1.2539726965005833,0
12,8,3,6566.759615384615,934.5415624494615,3888,7560,18.132692307692306,5.625970333699636,0.7252653846153846,0.08524119265979464,4536,21.3,-2.1729776044266518,0.5619809020940268,0
12,8,4,6547.615384615385,922.9250809267968,3528,7560,17.920192307692307,4.789782405980389,0.7284788461538461,0.07257280465404894,6286,21.2,-0.28346022382492464,0.6833242457452129,0
12,8,5,6582.182692307692,971.2698400659868,2117,7560,17.660576923076924,4.856232473706915,0.7324163461538462,0.07357822613570586,6286,21.5,-0.30494063614824984,0.7889929422131258,0
12,8,6,4983.923076923077,647.1789370411124,2646,5670,28.27692307692308,3.9210220276859187,0.5715586538461539,0.059408257754561475,3985,31.6,-1.5434798398904352,0.8453468079478362,0
12,9,0,5110.971428571429,799.3311201000746,2117,5880,26.93714285714286,3.140561474263222,0.5918609523809524,0.04758685075174509,4133,29.7,-1.2234719370485914,0.8769411945860384,0
12,9,1,5023.8190476190475,730.1426596767603,2744,5880,27.059047619047618,3.528120420228552,0.5900161904761905,0.053461902545733665,5040,35.4,0.022161053810467263,2.357452938363692,0
12,9,2,5002.596153846154,734.1225595309324,2782,5880,27.75096153846154,4.788335243722325,0.5795317307692308,0.07255181913026908,4133,29.6,-1.1845219811552496,0.38534999486698324,0
12,9,3,5114.403846153846,727.5891100028723,3024,5880,27.674999999999997,4.542480183070943,0.5806807692307692,0.06882203880041085,3528,26.4,-2.1803268095635566,-0.2800671169841158,0
12,9,4,5087.490384615385,715.312926229436,2744,5880,27.354807692307695,3.8340042138961272,0.5855307692307693,0.05809758626225037,4889,32.8,-0.2774836054279072,1.4165417113768655,0
12,9,5,5119.5,755.5272703951064,1646,5880,27.084615384615386,4.149880551112148,0.5896317307692308,0.0628769583870314,4889,31.6,-0.305080912658962,1.085460161633108,0
12,9,6,3876.4615384615386,503.2500762871746,2058,4410,35.37019230769231,3.693233902921371,0.4640836538461538,0.05595446850559026,3100,37.1,-1.542863372334084,0.4671073277178363,0
12,10,0,3650.638095238095,570.9643853201612,1512,4200,36.30952380952381,3.911780133075452,0.44985238095238095,0.059272186847623844,2952,33.9,-1.223589206801894,-0.6143954346656012,0
12,10,1,3588.3809523809523,521.5137799815291,1960,4200,36.52571428571429,4.765683189610515,0.44658000000000003,0.0722034843608406,3600,42.7,0.02227903705456963,1.2928591510671934,0
12,10,2,3578.394230769231,525.098519064446,1987,4200,36.56442307692308,4.837413219295986,0.44599038461538465,0.07329049067342641,2952,38.1,-1.192885295186678,0.31678275682466855,0
12,10,3,3653.0673076923076,519.7301627071807,2160,4200,37.42211538461539,4.814479712199283,0.43299519230769234,0.07294950292264978,2520,28.3,-2.1800649420481144,-1.890797749972709,0
12,10,4,3637.548076923077,512.786597673484,1960,4200,36.60576923076923,4.643605623752625,0.44536730769230765,0.07035772594710614,3492,42.1,-0.2838319863731873,1.1806395327501498,0
12,10,5,3656.730769230769,539.6371889919116,1176,4200,36.42596153846154,4.300282112947189,0.4480875,0.06515968836530817,3492,39.0,-0.30525642047444834,0.5971856120059015,0
12,10,6,2768.903846153846,359.53272044758637,1470,3150,42.66730769230769,4.837343455888938,0.353525,0.07329550079570508,2214,37.3,-1.5433599808753167,-1.107267875930487,0
12,11,0,3285.647619047619,513.8647678462687,1361,3780,38.67523809523809,3.9622201661049394,0.4140095238095238,0.06003187378354409,2657,40.2,-1.2233479018290425,0.38385634254937423,0
12,11,1,3229.6285714285714,469.3857946037823,1764,3780,38.46476190476191,5.132250611281208,0.4172019047619048,0.07775619686033486,3240,43.6,0.022095273734148303,0.9986362943829051,0
12,11,2,3220.6346153846152,472.6145221606422,1788,3780,39.021153846153844,5.304507573513379,0.40877211538461544,0.08037136191978414,2657,35.0,-1.1925632060052933,-0.7566371466275832,0
12,11,3,3287.8653846153848,467.7368577635613,1944,3780,39.13076923076923,4.631028255529228,0.4071048076923077,0.07016980151477452,2268,33.1,-2.1803789115584196,-1.2994467817739084,0
12,11,4,3273.875,461.50651758853746,1764,3780,39.35288461538461,4.5800529256866795,0.4037451923076923,0.06939176929985719,3143,38.3,-0.28357598268385464,-0.22938398149888434,0
12,11,5,3291.144230769231,485.6831125246536,1058,3780,39.159615384615385,4.501898612004795,0.406675,0.06821028842192314,3143,41.0,-0.30501612427479335,0.4078958269336791,0
12,11,6,2491.9903846153848,323.49398623459405,1323,2835,44.47980769230769,5.080084469286498,0.32606538461538465,0.07697011999903712,1993,40.4,-1.5424551345513684,-0.8015206264110536,0
12,12,0,3102.9904761904763,485.3111907132388,1285,3570,39.589523809523804,4.39426907831106,0.4001580952380952,0.06657891468740224,2509,41.1,-1.223912096888938,0.34295729066931385,0
12,12,1,3050.0857142857144,443.2869602423233,1666,3570,39.54666666666666,4.797657013638306,0.4008114285714286,0.0726919307159247,3060,48.2,0.022364885400671514,1.7999065467410982,0
12,12,2,3041.596153846154,446.3709659110508,1689,3570,40.16442307692308,5.673715897990733,0.3914442307692308,0.08596761393690347,2509,34.4,-1.193142617000123,-1.0141997208130826,0
12,12,3,3105.0673076923076,441.80301950875145,1836,3570,40.81634615384615,4.824474629618205,0.3815721153846154,0.07309522776279785,2142,34.1,-2.1798074415351882,-1.3892608128913813,0
12,12,4,3091.855769230769,435.8767399088616,1666,3570,40.09326923076923,4.931890762163922,0.39252788461538457,0.07472748608152308,2968,41.2,-0.284146678232666,0.2239488532818488,0
12,12,5,3108.153846153846,458.6932636110442,1000,3570,40.425,4.769517897112221,0.38749999999999996,0.07226258616478728,2968,45.7,-0.30554359925524566,1.1036677994630284,0
12,12,6,2352.3653846153848,305.57077128853484,1250,2678,45.65865384615385,5.492211795195632,0.3082,0.08321842822426112,1882,42.7,-1.5392505969273091,-0.5377208214226237,0
12,13,0,3102.9904761904763,485.3111907132388,1285,3570,39.852380952380955,4.347260305200525,0.3961761904761905,0.06586721713447664,2509,36.3,-1.223912096888938,-0.815278570376225,0
12,13,1,3050.0857142857144,443.2869602423233,1666,3570,39.28190476190476,4.631949684037799,0.40481904761904763,0.07018185319806695,3060,45.5,0.022364885400671514,1.33954386870614,0
12,13,2,3041.596153846154,446.3709659110508,1689,3570,40.18557692307692,5.190046827505057,0.3911317307692308,0.07864189113720214,2509,36.9,-1.193142617000123,-0.6318360261100416,0
12,13,3,3105.0673076923076,441.80301950875145,1836,3570,41.14519230769231,5.108642587700993,0.3765855769230769,0.07740053989710252,2142,32.9,-2.1798074415351882,-1.6108161815212012,0
12,13,4,3091.855769230769,435.8767399088616,1666,3570,40.041346153846156,4.860872321268517,0.3933173076923077,0.07364940622531385,2968,43.0,-0.284146678232666,0.6074176556086209,0
12,13,5,3108.153846153846,458.6932636110442,1000,3570,40.50096153846154,4.869929430566784,0.38635096153846155,0.07378633545608117,2968,42.7,-0.30554359925524566,0.4506291520865405,0
12,13,6,2353.5576923076924,305.6063788195616,1250,2678,45.771153846153844,5.406750061592337,0.3065019230769231,0.08191972743996825,1882,39.3,-1.5429725793135711,-1.1946561633031212,0
12,14,0,3468.0476190476193,542.4187528836493,1436,3990,37.81333333333333,3.9770753330969475,0.42707047619047617,0.06025371664854684,2804,39.2,-1.2242116877422557,0.34779043554955397,0
12,14,1,3408.9333333333334,495.4167101205475,1862,3990,37.02285714285714,4.3803375603778685,0.4390476190476191,0.06636597120286597,3420,42.5,0.022337646397736322,1.24754481445191,0
12,14,2,3399.4423076923076,498.83892037805487,1888,3990,38.00576923076923,4.85278074468003,0.42415576923076925,0.07352760768994475,2804,35.5,-1.1936325475878529,-0.5152955402134034,0
12,14,3,3470.3653846153848,493.7454447658582,2052,3990,38.35192307692308,4.510053080634627,0.418910576923077,0.06833250078653348,2394,32.3,-2.179956486608069,-1.3389053112786402,0
12,14,4,3455.6153846153848,487.1331890137291,1862,3990,37.3625,4.118232901744353,0.4339,0.06239725691008309,3317,38.0,-0.2845475165033626,0.15442442690930352,0
12,14,5,3473.846153846154,512.6795355762271,1117,3990,37.80384615384615,4.4943745437166625,0.42721250000000005,0.06809692505140236,3317,39.6,-0.30592813576713584,0.3987576585209546,0
12,14,6,2630.375,341.5516332911959,1396,2992,43.82692307692308,4.9410157905605905,0.3359557692307692,0.07486110352353727,2103,40.0,-1.5440112372058785,-0.7729571544125025,0
12,15,0,4380.72380952381,685.1904352811214,1814,5040,31.912380952380953,3.027206608984569,0.5164771428571429,0.045868870911341585,3542,33.3,-1.2240561539919361,0.4568734453277669,0
12,15,1,4306.057142857143,625.8349473452895,2352,5040,31.357142857142858,3.8777188264111286,0.5248904761904762,0.05874715790803046,4320,34.3,0.022278452837240132,0.7569624435967198,0
12,15,2,4294.086538461538,630.1668620228969,2385,5040,31.87596153846154,4.098886782148939,0.5170250000000001,0.06210014422383704,3542,33.1,-1.1934531141738614,0.29790026506846057,0
12,15,3,4383.692307692308,623.6854303707589,2592,5040,32.5375,4.905380194681032,0.5070067307692308,0.0743226517032234,3024,29.8,-2.1800581525569807,-0.5569253835058922,0
12,15,4,4365.009615384615,615.3419839310496,2352,5040,31.620192307692307,4.009609326723734,0.5209048076923077,0.06075190097278699,4190,35.1,-0.2844057059288284,0.8657079356376121,0
12,15,5,4388.0192307692305,647.6264652263201,1411,5040,32.020192307692305,4.157771523343799,0.5148490384615385,0.06299160831025882,4190,35.7,-0.3057567654101002,0.8829197262126768,0
12,15,6,3322.730769230769,431.4234113035147,1764,3780,39.722115384615385,4.444150878975737,0.39814615384615387,0.0673418549043363,2657,39.3,-1.543067253923052,-0.09476899101192024,0
12,16,0,5840.9047619047615,913.4973319380169,2419,6720,21.935238095238095,3.456153401832207,0.6676457142857143,0.05236491417221776,4723,25.9,-1.223750180015647,1.1438506739679013,0
12,16,1,5741.333333333333,834.3466889943877,3136,6720,22.409523809523808,3.821586556591883,0.6604638095238095,0.057906569515386516,5760,23.1,0.0223725259387146,0.18020634018779877,0
12,16,2,5725.403846153846,840.1348310562988,3180,6720,22.826923076923077,4.997168727889449,0.6541403846153846,0.07571824691813385,4723,24.5,-1.1931321947116447,0.33413631814682926,0
12,16,3,5844.865384615385,831.5576570765065,3456,6720,22.76634615384615,5.348561381333114,0.6550557692307692,0.08104047871091213,4032,24.3,-2.1800575926542995,0.28620626638642793,0
12,16,4,5819.990384615385,820.3927249845756,3136,6720,22.282692307692308,4.004934875964521,0.6623826923076923,0.06068458392921298,5587,23.8,-0.2839951374122572,0.3779158913363906,0
12,16,5,5850.692307692308,863.3725818474226,1882,6720,22.40576923076923,4.193495354240225,0.6605173076923077,0.06354310125381787,5587,27.0,-0.30541768300221217,1.092954882083168,0
12,16,6,4430.115384615385,575.3350110210979,2352,5040,31.814423076923074,3.818870322191463,0.517964423076923,0.05786072819819233,3542,30.3,-1.543622292021261,-0.3955273878422421,0
12,17,0,6571.133333333333,1027.6679356180357,2722,7560,17.30666666666667,3.9984917028094342,0.7377790476190477,0.06058353688413993,5314,23.0,-1.2232755903018442,1.4203181035258328,0
12,17,1,6454.438095238095,937.3746677639459,3528,7560,17.744761904761905,4.134981651721475,0.7311409523809524,0.06265104317266165,6480,19.5,0.0272693864546351,0.4234610048295673,0
12,17,2,6433.5192307692305,941.0631973327614,3577,7560,18.684615384615384,5.582858112562393,0.7168971153846153,0.0845863107847879,5314,21.4,-1.1896197170870768,0.485509297882143,0
12,17,3,6575.596153846154,935.4321105153067,3888,7560,18.075,5.397855561257098,0.726135576923077,0.08178679471623271,4536,24.0,-2.1803552896743152,1.0956283748493254,0
12,17,4,6541.375,921.647482126805,3528,7560,17.87403846153846,4.698026753558044,0.7291778846153847,0.07118380550627713,6286,21.7,-0.27708232716854847,0.8126465159889132,0
12,17,5,6582.182692307692,971.2698400659868,2117,7560,17.720192307692308,4.608505850734156,0.7315096153846153,0.0698248829256361,6286,21.4,-0.30494063614824984,0.7967528484829677,0
12,17,6,4983.923076923077,647.1789370411124,2646,5670,28.138461538461538,3.6267428402871777,0.5736586538461539,0.05494937583782359,3985,30.5,-1.5434798398904352,0.6493553614453481,0
12,18,0,6206.047619047619,970.6567798398589,2570,7140,19.94571428571429,3.6935502144702435,0.6977914285714286,0.055961355337489714,5018,26.1,-1.2239500142815478,1.6617260082609744,0
12,18,1,6093.342857142857,889.2556397668458,3332,7140,19.98095238095238,4.18729982846701,0.6972628571428571,0.0634456903687999,6120,24.6,0.029976580298472416,1.1004807394792777,0
12,18,2,6083.288461538462,892.7059624532324,3378,7140,20.70673076923077,5.284806293316627,0.686264423076923,0.08007106663636548,5018,23.5,-1.193311765828619,0.5275488990588827,0
12,18,3,6210.221153846154,883.5632949863863,3672,7140,20.564423076923074,5.538600963673235,0.6884201923076922,0.08392156113457158,4284,23.8,-2.1800355044408994,0.5831338285561157,0
12,18,4,6183.788461538462,871.7197451247325,3332,7140,20.229807692307695,4.564146467015211,0.6934836538461538,0.06915648234690266,5936,23.5,-0.2842491757614704,0.7149295133581979,0
12,18,5,6216.3942307692305,917.41945407958,1999,7140,20.0625,4.6605801443118,0.6960240384615385,0.0706169408085875,5936,19.9,-0.3056302907241394,-0.03479225170729737,0
12,18,6,4707.057692307692,611.1553411434897,2499,5355,30.508653846153848,4.00919115336958,0.5377509615384615,0.06074265626665173,3764,31.7,-1.5430483844899194,0.2964144048852614,0
12,19,0,5110.971428571429,799.3311201000746,2117,5880,27.15142857142857,3.2276782047482064,0.5886104761904761,0.048909323328225514,4133,30.0,-1.2234719370485914,0.8798191940118897,0
12,19,1,5023.8190476190475,730.1426596767603,2744,5880,27.14095238095238,3.4891506360677735,0.5887714285714285,0.05286243524885662,5040,33.1,0.022161053810467263,1.7029983098253225,0
12,19,2,5009.826923076923,735.1738905627686,2782,5880,27.76153846153846,4.836557945046033,0.5793711538461539,0.0732763921413824,4133,29.8,-1.192663406165945,0.4205998487122552,0
12,19,3,5114.403846153846,727.5891100028723,3024,5880,27.852884615384614,5.1673349825135775,0.5779865384615385,0.07829477416589072,3528,29.1,-2.1803268095635566,0.24087979410787855,0
12,19,4,5092.653846153846,717.8842804931992,2744,5880,27.31826923076923,4.119095112785123,0.5860903846153847,0.06240536683298457,4889,31.3,-0.28368222409284816,0.9643107413297264,0
12,19,5,5119.5,755.5272703951064,1646,5880,27.185576923076926,3.9133433243976827,0.5880980769230769,0.05928624487364098,4889,28.9,-0.305080912658962,0.43698013025313637,0
12,19,6,3876.4615384615386,503.2500762871746,2058,4410,35.07596153846154,3.635624575882221,0.46854807692307693,0.055087615969100286,3100,32.8,-1.542863372334084,-0.6242994831443318,0
12,20,0,3650.638095238095,570.9643853201612,1512,4200,36.32857142857143,3.7174152073955664,0.44956666666666667,0.05632331404603431,2952,36.8,-1.223589206801894,0.12647600151794366,0
12,20,1,3588.3809523809523,521.5137799815291,1960,4200,36.66285714285714,4.695297507221315,0.4445047619047619,0.07113646471199993,3600,40.6,0.02227903705456963,0.8367468478030236,0
12,20,2,3578.394230769231,525.098519064446,1987,4200,36.61538461538461,4.788837531090243,0.44522307692307694,0.07255809487705833,2952,33.0,-1.192885295186678,-0.7533875843809278,0
12,20,3,3653.0673076923076,519.7301627071807,2160,4200,37.448076923076925,4.555525414247037,0.4326057692307692,0.06902257521074485,2520,33.3,-2.1800649420481144,-0.9085650712035396,0
12,20,4,3637.548076923077,512.786597673484,1960,4200,36.82403846153846,4.377224709087501,0.4420567307692308,0.0663215259823373,3492,38.9,-0.2838319863731873,0.47318331658770246,0
12,20,5,3656.730769230769,539.6371889919116,1176,4200,36.670192307692304,3.980800519768943,0.4443894230769231,0.06031424652306046,3492,39.5,-0.30525642047444834,0.7090827211958806,0
12,20,6,2768.903846153846,359.53272044758637,1470,3150,43.045192307692304,5.14643584477707,0.3477980769230769,0.07797982933216535,2214,41.8,-1.5433599808753167,-0.24148313780604022,0
12,21,0,2555.4190476190474,399.6942047691051,1058,2940,43.49333333333333,5.172472750916563,0.3410066666666667,0.07837048756077011,2066,40.7,-1.2244530875069664,-0.5389962412902809,0
12,21,1,2511.8571428571427,365.08593373477026,1372,2940,43.17809523809524,5.834644227377816,0.3457904761904762,0.08840573480768343,2520,57.2,0.022303335618010046,2.3991032159361487,0
12,21,2,2504.875,367.60921862945605,1391,2940,43.30769230769231,5.8379523659187536,0.3438259615384615,0.08845622689633767,2066,41.7,-1.1938304031987148,-0.27491542459575496,0
12,21,3,2557.144230769231,363.83684645755625,1512,2940,44.50865384615384,5.02104523557147,0.325625,0.07606890048738199,1764,35.6,-2.1798848567504443,-1.7707361848321599,0
12,21,4,2546.25,358.974233058586,1372,2940,43.24134615384616,5.1495048414409625,0.34483173076923074,0.07802767154716617,2444,43.8,-0.2848314510328727,0.10827663958501406,0
12,21,5,2559.653846153846,377.7859045726843,823,2940,43.902884615384615,5.306845857704077,0.3348048076923077,0.0804032789021386,2444,49.4,-0.3061278450984254,1.0339053513560297,0
12,21,6,1938.2403846153845,251.66989841998262,1029,2205,48.37403846153846,5.959767950006427,0.26705576923076924,0.09029813707173498,1550,45.7,-1.5425959206623687,-0.4479300508716725,0
12,22,0,1642.7333333333333,256.94728831875034,680,1890,49.074285714285715,6.663794665253376,0.25644666666666666,0.10096522160803183,1328,44.7,-1.2248468817234444,-0.6554420586327162,0
12,22,1,1614.7047619047619,234.67677951278185,882,1890,48.852380952380955,6.570579754863214,0.25980761904761907,0.09955326144566466,1620,56.5,0.022563001231817245,1.1621497394613693,0
12,22,2,1610.201923076923,236.2983296148962,894,1890,49.33269230769231,7.060644959507034,0.2529740384615385,0.1058373720358495,1328,45.3,-1.194210646475383,-0.5703429221502695,0
12,22,3,1643.826923076923,233.87580482735825,972,1890,50.763461538461534,6.149781868296837,0.23120576923076924,0.09226234000863277,1134,35.5,-2.179811311991549,-2.4779224110222984,0
12,22,4,1636.826923076923,230.74545477468996,882,1890,49.732692307692304,6.36390675497054,0.24648846153846152,0.09638659144923835,1571,53.9,-0.2852670292938324,0.6538074453407902,0
12,22,5,1645.4326923076924,242.879080723053,529,1890,49.82115384615384,6.234926258732316,0.24513076923076924,0.09446355549050328,1571,51.2,-0.30644725603190875,0.2207946253837847,0
12,22,6,1246.076923076923,161.86250261733701,662,1418,52.31730769230769,6.39477095709664,0.20750288461538463,0.09645979942037805,996,40.8,-1.5449005793658444,-1.7982388081413347,0
12,23,0,1095.1904761904761,171.2339321624354,454,1260,53.06571428571428,7.334885408514844,0.1959742857142857,0.11113373702658659,886,45.7,-1.2215935101983417,-1.0028358341949468,0
12,23,1,1076.5047619047618,156.4001354889195,588,1260,52.7952380952381,7.815853968701903,0.20094,0.11676039782391975,1080,60.2,0.0223466214917113,0.9461921899355547,0
12,23,2,1073.5576923076924,157.4865583367634,596,1260,53.25,7.463997731505707,0.1931846153846154,0.11308887111791513,886,49.5,-1.1908685134988883,-0.5017395154125271,0
12,23,3,1095.9615384615386,155.88730825593237,648,1260,54.607692307692304,6.626640735575366,0.17435384615384614,0.09689856263832895,756,44.1,-2.180676127540528,-1.5832847861368127,0
12,23,4,1091.2884615384614,153.791857390279,588,1260,52.81442307692308,7.0685330081445645,0.2000269230769231,0.10660296015013242,1048,56.3,-0.28145603878251646,0.49241515425108745,0
12,23,5,1097.0576923076924,161.8160784385308,353,1260,53.239423076923075,7.079581171710722,0.1937173076923077,0.1065056363359324,1048,56.7,-0.30315072070616117,0.48812148972714114,0
12,23,6,830.6442307692307,107.86875504939975,441,945,55.49230769230769,6.764451517424804,0.16028365384615384,0.10059865091123525,664,53.5,-1.5447363171082307,-0.29409136476705255,0
13,0,0,1369.0285714285715,214.12260403899344,567,1575,54.09619047619048,7.241864451410338,0.1803895238095238,0.10967645329980776,1107,46.6,-1.2236743330355064,-1.033691477056307,0
13,0,1,1345.6857142857143,195.57535014008687,735,1575,53.34857142857143,7.4187407479783465,0.19275809523809523,0.1103520788387301,1350,60.3,0.022058327534222818,0.935747902270021,0
13,0,2,1341.9423076923076,196.94900167465246,745,1575,53.517307692307696,6.993512143306897,0.18956923076923077,0.10507538863354215,1107,49.6,-1.1928487943922363,-0.5593347469314207,0
13,0,3,1369.9615384615386,194.89897423237883,810,1575,55.19230769230769,6.910856694645087,0.16535865384615384,0.10180656664362328,945,40.3,-2.180307705867259,-2.1518011930272163,0
13,0,4,1364.1826923076924,192.24159377498708,735,1575,53.93365384615385,7.449670750226564,0.1833192307692308,0.11196905612489384,1310,56.5,-0.281832213943091,0.34402941359954836,0
13,0,5,1371.3461538461538,202.34507530361748,441,1575,54.642307692307696,7.4989797663064985,0.17209134615384616,0.1136200704533348,1310,53.0,-0.30316093507468916,-0.21871249402973306,0
13,0,6,1038.2307692307693,134.81812493523645,551,1181,56.61730769230769,6.993373317005763,0.14294903846153845,0.10477942897787976,830,47.6,-1.5444164140886123,-1.2875663318434905,0
13,1,0,1095.1904761904761,171.2339321624354,454,1260,55.2952380952381,7.915349996542515,0.16260190476190475,0.11934413796063785,886,50.4,-1.2215935101983417,-0.6176683802448697,0
13,1,1,1076.5047619047618,156.4001354889195,588,1260,54.29904761904761,7.768829424225418,0.1782952380952381,0.11597863893254087,1080,61.7,0.0223466214917113,0.9514223769843552,0
13,1,2,1073.5576923076924,157.4865583367634,596,1260,55.396153846153844,7.682092694720387,0.16109903846153847,0.11569572286964026,886,48.2,-1.1908685134988883,-0.9355261476623985,0
13,1,3,1095.9615384615386,155.88730825593237,648,1260,57.24134615384616,7.236364620965274,0.13450192307692307,0.10704163873675672,756,39.4,-2.180676127540528,-2.462109911254997,0
13,1,4,1091.2884615384614,153.791857390279,588,1260,55.25,7.278429362203259,0.16374038461538462,0.10880846493986157,1048,54.6,-0.28145603878251646,-0.08918245175988185,0
13,1,5,1097.0576923076924,161.8160784385308,353,1260,55.31346153846154,7.495837779589671,0.16228076923076923,0.11297954370809754,1048,59.0,-0.30315072070616117,0.4911561600176226,0
13,1,6,830.6442307692307,107.86875504939975,441,945,57.13942307692308,7.132918604559295,0.13624903846153846,0.10513914312254118,664,44.1,-1.5447363171082307,-1.825503522971698,0
13,2,0,985.6666666666666,154.24846755669807,408,1134,55.549523809523805,7.859427506669979,0.15952095238095237,0.11730345730300573,797,51.2,-1.2230554967578797,-0.552711592531633,0
13,2,1,968.847619047619,140.8759534096726,529,1134,54.38285714285714,8.069582692752139,0.17658380952380953,0.12135876891696083,972,58.3,0.022375409869388584,0.48481994752733504,0
13,2,2,966.2307692307693,141.8115275121345,537,1134,55.2375,7.471865514839293,0.16435096153846154,0.11113456637665288,797,51.0,-1.193265734754476,-0.5663694424332374,0
13,2,3,986.4134615384615,140.38771628952722,583,1134,56.36346153846154,6.906842782473576,0.14718846153846152,0.10280553449996624,680,40.9,-2.1824675616986378,-2.2356242616420374,0
13,2,4,982.1634615384615,138.46334978796142,529,1134,55.767307692307696,7.757407262635295,0.15559807692307695,0.11670563499242148,943,62.8,-0.2828230962739831,0.9054105275929973,0
13,2,5,987.3942307692307,145.72246651750797,318,1134,56.30865384615385,7.709886611898684,0.14822115384615384,0.11488565921733374,943,52.8,-0.3046282810556651,-0.4544955156136564,0
13,2,6,747.4903846153846,96.9529958371188,397,850,57.7798076923077,7.489868623780638,0.1264298076923077,0.11108220421456598,598,53.2,-1.5417261329930732,-0.6106517223229763,0
13,3,0,821.4,128.44570837517307,340,945,56.917142857142856,8.037549582845715,0.1397257142857143,0.1190072582050965,664,52.6,-1.225325071115493,-0.5364543346642244,0
13,3,1,807.3809523809524,117.37394064012648,441,945,55.3352380952381,7.944397892569196,0.16234,0.11924546725783107,810,59.8,0.022311805215987933,0.5612947661233758,0
13,3,2,805.1634615384615,118.19878850240134,447,945,55.799038461538466,7.770200672051093,0.15632307692307693,0.11510422227945044,664,50.7,-1.1941875331510896,-0.6553864966305817,0
13,3,3,821.9711538461538,116.96879151699817,486,945,57.70769230769231,7.438847028154954,0.1297471153846154,0.10708982705915333,567,41.5,-2.1796357317394923,-2.17586590870116,0
13,3,4,818.4519230769231,115.40354521717718,441,945,56.61923076923077,7.7814077260259085,0.1435048076923077,0.11599367356351284,786,62.2,-0.28117950120895535,0.7162722613177589,0
13,3,5,822.7596153846154,121.4189965457659,265,945,56.87980769230769,7.631264001063051,0.13916057692307693,0.11433779575244575,786,58.7,-0.30272518451357594,0.23820565647765668,0
13,3,6,623.0192307692307,80.92223052769427,331,709,58.26153846153846,7.62130773494545,0.12010288461538463,0.11201081471428298,498,52.0,-1.5447397156124378,-0.8205066128922418,0
13,4,0,1095.1904761904761,171.2339321624354,454,1260,55.10857142857142,7.598027505742657,0.16551047619047618,0.11432050502846533,886,45.9,-1.2215935101983417,-1.210375675116928,0
13,4,1,1076.5047619047618,156.4001354889195,588,1260,54.362857142857145,8.20553585583042,0.17727238095238096,0.12280016012207529,1080,59.3,0.0223466214917113,0.600952018685312,0
13,4,2,1073.5576923076924,157.4865583367634,596,1260,54.67211538461538,7.427075326727692,0.17182115384615385,0.11223449937136595,886,50.8,-1.1908685134988883,-0.5206502844874521,0
13,4,3,1095.9615384615386,155.88730825593237,648,1260,56.675,6.814287531584412,0.14281634615384614,0.10083341940087716,756,40.6,-2.180676127540528,-2.3555572542336622,0
13,4,4,1091.2884615384614,153.791857390279,588,1260,56.09615384615385,7.659056737746752,0.15194134615384616,0.11323787627562162,1048,62.6,-0.28145603878251646,0.8480633767950257,0
13,4,5,1097.0576923076924,161.8160784385308,353,1260,55.32403846153846,8.0479328008774,0.16224999999999998,0.1212364319302761,1048,57.1,-0.30315072070616117,0.22039914980032674,0
13,4,6,830.6442307692307,107.86875504939975,441,945,57.39519230769231,7.477660968169908,0.1316403846153846,0.11164450300967718,664,45.3,-1.5447363171082307,-1.6153498881839137,0
13,5,0,1916.6285714285714,299.7440336591968,794,2205,52.07809523809524,6.9234687414560785,0.21094190476190477,0.10490015562516172,1550,48.7,-1.2230980412607462,-0.48721575939286776,0
13,5,1,1883.9333333333334,273.8184851694875,1029,2205,51.10285714285715,7.3105095205840085,0.22621904761904763,0.10965888726763809,1890,58.3,0.022154987502164405,0.9831478037021505,0
13,5,2,1878.673076923077,275.6674316279374,1043,2205,52.03846153846154,7.5818294240890225,0.21240961538461536,0.113058126230036,1550,43.7,-1.19223788099805,-1.0983467979408805,0
13,5,3,1917.9038461538462,272.81607728266016,1134,2205,53.05096153846154,6.464661145540552,0.1976221153846154,0.09469917619589269,1323,37.1,-2.1805241349326696,-2.463597890284626,0
13,5,4,1909.7307692307693,269.2234871521316,1029,2205,51.88461538461539,6.931184199957579,0.21386538461538462,0.10501526913409756,1833,53.8,-0.28499712291514545,0.27594493392011066,0
13,5,5,1919.7884615384614,283.3399163815185,617,2205,52.00096153846154,6.985400798034855,0.21210673076923078,0.1058386748777968,1833,59.1,-0.3062942902781891,1.0148151144581625,0
13,5,6,1453.625,188.76544172673994,772,1654,55.00961538461539,6.427769234062696,0.16655,0.0973390640907249,1162,48.6,-1.5448248847015755,-0.9956267693942265,0
13,6,0,3559.3238095238094,556.6919375830437,1474,4095,44.92190476190476,5.434610964641014,0.3193657142857143,0.08234549147969772,2878,45.3,-1.223857442425689,0.06944394017326519,0
13,6,1,3498.657142857143,508.43607926984953,1911,4095,43.89428571428571,5.765077699313417,0.3349285714285714,0.08734416861593446,3510,49.8,0.022308869328181245,1.022620749573015,0
13,6,2,3488.923076923077,511.96075950028666,1938,4095,44.45192307692308,5.735107023983917,0.32648653846153847,0.08689584889332579,2878,42.3,-1.1932772830998664,-0.3745662296523838,0
13,6,3,3561.7115384615386,506.75826130370285,2106,4095,45.385576923076925,4.987837990479251,0.31233557692307695,0.07557440867294873,2457,35.0,-2.1799146134755514,-2.0780139217920177,0
13,6,4,3546.6153846153848,499.92003841570437,1911,4095,44.777884615384615,5.559352423187245,0.3215471153846154,0.08423071062835354,3405,45.8,-0.2832704053234505,0.18352499661539529,0
13,6,5,3565.3365384615386,526.0895787464065,1147,4095,44.75480769230769,5.24456037765719,0.32189615384615383,0.07946138089049701,3405,46.9,-0.304764620499392,0.4082534319738401,0
13,6,6,2699.701923076923,350.45589946809866,1433,3071,49.175,5.953798656874613,0.254925,0.09021056032513466,2159,46.3,-1.5428089406060477,-0.4820752955309648,0
13,7,0,8213.87619047619,1284.6168816424347,3402,9450,24.58190476190476,3.005980607708474,0.627552380952381,0.045544439615099894,6642,27.3,-1.2236052451794397,0.9012310063095651,0
13,7,1,8073.8,1173.3310766295313,4410,9450,24.81714285714286,3.8943365471999383,0.6239819047619048,0.05900817541296938,8100,30.0,0.022329398093911754,1.3274616775990062,0
13,7,2,8051.346153846154,1181.4400770725608,4471,9450,25.253846153846155,4.9755698912880195,0.6173634615384616,0.07538493199816153,6642,27.7,-1.1928952235868335,0.4906467865245155,0
13,7,3,8219.403846153846,1169.337049911506,4860,9450,25.472115384615385,4.982171256907882,0.6140567307692307,0.07548698951027831,5670,22.8,-2.1801943626118354,-0.5352611613469518,0
13,7,4,8184.451923076923,1153.7113845460733,4410,9450,25.178846153846152,4.041740302781798,0.6185038461538461,0.06123480659283198,7857,26.7,-0.28382235734128947,0.37543221738803717,0
13,7,5,8227.60576923077,1214.1523745824727,2646,9450,24.926923076923078,4.488350201132479,0.6223230769230769,0.06800331549708422,7857,27.8,-0.30523575510912515,0.6386956983370511,0
13,7,6,6230.009615384615,808.8774253414634,3308,7088,33.722115384615385,3.6748940076061594,0.489060576923077,0.055677433364619965,4982,34.1,-1.5428718215736645,0.10254965668065541,0
13,8,0,9856.67619047619,1541.626279760074,4082,11340,17.13809523809524,3.658430226423857,0.7403266666666667,0.05542740794302087,7970,23.9,-1.2238140832867623,1.8432692853740207,0
13,8,1,9688.647619047619,1408.0893422604781,5292,11340,17.996190476190474,4.37008897571636,0.727332380952381,0.06621172986836378,9720,21.6,0.022265745044699796,0.8227708486721157,0
13,8,2,9661.673076923076,1417.8242831567275,5365,11340,18.473076923076924,5.829973284576848,0.7201067307692307,0.08833746883887293,7970,24.0,-1.1931387871061083,0.9463952671700526,0
13,8,3,9857.413461538461,1412.546131976814,5832,11340,17.866346153846152,5.402886869053514,0.7292961538461539,0.0818628084207915,6804,23.2,-2.1616227436323787,0.9853621505831469,0
13,8,4,9812.10576923077,1388.3772389506744,5292,11340,18.028846153846153,4.775578510717199,0.726835576923077,0.07235843617091807,9428,21.4,-0.2766560786895966,0.7044401922576801,0
13,8,5,9873.14423076923,1457.0558053047307,3175,11340,17.567307692307693,4.542238494969522,0.7338298076923077,0.06882400924464037,9428,22.4,-0.30550729359552364,1.0616078909382056,0
13,8,6,7475.923076923077,970.7324098334827,3969,8505,28.297115384615385,3.8599375398832367,0.5712567307692308,0.05848031079238048,5978,30.6,-1.5430695741211358,0.5950702283050541,0
13,9,0,7666.228571428572,1198.9636811810476,3175,8820,26.78,3.2132657722443265,0.594247619047619,0.04868134039784032,6199,27.9,-1.2237370965334953,0.34747367395030326,0
13,9,1,7535.523809523809,1095.103561095392,4116,8820,27.30952380952381,3.6211856273857808,0.58622,0.05486670806460102,7560,29.1,0.02235036743742668,0.49308307924902717,0
13,9,2,7514.6057692307695,1102.6739381825323,4173,8820,27.73173076923077,4.70802381445662,0.579825,0.07132961060817984,6199,29.0,-1.1930941620489908,0.2688136560233322,0
13,9,3,7671.403846153846,1091.4099059921,4536,8820,28.039423076923075,4.856512358193638,0.5751644230769231,0.07357908487948707,5292,29.9,-2.1800993669718434,0.3823224490418301,0
13,9,4,7638.759615384615,1076.8015159540853,4116,8820,26.87403846153846,3.971109140319816,0.5928192307692307,0.060174038973570924,7333,29.0,-0.28394905780117297,0.5340123728159718,0
13,9,5,7673.086538461538,1128.7180554722536,2470,8820,27.25576923076923,4.358070895110709,0.5870326923076923,0.0660338533982597,7333,29.5,-0.30130068692165873,0.513780756567572,0
13,9,6,5814.625,755.0525756464192,3087,6615,35.982692307692304,3.648950967955341,0.45480769230769236,0.05527972238754655,4649,38.4,-1.5437462239498398,0.6606559403168256,0
13,10,0,5475.914285714286,856.3977117317286,2268,6300,36.338095238095235,3.8495099826116967,0.4494247619047619,0.05832626038229392,4428,36.0,-1.2236161250758884,-0.08760056059408065,0
13,10,1,5382.580952380952,782.21869828162,2940,6300,36.12761904761905,4.289219384736917,0.45260666666666666,0.0649864131756469,5400,45.2,0.022268484469201405,2.1102391249420087,0
13,10,2,5367.653846153846,787.6285627125245,2981,6300,36.78846153846154,4.649779359882975,0.44260288461538466,0.070449734827246,4428,39.7,-1.1930013214662831,0.6248232451957947,0
13,10,3,5479.663461538462,779.5643494687648,3240,6300,37.30384615384615,5.160246157237659,0.4347875,0.0781842691295403,3780,28.9,-2.180245492552038,-1.6254247666877297,0
13,10,4,5456.317307692308,769.112642960453,2940,6300,36.87692307692308,4.696378087383557,0.4412576923076923,0.07116207767819334,5238,43.0,-0.2838523994716577,1.3010167924015978,0
13,10,5,5485.115384615385,809.3954391077295,1764,6300,36.93173076923077,4.615492367114123,0.4404317307692308,0.06992580431855408,5238,41.5,-0.30530482336244147,0.9876287469952972,0
13,10,6,4153.211538461538,539.272769445641,2205,4725,42.39903846153846,4.396942785912051,0.3575894230769231,0.06662041571436786,3321,41.7,-1.5431821404511312,-0.1586220868973196,0
13,11,0,4928.295238095238,770.8074553026735,2041,5670,38.415238095238095,4.2911532642165495,0.4179514285714286,0.06502025440981052,3985,36.9,-1.2237595705780155,-0.3522864688045697,0
13,11,1,4844.304761904762,704.0353346110921,2646,5670,38.4,4.719497202685244,0.4181790476190476,0.07150735800660132,4860,45.4,0.02229293672389418,1.480072764611351,0
13,11,2,4830.875,708.8626564975046,2683,5670,39.11153846153846,5.448956570504503,0.40740288461538465,0.08255857991639512,3985,39.0,-1.1932679194869997,-0.020432194339320486,0
13,11,3,4931.615384615385,701.6516479712861,2916,5670,39.58173076923077,4.895307133041917,0.400275,0.07416794213659093,3402,36.4,-2.1799900123342364,-0.648630286123937,0
13,11,4,4910.615384615385,692.2445315143349,2646,5670,39.18557692307692,4.624090952788068,0.4062826923076923,0.07006213392522978,4714,45.0,-0.28402180941348354,1.2547062921639187,0
13,11,5,4936.567307692308,728.4629084709283,1588,5670,39.159615384615385,4.813079252357035,0.40667307692307697,0.0729272069980588,4714,40.1,-0.30552585429632323,0.19497598239237948,0
13,11,6,3737.9326923076924,485.2910899940699,1984,4252,44.33269230769231,5.086025825782129,0.32829326923076924,0.07706022517337638,2989,39.7,-1.543233072723665,-0.9090794407387628,0
13,12,0,4654.533333333334,727.9489371708735,1928,5355,39.881904761904764,4.113644765906902,0.39572380952380953,0.06233300540059869,3764,39.5,-1.2233290751182841,-0.09261339993741495,0
13,12,1,4575.171428571429,664.8691522099966,2499,5355,39.743809523809524,5.08485541375117,0.3978238095238096,0.07704712409624276,4590,42.3,0.022302656624564626,0.5017199250230412,0
13,12,2,4562.461538461538,669.4617157071867,2534,5355,39.74519230769231,5.4969696825445595,0.3977971153846154,0.08328968450532317,3764,39.7,-1.192674043918487,-0.00820638396386125,0
13,12,3,4657.673076923077,662.6077408974609,2754,5355,41.025000000000006,5.317561124301214,0.37840576923076924,0.08057105870207622,3213,34.2,-2.180251127846935,-1.2810739925382273,0
13,12,4,4637.865384615385,653.740441021538,2499,5355,40.666346153846156,5.161143295048482,0.3838394230769231,0.07819382988876834,4452,42.7,-0.2843063238702448,0.393269675605611,0
13,12,5,4662.307692307692,688.0323298585215,1499,5355,40.513461538461534,4.740592271634946,0.3861615384615385,0.07182396807363939,4452,47.0,-0.30566097924663566,1.3654167924005154,0
13,12,6,3530.1923076923076,458.3369701351628,1874,4016,45.787499999999994,5.230839979697704,0.30625096153846154,0.0792586254473564,2823,43.8,-1.5429191284579942,-0.37923310150649514,0
13,13,0,4654.533333333334,727.9489371708735,1928,5355,39.78666666666667,4.101174003273722,0.3971742857142857,0.062138958776295876,3764,42.2,-1.2233290751182841,0.5870180467699981,0
13,13,1,4575.171428571429,664.8691522099966,2499,5355,39.26190476190476,4.948880622314445,0.4051171428571429,0.07498460285175328,4590,46.5,0.022302656624564626,1.4596228038893633,0
13,13,2,4562.461538461538,669.4617157071867,2534,5355,40.42980769230769,5.5960610246659135,0.38742980769230767,0.08479292180549136,3764,43.4,-1.192674043918487,0.5298180477565018,0
13,13,3,4657.673076923077,662.6077408974609,2754,5355,41.00096153846154,5.325966710050356,0.37877403846153845,0.08069604842912804,3213,34.1,-2.180251127846935,-1.2932917151569736,0
13,13,4,4637.865384615385,653.740441021538,2499,5355,40.68653846153846,5.305576068249524,0.38353653846153846,0.08039045740801798,4452,40.7,-0.2843063238702448,0.0025324702889586437,0
13,13,5,4662.307692307692,688.0323298585215,1499,5355,40.25673076923077,4.903095206746723,0.3900442307692308,0.07428779620786954,4452,43.3,-0.30566097924663566,0.6194199588459371,0
13,13,6,3530.1923076923076,458.3369701351628,1874,4016,45.42115384615385,5.242001268264816,0.31180096153846154,0.0794220402942619,2823,42.7,-1.5429191284579942,-0.5181175150501965,0
13,14,0,5202.1238095238095,813.5436929219234,2155,5985,37.41047619047619,4.096760535648488,0.4331695238095238,0.06206850452990435,4207,39.3,-1.2231814792085411,0.4601008004050664,0
13,14,1,5113.428571428572,743.0739281103615,2793,5985,37.52857142857143,4.744566006855271,0.4313876190476191,0.07189183073206111,5130,44.9,0.022300884118929946,1.5503893648337677,0
13,14,2,5099.211538461538,748.1656100488352,2832,5985,37.68653846153846,4.861600233817855,0.42899038461538463,0.07365804818203209,4207,37.5,-1.1925162040544215,-0.0382910034866042,0
13,14,3,5205.634615384615,740.5330021908753,3078,5985,38.18942307692308,4.976623377999642,0.421375,0.07540181006557502,3591,32.5,-2.1803387657540005,-1.1409369919581454,0
13,14,4,5183.471153846154,730.6693294936731,2793,5985,38.00192307692308,4.830445129526388,0.4242105769230769,0.07318868541960796,4976,44.7,-0.28394282617782846,1.3837729266300551,0
13,14,5,5210.836538461538,768.8984948294591,1676,5985,38.228846153846156,4.772507697602424,0.4207769230769231,0.07230902430724584,4976,40.1,-0.30541545585814334,0.391249521060237,0
13,14,6,3945.7403846153848,512.3689507124914,2095,4489,43.9076923076923,4.945267273794272,0.3347355769230769,0.07493083790781233,3155,40.7,-1.5432725788516808,-0.6473298271227563,0
13,15,0,6571.133333333333,1027.6679356180357,2722,7560,31.742857142857144,3.2119026575098286,0.5190466666666667,0.04866353094042543,5314,31.8,-1.2232755903018442,0.017735749095232442,0
13,15,1,6459.104761904762,938.6466108569615,3528,7560,31.440952380952382,4.253023703520898,0.5236247619047619,0.06444297386800503,6480,38.9,0.022260790424904333,1.749708220690181,0
13,15,2,6441.163461538462,945.1401818313371,3577,7560,32.16153846153846,4.59935216401217,0.5127076923076923,0.06968655996160988,5314,34.0,-1.1925760405128982,0.39885464877590626,0
13,15,3,6575.596153846154,935.4321105153067,3888,7560,32.19230769230769,4.654086674976378,0.512239423076923,0.070517254541094,4536,28.5,-2.1803552896743152,-0.7916464571976235,0
13,15,4,6547.615384615385,922.9250809267968,3528,7560,31.840384615384615,3.9909732912912177,0.5175692307692308,0.06046419959291818,6286,33.5,-0.28346022382492464,0.4148029151376275,0
13,15,5,6582.182692307692,971.2698400659868,2117,7560,31.959615384615386,4.365609627927163,0.5157625,0.06614267777173474,6286,31.2,-0.30494063614824984,-0.17360218328599755,0
13,15,6,4983.923076923077,647.1789370411124,2646,5670,38.997115384615384,4.281013779100506,0.4091365384615385,0.06486389343384011,3985,37.6,-1.5434798398904352,-0.3255909807188384,0
13,16,0,8761.57142857143,1370.2641790288733,3629,10080,22.07238095238095,3.3218824377757468,0.6655733333333334,0.05033406528589886,7085,27.5,-1.2235298995122508,1.6289947646659309,0
13,16,1,8612.2,1251.6122633197176,4704,10080,22.455238095238098,4.142950011590147,0.6597733333333333,0.06276839489293874,8640,27.9,0.022211174101573142,1.3110588592606547,0
13,16,2,8588.259615384615,1260.2721542663974,4769,10080,23.207692307692305,5.3697768445920495,0.6483682692307693,0.08136151527503124,7085,26.8,-1.192796081651774,0.6677428815507127,0
13,16,3,8767.51923076923,1247.3047912779919,5184,10080,22.93173076923077,5.371576840375064,0.6525471153846154,0.08138804205567583,6048,27.7,-2.1802990309950756,0.8860357051850454,0
13,16,4,8730.211538461539,1230.6290890504038,4704,10080,22.365384615384617,4.027207691736593,0.6611326923076923,0.06101552315982804,8381,24.6,-0.28376438028715684,0.553505183592418,0
13,16,5,8776.240384615385,1295.1101650873068,2822,10080,22.32403846153846,4.443966023488908,0.6617557692307692,0.06733450597240737,8381,25.7,-0.3051766123869601,0.7579675104519679,0
13,16,6,6645.336538461538,862.7696945514745,3528,7560,32.11538461538461,4.0132733469614195,0.5134057692307692,0.06080299849996712,5314,29.3,-1.54307820045956,-0.6997746294098894,0
13,17,0,9856.67619047619,1541.626279760074,4082,11340,17.41047619047619,4.208254795625906,0.7362057142857142,0.06375913935780779,7970,22.4,-1.2238140832867623,1.1828407839890722,0
13,17,1,9688.647619047619,1408.0893422604781,5292,11340,17.675238095238097,4.315129487146648,0.7321923809523809,0.06538216896306681,9720,21.4,0.022265745044699796,0.8611908419923822,0
13,17,2,9661.673076923076,1417.8242831567275,5365,11340,18.215384615384615,5.405279138867981,0.7240144230769231,0.08189467000007516,7970,22.7,-1.1931387871061083,0.8281411298684884,0
13,17,3,9863.307692307691,1403.2596108611667,5832,11340,18.06346153846154,5.672913973432231,0.7263134615384617,0.08595156578962262,6804,23.1,-2.1801282295497284,0.8862598457559642,0
13,17,4,9821.35576923077,1384.485309141462,5292,11340,17.838461538461537,4.663331608177434,0.729714423076923,0.07065684806375605,9428,19.9,-0.2841149165573504,0.44112822165907606,0
13,17,5,9840.89423076923,1481.4576718099138,3175,11340,17.654807692307692,4.517450088541602,0.7325019230769231,0.06844608675726009,9428,21.0,-0.2787062037369984,0.7388689532234851,0
13,17,6,7475.923076923077,970.7324098334827,3969,8505,28.298076923076923,3.7853570907782275,0.5712326923076924,0.05735349498379208,5978,29.5,-1.5430695741211358,0.31668247497539836,0
13,18,0,9309.142857142857,1455.8811991141538,3856,10710,20.005714285714284,3.7528663038410377,0.6968838095238095,0.056865798704239315,7528,22.9,-1.2234038218148475,0.7691704888189363,0
13,18,1,9142.828571428572,1324.931046515998,4998,10710,20.139047619047616,4.145676506872394,0.6948628571428571,0.06281226493586765,9180,24.7,0.028055156619362132,1.0975234413481825,0
13,18,2,9116.913461538461,1352.7690630959357,5067,10710,20.821153846153848,5.1475825804646895,0.6845298076923078,0.07799318974477581,7528,23.8,-1.1745550362836885,0.5775663515556864,0
13,18,3,9315.451923076924,1325.2454022960974,5508,10710,20.548076923076923,5.219436802732142,0.6886634615384615,0.07908376664730077,6426,24.0,-2.1802981659767218,0.6600946157566345,0
13,18,4,9275.817307692309,1307.5316459399478,4998,10710,19.926923076923078,4.196351414968591,0.698076923076923,0.06358232219174599,8905,25.0,-0.2835988504410048,1.2060516163780393,0
13,18,5,9324.778846153846,1375.9696666103011,2999,10710,20.04615384615385,4.433104132314763,0.6962730769230769,0.06717014944786405,8905,21.3,-0.305076344033457,0.2822004878811886,0
13,18,6,7060.576923076923,916.7573573622519,3748,8032,30.076923076923077,3.951040928819879,0.5442923076923077,0.059860891640710734,5646,30.5,-1.5430053346870707,0.10680953079749457,0
13,19,0,7666.228571428572,1198.9636811810476,3175,8820,26.447619047619046,3.051704921908888,0.5992809523809524,0.046237008768447385,6199,33.8,-1.2237370965334953,2.401400899142477,0
13,19,1,7535.523809523809,1095.103561095392,4116,8820,27.013333333333335,3.957637860630687,0.5907066666666667,0.05996518744345089,7560,30.8,0.02235036743742668,0.9543881774695903,0
13,19,2,7514.6057692307695,1102.6739381825323,4173,8820,27.696153846153848,5.088668604878523,0.5803576923076923,0.07709909484352467,6199,29.2,-1.1930941620489908,0.2949487935747063,0
13,19,3,7671.403846153846,1091.4099059921,4536,8820,28.057692307692307,5.009170082370433,0.5748807692307693,0.07589809734100755,5292,28.3,-2.1800993669718434,0.04827644577313428,0
13,19,4,7638.759615384615,1076.8015159540853,4116,8820,27.09326923076923,4.024639269201578,0.5894961538461538,0.06097808921001263,7333,30.0,-0.28394905780117297,0.7204437807908383,0
13,19,5,7679.067307692308,1133.1655742770608,2470,8820,27.215384615384615,4.289109469902763,0.5876451923076923,0.06498754306296488,7333,30.2,-0.30539601765868485,0.6942403782713844,0
13,19,6,5805.403846153846,751.0282339169437,3087,6615,35.59134615384615,3.7449541606569694,0.46073365384615383,0.05674421678000411,4649,31.8,-1.5397403140486865,-1.009691727683519,0
13,20,0,5475.914285714286,856.3977117317286,2268,6300,36.385714285714286,3.919046895793487,0.4487066666666667,0.05937980469088968,4428,37.0,-1.2236161250758884,0.15634471427240534,0
13,20,1,5382.580952380952,782.21869828162,2940,6300,36.08095238095238,4.588323290997553,0.4533190476190476,0.06952695810209449,5400,38.3,0.022268484469201405,0.48257755677857483,0
13,20,2,5367.653846153846,787.6285627125245,2981,6300,36.479807692307695,4.816403601441546,0.4472721153846154,0.07297867816921846,4428,35.3,-1.1930013214662831,-0.2444486184195855,0
13,20,3,5479.663461538462,779.5643494687648,3240,6300,37.566346153846155,4.746723153349916,0.4308163461538462,0.07192858933149475,3780,31.8,-2.180245492552038,-1.2122517892985243,0
13,20,4,5456.317307692308,769.112642960453,2940,6300,36.8125,4.879135039929115,0.4422355769230769,0.07392470837549373,5238,38.4,-0.2838523994716577,0.32469956076791345,0
13,20,5,5485.115384615385,809.3954391077295,1764,6300,37.00096153846154,4.634180632477405,0.43937884615384615,0.07021490405927912,5238,38.7,-0.30530482336244147,0.3658424587658909,0
13,20,6,4153.211538461538,539.272769445641,2205,4725,42.775000000000006,4.813668846835049,0.3518971153846154,0.07293129158714444,3321,39.5,-1.5431821404511312,-0.6789437882222843,0
13,21,0,3833.190476190476,599.4454022619911,1588,4410,43.61238095238095,5.340136400557273,0.33920095238095244,0.08091235583028918,3100,43.5,-1.2230942842851156,-0.021005249953860435,0
13,21,1,3767.8380952380953,547.558973357235,2058,4410,43.431428571428576,5.602666162807501,0.3419428571428571,0.08488879813880362,3780,46.7,0.02221072660004465,0.5823562873257477,0
13,21,2,3757.403846153846,551.3491399828431,2087,4410,43.76634615384615,6.272479737214898,0.33687019230769233,0.09503679602144062,3100,45.2,-1.1923332696984092,0.22819872186160192,0
13,21,3,3835.8365384615386,545.6712640049105,2268,4410,44.440384615384616,5.5129946970994315,0.3266605769230769,0.08353069015471011,2646,35.6,-2.180460677225728,-1.6006505709714716,0
13,21,4,3819.471153846154,538.3883529361464,2058,4410,43.3,5.05250106286889,0.34394326923076923,0.07655053887988376,3667,47.5,-0.28319394555101246,0.8296294554494152,0
13,21,5,3839.625,566.5601740550096,1235,4410,43.64807692307692,5.2089911210213975,0.3386625,0.07892631218329137,3667,46.1,-0.3046842349015701,0.469807865172842,0
13,21,6,2907.375,377.51816486869245,1544,3308,48.271153846153844,5.660040019703507,0.2686192307692308,0.08576292800949468,2325,41.0,-1.5426001400519482,-1.282381397818434,0
13,22,0,2464.1619047619047,385.34507821435744,1021,2835,49.34857142857143,5.92757756795943,0.25229142857142856,0.08980954968312507,1993,47.1,-1.2226695102738891,-0.37870181952742027,0
13,22,1,2422.190476190476,351.9603642249337,1323,2835,48.68285714285714,6.691045352714919,0.26252761904761907,0.10099000283276151,2430,54.6,0.022188015251571068,0.8830178794037771,0
13,22,2,2415.4615384615386,354.4431410733192,1341,2835,49.045192307692304,6.238665525212443,0.2568932692307692,0.09453037757437549,1993,44.2,-1.1918685137964449,-0.7753963287269362,0
13,22,3,2465.855769230769,350.80103669321403,1458,2835,50.40384615384615,6.106369793401925,0.23646826923076925,0.0920905245480688,1701,35.9,-2.180250018472592,-2.3713160982340007,0
13,22,4,2455.355769230769,346.0816144349307,1323,2835,49.89519230769231,6.386596702343655,0.2440125,0.09676954075012598,2357,53.9,-0.2841899807117722,0.6260841317134096,0
13,22,5,2468.3076923076924,364.18636744325835,794,2835,50.329807692307696,6.162584878915921,0.23742980769230768,0.09337379404069907,2357,47.1,-0.3056254873959831,-0.5232504300329588,0
13,22,6,1868.9038461538462,242.70132346620608,992,2126,52.52211538461539,6.477923027007861,0.20464615384615387,0.09712134030348342,1494,52.8,-1.5446491774663573,0.042831059220004956,0
13,23,0,1642.7333333333333,256.94728831875034,680,1890,53.03619047619048,6.994436302815202,0.19642666666666667,0.10597361633432333,1328,53.9,-1.2248468817234444,0.12332320353350093,0
13,23,1,1614.7047619047619,234.67677951278185,882,1890,52.499047619047616,7.53719616351638,0.2052057142857143,0.11291094502081943,1620,58.6,0.022563001231817245,0.8083733679064515,0
13,23,2,1610.201923076923,236.2983296148962,894,1890,52.99807692307692,7.329101201457781,0.1981480769230769,0.10874547193409381,1328,47.3,-1.194210646475383,-0.7763998297155386,0
13,23,3,1643.826923076923,233.87580482735825,972,1890,54.1548076923077,6.7911404279526755,0.1799096153846154,0.1020206837197573,1134,40.5,-2.179811311991549,-2.007723239500608,0
13,23,4,1636.826923076923,230.74545477468996,882,1890,52.715384615384615,7.345942268477194,0.20169519230769228,0.1105136114973004,1571,55.6,-0.2852670292938324,0.39214763783247464,0
13,23,5,1645.4326923076924,242.879080723053,529,1890,53.6576923076923,7.466958834391907,0.18723557692307694,0.11271920858544898,1571,58.0,-0.30644725603190875,0.5807585394658461,0
13,23,6,1246.076923076923,161.86250261733701,662,1418,55.42115384615385,7.162329624221751,0.16115961538461537,0.10705885190270079,996,53.2,-1.5449005793658444,-0.3096837377151162,0
14,0,0,1369.0285714285715,214.12260403899344,567,1575,62.79047619047619,8.244514771017382,0.1845438095238095,0.10707537507235941,1107,59.3,-1.2236743330355064,-0.42285661693061427,0
14,0,1,1345.6857142857143,195.57535014008687,735,1575,62.364761904761906,9.039528375975888,0.19093428571428572,0.1158006907018821,1350,66.0,0.022058327534222818,0.40170470152772747,0
14,0,2,1341.9423076923076,196.94900167465246,745,1575,63.502884615384616,8.674283571667619,0.17580288461538462,0.11174937497423504,1107,54.0,-1.1928487943922363,-1.0942623576212636,0
14,0,3,1369.9615384615386,194.89897423237883,810,1575,64.02596153846153,7.361431836138811,0.16850865384615382,0.09557507404523838,945,53.1,-2.180307705867259,-1.4822034282263128,0
14,0,4,1364.1826923076924,192.24159377498708,735,1575,63.72788461538461,8.277662733892445,0.1729028846153846,0.10655932160409257,1310,63.2,-0.281832213943091,-0.06369523378718349,0
14,0,5,1371.3461538461538,202.34507530361748,441,1575,63.25192307692308,8.534976362509065,0.17873365384615386,0.11052514945589509,1310,67.2,-0.30316093507468916,0.46203485598848987,0
14,0,6,1038.2307692307693,134.81812493523645,551,1181,65.66730769230769,8.239974105762078,0.14881442307692308,0.10441250940405693,830,59.4,-1.5444164140886123,-0.7596760440654445,0
14,1,0,1095.1904761904761,171.2339321624354,454,1260,64.77047619047619,8.937624919078848,0.15932,0.11535396895575875,886,61.8,-1.2215935101983417,-0.33198488060695325,0
14,1,1,1076.5047619047618,156.4001354889195,588,1260,63.71619047619048,9.686292096501868,0.17374285714285712,0.12390437601474934,1080,70.4,0.0223466214917113,0.6893160248566406,0
14,1,2,1073.5576923076924,157.4865583367634,596,1260,64.39134615384616,8.96936653473109,0.1651019230769231,0.11432762492726152,886,56.7,-1.1908685134988883,-0.8565577676439613,0
14,1,3,1095.9615384615386,155.88730825593237,648,1260,65.63269230769231,8.600422684438728,0.1494769230769231,0.10889880510615083,756,45.4,-2.180676127540528,-2.3497908348051304,0
14,1,4,1091.2884615384614,153.791857390279,588,1260,65.3423076923077,9.087361246735934,0.15290192307692307,0.11579412177240507,1048,71.7,-0.28145603878251646,0.6988501539359445,0
14,1,5,1097.0576923076924,161.8160784385308,353,1260,65.1576923076923,8.60113666351176,0.15454615384615386,0.11053784654607698,1048,70.7,-0.30315072070616117,0.6436209189191361,0
14,1,6,830.6442307692307,107.86875504939975,441,945,66.22115384615384,7.995686617230312,0.14069711538461538,0.1027499306278374,664,62.8,-1.5447363171082307,-0.42734046556239574,0
14,2,0,985.6666666666666,154.24846755669807,408,1134,64.46285714285715,9.44960578281176,0.16386380952380952,0.12115860165328238,797,56.1,-1.2230554967578797,-0.8840597943365226,0
14,2,1,968.847619047619,140.8759534096726,529,1134,63.59904761904762,9.14577976696288,0.17446761904761904,0.11804609391058134,972,68.1,0.022375409869388584,0.49159683779128466,0
14,2,2,966.2307692307693,141.8115275121345,537,1134,65.19807692307693,9.337823500269254,0.1551701923076923,0.11852013624320676,797,53.2,-1.193265734754476,-1.283515560893007,0
14,2,3,986.4134615384615,140.38771628952722,583,1134,66.71923076923078,8.254108443596786,0.1354721153846154,0.10429071713685063,680,43.8,-2.1824675616986378,-2.7733458395005823,1
14,2,4,982.1634615384615,138.46334978796142,529,1134,65.16153846153847,8.875474090357281,0.15472980769230768,0.11377835963966415,943,76.0,-0.2828230962739831,1.2197955256235202,0
14,2,5,987.3942307692307,145.72246651750797,318,1134,65.03076923076922,9.104912542811595,0.15618365384615382,0.11716083883872452,943,62.2,-0.3046282810556651,-0.3105646068981413,0
14,2,6,747.4903846153846,96.9529958371188,397,850,66.67115384615384,8.405946497557006,0.1355875,0.10715173316331804,598,55.3,-1.5417261329930732,-1.3511437898820629,0
14,3,0,821.4,128.44570837517307,340,945,66.3952380952381,9.41810226017695,0.13979619047619046,0.11959524682139781,664,63.9,-1.225325071115493,-0.2646596341850952,0
14,3,1,807.3809523809524,117.37394064012648,441,945,64.48285714285714,9.545331693705423,0.16342571428571429,0.12270649239027771,810,68.9,0.022311805215987933,0.4622699659973769,0
14,3,2,805.1634615384615,118.19878850240134,447,945,65.92307692307692,9.30646743247379,0.14596346153846154,0.11796906708074546,664,55.8,-1.1941875331510896,-1.0865788987563665,0
14,3,3,821.9711538461538,116.96879151699817,486,945,67.27788461538461,8.229746621997863,0.12836634615384615,0.10397518431582643,567,49.5,-2.1796357317394923,-2.157576613815106,0
14,3,4,818.4519230769231,115.40354521717718,441,945,66.74903846153846,9.152441397380644,0.13545384615384615,0.11582153489843124,786,66.5,-0.28117950120895535,-0.027180360641614186,0
14,3,5,822.7596153846154,121.4189965457659,265,945,66.88461538461539,9.253031717612325,0.13432980769230768,0.11632321382144264,786,76.0,-0.30272518451357594,0.9840606070745734,0
14,3,6,623.0192307692307,80.92223052769427,331,709,67.27019230769231,8.09701946610624,0.12844615384615385,0.1022245101259985,498,55.3,-1.5447397156124378,-1.4765219644207341,0
14,4,0,1095.1904761904761,171.2339321624354,454,1260,64.65333333333334,9.333799896763402,0.16231142857142858,0.1182509150349096,886,59.0,-1.2215935101983417,-0.6050357879872399,0
14,4,1,1076.5047619047618,156.4001354889195,588,1260,63.84857142857143,9.058826064691257,0.17198857142857144,0.11569026396298082,1080,74.0,0.0223466214917113,1.119376256531409,0
14,4,2,1073.5576923076924,157.4865583367634,596,1260,64.05480769230769,8.995456024508835,0.16960384615384616,0.11439963670513713,886,61.9,-1.1908685134988883,-0.23927802061808603,0
14,4,3,1095.9615384615386,155.88730825593237,648,1260,66.42211538461538,8.675945506580776,0.14044711538461538,0.10826563068543361,756,51.8,-2.180676127540528,-1.6834224176904125,0
14,4,4,1091.2884615384614,153.791857390279,588,1260,64.01538461538462,8.356484247388275,0.16908076923076923,0.10772328905685986,1048,65.3,-0.28145603878251646,0.15354303511853148,0
14,4,5,1097.0576923076924,161.8160784385308,353,1260,64.58076923076922,8.358265218380643,0.1617269230769231,0.10779811608380423,1048,67.7,-0.30315072070616117,0.3727452091718467,0
14,4,6,830.6442307692307,107.86875504939975,441,945,67.59807692307692,8.037025735534074,0.1244,0.10114394817500048,664,57.7,-1.5447363171082307,-1.2300292366866634,0
14,5,0,1916.6285714285714,299.7440336591968,794,2205,60.31714285714286,7.788705544949948,0.21665619047619047,0.10115375000065067,1550,53.2,-1.2230980412607462,-0.9126056646351478,0
14,5,1,1883.9333333333334,273.8184851694875,1029,2205,59.27619047619048,8.31846328968467,0.23045047619047618,0.1074079311673755,1890,66.9,0.022154987502164405,0.9153921027966946,0
14,5,2,1878.673076923077,275.6674316279374,1043,2205,59.986538461538466,7.782068730528,0.22095769230769233,0.10106588612539928,1550,57.8,-1.19223788099805,-0.2806107770805438,0
14,5,3,1917.9038461538462,272.81607728266016,1134,2205,61.79807692307692,7.376056524871746,0.19822788461538463,0.09392634633204641,1323,48.8,-2.1805241349326696,-1.7598128147689238,0
14,5,4,1909.7307692307693,269.2234871521316,1029,2205,60.49519230769231,7.694663133585363,0.2146951923076923,0.09912993373885334,1833,56.3,-0.28499712291514545,-0.5445004194154921,0
14,5,5,1919.7884615384614,283.3399163815185,617,2205,61.236538461538466,8.4848129052644,0.20471826923076925,0.11019137876556817,1833,57.7,-0.3062942902781891,-0.4163174046301598,0
14,5,6,1453.625,188.76544172673994,772,1654,63.70769230769231,7.804612680259814,0.17322596153846154,0.10020708460429187,1162,56.2,-1.5448248847015755,-0.960724813228069,0
14,6,0,3559.3238095238094,556.6919375830437,1474,4095,51.88857142857143,5.821814320125814,0.32612285714285716,0.07560639632223695,2878,54.3,-1.223857442425689,0.4134954302482906,0
14,6,1,3498.657142857143,508.43607926984953,1911,4095,51.470476190476184,6.6300731491718805,0.3315561904761905,0.08610657296876302,3510,51.8,0.022308869328181245,0.04962653303976177,0
14,6,2,3488.923076923077,511.96075950028666,1938,4095,52.25192307692308,6.912757037398542,0.3214096153846154,0.08977230368319897,2878,51.5,-1.1932772830998664,-0.10861612979640806,0
14,6,3,3561.7115384615386,506.75826130370285,2106,4095,53.815384615384616,6.544274444579369,0.3011384615384615,0.08485958625950532,2457,42.9,-2.1799146134755514,-1.6653841256848883,0
14,6,4,3546.6153846153848,499.92003841570437,1911,4095,52.50480769230769,6.650386948486564,0.3181221153846154,0.08636662870984954,3405,54.7,-0.2832704053234505,0.32958930534675945,0
14,6,5,3565.3365384615386,526.0895787464065,1147,4095,52.146153846153844,6.173367841006512,0.3227778846153846,0.08017800579309409,3405,57.2,-0.304764620499392,0.8173290484726374,0
14,6,6,2699.701923076923,350.45589946809866,1433,3071,57.49423076923077,6.3065665719796415,0.2533221153846154,0.08190550553081524,2159,52.6,-1.5428089406060477,-0.7748245369472757,0
14,7,0,8213.87619047619,1284.6168816424347,3402,9450,28.602857142857143,3.7519342996661016,0.6285266666666667,0.04872115570078886,6642,27.8,-1.2236052451794397,-0.21341604581674958,0
14,7,1,8073.8,1173.3310766295313,4410,9450,28.64666666666667,4.138934893336937,0.6279666666666667,0.05374315639199429,8100,35.1,0.022329398093911754,1.5554192821143544,0
14,7,2,8051.346153846154,1181.4400770725608,4471,9450,29.36730769230769,5.250417316889549,0.6186067307692308,0.06818110130832541,6642,31.6,-1.1928952235868335,0.4244325446431477,0
14,7,3,8219.403846153846,1169.337049911506,4860,9450,29.497115384615384,6.169962576884026,0.6169211538461539,0.0801315734447626,5670,29.9,-2.1801943626118354,0.06519208010928627,0
14,7,4,8184.451923076923,1153.7113845460733,4410,9450,29.071153846153848,4.871427953505898,0.6224538461538462,0.06326649586966697,7857,31.0,-0.28382235734128947,0.3951397362037951,0
14,7,5,8227.60576923077,1214.1523745824727,2646,9450,28.978846153846156,5.004321881200756,0.62365,0.06498930905358306,7857,32.1,-0.30523575510912515,0.6224478444144949,0
14,7,6,6230.009615384615,808.8774253414634,3308,7088,39.63461538461539,4.665256197103797,0.4852644230769231,0.0605938587010704,4982,42.1,-1.5428718215736645,0.527326099671684,0
14,8,0,9856.67619047619,1541.626279760074,4082,11340,20.205714285714286,5.09694155222651,0.7375799999999999,0.06619126191459225,7970,27.6,-1.2238140832867623,1.4478892383371758,0
14,8,1,9680.180952380952,1415.276391740607,5292,11340,20.845714285714287,5.1452933790060955,0.7292695238095238,0.06681495848727048,9720,25.3,0.02813497526113884,0.8640217707928911,0
14,8,2,9661.673076923076,1417.8242831567275,5365,11340,21.79326923076923,6.830659955081696,0.7169701923076922,0.08871013654693725,7970,27.9,-1.1931387871061083,0.8927107631909527,0
14,8,3,9848.038461538461,1416.6184262166857,5832,11340,21.40576923076923,7.101070983399408,0.7219971153846154,0.09221896426570286,6804,27.0,-2.148791034546732,0.7866931412005789,0
14,8,4,9821.35576923077,1384.485309141462,5292,11340,20.829807692307693,5.386550669769895,0.7294788461538461,0.06995572757119276,9428,25.9,-0.2841149165573504,0.9395246367451406,0
14,8,5,9873.14423076923,1457.0558053047307,3175,11340,20.609615384615385,5.7638228823903725,0.7323336538461539,0.0748519128441131,9428,24.1,-0.30550729359552364,0.604518823400345,0
14,8,6,7475.923076923077,970.7324098334827,3969,8505,33.07788461538461,4.300348975018829,0.5704153846153847,0.055851569532718665,5978,35.2,-1.5430695741211358,0.4923302955084098,0
14,9,0,7666.228571428572,1198.9636811810476,3175,8820,31.067619047619047,3.518208002064053,0.5965295238095237,0.04569957061700637,6199,31.8,-1.2237370965334953,0.20757873457361364,0
14,9,1,7535.523809523809,1095.103561095392,4116,8820,31.517142857142858,4.081088117130066,0.5906885714285715,0.053003569027663885,7560,34.3,0.02235036743742668,0.680224200306235,0
14,9,2,7514.6057692307695,1102.6739381825323,4173,8820,32.32788461538461,5.318906682508796,0.5801634615384615,0.0690798708372541,6199,35.7,-1.1930941620489908,0.6327968541246499,0
14,9,3,7671.403846153846,1091.4099059921,4536,8820,32.175,5.880736199867087,0.5821461538461539,0.07637511021786898,5292,30.0,-2.1800993669718434,-0.36922379923396875,0
14,9,4,7634.201923076923,1087.5284473887389,4116,8820,31.9625,4.742581073921505,0.5849028846153846,0.061594991690128095,7333,34.4,-0.27695749405469866,0.5128792043917184,0
14,9,5,7679.067307692308,1133.1655742770608,2470,8820,31.807692307692307,4.608364963038586,0.5869153846153846,0.05985153601168003,7333,31.9,-0.30539601765868485,0.019987093494438665,0
14,9,6,5814.625,755.0525756464192,3087,6615,41.07211538461539,4.758078602393733,0.4665951923076923,0.06179623324023159,4649,37.6,-1.5437462239498398,-0.7282001145854158,0
14,10,0,5475.914285714286,856.3977117317286,2268,6300,42.2552380952381,4.657458471518498,0.45123428571428575,0.060485783181115964,4428,42.3,-1.2236161250758884,0.009590209540168839,0
14,10,1,5378.161904761905,781.1706344155931,2940,6300,42.275238095238095,5.50315959860929,0.45097238095238096,0.07147253439021993,5400,49.4,0.027955243993512593,1.2923191823721456,0
14,10,2,5367.653846153846,787.6285627125245,2981,6300,42.98557692307692,6.232959967398351,0.4417442307692308,0.08094456670471584,4428,42.7,-1.1930013214662831,-0.045743833785294376,0
14,10,3,5479.663461538462,779.5643494687648,3240,6300,43.62019230769231,5.382647051688141,0.43350673076923074,0.06990164833316737,3780,39.1,-2.180245492552038,-0.8382140096258074,0
14,10,4,5452.1442307692305,772.6830875286457,2940,6300,43.04326923076923,5.23394010418439,0.44099326923076926,0.06797255908974124,5238,43.4,-0.2771400886400341,0.06802723946944257,0
14,10,5,5479.9807692307695,812.6654810514633,1764,6300,43.31442307692308,5.08375326277189,0.4374759615384616,0.06601950358367896,5238,44.9,-0.2977581763851023,0.3112787057561738,0
14,10,6,4153.211538461538,539.272769445641,2205,4725,50.50673076923077,5.9939818430303955,0.3440692307692308,0.07784564148641636,3321,46.9,-1.5431821404511312,-0.6007231306699528,0
14,11,0,4928.295238095238,770.8074553026735,2041,5670,45.137142857142855,4.900083538197965,0.4138,0.06364128739692858,3985,45.0,-1.2237595705780155,-0.027930860254403663,0
14,11,1,4844.304761904762,704.0353346110921,2646,5670,44.80952380952381,5.506177017494566,0.41805809523809523,0.07150336837271855,4860,53.6,0.02229293672389418,1.5935812361708444,0
14,11,2,4830.875,708.8626564975046,2683,5670,45.940384615384616,6.340814306083017,0.40336826923076924,0.08235324017820513,3985,45.1,-1.1932679194869997,-0.1323270646694341,0
14,11,3,4931.615384615385,701.6516479712861,2916,5670,45.86538461538461,5.807707788236887,0.40434903846153847,0.07542445071763372,3402,40.3,-2.1799900123342364,-0.9566284210144663,0
14,11,4,4910.615384615385,692.2445315143349,2646,5670,45.9076923076923,5.392978036167126,0.40379519230769234,0.07004422788607806,4714,54.7,-0.28402180941348354,1.6273076872518564,0
14,11,5,4936.567307692308,728.4629084709283,1588,5670,45.44711538461539,5.5921921423920065,0.40977692307692304,0.07262622521168836,4714,48.5,-0.30552585429632323,0.5449446462721826,0
14,11,6,3737.9326923076924,485.2910899940699,1984,4252,52.08846153846154,5.9760900243460915,0.3235278846153846,0.07761448725833925,2989,51.7,-1.543233072723665,-0.06489403548587112,0
14,12,0,4654.533333333334,727.9489371708735,1928,5355,46.14857142857143,5.041255076590824,0.40066857142857143,0.06547288386788856,3764,45.5,-1.2233290751182841,-0.1283980750798198,0
14,12,1,4575.171428571429,664.8691522099966,2499,5355,46.518095238095235,5.709990922671975,0.3958733333333333,0.07415969290175123,4590,51.1,0.022302656624564626,0.8010335722288918,0
14,12,2,4562.461538461538,669.4617157071867,2534,5355,46.73557692307692,6.18865103279187,0.3930403846153846,0.08037285263462617,3764,48.5,-1.192674043918487,0.2846462992655976,0
14,12,3,4657.673076923077,662.6077408974609,2754,5355,48.11346153846154,5.589832268916739,0.37514615384615385,0.07259784548820647,3213,39.5,-2.180251127846935,-1.538164202930274,0
14,12,4,4637.865384615385,653.740441021538,2499,5355,46.99134615384616,6.048479076689453,0.3897230769230769,0.07855536941690895,4452,51.1,-0.2843063238702448,0.678165888525102,0
14,12,5,4662.307692307692,688.0323298585215,1499,5355,46.837500000000006,5.334758481717089,0.3917144230769231,0.06928219544362872,4452,50.5,-0.30566097924663566,0.6852507952470395,0
14,12,6,3530.1923076923076,458.3369701351628,1874,4016,52.027884615384615,6.077628189823855,0.3243144230769231,0.07892864962548621,2823,52.4,-1.5429191284579942,0.06112649672616604,0
14,13,0,4654.533333333334,727.9489371708735,1928,5355,46.21809523809524,5.054677592860457,0.39975714285714287,0.06564913418074392,3764,42.8,-1.2233290751182841,-0.6748890083178523,0
14,13,1,4575.171428571429,664.8691522099966,2499,5355,46.239047619047625,5.921936001623626,0.39949142857142855,0.07691249037590824,4590,52.7,0.022302656624564626,1.0891810665495978,0
14,13,2,4562.461538461538,669.4617157071867,2534,5355,47.627884615384616,6.506612868127574,0.3814576923076923,0.0845020223717404,3764,46.3,-1.192674043918487,-0.20376914238365085,0
14,13,3,4657.673076923077,662.6077408974609,2754,5355,48.07884615384615,5.803859999062945,0.3755961538461538,0.07537473105856404,3213,40.7,-2.180251127846935,-1.2691819471118053,0
14,13,4,4637.865384615385,653.740441021538,2499,5355,46.94134615384615,5.2328983703815934,0.3903730769230769,0.06796515130846377,4452,49.0,-0.2843063238702448,0.3926556840742304,0
14,13,5,4662.307692307692,688.0323298585215,1499,5355,47.107692307692304,5.993567624985978,0.3882096153846154,0.0778412518474043,4452,50.6,-0.30566097924663566,0.5817053975994573,0
14,13,6,3530.1923076923076,458.3369701351628,1874,4016,52.61730769230769,5.862227985412201,0.31693557692307694,0.07491886992946829,2823,47.0,-1.5429191284579942,-0.9565888290206404,0
14,14,0,5202.1238095238095,813.5436929219234,2155,5985,43.772380952380956,4.995276523455689,0.43153238095238095,0.06487311060719597,4207,42.7,-1.2231814792085411,-0.21425009134971265,0
14,14,1,5113.428571428572,743.0739281103615,2793,5985,43.60571428571429,5.23297291169231,0.4336904761904762,0.06796112509228731,5130,47.4,0.022300884118929946,0.723689742097294,0
14,14,2,5099.211538461538,748.1656100488352,2832,5985,44.22788461538461,6.086025002912138,0.42561153846153843,0.07904226018211735,4207,43.5,-1.1925162040544215,-0.11940315452067403,0
14,14,3,5205.634615384615,740.5330021908753,3078,5985,44.91153846153846,5.503155453033645,0.41673365384615385,0.07147465789005479,3591,35.3,-2.1803387657540005,-1.7433824501084334,0
14,14,4,5183.471153846154,730.6693294936731,2793,5985,44.14903846153846,5.247856616416602,0.4266355769230769,0.0681550828914159,4976,46.4,-0.28394282617782846,0.4281139069927018,0
14,14,5,5210.836538461538,768.8984948294591,1676,5985,43.86923076923077,4.987461500410122,0.4302721153846154,0.06476608763931214,4976,43.4,-0.30541545585814334,-0.09389382373276141,0
14,14,6,3945.7403846153848,512.3689507124914,2095,4489,51.08557692307692,5.5307861810445305,0.33655288461538463,0.07182860932672856,3155,53.0,-1.5432725788516808,0.3455147003276308,0
14,15,0,6571.133333333333,1027.6679356180357,2722,7560,36.94,3.8574503336949233,0.5202580952380952,0.050093638819546225,5314,39.5,-1.2232755903018442,0.6619348095297204,0
14,15,1,6459.104761904762,938.6466108569615,3528,7560,37.00380952380952,4.7552182634029245,0.5194285714285715,0.061755608145031116,6480,41.9,0.022260790424904333,1.027485039624192,0
14,15,2,6441.163461538462,945.1401818313371,3577,7560,37.74038461538461,6.214351058150461,0.5098625,0.08070398046931906,5314,41.2,-1.1925760405128982,0.5558194504606556,0
14,15,3,6575.596153846154,935.4321105153067,3888,7560,38.10096153846154,6.4174291678771125,0.5051855769230769,0.08334563013019848,4536,32.4,-2.1803552896743152,-0.8869738412604689,0
14,15,4,6547.615384615385,922.9250809267968,3528,7560,37.05384615384615,4.7220598409116015,0.5187826923076924,0.06132410229899979,6286,39.1,-0.28346022382492464,0.43240236069366167,0
14,15,5,6582.182692307692,971.2698400659868,2117,7560,37.527884615384615,5.060573986608215,0.5126259615384615,0.06572307598943516,6286,36.7,-0.30494063614824984,-0.16327236671254974,0
14,15,6,4983.923076923077,647.1789370411124,2646,5670,45.93173076923077,4.73770794657134,0.4034865384615385,0.061528951363261385,3985,46.9,-1.5434798398904352,0.20394456475960937,0
14,16,0,8761.57142857143,1370.2641790288733,3629,10080,25.71904761904762,3.705300134165799,0.6659799999999999,0.048123535741959864,7085,31.9,-1.2235298995122508,1.663648200077434,0
14,16,1,8612.2,1251.6122633197176,4704,10080,26.14761904761905,4.445440517197524,0.6604209523809524,0.05773220287746043,8640,29.1,0.022211174101573142,0.662646250350572,0
14,16,2,8588.259615384615,1260.2721542663974,4769,10080,26.825000000000003,5.820331789161364,0.6516192307692308,0.07559094705764997,7085,32.1,-1.192796081651774,0.9047512544322551,0
14,16,3,8767.51923076923,1247.3047912779919,5184,10080,26.65673076923077,6.319330252442296,0.6538096153846154,0.08207031264304018,6048,28.0,-2.1802990309950756,0.21222928448881362,0
14,16,4,8730.211538461539,1230.6290890504038,4704,10080,25.884615384615383,5.230804375403615,0.663839423076923,0.06793625427063317,8381,31.0,-0.28376438028715684,0.9760686049249189,0
14,16,5,8776.240384615385,1295.1101650873068,2822,10080,25.966346153846153,4.770186753725891,0.6627730769230769,0.06195360342101491,8381,29.4,-0.3051766123869601,0.7183095604952049,0
14,16,6,6645.336538461538,862.7696945514745,3528,7560,37.42596153846154,5.004851921464601,0.5139528846153846,0.06500196405805007,5314,36.0,-1.54307820045956,-0.28434768579270175,0
14,17,0,9856.67619047619,1541.626279760074,4082,11340,20.40857142857143,4.938781270674016,0.734952380952381,0.06414144840062781,7970,27.1,-1.2238140832867623,1.3521366585913401,0
14,17,1,9688.647619047619,1408.0893422604781,5292,11340,20.909523809523808,5.267288818911633,0.7284438095238095,0.06840529658390933,9720,23.6,0.022265745044699796,0.5098216684360032,0
14,17,2,9661.673076923076,1417.8242831567275,5365,11340,21.44519230769231,6.316320051405321,0.7214865384615384,0.08202688531277416,7970,24.8,-1.1931387871061083,0.5302937039302111,0
14,17,3,9863.307692307691,1403.2596108611667,5832,11340,21.17115384615385,6.203000731354861,0.7250451923076924,0.08055283483504888,6804,29.0,-2.1801282295497284,1.260074880457792,0
14,17,4,9821.35576923077,1384.485309141462,5292,11340,20.697115384615383,5.030691371558936,0.7312009615384615,0.06532772422535878,9428,23.7,-0.2841149165573504,0.5957287193434962,0
14,17,5,9873.14423076923,1457.0558053047307,3175,11340,20.727884615384614,5.827711781472755,0.7307999999999999,0.07568072692029632,9428,23.5,-0.30550729359552364,0.47486335200948016,0
14,17,6,7475.923076923077,970.7324098334827,3969,8505,32.74903846153846,4.602742854528603,0.5746846153846155,0.059777873247111445,5978,36.4,-1.5430695741211358,0.7914947036072415,0
14,18,0,9294.628571428571,1452.4538206424677,3856,10710,23.052380952380954,4.335566133693924,0.7006266666666666,0.05630508630301304,7528,27.4,-1.2162978150100423,1.0004724157594111,0
14,18,1,9150.44761904762,1329.8126529482986,4998,10710,23.66190476190476,4.645373648803328,0.6927047619047618,0.06033619653012285,9180,29.6,0.022222798571569485,1.275535689733871,0
14,18,2,9125.038461538461,1338.9902072850937,5067,10710,24.002884615384616,5.688848856046843,0.6882740384615385,0.07388104844582825,7528,28.3,-1.1927096447405008,0.7540321726651639,0
14,18,3,9315.451923076924,1325.2454022960974,5508,10710,24.04326923076923,6.764639133495791,0.6877567307692308,0.0878486416386278,6426,27.8,-2.1802981659767218,0.554528543174558,0
14,18,4,9275.817307692309,1307.5316459399478,4998,10710,23.289423076923075,4.788556712839857,0.6975442307692308,0.06219006074698125,8905,29.0,-0.2835988504410048,1.1900613590325415,0
14,18,5,9324.778846153846,1375.9696666103011,2999,10710,23.62596153846154,5.289318696235932,0.6931721153846154,0.0686933193805667,8905,27.0,-0.305076344033457,0.6366928759983839,0
14,18,6,7060.576923076923,916.7573573622519,3748,8032,35.04903846153846,4.598099970456509,0.5448144230769231,0.059711761405516796,5646,35.6,-1.5430053346870707,0.11956371215769458,0
14,19,0,7666.228571428572,1198.9636811810476,3175,8820,31.2447619047619,3.7568650226664775,0.5942247619047619,0.04879449208543379,6199,35.1,-1.2237370965334953,1.0234606422157027,0
14,19,1,7535.523809523809,1095.103561095392,4116,8820,31.61904761904762,4.324640830753271,0.5893638095238095,0.05616580386507009,7560,36.9,0.02235036743742668,1.218313716671805,0
14,19,2,7507.9807692307695,1105.8408914923025,4173,8820,32.13365384615385,5.579045583842007,0.5826855769230769,0.07245753817580944,6199,38.3,-1.1836864981537893,1.1032914406125303,0
14,19,3,7671.403846153846,1091.4099059921,4536,8820,32.301923076923075,6.082427031701006,0.5804990384615385,0.0789969896135195,5292,33.6,-2.1800993669718434,0.21306400820602092,0
14,19,4,7638.759615384615,1076.8015159540853,4116,8820,31.622115384615384,4.776519363435637,0.589323076923077,0.06203336125736884,7333,32.8,-0.28394905780117297,0.2460837460269165,0
14,19,5,7679.067307692308,1133.1655742770608,2470,8820,31.751923076923074,4.781456510620738,0.5876384615384616,0.0621012597900644,7333,34.0,-0.30539601765868485,0.4691844573970026,0
14,19,6,5814.625,755.0525756464192,3087,6615,41.06730769230769,4.260485461825413,0.4666528846153846,0.055328336735954206,4649,41.5,-1.5437462239498398,0.10132157375554042,0
14,20,0,5475.914285714286,856.3977117317286,2268,6300,42.56190476190476,4.500905484805273,0.4472466666666667,0.0584508160544906,4428,40.0,-1.2236161250758884,-0.5679358103454824,0
14,20,1,5382.580952380952,782.21869828162,2940,6300,42.01904761904762,5.66694353988542,0.4543057142857143,0.07359873121368153,5400,46.4,0.022268484469201405,0.7717096973349152,0
14,20,2,5367.653846153846,787.6285627125245,2981,6300,42.857692307692304,5.463198897685166,0.44340961538461543,0.07094902794852743,4428,44.7,-1.1930013214662831,0.3366052881956993,0
14,20,3,5479.663461538462,779.5643494687648,3240,6300,43.91153846153846,5.927053455023039,0.4297201923076923,0.07697275445323494,3780,38.8,-2.180245492552038,-0.8609554386298902,0
14,20,4,5456.317307692308,769.112642960453,2940,6300,43.06730769230769,5.042430495551181,0.4406865384615385,0.06548627523544226,5238,42.7,-0.2838523994716577,-0.0726992073678433,0
14,20,5,5485.115384615385,809.3954391077295,1764,6300,42.35961538461538,5.153705787661964,0.44987692307692306,0.0669277109380823,5238,45.0,-0.30530482336244147,0.5113352162110962,0
14,20,6,4153.211538461538,539.272769445641,2205,4725,50.25673076923077,5.441458335778648,0.34731538461538464,0.07066451268669938,3321,48.2,-1.5431821404511312,-0.3772808379974528,0
14,21,0,3833.190476190476,599.4454022619911,1588,4410,50.39142857142858,5.787770832435507,0.34556285714285717,0.07515926200299711,3100,47.3,-1.2230942842851156,-0.5332098595780377,0
14,21,1,3767.8380952380953,547.558973357235,2058,4410,50.373333333333335,7.10985592554809,0.34596571428571427,0.09171454442639217,3780,49.7,0.02221072660004465,-0.09457120205441495,0
14,21,2,3757.403846153846,551.3491399828431,2087,4410,50.589423076923076,6.934015189932853,0.3429913461538462,0.09004944177072294,3100,47.0,-1.1923332696984092,-0.5169088745840985,0
14,21,3,3835.8365384615386,545.6712640049105,2268,4410,51.33846153846154,6.472020552914004,0.33326826923076924,0.08405194101987393,2646,39.9,-2.180460677225728,-1.764644441511275,0
14,21,4,3819.471153846154,538.3883529361464,2058,4410,50.92980769230769,6.367284095968642,0.3385711538461538,0.08268970970961015,3667,55.3,-0.28319394555101246,0.6852748351692369,0
14,21,5,3839.625,566.5601740550096,1235,4410,50.85673076923077,6.278020905501818,0.339525,0.08153474064494738,3667,51.3,-0.3046842349015701,0.07049423617236682,0
14,21,6,2907.375,377.51816486869245,1544,3308,56.325961538461534,6.559303704348881,0.2684913461538462,0.08517955120685565,2325,51.6,-1.5426001400519482,-0.7194006779337885,0
14,22,0,2464.1619047619047,385.34507821435744,1021,2835,57.79047619047619,7.3991231784261995,0.24947714285714287,0.09609164321419628,1993,46.4,-1.2226695102738891,-1.5373581888397876,0
14,22,1,2422.190476190476,351.9603642249337,1323,2835,56.7952380952381,7.656688641467729,0.26241619047619047,0.09940552542664813,2430,68.7,0.022188015251571068,1.5527905803258015,0
14,22,2,2415.4615384615386,354.4431410733192,1341,2835,57.80384615384616,7.866321515784478,0.24930096153846154,0.1021573006531416,1993,52.0,-1.1918685137964449,-0.7368726812656147,0
14,22,3,2465.855769230769,350.80103669321403,1458,2835,58.777884615384615,7.297704875683625,0.23752692307692308,0.0923246406335304,1701,43.3,-2.180250018472592,-2.1180226731497123,0
14,22,4,2455.355769230769,346.0816144349307,1323,2835,57.892307692307696,7.628583096469886,0.24815192307692308,0.09907373931324379,2357,60.9,-0.2841899807117722,0.3937500279446177,0
14,22,5,2468.3076923076924,364.18636744325835,794,2835,57.62692307692308,7.637925692701473,0.2516048076923077,0.0991912895289161,2357,59.5,-0.3056254873959831,0.2449130651026627,0
14,22,6,1868.9038461538462,242.70132346620608,992,2126,61.638461538461534,7.288031253493939,0.1995,0.09464755060196463,1494,54.8,-1.5446491774663573,-0.9370282615859747,0
14,23,0,1642.7333333333333,256.94728831875034,680,1890,61.96761904761905,8.70150843729115,0.19522571428571428,0.11300990003311438,1328,57.7,-1.2248468817234444,-0.4898829035567197,0
14,23,1,1614.7047619047619,234.67677951278185,882,1890,60.423809523809524,8.695218887516951,0.2159742857142857,0.11143131381170286,1620,73.4,0.022563001231817245,1.4906219641183278,0
14,23,2,1610.201923076923,236.2983296148962,894,1890,61.84423076923077,8.674198174220257,0.19709134615384613,0.11217167504172086,1328,59.0,-1.194210646475383,-0.3275179483667356,0
14,23,3,1643.826923076923,233.87580482735825,972,1890,62.96346153846154,7.711019195128005,0.1826846153846154,0.09934838843830092,1134,44.0,-2.179811311991549,-2.4560826827664877,0
14,23,4,1636.826923076923,230.74545477468996,882,1890,62.06730769230769,8.184349762236453,0.19415096153846154,0.10584862335915209,1571,58.5,-0.2852670292938324,-0.4353374942265195,0
14,23,5,1645.4326923076924,242.879080723053,529,1890,62.72788461538461,8.322999561173544,0.18536249999999999,0.10806968642402183,1571,64.6,-0.30644725603190875,0.224662844498186,0
14,23,6,1246.076923076923,161.86250261733701,662,1418,64.76442307692308,7.8310797066985725,0.15968846153846156,0.10028563992072433,996,53.4,-1.5449005793658444,-1.4493441594803003,0
15,0,0,1916.6285714285714,299.7440336591968,794,2205,68.65142857142857,9.050224330897022,0.21986761904761906,0.102842859494883,1550,61.8,-1.2230980412607462,-0.7562095949505296,0
15,0,1,1883.9333333333334,273.8184851694875,1029,2205,67.97619047619048,9.414580792676404,0.22776095238095237,0.10649340399873643,1890,76.4,0.022154987502164405,0.8938126489780264,0
15,0,2,1878.673076923077,275.6674316279374,1043,2205,68.90576923076922,9.184176207282976,0.21697980769230768,0.10436473233474258,1550,68.3,-1.19223788099805,-0.0658861889431028,0
15,0,3,1917.9038461538462,272.81607728266016,1134,2205,71.19326923076923,8.826694555788142,0.19209326923076922,0.09793098348874293,1323,52.8,-2.1805241349326696,-2.0814648638863975,0
15,0,4,1909.7307692307693,269.2234871521316,1029,2205,69.49807692307692,9.30175868921958,0.21025192307692306,0.10570124870051628,1833,73.5,-0.28499712291514545,0.42977091766308206,0
15,0,5,1919.7884615384614,283.3399163815185,617,2205,69.71923076923078,9.107695209211736,0.20773461538461538,0.10349677896515093,1833,77.1,-0.3062942902781891,0.8094994471094321,0
15,0,6,1453.625,188.76544172673994,772,1654,72.80096153846154,9.122004710602484,0.173225,0.10270937767378363,1162,65.5,-1.5448248847015755,-0.7994916526909955,0
15,1,0,1642.7333333333333,256.94728831875034,680,1890,70.9,8.990283216211399,0.19432000000000002,0.1021602148588187,1328,61.7,-1.2248468817234444,-1.0221900554672405,0
15,1,1,1614.7047619047619,234.67677951278185,882,1890,69.26380952380953,9.353641041466194,0.21291142857142856,0.10628928623399381,1620,72.6,0.022563001231817245,0.35629200878337747,0
15,1,2,1610.201923076923,236.2983296148962,894,1890,70.07115384615385,9.487617613294791,0.20378942307692308,0.10770878205468097,1328,63.1,-1.194210646475383,-0.7339897361624252,0
15,1,3,1643.826923076923,233.87580482735825,972,1890,72.12596153846154,8.54009384901376,0.18108557692307692,0.09557678702038302,1134,54.1,-2.179811311991549,-2.1082764536603076,0
15,1,4,1636.826923076923,230.74545477468996,882,1890,71.18653846153846,9.373180679831089,0.19129134615384616,0.10606883926133982,1571,77.0,-0.2852670292938324,0.6195619307382014,0
15,1,5,1645.4326923076924,242.879080723053,529,1890,71.89615384615385,10.010052453010617,0.18299807692307693,0.11375437171223142,1571,77.3,-0.30644725603190875,0.5393031802166376,0
15,1,6,1246.076923076923,161.86250261733701,662,1418,74.2,9.232708845260916,0.15747980769230768,0.10378124620585516,996,62.7,-1.5449005793658444,-1.2442239815761893,0
15,2,0,1533.2285714285715,239.82923641074828,635,1764,70.69333333333333,9.68995580948353,0.19666666666666666,0.11011297665672799,1240,64.3,-1.2226046739341212,-0.6591095319303049,0
15,2,1,1507.1238095238095,219.04766320273484,823,1764,69.96000000000001,9.76849921549247,0.20507333333333336,0.11086278097327436,1512,72.3,0.022259848867636337,0.2393005254111626,0
15,2,2,1502.9711538461538,220.53018447962367,835,1764,71.19519230769231,9.733082208789106,0.1912278846153846,0.11012753194623529,1240,66.9,-1.1923956374057103,-0.4408453316567182,0
15,2,3,1534.3461538461538,218.33045983966917,907,1764,72.64711538461539,9.375509894025223,0.17492596153846154,0.10570261176995013,1058,55.5,-2.18166689854891,-1.8269774981038776,0
15,2,4,1527.8173076923076,215.3708368545714,823,1764,70.47884615384615,9.210374828472286,0.1991048076923077,0.10466594143774774,1467,80.3,-0.28237102511293727,1.0651577651514093,0
15,2,5,1535.8557692307693,226.64481507284157,494,1764,71.51538461538462,9.707426535788057,0.1875,0.1100010750168123,1467,70.4,-0.30379133665720115,-0.11478189325916613,0
15,2,6,1162.9711538461538,151.0057837721333,617,1323,74.74807692307692,9.691072668686038,0.15118846153846152,0.10918445807434682,930,69.1,-1.5426940683080017,-0.5822115879317429,0
15,3,0,1369.0285714285715,214.12260403899344,567,1575,72.85333333333334,9.604056301162412,0.17212000000000002,0.10914233156049734,1107,69.3,-1.2236743330355064,-0.3695977246257354,0
15,3,1,1345.6857142857143,195.57535014008687,735,1575,70.99333333333334,10.90713657222317,0.19389714285714288,0.12284319152194273,1350,83.8,0.022058327534222818,1.1730792760485458,0
15,3,2,1341.9423076923076,196.94900167465246,745,1575,72.19038461538462,9.857179328624095,0.1806673076923077,0.11021044075283218,1107,69.6,-1.1928487943922363,-0.2625253407394828,0
15,3,3,1369.9615384615386,194.89897423237883,810,1575,72.92980769230769,8.884139678479642,0.17168846153846154,0.10010611584053253,945,52.3,-2.180307705867259,-2.319483214573727,0
15,3,4,1364.1826923076924,192.24159377498708,735,1575,72.80384615384615,10.51605266743453,0.1742442307692308,0.11690865642447251,1310,82.1,-0.281832213943091,0.8831566912936182,0
15,3,5,1371.3461538461538,202.34507530361748,441,1575,73.14519230769231,9.54958322485772,0.16907884615384614,0.10805190470915857,1310,72.6,-0.30316093507468916,-0.057030970374802335,0
15,3,6,1038.2307692307693,134.81812493523645,551,1181,74.85096153846153,9.10653233153556,0.14983653846153847,0.10282717242948558,830,70.1,-1.5444164140886123,-0.5211369154066612,0
15,4,0,1533.2285714285715,239.82923641074828,635,1764,71.30380952380952,9.671855718541973,0.18972761904761903,0.10991062058925431,1240,68.1,-1.2226046739341212,-0.3309086209241712,0
15,4,1,1507.1238095238095,219.04766320273484,823,1764,69.33714285714285,10.009488355698162,0.21207809523809523,0.11374069275613144,1512,74.9,0.022259848867636337,0.5552037135402742,0
15,4,2,1502.9711538461538,220.53018447962367,835,1764,71.75961538461539,9.723452972823617,0.1854471153846154,0.10882446269529014,1240,65.2,-1.1923956374057103,-0.6739248037597986,0
15,4,3,1534.3461538461538,218.33045983966917,907,1764,72.93653846153846,9.300193731068163,0.17136346153846155,0.10536326901631485,1058,44.9,-2.18166689854891,-3.011380780185099,1
15,4,4,1527.8173076923076,215.3708368545714,823,1764,71.31538461538462,9.14788711591842,0.19003653846153845,0.10305096020684089,1467,83.0,-0.28237102511293727,1.2759073394020062,0
15,4,5,1535.8557692307693,226.64481507284157,494,1764,72.55673076923077,10.26675059837051,0.17627980769230772,0.11531896616447886,1467,73.2,-0.30379133665720115,0.06259461340545057,0
15,4,6,1162.9711538461538,151.0057837721333,617,1323,73.61442307692307,8.704472885110137,0.1635355769230769,0.09880648431835456,930,67.6,-1.5426940683080017,-0.6901648735633271,0
15,5,0,2464.1619047619047,385.34507821435744,1021,2835,65.78190476190477,8.600578926761726,0.252552380952381,0.09756057989313228,1993,58.8,-1.2226695102738891,-0.8108519556338976,0
15,5,1,2422.190476190476,351.9603642249337,1323,2835,65.34285714285714,9.618700307442559,0.25789809523809526,0.10818173543141367,2430,73.5,0.022188015251571068,0.8471696694971126,0
15,5,2,2415.4615384615386,354.4431410733192,1341,2835,65.75384615384615,8.89207046206423,0.2527971153846154,0.10104936067372759,1993,63.4,-1.1918685137964449,-0.264415583304689,0
15,5,3,2465.855769230769,350.80103669321403,1458,2835,67.1,8.210270622173205,0.23793557692307693,0.09205981900586209,1701,48.8,-2.180250018472592,-2.2262040802693184,0
15,5,4,2455.355769230769,346.0816144349307,1323,2835,65.32115384615385,8.05647147554658,0.25771442307692305,0.09154849255440702,2357,73.1,-0.2841899807117722,0.9643431055855877,0
15,5,5,2468.3076923076924,364.18636744325835,794,2835,65.92211538461538,8.635071373047536,0.25095865384615385,0.0979265443060444,2357,71.2,-0.3056254873959831,0.6105079284642247,0
15,5,6,1868.9038461538462,242.70132346620608,992,2126,70.38846153846154,8.929446298757268,0.20097115384615385,0.0995872868568578,1494,62.2,-1.5446491774663573,-0.9159920273361754,0
15,6,0,4380.72380952381,685.1904352811214,1814,5040,54.58571428571429,6.433901026405553,0.3797085714285714,0.07311076306416298,3542,49.2,-1.2240561539919361,-0.8357847620012983,0
15,6,1,4306.057142857143,625.8349473452895,2352,5040,54.65714285714286,7.033653404865795,0.3788961904761905,0.07993377177365882,4320,65.6,0.022278452837240132,1.5535768888483,0
15,6,2,4294.086538461538,630.1668620228969,2385,5040,55.49807692307692,7.510251644320296,0.3693442307692308,0.08534189131367301,3542,49.8,-1.1934531141738614,-0.7576976399959201,0
15,6,3,4383.692307692308,623.6854303707589,2592,5040,55.75865384615384,6.78922061925213,0.36638461538461536,0.07714683612516121,3024,51.5,-2.1800581525569807,-0.6263444127839266,0
15,6,4,4365.009615384615,615.3419839310496,2352,5040,54.67788461538461,6.3432856747592306,0.3786576923076923,0.07208323760859675,4190,57.3,-0.2844057059288284,0.4127180043284853,0
15,6,5,4388.0192307692305,647.6264652263201,1411,5040,55.474999999999994,7.174953063004015,0.3696028846153846,0.08153096315365872,4190,57.8,-0.3057567654101002,0.323592928111339,0
15,6,6,3322.730769230769,431.4234113035147,1764,3780,61.44134615384615,6.591221148507215,0.30180576923076924,0.07490050724668229,2657,57.0,-1.543067253923052,-0.672806751043404,0
15,7,0,9856.67619047619,1541.626279760074,4082,11340,23.14761904761905,5.389682009281452,0.7369657142857142,0.06125045969775912,7970,30.3,-1.2238140832867623,1.324592992714535,0
15,7,1,9688.647619047619,1408.0893422604781,5292,11340,24.060000000000002,6.122022039012426,0.7265904761904762,0.06956671745637907,9720,28.8,0.022265745044699796,0.7729913509514041,0
15,7,2,9661.673076923076,1417.8242831567275,5365,11340,24.627884615384616,7.284542175387807,0.7201403846153845,0.08277373243024118,7970,32.4,-1.1931387871061083,1.0654699359802093,0
15,7,3,9863.307692307691,1403.2596108611667,5832,11340,24.20384615384615,7.365584140017299,0.7249538461538462,0.08370493938990321,6804,28.6,-2.1801282295497284,0.5960414473888085,0
15,7,4,9821.35576923077,1384.485309141462,5292,11340,23.595192307692308,5.988619949094911,0.7318701923076923,0.06805054072648167,9428,28.9,-0.2841149165573504,0.8843380206322448,0
15,7,5,9873.14423076923,1457.0558053047307,3175,11340,23.74903846153846,6.400728040997916,0.7301221153846154,0.07273738099175664,9428,26.4,-0.30550729359552364,0.4135195755471292,0
15,7,6,7475.923076923077,970.7324098334827,3969,8505,37.53653846153846,4.8595828198490825,0.5734576923076923,0.055222133406124606,5978,41.9,-1.5430695741211358,0.8960647554191855,0
15,8,0,12047.057142857142,1884.0673464433437,4990,13860,15.15047619047619,4.942693204844513,0.8278380952380953,0.05616658324359845,9742,23.6,-1.2234408248729813,1.7060462782671149,0
15,8,1,11835.019047619047,1735.9293508585426,6468,13860,15.155238095238095,5.164784248833278,0.8277780952380953,0.058689818572128016,11880,14.4,0.025911592106433012,-0.14594581318213862,0
15,8,2,11808.798076923076,1732.7703917934075,6558,13860,16.025,7.085713097288611,0.8178971153846154,0.08051334021616083,9742,22.5,-1.192764003281434,0.9125228023204892,0
15,8,3,12045.673076923076,1712.8135398170848,7128,13860,15.775961538461539,7.003293194727884,0.8207269230769231,0.07958046209794323,8316,24.7,-2.1774998943098214,1.272446226581108,0
15,8,4,12003.942307692309,1692.0786712351742,6468,13860,15.260576923076922,5.334143879392853,0.8265836538461537,0.06061492832656286,11524,15.1,-0.28363898172190055,-0.03004726794428398,0
15,8,5,12067.288461538461,1780.6687937051295,3881,13860,15.150961538461539,5.788589297640557,0.8278278846153846,0.06577793836891076,11524,16.2,-0.3051018878076371,0.18091270267499607,0
15,8,6,9137.23076923077,1186.3988444335184,4851,10395,28.24423076923077,4.955037192322222,0.6790442307692307,0.056311387778825876,7306,37.1,-1.5435073480973063,1.7836259604386275,0
15,9,0,9309.142857142857,1455.8811991141538,3856,10710,26.281904761904762,4.961830868516739,0.7013419047619048,0.056384456022492375,7528,33.2,-1.2234038218148475,1.391458281878188,0
15,9,1,9150.44761904762,1329.8126529482986,4998,10710,26.90095238095238,5.249294737209491,0.6943038095238095,0.05965001760882052,9180,31.3,0.022222798571569485,0.8364329893748635,0
15,9,2,9125.038461538461,1338.9902072850937,5067,10710,27.740384615384617,7.155139631873417,0.6847663461538461,0.08130720314712078,7528,32.5,-1.1927096447405008,0.6642739191630969,0
15,9,3,9315.451923076924,1325.2454022960974,5508,10710,27.51923076923077,7.315166807527815,0.6872778846153846,0.08312967990386223,6426,31.5,-2.1802981659767218,0.5434373489868292,0
15,9,4,9275.817307692309,1307.5316459399478,4998,10710,26.904807692307692,5.872039717857467,0.6942634615384615,0.0667295382371129,8905,27.3,-0.2835988504410048,0.0671862698397857,0
15,9,5,9324.778846153846,1375.9696666103011,2999,10710,26.57403846153846,5.90145605189829,0.6980192307692307,0.06706118938501344,8905,29.8,-0.305076344033457,0.5457135281291008,0
15,9,6,7060.576923076923,916.7573573622519,3748,8032,40.2173076923077,5.043470108899006,0.5429846153846154,0.05730698761038525,5646,48.6,-1.5430053346870707,1.658799226482143,0
15,10,0,7118.657142857143,1113.346668560877,2948,8190,39.1152380952381,3.8249379319343446,0.5555019047619048,0.04346600568470893,5756,40.7,-1.223917888432385,0.41324316922192017,0
15,10,1,6997.295238095238,1016.9025076541311,3822,8190,38.90095238095238,5.170208581532936,0.5579447619047619,0.05875374616690141,7020,47.0,0.02232715374613518,1.563459751006963,0
15,10,2,6972.9807692307695,1020.4242215175002,3875,8190,39.45,5.680968056436545,0.5517048076923077,0.0645545985213596,5756,40.6,-1.192610698042822,0.20207458354986485,0
15,10,3,7123.4807692307695,1013.4436916432218,4212,8190,40.2798076923077,6.002885710711356,0.5422730769230769,0.06821647899133029,4914,38.5,-2.1801497073322613,-0.2959989226366218,0
15,10,4,7093.153846153846,999.898973238843,3822,8190,39.285576923076924,5.08415429610931,0.5535692307692307,0.057771901788808554,6809,44.0,-0.28417971411280796,0.9254574563090372,0
15,10,5,7130.557692307692,1052.28126502231,2293,8190,39.17211538461539,5.456579830156232,0.5548644230769231,0.06200670323655236,6809,42.5,-0.30557860071267906,0.6087690509935355,0
15,10,6,5399.182692307692,701.0302372108804,2866,6142,50.13076923076923,5.813510827409139,0.4303355769230769,0.06606423164297419,4317,46.9,-1.5436812822801786,-0.5547803252229192,0
15,11,0,6571.133333333333,1027.6679356180357,2722,7560,42.402857142857144,4.4983214207519255,0.5181523809523809,0.0511232355257637,5314,44.0,-1.2232755903018442,0.35426552547721296,0
15,11,1,6459.104761904762,938.6466108569615,3528,7560,41.91428571428571,5.522757612674273,0.5237047619047619,0.0627610998165516,6480,45.2,0.022260790424904333,0.593865575854521,0
15,11,2,6441.163461538462,945.1401818313371,3577,7560,43.09326923076923,6.868307184255558,0.5103038461538462,0.07805066430630628,5314,47.7,-1.1925760405128982,0.6697477512745544,0
15,11,3,6575.596153846154,935.4321105153067,3888,7560,43.401923076923076,6.1061322156338935,0.5068009615384615,0.06938829606017452,4536,38.5,-2.1803552896743152,-0.8014743475284775,0
15,11,4,6547.615384615385,922.9250809267968,3528,7560,42.44615384615384,5.496952784757128,0.5176586538461538,0.06246179975983911,6286,45.1,-0.28346022382492464,0.48190828168925415,0
15,11,5,6582.182692307692,971.2698400659868,2117,7560,42.43846153846154,5.87800421337778,0.5177471153846154,0.06679463520799468,6286,47.6,-0.30494063614824984,0.8766193559799502,0
15,11,6,4983.923076923077,647.1789370411124,2646,5670,52.31057692307692,5.800818795054239,0.4055625,0.06592086192100166,3985,55.2,-1.5434798398904352,0.4972488695366571,0
15,12,0,6023.561904761905,942.0509022239471,2495,6930,44.73142857142857,4.50711647299012,0.4916885714285714,0.05122167944391266,4871,44.2,-1.2234473398068242,-0.11764774599154611,0
15,12,1,5920.857142857143,860.4462105899945,3234,6930,45.220952380952376,5.602569726990243,0.48612761904761903,0.06366371913185433,5940,53.1,0.022247334503787332,1.4038217790254142,0
15,12,2,5904.3942307692305,866.3946993789978,3279,6930,46.42980769230769,6.908161485394633,0.47239038461538463,0.07849855792285067,4871,48.4,-1.192738487579677,0.28478553324488093,0
15,12,3,6027.663461538462,857.4914827121163,3564,6930,46.75673076923077,6.403666492578316,0.4686721153846154,0.07276958109915008,4158,41.7,-2.18036178272843,-0.7884305763454104,0
15,12,4,6002.009615384615,846.0225099164253,3234,6930,45.80865384615385,5.58223796470091,0.47944807692307695,0.0634376140003096,5762,53.6,-0.28368840744467894,1.3932429562236723,0
15,12,5,6033.653846153846,890.3822324097051,1940,6930,45.89903846153846,5.657429091101049,0.4784201923076923,0.06428838905240161,5762,53.0,-0.30509458221424257,1.2529422819972131,0
15,12,6,4568.7307692307695,593.3019865122671,2426,5198,54.638461538461534,6.142946190666082,0.37910961538461535,0.0698085572399853,3653,52.4,-1.5434219939054545,-0.36380320404186944,0
15,13,0,6023.561904761905,942.0509022239471,2495,6930,45.25238095238095,4.778439060350131,0.48577047619047614,0.054301671464233224,4871,44.6,-1.2234473398068242,-0.13624083843582416,0
15,13,1,5920.857142857143,860.4462105899945,3234,6930,45.54,5.649125187550316,0.4824980952380953,0.06419388297744275,5940,48.1,0.022247334503787332,0.4523667378187401,0
15,13,2,5904.3942307692305,866.3946993789978,3279,6930,46.21153846153846,6.149564791488903,0.4748682692307692,0.06987477740475245,4871,46.7,-1.192738487579677,0.07930130699111797,0
15,13,3,6027.663461538462,857.4914827121163,3564,6930,46.75576923076923,6.179669562961566,0.4686894230769231,0.07022639937086311,4158,42.1,-2.18036178272843,-0.7521838093957295,0
15,13,4,6002.009615384615,846.0225099164253,3234,6930,45.28846153846154,5.2273423734980735,0.4853596153846154,0.0593998063466994,5762,51.5,-0.28368840744467894,1.1860096244557163,0
15,13,5,6033.653846153846,890.3822324097051,1940,6930,46.39807692307692,5.670567526420553,0.4727490384615385,0.06444219656479433,5762,48.7,-0.30509458221424257,0.40522765836630636,0
15,13,6,4568.7307692307695,593.3019865122671,2426,5198,54.94903846153846,6.402411487312827,0.37558173076923074,0.07275200296101429,3653,55.9,-1.5434219939054545,0.14830014267534938,0
15,14,0,6571.133333333333,1027.6679356180357,2722,7560,42.180952380952384,4.097679813440754,0.5206733333333333,0.04656229546504722,5314,46.3,-1.2232755903018442,1.002767451730211,0
15,14,1,6459.104761904762,938.6466108569615,3528,7560,42.05809523809524,5.582644482135631,0.5220685714285714,0.06344420824976511,6480,54.1,0.022260790424904333,2.1531682910239964,0
15,14,2,6441.163461538462,945.1401818313371,3577,7560,42.784615384615385,6.664786018033046,0.513814423076923,0.0757314178794565,5314,41.7,-1.1925760405128982,-0.16249440531653203,0
15,14,3,6575.596153846154,935.4321105153067,3888,7560,43.91826923076923,6.899483087758633,0.5009298076923077,0.07840566390256187,4536,35.2,-2.1803552896743152,-1.261783134865064,0
15,14,4,6547.615384615385,922.9250809267968,3528,7560,42.68653846153846,5.641748983315312,0.5149269230769231,0.06411083580885943,6286,46.2,-0.28346022382492464,0.621659162293607,0
15,14,5,6582.182692307692,971.2698400659868,2117,7560,42.42884615384616,5.657672393143703,0.5178586538461538,0.06429039187538572,6286,50.6,-0.30494063614824984,1.4417124490185163,0
15,14,6,4983.923076923077,647.1789370411124,2646,5670,53.05576923076923,5.973921106201664,0.3970980769230769,0.06788548750463239,3985,50.7,-1.5434798398904352,-0.39368320353149966,0
15,15,0,8213.87619047619,1284.6168816424347,3402,9450,32.385714285714286,4.067706511504518,0.6319838095238095,0.04621917501637322,6642,34.9,-1.2236052451794397,0.6165931037930528,0
15,15,1,8073.8,1173.3310766295313,4410,9450,32.743809523809524,5.102203969657166,0.6279133333333333,0.05798149583250122,8100,37.4,0.022329398093911754,0.9107990416318867,0
15,15,2,8051.346153846154,1181.4400770725608,4471,9450,33.84230769230769,6.4977769508089835,0.6154269230769231,0.07383890919311428,6642,37.3,-1.1928952235868335,0.5313169664277566,0
15,15,3,8219.403846153846,1169.337049911506,4860,9450,33.71346153846154,6.478913634399018,0.6168942307692308,0.07362657923791058,5670,35.5,-2.1801943626118354,0.27532165816904514,0
15,15,4,8184.451923076923,1153.7113845460733,4410,9450,33.19903846153846,5.365522716187475,0.6227403846153846,0.06097106829294265,7857,37.0,-0.28382235734128947,0.7070868712014912,0
15,15,5,8227.60576923077,1214.1523745824727,2646,9450,33.23076923076923,5.71608320176758,0.622376923076923,0.06495416342145,7857,36.4,-0.30523575510912515,0.5534727068325619,0
15,15,6,6230.009615384615,808.8774253414634,3308,7088,45.17115384615385,5.4937329356581035,0.4866923076923077,0.06242881723857437,4982,43.4,-1.5428718215736645,-0.3218095548711553,0
15,16,0,10404.219047619048,1627.2068682074184,4309,11970,20.00952380952381,6.200705974222176,0.7726142857142857,0.07046015026045054,8413,29.4,-1.223696168914856,1.5119820885824893,0
15,16,1,10226.857142857143,1486.2624744159907,5586,11970,20.864761904761906,6.3342928230202284,0.7628952380952381,0.07198212836551379,10260,24.5,0.022299314367562308,0.5729934283688254,0
15,16,2,10198.442307692309,1496.5588543075326,5664,11970,21.59326923076923,7.587499484788478,0.7546269230769231,0.0862188502700943,8413,30.0,-1.1930238308470202,1.1065128449251644,0
15,16,3,10411.26923076923,1481.219585608979,6156,11970,20.9,8.147475635023461,0.7625028846153845,0.09258244864672491,7182,28.9,-2.1801274172103295,0.9806955433188973,0
15,16,4,10366.951923076924,1461.3670975434864,5586,11970,20.521153846153844,6.538514321273573,0.7668067307692308,0.07430398369597596,9952,23.9,-0.28394582327480056,0.5159714078763789,0
15,16,5,10421.625,1537.9328149976518,3352,11970,20.299038461538462,6.624791554768905,0.7693259615384616,0.07527668316412917,9952,23.9,-0.30535920804098104,0.5427392117350341,0
15,16,6,7891.2692307692305,1024.6147012581623,4190,8978,35.558653846153845,5.619567246181332,0.5959230769230769,0.0638595534676011,6310,38.8,-1.5432667481347564,0.5757718155058603,0
15,17,0,12022.657142857142,1876.6779867452126,4990,13860,14.896190476190476,4.9460925488542475,0.8307238095238095,0.05620391192895043,9742,19.5,-1.2152564299260762,0.928919199637189,0
15,17,1,11841.67619047619,1720.8730761271133,6468,13860,15.173333333333334,5.3452219257854425,0.8275704761904763,0.06074105018565025,11880,13.2,0.022269850901235472,-0.3684876856049077,0
15,17,2,11808.798076923076,1732.7703917934075,6558,13860,15.803846153846154,6.5668322678711695,0.8204134615384616,0.07462337937313257,9742,22.6,-1.192764003281434,1.033347600995406,0
15,17,3,12055.25,1715.0000410427688,7128,13860,15.747115384615386,6.779250992948417,0.8210528846153846,0.07703991772864922,8316,21.9,-2.180307934364304,0.9062685444646605,0
15,17,4,11988.423076923076,1740.2239320935735,5588,13860,15.165384615384616,4.865367391126265,0.8276692307692308,0.05528916057485809,11524,14.6,-0.26687393479585586,-0.11596759177855638,0
15,17,5,12067.288461538461,1780.6687937051295,3881,13860,15.18173076923077,5.978452642990572,0.8274826923076923,0.06793855653843231,11524,15.1,-0.3051018878076371,-0.013648061377998065,0
15,17,6,9128.557692307691,1203.0953995126913,4851,10395,28.221153846153847,5.362901567138818,0.6793028846153846,0.06094250108257905,6404,33.2,-2.2646043259478787,0.9266587320894278,0
15,18,0,11499.495238095238,1798.4451945404314,4763,13230,15.75904761904762,5.525059958569457,0.8209190476190477,0.06277892544360313,9299,24.8,-1.2235474338061239,1.6333973703311113,0
15,18,1,11303.42857142857,1642.6882216070687,6174,13230,16.443809523809524,5.736454342615169,0.81314,0.06518761031408908,11340,16.8,0.022263023171505684,0.06198439158369392,0
15,18,2,11272.076923076924,1654.0110393516836,6260,13230,17.227884615384617,7.622532473328365,0.804228846153846,0.08661777063020595,9299,21.5,-1.1928971132376276,0.5597244950537912,0
15,18,3,11507.317307692309,1637.0420059993185,6804,13230,16.978846153846153,7.72411019259589,0.8070634615384615,0.08777769699002301,7938,26.2,-2.1803322647123005,1.1922708128701802,0
15,18,4,11458.317307692309,1615.1971069980336,6174,13230,16.310576923076923,5.958756602383803,0.8146500000000001,0.06771367474574701,11000,18.1,-0.28375141844448715,0.2997982990642337,0
15,18,5,11518.759615384615,1699.7852833859297,3704,13230,16.14903846153846,6.049151351733255,0.8164874999999999,0.06874039765245381,11000,18.7,-0.3051894663169468,0.42100970752807193,0
15,18,6,8721.903846153846,1132.4746725064358,4630,9922,30.432692307692307,4.834934409002642,0.6541701923076922,0.05494047949682731,6974,35.3,-1.5434238436846592,1.0046178712478493,0
15,19,0,9856.67619047619,1541.626279760074,4082,11340,23.142857142857142,5.083360055175065,0.7370142857142857,0.05776026620132871,7970,29.3,-1.2238140832867623,1.208856784213978,0
15,19,1,9688.647619047619,1408.0893422604781,5292,11340,23.90761904761905,5.793791359293008,0.7283238095238096,0.06583871687080586,9720,28.9,0.022265745044699796,0.8601930433607279,0
15,19,2,9661.673076923076,1417.8242831567275,5365,11340,24.63653846153846,7.6189219951013,0.7200413461538461,0.08658289883681311,7970,31.4,-1.1931387871061083,0.886555340689616,0
15,19,3,9863.307692307691,1403.2596108611667,5832,11340,24.200961538461538,7.91802043506815,0.7249855769230769,0.08998275176497945,6804,27.9,-2.1801282295497284,0.46657781621960004,0
15,19,4,9821.35576923077,1384.485309141462,5292,11340,23.69326923076923,6.019471067029981,0.7307634615384615,0.06840479182910339,9428,27.3,-0.2841149165573504,0.5981836099940668,0
15,19,5,9873.14423076923,1457.0558053047307,3175,11340,23.515384615384615,6.350976826185977,0.7327855769230769,0.07216896089156875,9428,27.5,-0.30550729359552364,0.6264156423604751,0
15,19,6,7475.923076923077,970.7324098334827,3969,8505,37.75096153846154,4.600801854812289,0.5710153846153846,0.05227872048343011,5978,41.5,-1.5430695741211358,0.813099018259827,0
15,20,0,7666.228571428572,1198.9636811810476,3175,8820,36.0,3.9465418162857873,0.5909095238095238,0.04485069359683546,6199,38.9,-1.2237370965334953,0.7329633135843817,0
15,20,1,7535.523809523809,1095.103561095392,4116,8820,36.40761904761905,5.26371277343019,0.5862761904761905,0.05981355892690077,7560,38.7,0.02235036743742668,0.4346806606401348,0
15,20,2,7514.6057692307695,1102.6739381825323,4173,8820,36.71730769230769,6.502702086723496,0.5827615384615384,0.07389666664538716,6199,38.8,-1.1930941620489908,0.31978927946635066,0
15,20,3,7671.403846153846,1091.4099059921,4536,8820,37.06923076923077,7.177987885344392,0.5787557692307692,0.08156568956347791,5292,36.0,-2.1800993669718434,-0.14875244453469771,0
15,20,4,7638.759615384615,1076.8015159540853,4116,8820,35.99807692307692,5.049117596063668,0.5909326923076923,0.057376126496219954,7333,40.9,-0.28394905780117297,0.9689284709920759,0
15,20,5,7679.067307692308,1133.1655742770608,2470,8820,36.065384615384616,5.112098142979093,0.5901625,0.05809547914082423,7333,35.9,-0.30539601765868485,-0.03228845109329107,0
15,20,6,5814.625,755.0525756464192,3087,6615,47.45961538461539,5.631146380566984,0.4606807692307692,0.06399244354195657,4649,48.0,-1.5437462239498398,0.09579340419992736,0
15,21,0,5475.914285714286,856.3977117317286,2268,6300,48.359047619047615,4.858234390387253,0.4504638095238095,0.05520357799825591,4428,54.4,-1.2236161250758884,1.2408918504172197,0
15,21,1,5382.580952380952,782.21869828162,2940,6300,48.29904761904761,5.862913020355074,0.4511447619047619,0.06662545133481473,5400,51.1,0.022268484469201405,0.4769272712271574,0
15,21,2,5367.653846153846,787.6285627125245,2981,6300,49.08846153846154,6.489727621437447,0.442175,0.07374807122704116,4428,48.9,-1.1930013214662831,-0.02899529787062977,0
15,21,3,5479.663461538462,779.5643494687648,3240,6300,49.62884615384615,6.2321850658134474,0.43603557692307693,0.07082343685130593,3780,45.7,-2.180245492552038,-0.6294023827270426,0
15,21,4,5456.317307692308,769.112642960453,2940,6300,49.24807692307692,5.639699447497453,0.44035961538461543,0.06409315507919683,5238,51.6,-0.2838523994716577,0.41629171583009933,0
15,21,5,5485.115384615385,809.3954391077295,1764,6300,49.513461538461534,6.011091006288709,0.4373480769230769,0.06830975136968515,5238,52.1,-0.30530482336244147,0.4295796989012399,0
15,21,6,4153.211538461538,539.272769445641,2205,4725,57.14134615384615,6.086872881147362,0.3506682692307692,0.0691655187458543,3321,50.3,-1.5431821404511312,-1.1221073962360013,0
15,22,0,3833.190476190476,599.4454022619911,1588,4410,57.59047619047619,6.910798737782717,0.3455609523809524,0.07853041852492339,3100,53.2,-1.2230942842851156,-0.6343886532210883,0
15,22,1,3767.8380952380953,547.558973357235,2058,4410,56.88857142857143,7.422371514623807,0.35353999999999997,0.08434124777902612,3780,68.1,0.02221072660004465,1.5084591169008639,0
15,22,2,3757.403846153846,551.3491399828431,2087,4410,58.174038461538466,7.737702365781395,0.3389346153846154,0.08792822400429604,3100,57.7,-1.1923332696984092,-0.06118439237316437,0
15,22,3,3835.8365384615386,545.6712640049105,2268,4410,59.837500000000006,7.531102982692664,0.3203442307692308,0.08430984904508182,2646,52.1,-2.180460677225728,-1.0260435400176984,0
15,22,4,3819.471153846154,538.3883529361464,2058,4410,58.11634615384616,7.151564572887477,0.3395875,0.08126555258169212,3667,59.1,-0.28319394555101246,0.13735180855281212,0
15,22,5,3839.625,566.5601740550096,1235,4410,58.239423076923075,6.805272345965535,0.3381923076923077,0.07733116491083988,3667,62.3,-0.3046842349015701,0.5958055257293833,0
15,22,6,2907.375,377.51816486869245,1544,3308,64.4125,7.330991369932132,0.2680403846153846,0.08330748695270374,2325,59.1,-1.5426001400519482,-0.7236760993561974,0
15,23,0,2737.9904761904763,428.2432247261005,1134,3150,64.29714285714286,8.681040981787412,0.2693495238095238,0.09865130718051794,2214,58.8,-1.2235529026678242,-0.6325068387851868,0
15,23,1,2691.352380952381,391.158289348452,1470,3150,63.904761904761905,8.801806861622449,0.27391809523809524,0.09971587403617609,2700,73.1,0.02210715766869305,1.0435133497178173,0
15,23,2,2683.8846153846152,393.8758196620018,1490,3150,64.12788461538462,9.098345701875095,0.27171057692307693,0.10212880779774236,2214,64.4,-1.1929462598776188,0.029875390495924026,0
15,23,3,2739.8653846153848,389.80971354075365,1620,3150,65.34134615384616,8.148459984072078,0.25748557692307694,0.09259866573958452,1890,53.5,-2.180149836179426,-1.4514192846400245,0
15,23,4,2728.1826923076924,384.59664318603024,1470,3150,64.23846153846154,8.294170460605105,0.27008076923076924,0.09406109156806206,2619,67.9,-0.2838814519771096,0.44092766145742895,0
15,23,5,2742.596153846154,404.7244182679681,882,3150,65.43557692307692,8.394726942588862,0.25641153846153847,0.09539418303457219,2619,61.4,-0.30537594103084853,-0.480155625595359,0
15,23,6,2076.576923076923,269.6811023005012,1102,2362,68.77596153846153,8.13012491326563,0.21845673076923078,0.09238990589636109,1660,67.5,-1.5446446676344379,-0.15674962633339293,0
16,0,0,547.6571428571428,85.6218012958315,227,630,47.54380952380953,6.61613592505131,0.13644857142857142,0.11915688197489065,443,39.6,-1.222176122344836,-1.1988600314968658,0
16,0,1,538.2952380952381,78.2271008284808,294,630,45.62761904761904,6.667018351529694,0.17127333333333333,0.11989664961850934,540,52.1,0.0217896865644246,0.9693519789260647,0
16,0,2,536.7884615384615,78.75014847597934,298,630,46.7201923076923,6.477539683476143,0.15218653846153846,0.11537926069103648,443,42.4,-1.1908111316862944,-0.6659215231770981,0
16,0,3,548.0,77.9273996207398,324,630,48.19230769230769,5.89007215258512,0.12729519230769232,0.10220907886242006,378,32.7,-2.1812377732289843,-2.625782751744778,1
16,0,4,545.6923076923077,76.91011989456051,294,630,47.10096153846154,6.438212608382808,0.14499903846153847,0.11513631641793035,524,48.1,-0.28201084088328016,0.15493261810872844,0
16,0,5,548.5673076923077,80.96730305224996,176,630,46.88461538461539,6.337050387808594,0.14802692307692308,0.11455085632847212,524,49.1,-0.3033851062742343,0.3490415988566788,0
16,0,6,415.2692307692308,53.86502923195922,220,472,47.79807692307692,5.756920373619922,0.13226923076923078,0.102676956960482,332,44.5,-1.545599732497864,-0.5718956929184549,0
16,1,0,438.0095238095238,68.60022079439902,181,504,47.71333333333333,6.468177526384112,0.13335333333333332,0.1165416738492705,354,44.1,-1.2244461952873045,-0.557770039276797,0
16,1,1,430.54285714285714,62.64997829384924,235,504,46.969523809523814,6.540467576344686,0.14786476190476192,0.11631101870957918,432,48.3,0.02325476160092909,0.20311163668389914,0
16,1,2,429.36538461538464,63.07647657358496,238,504,46.81442307692308,6.494200822589524,0.14982307692307692,0.11666383806806085,354,41.5,-1.1946361361214617,-0.8170754904223946,0
16,1,3,438.3557692307692,62.44872355131806,259,504,48.60096153846154,6.185176378524531,0.12035384615384616,0.10731631127035224,302,33.1,-2.1831341000546547,-2.5021017306618334,1
16,1,4,436.49038461538464,61.56817914593366,235,504,47.61538461538461,6.294114514412468,0.13568365384615386,0.11251278771816127,419,47.4,-0.2840354303743589,-0.03416572064041703,0
16,1,5,438.8076923076923,64.81580727178176,141,504,47.809615384615384,6.254140674688261,0.13160961538461538,0.11259180031813935,419,51.4,-0.30555257452712775,0.5731647486609633,0
16,1,6,332.2692307692308,43.13722307864194,176,378,48.82211538461539,5.906733967372698,0.11470480769230769,0.10448824468634045,266,42.5,-1.5358863454189322,-1.0685143897762057,0
16,2,0,364.9809523809524,57.098258924079055,151,420,48.07809523809524,6.895580816619784,0.12853714285714285,0.12225344045586896,295,39.8,-1.2254086133843891,-1.1987543782229297,0
16,2,1,358.76190476190476,52.12070380921354,196,420,47.549523809523805,7.04289226822557,0.13901428571428573,0.12354342465192258,360,52.0,0.02374982779105355,0.6310143443600176,0
16,2,2,357.77884615384613,52.47763402100097,199,420,47.99423076923077,6.533347272800155,0.12973653846153846,0.11583391278467728,295,46.8,-1.1960692708825,-0.1825106813748115,0
16,2,3,365.21153846153845,51.990042563605364,216,420,49.10576923076923,5.540632379930064,0.11003461538461538,0.09698207297981563,252,35.7,-2.177143188355288,-2.41517872436332,0
16,2,4,363.65384615384613,51.27060688829954,196,420,48.55384615384616,6.640460316786781,0.1207375,0.11666458451100835,349,47.8,-0.28575804856922693,-0.11335247756359641,0
16,2,5,365.59615384615387,53.94594907828281,118,420,48.35961538461538,6.509582469583184,0.12415865384615385,0.11421057677252999,349,50.1,-0.30758709891424735,0.26694725061064967,0
16,2,6,276.91346153846155,36.0447700519173,147,315,49.49326923076923,6.270353490648262,0.10499807692307693,0.10872653500292187,221,46.6,-1.5507923489166233,-0.460685729724838,0
16,3,0,292.0952380952381,45.638319722643466,121,336,48.55619047619047,6.803660267847963,0.12051714285714285,0.1198953224990152,236,46.9,-1.228856580835165,-0.2430691304064046,0
16,3,1,287.1047619047619,41.71190657573866,157,336,47.962857142857146,7.346575041144331,0.13096,0.1301747062752444,288,48.3,0.021457267146048092,0.04582877973204331,0
16,3,2,286.25961538461536,42.004621842855755,159,336,47.958653846153844,6.743578183276712,0.1307855769230769,0.11920737044577392,236,38.7,-1.1962410508560033,-1.3709256922619517,0
16,3,3,292.21153846153845,41.521236367126846,173,336,49.28173076923077,6.413438022357187,0.10912788461538461,0.11086132285075609,202,37.1,-2.172137079283858,-1.8964502695957328,0
16,3,4,290.9807692307692,41.00698040725488,157,336,48.59326923076923,6.208688938461811,0.11932019230769231,0.10942288181198818,279,46.7,-0.2920929115652338,-0.30444829280004587,0
16,3,5,292.52884615384613,43.17068331269312,94,336,48.43365384615385,6.616331817099685,0.12175288461538461,0.11755478537436807,279,46.1,-0.3133078292410736,-0.3521788389968193,0
16,3,6,221.44230769230768,28.690794478834775,118,252,49.72596153846154,6.537984535383523,0.10223846153846153,0.11236985421996411,177,43.0,-1.548469598117968,-1.027180425078324,0
16,4,0,364.9809523809524,57.098258924079055,151,420,48.362857142857145,6.95514830266673,0.12345428571428571,0.12333365785275592,295,44.9,-1.2254086133843891,-0.4971691904293452,0
16,4,1,358.76190476190476,52.12070380921354,196,420,47.47428571428571,7.291763379787715,0.1404514285714286,0.12818912343928354,360,54.6,0.02374982779105355,0.9758895098462442,0
16,4,2,357.77884615384613,52.47763402100097,199,420,47.747115384615384,7.004713485624043,0.1361701923076923,0.12195543980097828,295,42.1,-1.1960692708825,-0.8050386371715087,0
16,4,3,365.21153846153845,51.990042563605364,216,420,48.50480769230769,5.744602866916131,0.12050865384615385,0.10118669480686314,252,32.8,-2.177143188355288,-2.7290862732850654,1
16,4,4,363.65384615384613,51.27060688829954,196,420,48.146153846153844,6.593037266941999,0.12763846153846153,0.11612072668796988,349,54.9,-0.28575804856922693,1.0228393208772542,0
16,4,5,365.59615384615387,53.94594907828281,118,420,48.54038461538461,6.7813209932683165,0.12197980769230769,0.11811484569171733,349,49.0,-0.30758709891424735,0.06767687539301544,0
16,4,6,276.91346153846155,36.0447700519173,147,315,49.18942307692308,6.025430223035211,0.10860096153846154,0.10606313973627668,221,45.3,-1.5507923489166233,-0.6444317858366514,0
16,5,0,730.1238095238095,114.26451222745739,302,840,45.98571428571429,6.749137103982377,0.16529809523809524,0.120582163163795,590,39.9,-1.2262035233622393,-0.9003685222080615,0
16,5,1,717.6857142857143,104.35721882495297,392,840,45.53142857142857,6.3436417938587315,0.17259142857142856,0.11459545744981285,720,50.7,0.022174450371886024,0.8134817158825735,0
16,5,2,715.6346153846154,105.07529040749573,397,840,46.31057692307692,6.230926909326188,0.15891057692307692,0.11182129720407376,590,38.3,-1.1955490144951233,-1.2835556383629882,0
16,5,3,730.5673076923077,103.9911090694615,432,840,47.36826923076923,5.6093587613219045,0.14050096153846153,0.09921361820789229,504,32.3,-2.1785085728363267,-2.681492652593079,1
16,5,4,727.4903846153846,102.58645373133348,392,840,46.78365384615385,6.133516240399726,0.15041538461538462,0.10992691814942882,698,47.1,-0.28744058437546294,0.05149268618610696,0
16,5,5,731.3076923076923,108.00045639269595,235,840,47.18942307692308,6.331090157038492,0.1433605769230769,0.1132349395616389,698,45.5,-0.30837470204361295,-0.26642470538726676,0
16,5,6,553.8461538461538,71.88607076151467,294,630,48.07115384615384,5.878984673532969,0.1274846153846154,0.10491647326782115,443,44.9,-1.5417553792868575,-0.5384890642364972,0
16,6,0,1460.3238095238096,228.39845813327122,605,1680,42.04761904761905,5.265053422880678,0.2354952380952381,0.09572526631836348,1181,37.6,-1.2229135987636255,-0.8431419913829478,0
16,6,1,1435.4380952380952,208.62899181826631,784,1680,41.931428571428576,6.385475018257546,0.23820095238095237,0.11478875455444743,1440,50.8,0.02186506329496832,1.3866947182584215,0
16,6,2,1431.4423076923076,210.05319838994635,795,1680,42.10673076923077,5.582014537399834,0.2344230769230769,0.10149432547222523,1181,36.5,-1.192223624184777,-1.002631651211297,0
16,6,3,1461.3365384615386,207.85901731501468,864,1680,43.10576923076923,5.034691821019069,0.21669326923076923,0.09037756859814948,1008,31.4,-2.180875939652568,-2.3204131483307484,0
16,6,4,1455.1057692307693,205.09779425705997,784,1680,41.885576923076925,5.6159692256581994,0.23926346153846156,0.09996972071455477,1397,48.1,-0.28329381358343597,1.104595995403091,0
16,6,5,1462.7788461538462,215.86709128898818,470,1680,42.46153846153846,5.585892557900595,0.22840673076923076,0.10046943916775934,1397,41.4,-0.30470507899233285,-0.18969957885265715,0
16,6,6,1107.576923076923,143.71254293298782,588,1260,44.8423076923077,5.4182663423675885,0.18503076923076925,0.09778494938187642,886,42.8,-1.541699155575307,-0.3762357193801457,0
16,7,0,3285.647619047619,513.8647678462687,1361,3780,32.21619047619048,3.6208829089454193,0.4142542857142857,0.06583154497037734,2657,30.9,-1.2233479018290425,-0.3624987390664058,0
16,7,1,3229.6285714285714,469.3857946037823,1764,3780,32.1552380952381,4.107544207177742,0.41536,0.07468567543635536,3240,34.1,0.022095273734148303,0.47231111723628294,0
16,7,2,3220.6346153846152,472.6145221606422,1788,3780,32.76634615384615,4.061555744229078,0.40424807692307696,0.07384576287976852,2657,33.9,-1.1925632060052933,0.278432598586096,0
16,7,3,3287.8653846153848,467.7368577635613,1944,3780,32.97596153846154,3.8868085391315033,0.4004375,0.07066667852590422,2268,27.4,-2.1803789115584196,-1.4309046704420016,0
16,7,4,3273.875,461.50651758853746,1764,3780,32.48557692307692,3.664111390949724,0.4093509615384615,0.06662648238055402,3143,36.6,-0.28357598268385464,1.1198416811907115,0
16,7,5,3291.144230769231,485.6831125246536,1058,3780,32.534615384615385,3.900952565540366,0.4084634615384615,0.07092646685492503,3143,37.5,-0.30501612427479335,1.269610032894521,0
16,7,6,2491.9903846153848,323.49398623459405,1323,2835,37.090384615384615,3.9187752998398375,0.32562980769230765,0.07125356864482546,1993,30.7,-1.5424551345513684,-1.6265589471724509,0
16,8,0,4380.72380952381,685.1904352811214,1814,5040,26.397142857142857,2.7545576617830885,0.5200485714285714,0.05008541188326681,3542,28.4,-1.2240561539919361,0.7244765303847329,0
16,8,1,4306.057142857143,625.8349473452895,2352,5040,26.14761904761905,3.4145924195929136,0.5245866666666666,0.06208387017492896,4320,30.1,0.022278452837240132,1.1541171818778884,0
16,8,2,4294.086538461538,630.1668620228969,2385,5040,26.998076923076926,3.9097086219549015,0.5091249999999999,0.07108445100552781,3542,29.0,-1.1934531141738614,0.5107326258156,0
16,8,3,4383.692307692308,623.6854303707589,2592,5040,27.292307692307695,3.9598639848096666,0.5037759615384615,0.07199823554363376,3024,25.6,-2.1800581525569807,-0.4262885828792017,0
16,8,4,4365.009615384615,615.3419839310496,2352,5040,26.725,3.4359817918298705,0.5140913461538461,0.06247408023398902,4190,29.8,-0.2844057059288284,0.8923436587188484,0
16,8,5,4388.0192307692305,647.6264652263201,1411,5040,26.8125,4.045102216477053,0.5125009615384616,0.07354765906815985,4190,29.8,-0.3057567654101002,0.7367261885189784,0
16,8,6,3322.730769230769,431.4234113035147,1764,3780,33.24519230769231,4.32946284270324,0.3955394230769231,0.07872013524421698,2657,33.2,-1.543067253923052,-0.010414263085186715,0
16,9,0,3280.4761904761904,512.7210610525829,1361,3780,32.07714285714285,3.2903488575522797,0.41678095238095236,0.05982431505801946,2657,33.0,-1.2159906778346126,0.2796241193549426,0
16,9,1,3229.6285714285714,469.3857946037823,1764,3780,32.33904761904762,4.051436004632641,0.41201999999999994,0.07366095328232955,3240,37.8,0.022095273734148303,1.3445865882715846,0
16,9,2,3217.548076923077,470.68237759532707,1788,3780,32.33173076923077,4.634783316707532,0.41215288461538463,0.0842681111376362,2657,28.2,-1.1909011141986297,-0.8895421998198954,0
16,9,3,3287.8653846153848,467.7368577635613,1944,3780,33.22596153846154,4.569315029976216,0.3958942307692308,0.08307806929304985,2268,25.3,-2.1803789115584196,-1.7308181434511847,0
16,9,4,3273.875,461.50651758853746,1764,3780,32.40769230769231,3.50172474307318,0.41076826923076926,0.06367005859918694,3143,31.5,-0.28357598268385464,-0.25847478777564115,0
16,9,5,3291.144230769231,485.6831125246536,1058,3780,32.54711538461539,4.005698773768288,0.40823653846153846,0.07283485250453747,3143,33.4,-0.30501612427479335,0.21238759763453888,0
16,9,6,2491.9903846153848,323.49398623459405,1323,2835,37.31057692307692,4.190695154448789,0.3216240384615385,0.0761965222242227,1993,36.1,-1.5424551345513684,-0.2881849023952256,0
16,10,0,2555.4190476190474,399.6942047691051,1058,2940,36.33238095238095,4.163982358782166,0.33940857142857145,0.07570753076336406,2066,31.4,-1.2244530875069664,-1.181696645651388,0
16,10,1,2511.8571428571427,365.08593373477026,1372,2940,35.626666666666665,4.675185448124916,0.35224190476190476,0.08500382545798067,2520,42.4,0.022303335618010046,1.445691618470327,0
16,10,2,2504.875,367.60921862945605,1391,2940,36.53942307692308,4.761361848696186,0.33564903846153843,0.08656908346897695,2066,33.9,-1.1938304031987148,-0.5531802367167613,0
16,10,3,2557.144230769231,363.83684645755625,1512,2940,37.0625,4.76922145648227,0.32613557692307693,0.08670879275720254,1764,28.1,-2.1798848567504443,-1.875305440772945,0
16,10,4,2546.25,358.974233058586,1372,2940,36.27403846153846,4.226867259976092,0.34047499999999997,0.07685333245044006,2444,38.9,-0.2848314510328727,0.6197884845881051,0
16,10,5,2559.653846153846,377.7859045726843,823,2940,36.25096153846154,4.3563366455521,0.34089134615384614,0.07920749953531102,2444,34.7,-0.3061278450984254,-0.3552088774559949,0
16,10,6,1938.2403846153845,251.66989841998262,1029,2205,40.66923076923077,4.624629650311387,0.2605576923076923,0.08408664474070222,1550,34.7,-1.5425959206623687,-1.287962840532407,0
16,11,0,2190.295238095238,342.5694742510556,907,2520,37.839999999999996,4.619328122973329,0.31199809523809524,0.08399159868810184,1771,37.2,-1.223935669268854,-0.1382490035268733,0
16,11,1,2152.9714285714285,312.86094407846804,1176,2520,37.51714285714286,4.982497387834761,0.31787333333333334,0.09059465647625847,2160,39.6,0.022464762425521694,0.4171974426932,0
16,11,2,2146.971153846154,315.04135825673416,1192,2520,38.348076923076924,5.315045155380537,0.30300961538461535,0.09582673534884525,1771,33.1,-1.1933646498986885,-0.9855459944361515,0
16,11,3,2191.7596153846152,311.8338334954563,1296,2520,38.98076923076923,4.418629513908129,0.2912625,0.08034232847724564,1512,28.0,-2.1798077831624645,-2.4794960148018896,0
16,11,4,2182.451923076923,307.62699263589934,1176,2520,37.982692307692304,4.925649970568516,0.3094028846153846,0.0895577575274514,2095,40.3,-0.2842698543098349,0.4695040584575273,0
16,11,5,2193.9903846153848,323.7428109991588,706,2520,38.3375,4.824818272144899,0.3029548076923077,0.08772370447134713,2095,39.9,-0.3057591509704049,0.32317657294424407,0
16,11,6,1661.2211538461538,215.7757266431153,882,1890,41.71153846153846,4.969466141011697,0.24161057692307694,0.0903589174609373,1328,38.2,-1.5442224053922862,-0.7052038033990938,0
16,12,0,2007.895238095238,314.0154921401639,832,2310,39.30095238095238,4.895710352285954,0.28543714285714283,0.08901547862066425,1624,34.1,-1.2224970510479707,-1.0601833388978723,0
16,12,1,1973.6857142857143,286.82939563057727,1078,2310,38.72857142857143,5.152999766486177,0.2958438095238095,0.09369360244538655,1980,44.1,0.02201331410702701,1.0403697103175058,0
16,12,2,1968.2115384615386,288.79870616245034,1093,2310,39.19519230769231,5.278576959744004,0.28736730769230767,0.09597678768955221,1624,33.5,-1.1918322790031302,-1.0768855877570491,0
16,12,3,2009.2596153846155,285.825291032871,1188,2310,40.05576923076923,4.649289055643621,0.27171730769230773,0.08453072910814681,1386,27.8,-2.1804851777835257,-2.6303946985054036,1
16,12,4,2000.7115384615386,282.00036745403736,1078,2310,39.642307692307696,4.888279867166576,0.27922884615384613,0.08887858378128216,1921,39.6,-0.2826546384842753,-0.008637255006861792,0
16,12,5,2011.3076923076924,296.75471473416036,647,2310,39.94423076923077,4.929302653039033,0.27374134615384615,0.08962642056999538,1921,42.2,-0.30430737828312693,0.4566979165330782,0
16,12,6,1522.875,197.71960569384157,808,1732,41.95288461538462,4.804002310589513,0.23722115384615383,0.08734613953609854,1218,33.3,-1.5418783592380145,-1.7974408936926762,0
16,13,0,2007.895238095238,314.0154921401639,832,2310,38.91619047619047,4.686542185415348,0.2924333333333333,0.08520961446595036,1624,34.8,-1.2224970510479707,-0.8764300018368624,0
16,13,1,1973.6857142857143,286.82939563057727,1078,2310,38.61523809523809,5.281403895388714,0.2979047619047619,0.09602574913187084,1980,42.7,0.02201331410702701,0.7719618433062062,0
16,13,2,1968.2115384615386,288.79870616245034,1093,2310,39.159615384615385,5.00103910039149,0.28800384615384617,0.090927445655385,1624,39.2,-1.1918322790031302,0.008059129967966603,0
16,13,3,2009.2596153846155,285.825291032871,1188,2310,40.36538461538461,4.603919166894114,0.26608365384615384,0.0837096659700124,1386,32.6,-2.1804851777835257,-1.683034386710317,0
16,13,4,2000.7115384615386,282.00036745403736,1078,2310,39.840384615384615,4.946991225051032,0.27563076923076923,0.08994332743933177,1921,41.9,-0.2826546384842753,0.41549708101292443,0
16,13,5,2011.3076923076924,296.75471473416036,647,2310,39.44326923076923,5.159716339442516,0.2828509615384615,0.09381557615430154,1921,39.9,-0.30430737828312693,0.08834735587833407,0
16,13,6,1522.875,197.71960569384157,808,1732,42.59903846153846,5.185743998120264,0.2254701923076923,0.09429124255870015,1218,37.0,-1.5418783592380145,-1.0776201567213675,0
16,14,0,2190.295238095238,342.5694742510556,907,2520,38.15904761904762,4.825626608138282,0.3062057142857143,0.08773477605015828,1771,36.5,-1.223935669268854,-0.3430884461292915,0
16,14,1,2152.9714285714285,312.86094407846804,1176,2520,37.91428571428571,4.8972603913473245,0.3106523809523809,0.08904625536898277,2160,44.8,0.022464762425521694,1.4031687207500645,0
16,14,2,2146.971153846154,315.04135825673416,1192,2520,37.96826923076923,5.115202250423084,0.3096653846153846,0.09300327248572772,1771,36.9,-1.1933646498986885,-0.20843455117913576,0
16,14,3,2191.7596153846152,311.8338334954563,1296,2520,39.25480769230769,4.5831875075812665,0.2863298076923077,0.08314719650921071,1512,32.1,-2.1798077831624645,-1.5576998937009112,0
16,14,4,2182.451923076923,307.62699263589934,1176,2520,38.41442307692308,4.805749353471768,0.3015576923076923,0.08737598333939235,2095,42.3,-0.2842698543098349,0.8068478315375218,0
16,14,5,2191.2884615384614,322.164303286651,706,2520,38.52307692307692,4.8623425328381344,0.29958076923076926,0.08840578120722,2095,43.5,-0.2988707061866131,1.0214641198520225,0
16,14,6,1661.2211538461538,215.7757266431153,882,1890,41.88942307692308,5.152224861470198,0.2385125,0.09330662958110969,1328,39.1,-1.5442224053922862,-0.5403528811274318,0
16,15,0,2920.504761904762,456.7053233551721,1210,3360,34.09619047619047,3.8563864066268176,0.3800685714285715,0.07011614583384777,2362,30.2,-1.2228728342237634,-1.0077085077457784,0
16,15,1,2870.714285714286,417.1406955573982,1568,3360,34.01904761904762,4.704316660057572,0.3814714285714286,0.08553109164135952,2880,42.4,0.02225985569389167,1.7777661080683602,0
16,15,2,2862.7596153846152,420.0211389777901,1590,3360,34.53653846153846,4.890967654815158,0.37206634615384615,0.08892604499122812,2362,32.6,-1.1921964085883971,-0.39513389965669926,0
16,15,3,2922.5096153846152,415.73124242239027,1728,3360,35.15480769230769,4.422205218189778,0.3608201923076923,0.08040312071879971,2016,25.9,-2.180465931411269,-2.0880819449257326,0
16,15,4,2910.076923076923,410.1795413734264,1568,3360,34.2,4.122681755164827,0.3781817307692308,0.07495256074360566,2794,37.2,-0.28298362432222357,0.7259208856938342,0
16,15,5,2925.451923076923,431.61318262275245,941,3360,34.65576923076923,3.742223702224475,0.3698894230769231,0.06804131799872584,2794,38.9,-0.3045525086909304,1.1311241295967005,0
16,15,6,2215.028846153846,287.6340196445966,1176,2520,38.66442307692308,4.336342655405977,0.2970096153846154,0.07884273090987123,1771,38.0,-1.5436748752936824,-0.15286946511147023,0
16,16,0,3650.638095238095,570.9643853201612,1512,4200,30.283809523809527,2.809945380304222,0.4493847619047619,0.05109026284797778,2952,29.0,-1.223589206801894,-0.45526042198414035,0
16,16,1,3588.3809523809523,521.5137799815291,1960,4200,30.21904761904762,3.697038712009281,0.45056285714285715,0.06721857895807422,3600,33.0,0.02227903705456963,0.750181640117013,0
16,16,2,3578.394230769231,525.098519064446,1987,4200,30.59423076923077,4.047265094152474,0.4437384615384615,0.07358829754433946,2952,30.7,-1.192885295186678,0.02606909539178736,0
16,16,3,3653.0673076923076,519.7301627071807,2160,4200,31.327884615384615,4.276248622077447,0.4304019230769231,0.07774543595478677,2520,25.9,-2.1800649420481144,-1.2663485238413084,0
16,16,4,3637.548076923077,512.786597673484,1960,4200,30.59423076923077,3.8898630250942667,0.4437432692307692,0.07072629420605171,3492,32.0,-0.2838319863731873,0.360466309130242,0
16,16,5,3656.730769230769,539.6371889919116,1176,4200,30.17596153846154,3.379851642412717,0.4513480769230769,0.06145048362717288,3492,33.7,-0.30525642047444834,1.03958486484979,0
16,16,6,2768.903846153846,359.53272044758637,1470,3150,35.558653846153845,3.62626906013466,0.35348173076923073,0.06593098887520749,2214,36.2,-1.5433599808753167,0.1763747795446157,0
16,17,0,4380.72380952381,685.1904352811214,1814,5040,25.76380952380952,2.3831186665280804,0.5315609523809524,0.04332953668208613,3542,29.6,-1.2240561539919361,1.603008881191838,0
16,17,1,4306.057142857143,625.8349473452895,2352,5040,26.301904761904762,3.562895887649134,0.5217828571428571,0.06478084126965623,4320,32.1,0.022278452837240132,1.622799941677065,0
16,17,2,4289.778846153846,638.5519564620945,2385,5040,26.96826923076923,4.069619013753292,0.5096682692307692,0.07398757211885869,3542,25.3,-1.1710356976116452,-0.40892770259799455,0
16,17,3,4379.278846153846,623.0204761666567,2592,5040,26.90576923076923,3.7219325526950446,0.5108048076923077,0.06766501351756009,3024,24.8,-2.175301045452096,-0.5642570440477367,0
16,17,4,4362.490384615385,613.0838963668159,2352,5040,26.5625,3.461751829371271,0.5170471153846153,0.06294093849928699,4190,31.0,-0.28134415566287624,1.2781731581325688,0
16,17,5,4388.0192307692305,647.6264652263201,1411,5040,26.347115384615385,3.655158789022017,0.5209576923076923,0.06645544195546847,4190,29.0,-0.3057567654101002,0.7238116458502717,0
16,17,6,3322.730769230769,431.4234113035147,1764,3780,32.61538461538461,3.520281576082607,0.40699423076923075,0.06400539696134412,2657,32.5,-1.543067253923052,-0.03268425277075215,0
16,18,0,4005.2761904761905,650.8617733323628,1663,4620,28.11904761904762,3.1067264257171208,0.4887438095238095,0.05648887385993254,3247,32.4,-1.1650162467392522,1.37354127254444,0
16,18,1,3947.1428571428573,573.5898331589366,2156,4620,28.071428571428573,3.32862625526699,0.48961142857142853,0.06051710551934521,3960,32.6,0.022414830189778186,1.3564176048238974,0
16,18,2,3936.2115384615386,577.5754760593484,2186,4620,28.85096153846154,4.217623570333254,0.47544423076923076,0.07668611578859855,3247,28.7,-1.1932632779545869,-0.03570836805833232,0
16,18,3,4016.548076923077,575.8921635809397,2376,4620,29.22596153846154,4.104792254769666,0.4686182692307692,0.0746334183775802,2586,23.9,-2.4840123329768007,-1.2943451840826103,0
16,18,4,4001.2115384615386,564.0149704182173,2156,4620,28.46826923076923,3.513144925364861,0.4823951923076923,0.06387809138653062,3841,29.7,-0.28405043546696834,0.3496111557497764,0
16,18,5,4022.3365384615386,593.5284423309995,1294,4620,28.44519230769231,3.6691280890059534,0.48280673076923075,0.06670933220172871,3841,30.5,-0.305517765200476,0.558503983171423,0
16,18,6,3045.721153846154,395.5174675295464,1617,3465,34.151923076923076,3.7535738509079017,0.37906057692307693,0.06824457788948812,2435,32.6,-1.544067615988091,-0.41235356031307796,0
16,19,0,3285.647619047619,513.8647678462687,1361,3780,32.27333333333333,3.294875586149669,0.41321047619047624,0.05990696300195176,2657,33.3,-1.2233479018290425,0.31065213800159336,0
16,19,1,3229.6285714285714,469.3857946037823,1764,3780,31.92095238095238,4.149413657329636,0.4196161904761905,0.07544126105761603,3240,37.3,0.022095273734148303,1.2932225698612034,0
16,19,2,3220.6346153846152,472.6145221606422,1788,3780,32.66538461538461,4.692170078418892,0.4060894230769231,0.08531051781667583,2657,29.8,-1.1925632060052933,-0.6093749412713921,0
16,19,3,3287.8653846153848,467.7368577635613,1944,3780,32.973076923076924,4.026085592471785,0.4004875,0.07320511771528501,2268,25.9,-2.1803789115584196,-1.7524595950764323,0
16,19,4,3273.875,461.50651758853746,1764,3780,32.59230769230769,3.718014197701399,0.4074125,0.0675978150498562,3143,37.5,-0.28357598268385464,1.3164360561497512,0
16,19,5,3291.144230769231,485.6831125246536,1058,3780,32.51346153846154,4.207691932231328,0.4088471153846154,0.07649914519064369,3143,37.5,-0.30501612427479335,1.1822908220089892,0
16,19,6,2491.9903846153848,323.49398623459405,1323,2835,36.997115384615384,4.016772039539347,0.3273298076923077,0.07303505725548637,1993,32.5,-1.5424551345513684,-1.1168040655040017,0
16,20,0,2372.942857142857,371.08320725047184,983,2730,37.07714285714285,4.176013399414317,0.3258704761904762,0.07592298846631153,1919,34.1,-1.2232583304508329,-0.711211974992578,0
16,20,1,2332.447619047619,338.9565430777788,1274,2730,37.04857142857143,4.696113660941728,0.3263952380952381,0.08538541059508262,2340,44.2,0.022280608828842852,1.5196038784149384,0
16,20,2,2325.980769230769,341.3003967059451,1292,2730,37.42884615384615,5.364747808057964,0.3194769230769231,0.09754094209415544,1919,35.7,-1.192406598681499,-0.3216608882102742,0
16,20,3,2374.576923076923,337.7732246744041,1404,2730,38.332692307692305,4.540164709977674,0.30304038461538463,0.08254452110769787,1638,30.1,-2.180620200387168,-1.8093174274855424,0
16,20,4,2364.451923076923,333.29799138942764,1274,2730,37.02211538461539,4.330226943777357,0.3268682692307693,0.07873239086762598,2270,37.6,-0.2833773132266964,0.1331461748130781,0
16,20,5,2376.8846153846152,350.77258164352054,764,2730,37.604807692307695,4.7418479828813345,0.31627211538461536,0.08621670085407648,2270,40.5,-0.3047033147536263,0.6092771313649588,0
16,20,6,1799.7788461538462,233.72047684305093,956,2048,41.34134615384615,4.612406456060371,0.24833942307692308,0.08386318309768344,1439,35.4,-1.5435678351698556,-1.2853361577618387,0
16,21,0,1642.7333333333333,256.94728831875034,680,1890,40.96666666666667,5.347513201096135,0.25515238095238096,0.09722614013734848,1328,39.3,-1.2248468817234444,-0.31108960521565776,0
16,21,1,1614.7047619047619,234.67677951278185,882,1890,40.36,5.477446766233615,0.2661847619047619,0.0995947893881004,1620,46.3,0.022563001231817245,1.0824706376289823,0
16,21,2,1610.201923076923,236.2983296148962,894,1890,40.86826923076923,5.609410685400977,0.25756442307692307,0.10027290907722562,1328,40.1,-1.194210646475383,-0.13671704628479336,0
16,21,3,1643.826923076923,233.87580482735825,972,1890,42.09615384615385,4.898977961113951,0.23461153846153845,0.08907203183863377,1134,28.7,-2.179811311991549,-2.7289089403681044,1
16,21,4,1636.826923076923,230.74545477468996,882,1890,41.40673076923077,5.418652869219649,0.2475048076923077,0.09756073376506653,1571,44.9,-0.2852670292938324,0.6434873098215571,0
16,21,5,1645.4326923076924,242.879080723053,529,1890,42.00480769230769,5.643010623301852,0.23627788461538463,0.1026060966003452,1571,45.4,-0.30644725603190875,0.6005989611442153,0
16,21,6,1246.076923076923,161.86250261733701,662,1418,44.18846153846154,5.457893681210687,0.19669711538461537,0.09898243391939761,996,41.6,-1.5449005793658444,-0.47339280706138503,0
16,22,0,1095.1904761904761,171.2339321624354,454,1260,44.59047619047619,6.06912938582063,0.18933333333333333,0.11022309515309488,886,42.4,-1.2215935101983417,-0.3603272856118845,0
16,22,1,1076.5047619047618,156.4001354889195,588,1260,43.74952380952381,6.508590828954807,0.20484952380952381,0.11779679465716303,1080,48.8,0.0223466214917113,0.7747803663396963,0
16,22,2,1073.5576923076924,157.4865583367634,596,1260,43.95961538461539,6.005151821088632,0.2007346153846154,0.10918735903329731,886,41.3,-1.1908685134988883,-0.4421526611000902,0
16,22,3,1095.9615384615386,155.88730825593237,648,1260,45.18942307692308,5.457637709913161,0.17851442307692308,0.09896602184222411,756,34.5,-2.180676127540528,-1.9550349975717118,0
16,22,4,1091.2884615384614,153.791857390279,588,1260,43.93942307692308,5.787254463649849,0.20153846153846156,0.10428313150292694,1048,41.6,-0.28145603878251646,-0.4035398293436677,0
16,22,5,1097.0576923076924,161.8160784385308,353,1260,44.622115384615384,5.919032273481729,0.18869038461538462,0.10762324118223295,1048,49.5,-0.30315072070616117,0.8227117665055577,0
16,22,6,830.6442307692307,107.86875504939975,441,945,46.277884615384615,5.763240672965021,0.15875865384615384,0.1045019223222428,664,42.2,-1.5447363171082307,-0.7063423900688158,0
16,23,0,730.1238095238095,114.26451222745739,302,840,46.839999999999996,6.442252353378854,0.14915714285714285,0.11598032729166323,590,41.3,-1.2262035233622393,-0.8586148985786126,0
16,23,1,717.6857142857143,104.35721882495297,392,840,45.43904761904762,6.721742780509086,0.17501523809523808,0.12031985000002828,720,52.3,0.022174450371886024,1.0191940786593037,0
16,23,2,715.6346153846154,105.07529040749573,397,840,45.760576923076925,6.589465235594825,0.1697682692307692,0.11693514198043745,590,42.7,-1.1955490144951233,-0.46376135244556155,0
16,23,3,730.5673076923077,103.9911090694615,432,840,46.559615384615384,5.535034387957993,0.15430096153846154,0.09920757438119554,504,34.4,-2.1785085728363267,-2.192883674630063,0
16,23,4,727.4903846153846,102.58645373133348,392,840,46.46346153846154,6.699703771053283,0.15657115384615386,0.11986021443532026,698,49.1,-0.28744058437546294,0.3929440928395238,0
16,23,5,731.3076923076923,108.00045639269595,235,840,46.579807692307696,5.921417106164956,0.1539980769230769,0.10616098508184363,698,51.3,-0.30837470204361295,0.7957950390617884,0
16,23,6,553.8461538461538,71.88607076151467,294,630,47.896153846153844,6.160442599736262,0.13148365384615385,0.1088181739091755,443,42.7,-1.5417553792868575,-0.842103911051038,0
17,0,0,547.6571428571428,85.6218012958315,227,630,46.92761904761905,6.108986055206757,0.14815619047619047,0.10899105637603193,443,41.9,-1.222176122344836,-0.8216425078042063,0
17,0,1,538.2952380952381,78.2271008284808,294,630,45.68857142857143,6.636456919136931,0.1704752380952381,0.11878821634527072,540,55.0,0.0217896865644246,1.400961246678433,0
17,0,2,536.7884615384615,78.75014847597934,298,630,46.99807692307692,7.0665213805103475,0.14842596153846155,0.12459380370386228,443,42.4,-1.1908111316862944,-0.6497651424809683,0
17,0,3,548.0,77.9273996207398,324,630,47.823076923076925,5.875194370165919,0.1330894230769231,0.10305695467293824,378,34.4,-2.1812377732289843,-2.2808213423031765,0
17,0,4,545.6923076923077,76.91011989456051,294,630,47.763461538461534,6.708320549917698,0.13515865384615383,0.1173245077490574,524,55.8,-0.28201084088328016,1.1962124167530104,0
17,0,5,548.5673076923077,80.96730305224996,176,630,47.48461538461538,6.313689383953138,0.13905576923076923,0.1114264055324768,524,49.3,-0.3033851062742343,0.2870768162635088,0
17,0,6,415.2692307692308,53.86502923195922,220,472,48.00769230769231,6.264132639851185,0.1300528846153846,0.11005326067760539,332,39.1,-1.545599732497864,-1.41974880338258,0
17,1,0,438.0095238095238,68.60022079439902,181,504,47.542857142857144,6.614187215937611,0.13665809523809525,0.11892995981875569,354,45.1,-1.2244461952873045,-0.36877839699030496,0
17,1,1,430.54285714285714,62.64997829384924,235,504,46.806666666666665,6.667721711387844,0.15078761904761903,0.11863742655609773,432,54.4,0.02325476160092909,1.137114372463898,0
17,1,2,429.36538461538464,63.07647657358496,238,504,47.21634615384615,6.758958249381206,0.14304038461538462,0.12087261811328226,354,45.1,-1.1946361361214617,-0.31265463249675396,0
17,1,3,438.3557692307692,62.44872355131806,259,504,49.097115384615385,6.026937213936436,0.11147019230769231,0.10458827077846099,302,32.4,-2.1831341000546547,-2.765825582228955,1
17,1,4,436.49038461538464,61.56817914593366,235,504,47.56923076923077,6.765806045208074,0.136975,0.12060436140658956,419,52.1,-0.2840354303743589,0.6686686721166468,0
17,1,5,438.8076923076923,64.81580727178176,141,504,48.11346153846154,6.274250934942183,0.1278451923076923,0.1106245446525061,419,46.5,-0.30555257452712775,-0.256746835090599,0
17,1,6,332.2692307692308,43.13722307864194,176,378,48.60288461538461,5.897201191198223,0.11902115384615385,0.10365656857317077,266,41.4,-1.5358863454189322,-1.2193396470255604,0
17,2,0,364.9809523809524,57.098258924079055,151,420,48.00761904761905,7.009892669513223,0.13186571428571428,0.12173567900971369,295,41.0,-1.2254086133843891,-0.998251594080993,0
17,2,1,358.76190476190476,52.12070380921354,196,420,47.19428571428571,7.167284495048804,0.14512571428571427,0.12618442015601566,360,51.5,0.02374982779105355,0.5999085432219599,0
17,2,2,357.77884615384613,52.47763402100097,199,420,47.46634615384615,6.911052223103983,0.14007115384615385,0.12174136892360615,295,38.5,-1.1960692708825,-1.2955177716929418,0
17,2,3,365.21153846153845,51.990042563605364,216,420,49.03076923076923,5.897474808023945,0.11292019230769232,0.1017011416340613,252,32.9,-2.177143188355288,-2.7305692795946066,1
17,2,4,363.65384615384613,51.27060688829954,196,420,48.42980769230769,6.324108284471943,0.12315769230769232,0.11038650428654508,349,50.9,-0.28575804856922693,0.3899826458205618,0
17,2,5,365.59615384615387,53.94594907828281,118,420,48.36346153846154,6.714916849058409,0.12325384615384616,0.1190081827349658,349,52.6,-0.30758709891424735,0.6299763337790025,0
17,2,6,276.91346153846155,36.0447700519173,147,315,48.79615384615385,5.927522167319389,0.1164971153846154,0.10301965356534849,221,44.3,-1.5507923489166233,-0.7572441364347325,0
17,3,0,292.0952380952381,45.638319722643466,121,336,48.220000000000006,6.604957345695848,0.12545238095238095,0.11746488599318497,236,42.5,-1.228856580835165,-0.8647070118633247,0
17,3,1,287.1047619047619,41.71190657573866,157,336,46.97428571428571,7.020163659217483,0.14843714285714285,0.12431191790840465,288,51.0,0.021457267146048092,0.5726345048078699,0
17,3,2,286.25961538461536,42.004621842855755,159,336,47.900000000000006,6.692772510962488,0.1327625,0.11702372109339068,236,40.8,-1.1962410508560033,-1.0592631613840167,0
17,3,3,292.21153846153845,41.521236367126846,173,336,49.412499999999994,6.0117794968250955,0.10501730769230769,0.10543134189070764,202,34.9,-2.172137079283858,-2.4100018952290636,0
17,3,4,290.9807692307692,41.00698040725488,157,336,48.66730769230769,6.488981584308407,0.1186201923076923,0.11391961940508558,279,51.8,-0.2920929115652338,0.4820281865786633,0
17,3,5,292.52884615384613,43.17068331269312,94,336,48.75576923076923,6.497211155611112,0.11688846153846154,0.11426190176812397,279,50.6,-0.3133078292410736,0.283413389411915,0
17,3,6,221.44230769230768,28.690794478834775,118,252,49.30576923076923,6.1035057079363035,0.10837403846153845,0.10529949796134415,177,46.8,-1.548469598117968,-0.4098743585887791,0
17,4,0,364.9809523809524,57.098258924079055,151,420,48.00476190476191,6.9694026472914645,0.12978095238095239,0.12363733651229097,295,43.4,-1.2254086133843891,-0.6597644723290041,0
17,4,1,358.76190476190476,52.12070380921354,196,420,47.385714285714286,6.823635797322825,0.14131809523809524,0.1202676940292206,360,57.5,0.02374982779105355,1.4800738602791987,0
17,4,2,357.77884615384613,52.47763402100097,199,420,47.23173076923077,6.800717615233768,0.14286730769230768,0.12153059021386202,295,47.3,-1.1960692708825,0.010023794059017339,0
17,4,3,365.21153846153845,51.990042563605364,216,420,49.38461538461539,6.012152244239693,0.10700576923076924,0.10353455014239905,252,34.5,-2.177143188355288,-2.47164382116922,0
17,4,4,363.65384615384613,51.27060688829954,196,420,48.159615384615385,6.175924430324694,0.1264182692307692,0.10959466782828824,349,50.2,-0.28575804856922693,0.32984312019432793,0
17,4,5,365.59615384615387,53.94594907828281,118,420,48.573076923076925,6.562074482096991,0.12061346153846153,0.11485280242464535,349,53.2,-0.30758709891424735,0.7040277905442632,0
17,4,6,276.91346153846155,36.0447700519173,147,315,48.573076923076925,6.300304057529792,0.12145288461538462,0.10874825650358302,221,39.9,-1.5507923489166233,-1.3744309060238942,0
17,5,0,730.1238095238095,114.26451222745739,302,840,45.808571428571426,5.924786823261991,0.16784571428571426,0.10648789569040903,590,41.6,-1.2262035233622393,-0.7091360741173562,0
17,5,1,717.6857142857143,104.35721882495297,392,840,45.166666666666664,6.577520965476435,0.17878761904761906,0.11959024729920183,720,53.9,0.022174450371886024,1.3257389811892168,0
17,5,2,715.6346153846154,105.07529040749573,397,840,45.541346153846156,6.122608280043632,0.17227307692307692,0.11082072571813026,590,41.5,-1.1955490144951233,-0.6589930367796788,0
17,5,3,730.5673076923077,103.9911090694615,432,840,47.05096153846154,5.944288197359176,0.14640576923076923,0.10516346575450823,504,34.7,-2.1785085728363267,-2.074296898148026,0
17,5,4,727.4903846153846,102.58645373133348,392,840,46.12403846153846,6.070212088108854,0.1617480769230769,0.10979491117778507,698,45.7,-0.28744058437546294,-0.0697407352562184,0
17,5,5,731.3076923076923,108.00045639269595,235,840,46.37115384615385,6.284372250117217,0.1579,0.112661347512361,698,51.7,-0.30837470204361295,0.8466048625813184,0
17,5,6,553.8461538461538,71.88607076151467,294,630,47.736538461538466,5.699788067807769,0.13243942307692308,0.10310146987762135,443,43.6,-1.5417553792868575,-0.7244644481396063,0
17,6,0,1460.3238095238096,228.39845813327122,605,1680,42.502857142857145,5.461569532491714,0.22721809523809525,0.09929723036356783,1181,39.1,-1.2229135987636255,-0.6219160923844657,0
17,6,1,1435.4380952380952,208.62899181826631,784,1680,41.879999999999995,5.605635900248414,0.2388057142857143,0.10127204207230397,1440,46.8,0.02186506329496832,0.8761251775212777,0
17,6,2,1431.4423076923076,210.05319838994635,795,1680,42.17884615384616,6.0529487811293565,0.23310673076923075,0.11005613507150916,1181,38.5,-1.192223624184777,-0.6067750671581451,0
17,6,3,1461.3365384615386,207.85901731501468,864,1680,43.160576923076924,5.104222852312017,0.21531442307692308,0.09268322752117342,1008,34.9,-2.180875939652568,-1.6152164584189987,0
17,6,4,1455.1057692307693,205.09779425705997,784,1680,42.30865384615385,5.543212600763804,0.2307701923076923,0.10074444346604455,1397,42.9,-0.28329381358343597,0.10648721674455808,0
17,6,5,1462.7788461538462,215.86709128898818,470,1680,42.013461538461534,5.230215754006505,0.23611634615384616,0.09509477042023433,1397,45.5,-0.30470507899233285,0.6653425403091023,0
17,6,6,1107.576923076923,143.71254293298782,588,1260,44.76538461538462,5.817278735755212,0.18651826923076922,0.10489400268326643,886,42.2,-1.541699155575307,-0.4402371555772411,0
17,7,0,3285.647619047619,513.8647678462687,1361,3780,32.41809523809524,3.1803416892015326,0.41058190476190476,0.05782393831702266,2657,30.3,-1.2233479018290425,-0.6639085854861362,0
17,7,1,3229.6285714285714,469.3857946037823,1764,3780,32.2552380952381,4.182885941372868,0.41354380952380954,0.07605497622394544,3240,39.0,0.022095273734148303,1.608620410636183,0
17,7,2,3220.6346153846152,472.6145221606422,1788,3780,32.416346153846156,4.415838892184885,0.41061346153846157,0.08028951987335363,2657,28.0,-1.1925632060052933,-0.9978551550180711,0
17,7,3,3287.8653846153848,467.7368577635613,1944,3780,33.521153846153844,4.106014368644982,0.3905221153846154,0.07465683687760338,2268,29.1,-2.1803789115584196,-1.0741346968643635,0
17,7,4,3273.875,461.50651758853746,1764,3780,32.25961538461539,4.129776298762352,0.41346346153846153,0.07508471210429535,3143,36.6,-0.28357598268385464,1.0484587335509499,0
17,7,5,3291.144230769231,485.6831125246536,1058,3780,32.54326923076923,3.7280038236749884,0.4083019230769231,0.06778028321261556,3143,36.6,-0.30501612427479335,1.0852666183852178,0
17,7,6,2491.9903846153848,323.49398623459405,1323,2835,36.97115384615385,3.9841840981006236,0.32779615384615385,0.07244480446382157,1993,33.8,-1.5424551345513684,-0.7939428349489064,0
17,8,0,4380.72380952381,685.1904352811214,1814,5040,26.435238095238095,2.380286866696023,0.5193590476190476,0.04327864257264086,3542,30.1,-1.2240561539919361,1.533189156424362,0
17,8,1,4300.657142857143,623.1972898592485,2352,5040,26.208571428571428,3.5353194362721356,0.5234819047619048,0.06427856261399761,4320,29.2,0.031037597694380775,0.843768417825285,0
17,8,2,4294.086538461538,630.1668620228969,2385,5040,26.91826923076923,4.296369305397808,0.510573076923077,0.07811658107587859,3542,27.1,-1.1934531141738614,0.042200460839013854,0
17,8,3,4383.692307692308,623.6854303707589,2592,5040,27.04423076923077,3.975796358478714,0.5082865384615385,0.07228760123808087,3024,22.6,-2.1800581525569807,-1.1150170178104701,0
17,8,4,4365.009615384615,615.3419839310496,2352,5040,26.575961538461538,3.353783407457526,0.5168009615384616,0.06098068689202959,4190,30.4,-0.2844057059288284,1.1368266021708018,0
17,8,5,4388.0192307692305,647.6264652263201,1411,5040,26.842307692307692,3.7004773323087035,0.5119596153846154,0.06727928823266006,4190,26.7,-0.3057567654101002,-0.03835293401971739,0
17,8,6,3322.730769230769,431.4234113035147,1764,3780,32.61634615384615,3.6064427401856096,0.40697692307692307,0.06556753611645302,2657,28.8,-1.543067253923052,-1.055276255708194,0
17,9,0,3278.5619047619048,530.0932052263132,1361,3780,32.50190476190476,3.7089543662388844,0.4090542857142857,0.0674336155451753,2657,30.4,-1.1725299878097242,-0.565187027027303,0
17,9,1,3229.6285714285714,469.3857946037823,1764,3780,32.03714285714286,4.156534640753066,0.417507619047619,0.07557611254586852,3240,36.4,0.022095273734148303,1.0471188935245688,0
17,9,2,3220.6346153846152,472.6145221606422,1788,3780,32.92403846153846,4.44713271195381,0.4013769230769231,0.0808632397320018,2657,34.0,-1.1925632060052933,0.24140217668993022,0
17,9,3,3287.8653846153848,467.7368577635613,1944,3780,33.29711538461539,3.969604336517544,0.3945951923076923,0.072175333144543,2268,27.5,-2.1803789115584196,-1.4567064698920056,0
17,9,4,3268.644230769231,481.4382360303592,1220,3780,32.60288461538461,3.848400417441628,0.4072173076923077,0.0699651611532867,3143,39.8,-0.2609714219854532,1.8653106484441926,0
17,9,5,3291.144230769231,485.6831125246536,1058,3780,32.457692307692305,4.021777907278599,0.40985480769230764,0.07312500652036508,3143,32.5,-0.30501612427479335,0.010493557254559192,0
17,9,6,2487.9134615384614,325.2067336677591,1323,2835,37.24134615384615,4.382303569818427,0.3228875,0.07967972989911624,1993,36.4,-1.5217958066206525,-0.19155009221754077,0
17,10,0,2555.4190476190474,399.6942047691051,1058,2940,36.16952380952381,4.430773586943321,0.34237428571428574,0.08055672276363768,2066,35.4,-1.2244530875069664,-0.17328598147546873,0
17,10,1,2511.8571428571427,365.08593373477026,1372,2940,35.89523809523809,4.483653664496198,0.3473638095238095,0.08152337928449344,2520,43.8,0.022303335618010046,1.7590946020643408,0
17,10,2,2504.875,367.60921862945605,1391,2940,36.5375,4.861263320162895,0.33567980769230765,0.08838094441611827,2066,35.0,-1.1938304031987148,-0.31562654263341844,0
17,10,3,2557.144230769231,363.83684645755625,1512,2940,36.96346153846154,4.643192275079799,0.3279346153846153,0.0844150998424099,1764,29.5,-2.1798848567504443,-1.6039443670600404,0
17,10,4,2546.25,358.974233058586,1372,2940,36.481730769230765,4.533344945272803,0.3366961538461538,0.08242776528523534,2444,35.0,-0.2848314510328727,-0.32613213107942773,0
17,10,5,2559.653846153846,377.7859045726843,823,2940,36.63942307692308,4.080843675126689,0.3338278846153846,0.07420335670937003,2444,39.6,-0.3061278450984254,0.7237081536696058,0
17,10,6,1938.2403846153845,251.66989841998262,1029,2205,40.583653846153844,4.928658230866095,0.26210961538461536,0.08961121800357162,1550,36.2,-1.5425959206623687,-0.8876204104905389,0
17,11,0,2190.295238095238,342.5694742510556,907,2520,37.87428571428572,4.640002249904722,0.3113742857142857,0.08436708826561212,1771,35.7,-1.223935669268854,-0.4675880994101169,0
17,11,1,2152.9714285714285,312.86094407846804,1176,2520,37.8552380952381,4.908449954148554,0.31172666666666665,0.08924577803703601,2160,44.7,0.022464762425521694,1.3916502086167548,0
17,11,2,2146.971153846154,315.04135825673416,1192,2520,38.332692307692305,4.821924892757722,0.30304134615384615,0.08767097205951122,1771,41.3,-1.1933646498986885,0.6141046804670348,0
17,11,3,2191.7596153846152,311.8338334954563,1296,2520,39.03365384615385,4.75569378881723,0.2903019230769231,0.08646724502541578,1512,30.2,-2.1798077831624645,-1.853592412269992,0
17,11,4,2182.451923076923,307.62699263589934,1176,2520,38.371153846153845,4.505566634125855,0.3023480769230769,0.08191941455908215,2095,41.5,-0.2842698543098349,0.6929022218829137,0
17,11,5,2193.9903846153848,323.7428109991588,706,2520,38.50769230769231,4.9719346766302275,0.29985673076923075,0.09039705056235747,2095,41.0,-0.3057591509704049,0.5002690428677968,0
17,11,6,1661.2211538461538,215.7757266431153,882,1890,41.74230769230769,4.8433457966934395,0.24104903846153844,0.08805953854730081,1328,36.9,-1.5442224053922862,-0.9977256711456111,0
17,12,0,2007.895238095238,314.0154921401639,832,2310,39.338095238095235,4.837183322021453,0.28476285714285715,0.08794754583660262,1624,35.7,-1.2224970510479707,-0.7505586226885295,0
17,12,1,1973.6857142857143,286.82939563057727,1078,2310,38.44857142857143,5.15024484641478,0.3009352380952381,0.09364095913170813,1980,42.1,0.02201331410702701,0.7076076194263348,0
17,12,2,1968.2115384615386,288.79870616245034,1093,2310,39.190384615384616,5.62440105515917,0.28744519230769233,0.10226831725674265,1624,36.3,-1.1918322790031302,-0.5129887963403,0
17,12,3,2009.2596153846155,285.825291032871,1188,2310,40.45576923076923,4.758861471963154,0.2644365384615385,0.08652192724793835,1386,33.1,-2.1804851777835257,-1.5424581472988652,0
17,12,4,2000.7115384615386,282.00036745403736,1078,2310,39.56153846153846,4.895555894182951,0.28069903846153843,0.08901048208720456,1921,40.6,-0.2826546384842753,0.21169089922978077,0
17,12,5,2011.3076923076924,296.75471473416036,647,2310,39.31730769230769,5.495778473575864,0.28587403846153847,0.09763022669294083,1921,38.7,-0.30430737828312693,-0.11211996546362404,0
17,12,6,1522.875,197.71960569384157,808,1732,42.7201923076923,4.890914497601945,0.2232701923076923,0.08892438249380429,1218,40.9,-1.5418783592380145,-0.3713985029901943,0
17,13,0,2007.895238095238,314.0154921401639,832,2310,39.30761904761905,4.869917374873546,0.2853171428571429,0.08854266079252292,1624,33.4,-1.2224970510479707,-1.2105981707881142,0
17,13,1,1973.6857142857143,286.82939563057727,1078,2310,38.71333333333333,5.431586159229014,0.2961209523809524,0.09875766834416734,1980,40.4,0.02201331410702701,0.309958643915994,0
17,13,2,1968.2115384615386,288.79870616245034,1093,2310,38.964423076923076,5.560626462388887,0.2915586538461538,0.10110300967409708,1624,36.7,-1.1918322790031302,-0.40649343340677097,0
17,13,3,2009.2596153846155,285.825291032871,1188,2310,40.276923076923076,4.675410386831035,0.26769134615384615,0.08500597021931788,1386,32.3,-2.1804851777835257,-1.702502538378127,0
17,13,4,2000.7115384615386,282.00036745403736,1078,2310,39.61634615384616,4.850885427673204,0.2799451923076923,0.08737304340885557,1921,40.5,-0.2826546384842753,0.1817886595563776,0
17,13,5,2011.3076923076924,296.75471473416036,647,2310,39.6875,5.3497243827017655,0.2784096153846154,0.0972699781253745,1921,39.9,-0.30430737828312693,0.03964756111075998,0
17,13,6,1522.875,197.71960569384157,808,1732,42.5951923076923,4.983611584852707,0.2256971153846154,0.09020007476018986,1218,40.0,-1.5418783592380145,-0.5197024765731453,0
17,14,0,2190.295238095238,342.5694742510556,907,2520,38.09047619047619,4.507099609110817,0.30744190476190475,0.08194503408823264,1771,36.4,-1.223935669268854,-0.37423929883382784,0
17,14,1,2152.9714285714285,312.86094407846804,1176,2520,37.81428571428572,4.920159248740535,0.31246761904761905,0.08945556212577334,2160,42.0,0.022464762425521694,0.8490018424422237,0
17,14,2,2144.778846153846,313.2082949939618,1192,2520,37.87692307692308,5.136509917244171,0.31132788461538463,0.09339529879099055,1771,34.6,-1.193349341745992,-0.6367272442132567,0
17,14,3,2191.7596153846152,311.8338334954563,1296,2520,39.12692307692308,4.9721795101749935,0.28884134615384616,0.08958079675736781,1512,24.4,-2.1798077831624645,-2.955919803139693,1
17,14,4,2182.451923076923,307.62699263589934,1176,2520,38.853846153846156,4.998755633056508,0.2935653846153846,0.09088599470138588,2095,40.9,-0.2842698543098349,0.4085154070303909,0
17,14,5,2193.9903846153848,323.7428109991588,706,2520,38.815384615384616,5.0351149316482005,0.2942673076923077,0.09154471393254658,2095,39.1,-0.3057591509704049,0.05641405368785201,0
17,14,6,1661.2211538461538,215.7757266431153,882,1890,41.63461538461539,5.166391939823915,0.2430076923076923,0.09393432811547837,1328,39.8,-1.5442224053922862,-0.3544197205201965,0
17,15,0,2920.504761904762,456.7053233551721,1210,3360,34.08571428571429,3.97514945465113,0.38026095238095237,0.07227708634569266,2362,29.3,-1.2228728342237634,-1.2008870282465334,0
17,15,1,2870.714285714286,417.1406955573982,1568,3360,33.72761904761905,4.540406099214864,0.3867733333333333,0.08254974754966135,2880,42.6,0.02225985569389167,1.9497998110348458,0
17,15,2,2862.7596153846152,420.0211389777901,1590,3360,34.61730769230769,4.778805194697971,0.37059711538461537,0.08688796318787785,2362,29.3,-1.1921964085883971,-1.1103620790828705,0
17,15,3,2922.5096153846152,415.73124242239027,1728,3360,35.22692307692308,4.500274657620953,0.35950769230769225,0.08182759248389401,2016,32.4,-2.180465931411269,-0.6267740418305712,0
17,15,4,2910.076923076923,410.1795413734264,1568,3360,34.29903846153846,3.9482943396713868,0.3763778846153846,0.07178730849879468,2794,36.7,-0.28298362432222357,0.6065646797405343,0
17,15,5,2925.451923076923,431.61318262275245,941,3360,34.284615384615385,4.059240189813353,0.37664903846153847,0.0737997026794236,2794,37.4,-0.3045525086909304,0.7655936907296467,0
17,15,6,2215.028846153846,287.6340196445966,1176,2520,39.00673076923077,4.677424908159535,0.29078750000000003,0.08504761280703156,1771,34.4,-1.5436748752936824,-0.9827849745841696,0
17,16,0,3650.638095238095,570.9643853201612,1512,4200,30.221904761904764,3.2603970072199253,0.4505095238095238,0.059283261556130645,2952,30.6,-1.223589206801894,0.11561141881567652,0
17,16,1,3588.3809523809523,521.5137799815291,1960,4200,30.23047619047619,3.8698569793072526,0.45035619047619047,0.07035738155441927,3600,33.0,0.02227903705456963,0.7138211084312466,0
17,16,2,3578.394230769231,525.098519064446,1987,4200,30.674999999999997,4.661966542011531,0.44227307692307694,0.08476410010239466,2952,31.5,-1.192885295186678,0.17658516870388294,0
17,16,3,3653.0673076923076,519.7301627071807,2160,4200,30.97307692307692,3.951040928819878,0.4368576923076923,0.0718371346925561,2520,26.4,-2.1800649420481144,-1.1545139283474635,0
17,16,4,3637.548076923077,512.786597673484,1960,4200,30.506730769230767,3.722517793500464,0.4453326923076923,0.06767761305768664,3492,31.9,-0.2838319863731873,0.3732786574240502,0
17,16,5,3656.730769230769,539.6371889919116,1176,4200,30.603846153846156,3.5644665739327803,0.4435673076923077,0.0648072009098409,3492,32.4,-0.30525642047444834,0.502495633684899,0
17,16,6,2768.903846153846,359.53272044758637,1470,3150,35.80576923076923,4.177071648640831,0.3489846153846154,0.07594413860331914,2214,33.9,-1.5433599808753167,-0.4551556292063606,0
17,17,0,4380.72380952381,685.1904352811214,1814,5040,26.266666666666666,2.4963691582694607,0.5224219047619048,0.04538986667018307,3542,26.4,-1.2240561539919361,0.053197803241958885,0
17,17,1,4306.057142857143,625.8349473452895,2352,5040,26.268571428571427,3.36952730894324,0.522387619047619,0.061259913946858896,4320,33.0,0.022278452837240132,1.9918254702707092,0
17,17,2,4294.086538461538,630.1668620228969,2385,5040,26.92980769230769,4.1282093677547325,0.5103644230769231,0.0750539144962961,3542,27.8,-1.1934531141738614,0.21028232995481577,0
17,17,3,4379.576923076923,634.4510461396702,2494,5040,27.217307692307692,3.922017568461275,0.5051384615384615,0.07130722033144024,2840,23.2,-2.426590146777901,-1.02169118585088,0
17,17,4,4365.009615384615,615.3419839310496,2352,5040,26.460576923076925,3.4025238567814835,0.5188990384615384,0.06186169273623768,4190,28.6,-0.2844057059288284,0.6269327825127265,0
17,17,5,4388.0192307692305,647.6264652263201,1411,5040,26.805769230769233,3.6114926296740095,0.5126201923076923,0.0656619133887033,4190,30.1,-0.3057567654101002,0.9096334318723439,0
17,17,6,3322.730769230769,431.4234113035147,1764,3780,32.378846153846155,3.5868333405658506,0.41130192307692304,0.06521304738826371,2657,30.9,-1.543067253923052,-0.4111522591740393,0
17,18,0,4013.2380952380954,627.2184860987674,1663,4620,28.29809523809524,2.529327249882138,0.4854904761904762,0.045988530183350154,3247,30.2,-1.2216251529070998,0.7489797787949687,0
17,18,1,3947.1428571428573,573.5898331589366,2156,4620,28.198095238095238,3.928984527065411,0.48730761904761905,0.07143113775792698,3960,33.1,0.022414830189778186,1.2444590041476347,0
17,18,2,3936.2115384615386,577.5754760593484,2186,4620,28.489423076923078,4.175888214784359,0.4820105769230769,0.07592399229156202,3247,25.7,-1.1932632779545869,-0.6663873791638699,0
17,18,3,4018.3365384615386,571.6798039668969,2376,4620,29.0875,4.01530294834528,0.4711365384615384,0.07300438084699352,2772,25.7,-2.180092297979319,-0.8415515660485956,0
17,18,4,4001.2115384615386,564.0149704182173,2156,4620,28.767307692307693,3.6032736546951125,0.47696153846153844,0.06551446191445254,3841,31.8,-0.28405043546696834,0.8393198516120159,0
17,18,5,4022.3365384615386,593.5284423309995,1294,4620,28.46923076923077,3.7771946471606683,0.4823759615384615,0.06867294021310774,3841,26.1,-0.305517765200476,-0.6255899128414287,0
17,18,6,3045.721153846154,395.5174675295464,1617,3465,34.35865384615385,4.355235897592045,0.3757365384615384,0.07693405959499017,2435,32.9,-1.544067615988091,-0.33415235290227385,0
17,19,0,3285.647619047619,513.8647678462687,1361,3780,32.11142857142857,3.598993296361184,0.4161580952380952,0.0654379370986098,2657,31.2,-1.2233479018290425,-0.25254371415639076,0
17,19,1,3229.6285714285714,469.3857946037823,1764,3780,31.878095238095238,3.9030062612629632,0.4203990476190476,0.07096431862784999,3240,33.4,0.022095273734148303,0.38893491609531705,0
17,19,2,3220.6346153846152,472.6145221606422,1788,3780,32.86057692307692,4.435523376682096,0.40252980769230773,0.08064354129972665,2657,30.7,-1.1925632060052933,-0.48601182358183015,0
17,19,3,3287.8653846153848,467.7368577635613,1944,3780,32.68846153846154,4.3037420541209555,0.40566634615384617,0.07824990413540071,2268,25.5,-2.1803789115584196,-1.6664096852045984,0
17,19,4,3273.875,461.50651758853746,1764,3780,32.69615384615385,3.83438513132482,0.4055298076923077,0.06971865078961169,3143,32.3,-0.28357598268385464,-0.10304738797523434,0
17,19,5,3291.144230769231,485.6831125246536,1058,3780,32.27980769230769,3.945634919010502,0.41309711538461535,0.07174320908525515,3143,35.0,-0.30501612427479335,0.6876752691759435,0
17,19,6,2491.9903846153848,323.49398623459405,1323,2835,37.482692307692304,4.377179175619182,0.31849807692307697,0.07958487071517616,1993,32.7,-1.5424551345513684,-1.090152035337672,0
17,20,0,2372.942857142857,371.08320725047184,983,2730,37.019999999999996,4.2690838505558695,0.3269104761904762,0.07762168972727415,1919,38.6,-1.2232583304508329,0.369237915212799,0
17,20,1,2332.447619047619,338.9565430777788,1274,2730,36.846666666666664,5.0995864588495845,0.3300628571428571,0.09271994356159809,2340,41.6,0.022280608828842852,0.9302775032019995,0
17,20,2,2325.980769230769,341.3003967059451,1292,2730,37.28173076923077,4.947898728725526,0.3221538461538461,0.08996338405429385,1919,36.4,-1.192406598681499,-0.17784364253390628,0
17,20,3,2374.576923076923,337.7732246744041,1404,2730,37.74519230769231,4.350691939336571,0.31372692307692307,0.07910519140325419,1638,29.7,-2.180620200387168,-1.8449347992502978,0
17,20,4,2364.451923076923,333.29799138942764,1274,2730,37.676923076923075,4.518295725809684,0.3149653846153846,0.08215595608499107,2270,40.1,-0.2833773132266964,0.5350968818724108,0
17,20,5,2376.8846153846152,350.77258164352054,764,2730,37.910576923076924,4.574049177426991,0.31071730769230765,0.08316943338145201,2270,41.9,-0.3047033147536263,0.8702836558926975,0
17,20,6,1799.7788461538462,233.72047684305093,956,2048,41.0125,4.758287354047599,0.25431730769230765,0.08650853646896066,1439,37.8,-1.5435678351698556,-0.6737219805499032,0
17,21,0,1642.7333333333333,256.94728831875034,680,1890,41.597142857142856,5.398993088866327,0.24368666666666666,0.09815973154728927,1328,37.5,-1.2248468817234444,-0.7574686803679349,0
17,21,1,1614.7047619047619,234.67677951278185,882,1890,40.740952380952386,5.565617237835822,0.2592542857142857,0.10119275687496632,1620,46.4,0.022563001231817245,1.014963434119121,0
17,21,2,1610.201923076923,236.2983296148962,894,1890,40.916346153846156,5.601475370437339,0.25606826923076925,0.10184169922889995,1328,44.3,-1.194210646475383,0.602988273632952,0
17,21,3,1643.826923076923,233.87580482735825,972,1890,42.29711538461538,5.082225961566567,0.23136538461538464,0.09128959656295638,1134,32.5,-2.179811311991549,-1.923935712703803,0
17,21,4,1636.826923076923,230.74545477468996,882,1890,41.098076923076924,5.4118170013555815,0.2530567307692308,0.09757526222827743,1571,44.4,-0.2852670292938324,0.6090067363205944,0
17,21,5,1645.4326923076924,242.879080723053,529,1890,41.91826923076923,5.2554689854387036,0.2380615384615385,0.09500046224485631,1571,42.5,-0.30644725603190875,0.11048033344028868,0
17,21,6,1246.076923076923,161.86250261733701,662,1418,44.05288461538461,5.116657675960441,0.19904423076923078,0.09303345554093954,996,39.8,-1.5449005793658444,-0.8295628232263177,0
17,22,0,1095.1904761904761,171.2339321624354,454,1260,44.68380952380952,6.062243234999156,0.1875647619047619,0.11022257811857888,886,42.1,-1.2215935101983417,-0.42551153236368666,0
17,22,1,1076.5047619047618,156.4001354889195,588,1260,43.3152380952381,6.227540892500473,0.2131647619047619,0.11175365247941942,1080,50.1,0.0223466214917113,1.0877302484572668,0
17,22,2,1073.5576923076924,157.4865583367634,596,1260,43.85288461538461,6.147490714400837,0.20311538461538461,0.11087833686639789,886,36.0,-1.1908685134988883,-1.2753384421707157,0
17,22,3,1095.9615384615386,155.88730825593237,648,1260,44.8423076923077,5.531089401072695,0.185,0.09995352609408426,756,31.2,-2.180676127540528,-2.4620262740512175,0
17,22,4,1091.2884615384614,153.791857390279,588,1260,44.25480769230769,6.242897009358302,0.19585576923076922,0.1125636258713509,1048,47.9,-0.28145603878251646,0.5829605544816722,0
17,22,5,1097.0576923076924,161.8160784385308,353,1260,44.56057692307692,6.221781630226151,0.19024134615384616,0.11229540585799162,1048,51.4,-0.30315072070616117,1.0975068580307223,0
17,22,6,830.6442307692307,107.86875504939975,441,945,46.41826923076923,5.5402808176537,0.15625673076923075,0.10036139915173463,664,43.2,-1.5447363171082307,-0.5798389913052556,0
17,23,0,730.1238095238095,114.26451222745739,302,840,46.319047619047616,6.492467458496323,0.15859619047619047,0.11688842717919046,590,40.6,-1.2262035233622393,-0.8795196062957504,0
17,23,1,717.6857142857143,104.35721882495297,392,840,45.126666666666665,6.746470112166729,0.18031238095238095,0.1213668284861088,720,54.7,0.022174450371886024,1.4169134436181603,0
17,23,2,715.6346153846154,105.07529040749573,397,840,45.97596153846154,6.937956600103098,0.16624134615384617,0.12291391542049061,590,40.1,-1.1955490144951233,-0.84571074297936,0
17,23,3,730.5673076923077,103.9911090694615,432,840,47.2826923076923,6.113131533602456,0.14305673076923078,0.1069950291599405,504,33.7,-2.1785085728363267,-2.2182591102532006,0
17,23,4,727.4903846153846,102.58645373133348,392,840,46.74326923076923,6.540237880877234,0.15176634615384615,0.11650985341936251,698,44.0,-0.28744058437546294,-0.41880451987521405,0
17,23,5,731.3076923076923,108.00045639269595,235,840,46.80576923076923,6.52089735505479,0.14983942307692308,0.11738488715206384,698,49.1,-0.30837470204361295,0.3512887501523939,0
17,23,6,553.8461538461538,71.88607076151467,294,630,47.8875,5.9817633452391465,0.13006730769230768,0.10772501349494892,443,39.8,-1.5417553792868575,-1.3497695976971555,0
18,0,0,1369.0285714285715,214.12260403899344,567,1575,54.3552380952381,7.361529170057788,0.1764342857142857,0.11153593145482092,1107,52.7,-1.2236743330355064,-0.22454473923286683,0
18,0,1,1345.6857142857143,195.57535014008687,735,1575,53.0104761904762,7.57516087426942,0.19724666666666665,0.11393545580609922,1350,52.9,0.022058327534222818,-0.014564778823737124,0
18,0,2,1341.9423076923076,196.94900167465246,745,1575,53.77019230769231,7.462747350735593,0.18588269230769233,0.11200093224499995,1107,51.9,-1.1928487943922363,-0.2502683711778665,0
18,0,3,1369.9615384615386,194.89897423237883,810,1575,55.33461538461539,6.332084569576266,0.16219423076923078,0.09479814818039255,945,40.0,-2.180307705867259,-2.417914049613492,0
18,0,4,1364.1826923076924,192.24159377498708,735,1575,54.39807692307692,7.131265506358654,0.17606634615384614,0.10755527692441119,1310,53.1,-0.281832213943091,-0.18177127316175254,0
18,0,5,1371.3461538461538,202.34507530361748,441,1575,54.776923076923076,7.291133473872988,0.17048076923076924,0.10969638423378249,1310,53.2,-0.30316093507468916,-0.2159833240367502,0
18,0,6,1038.2307692307693,134.81812493523645,551,1181,56.39423076923077,7.184690126795531,0.14686923076923078,0.10682231692664833,830,51.1,-1.5444164140886123,-0.7358525073252573,0
18,1,0,1095.1904761904761,171.2339321624354,454,1260,55.121904761904766,7.675397521055644,0.16493428571428573,0.11612633855200338,886,47.6,-1.2215935101983417,-0.9787268311492073,0
18,1,1,1076.5047619047618,156.4001354889195,588,1260,54.187619047619044,7.747588895884556,0.1802742857142857,0.11513438388096042,1080,64.5,0.0223466214917113,1.3293281057793267,0
18,1,2,1073.5576923076924,157.4865583367634,596,1260,54.848076923076924,8.276448991950321,0.17045673076923076,0.12309702209014152,886,50.2,-1.1908685134988883,-0.5609250630266581,0
18,1,3,1095.9615384615386,155.88730825593237,648,1260,56.44903846153846,7.164177270257303,0.1465173076923077,0.10575191103628692,756,36.0,-2.180676127540528,-2.8503670443600635,1
18,1,4,1091.2884615384614,153.791857390279,588,1260,55.41442307692308,7.413375713516314,0.16149134615384617,0.11055220891170675,1048,58.8,-0.28145603878251646,0.4560697253828251,0
18,1,5,1097.0576923076924,161.8160784385308,353,1260,55.99807692307692,7.371803809889484,0.15196826923076923,0.11102238667316792,1048,60.0,-0.30315072070616117,0.5421334920282841,0
18,1,6,830.6442307692307,107.86875504939975,441,945,57.35480769230769,7.031826121530266,0.13175673076923078,0.10550089933304908,664,54.1,-1.5447363171082307,-0.4622107442210432,0
18,2,0,985.6666666666666,154.24846755669807,408,1134,55.708571428571425,8.438603082147067,0.15757238095238096,0.12555996153787222,797,50.0,-1.2230554967578797,-0.6756822841677029,0
18,2,1,968.847619047619,140.8759534096726,529,1134,54.85333333333334,7.979035832762805,0.17070190476190478,0.11801149551319172,972,61.8,0.022375409869388584,0.8695250355716994,0
18,2,2,966.2307692307693,141.8115275121345,537,1134,55.45961538461539,7.809970217746745,0.15977884615384616,0.1182349452007184,797,47.8,-1.193265734754476,-0.9794941887671847,0
18,2,3,986.4134615384615,140.38771628952722,583,1134,56.6375,6.917477337761692,0.14448076923076922,0.10059835941927255,680,42.1,-2.1824675616986378,-2.0985272547563687,0
18,2,4,982.1634615384615,138.46334978796142,529,1134,56.11538461538461,7.251926683808508,0.1509451923076923,0.10802219915666533,943,61.0,-0.2828230962739831,0.6726335306450184,0
18,2,5,987.3942307692307,145.72246651750797,318,1134,56.26923076923077,7.345338352931338,0.14824903846153845,0.11009750841090715,943,59.3,-0.3046282810556651,0.4120502804009515,0
18,2,6,747.4903846153846,96.9529958371188,397,850,57.7798076923077,7.21202313034017,0.12635192307692306,0.10688121342253576,598,50.9,-1.5417261329930732,-0.9526150177233854,0
18,3,0,821.4,128.44570837517307,340,945,57.38761904761905,8.002952522928588,0.13285619047619046,0.11822511685161809,664,47.9,-1.225325071115493,-1.184035350324464,0
18,3,1,807.3809523809524,117.37394064012648,441,945,55.54,7.50691476112319,0.1591447619047619,0.11271444602397176,810,63.4,0.022311805215987933,1.0456417625820655,0
18,3,2,805.1634615384615,118.19878850240134,447,945,55.784615384615385,8.017453887670701,0.1563951923076923,0.11911104420014162,664,48.6,-1.1941875331510896,-0.8950055005174399,0
18,3,3,821.9711538461538,116.96879151699817,486,945,57.39807692307692,7.266013193091569,0.1336923076923077,0.10533185624612297,567,40.0,-2.1796357317394923,-2.3911552193990047,0
18,3,4,818.4519230769231,115.40354521717718,441,945,57.06153846153846,7.87804257996301,0.13706153846153846,0.1172625328617122,786,63.0,-0.28117950120895535,0.752843494220766,0
18,3,5,822.7596153846154,121.4189965457659,265,945,56.926923076923075,8.040362146715538,0.13967115384615386,0.11889863731741113,786,54.4,-0.30272518451357594,-0.31388936682234025,0
18,3,6,623.0192307692307,80.92223052769427,331,709,58.57403846153846,7.219687151228449,0.11560576923076923,0.10560904715117563,498,50.3,-1.5447397156124378,-1.1444531815090446,0
18,4,0,1095.1904761904761,171.2339321624354,454,1260,55.03238095238095,7.675804834248972,0.16630285714285714,0.11610890565554167,886,46.1,-1.2215935101983417,-1.1621920078658599,0
18,4,1,1076.5047619047618,156.4001354889195,588,1260,54.432380952380946,7.764322933953135,0.17656285714285716,0.11544471808647606,1080,58.9,0.0223466214917113,0.5746634254292973,0
18,4,2,1073.5576923076924,157.4865583367634,596,1260,54.912499999999994,7.640003145172942,0.16903076923076923,0.11403889821547143,886,49.9,-1.1908685134988883,-0.6552284887834094,0
18,4,3,1095.9615384615386,155.88730825593237,648,1260,56.60865384615385,6.778594386714455,0.14334038461538462,0.10104428666585659,756,41.0,-2.180676127540528,-2.2992467890997577,0
18,4,4,1091.2884615384614,153.791857390279,588,1260,55.04230769230769,7.605346769031758,0.1669701923076923,0.11371099705150817,1048,57.0,-0.28145603878251646,0.25707198464728875,0
18,4,5,1097.0576923076924,161.8160784385308,353,1260,55.95673076923077,7.5324767961204255,0.15343942307692307,0.11220156742088215,1048,60.7,-0.30315072070616117,0.6288742224847149,0
18,4,6,830.6442307692307,107.86875504939975,441,945,57.04807692307692,7.142366157242464,0.13831346153846155,0.10424629076094741,664,54.7,-1.5447363171082307,-0.3282937242662362,0
18,5,0,1916.6285714285714,299.7440336591968,794,2205,51.76571428571428,6.926424160297411,0.21567809523809525,0.10495052404031627,1550,43.7,-1.2230980412607462,-1.1628058058906894,0
18,5,1,1883.9333333333334,273.8184851694875,1029,2205,51.15809523809524,7.451081245135617,0.22487904761904762,0.11289424398970625,1890,58.6,0.022154987502164405,0.99742979836289,0
18,5,2,1878.673076923077,275.6674316279374,1043,2205,51.70576923076923,6.946422239312195,0.2171153846153846,0.1040392838140943,1550,47.2,-1.19223788099805,-0.6477135912346123,0
18,5,3,1917.9038461538462,272.81607728266016,1134,2205,52.83173076923077,6.41022036522104,0.20083365384615387,0.09403616182197734,1323,37.9,-2.1805241349326696,-2.3257349311742335,0
18,5,4,1909.7307692307693,269.2234871521316,1029,2205,52.017307692307696,6.96888288059395,0.21212307692307691,0.10502079149745211,1833,52.9,-0.28499712291514545,0.12648045866291702,0
18,5,5,1919.7884615384614,283.3399163815185,617,2205,52.33846153846154,6.693560268382403,0.20706634615384617,0.10126293143893854,1833,58.3,-0.3062942902781891,0.8893092957866409,0
18,5,6,1453.625,188.76544172673994,772,1654,55.12692307692308,6.835845424937362,0.16540096153846154,0.10238890972179517,1162,52.7,-1.5448248847015755,-0.3545103528166911,0
18,6,0,3559.3238095238094,556.6919375830437,1474,4095,44.85809523809524,5.3627056344360104,0.3203304761904762,0.08125124747422169,2878,40.1,-1.223857442425689,-0.8856050492695026,0
18,6,1,3498.657142857143,508.43607926984953,1911,4095,44.174285714285716,5.939778365643537,0.3306914285714286,0.0899928139377782,3510,50.7,0.022308869328181245,1.0967995586854866,0
18,6,2,3488.923076923077,511.96075950028666,1938,4095,44.49038461538461,6.299738309109051,0.32589999999999997,0.0954483665633501,2878,44.1,-1.1932772830998664,-0.06187017531630959,0
18,6,3,3561.7115384615386,506.75826130370285,2106,4095,45.63461538461539,5.620710130838153,0.30856538461538463,0.08516736095868045,2457,33.7,-2.1799146134755514,-2.1195577657695677,0
18,6,4,3546.6153846153848,499.92003841570437,1911,4095,44.45673076923077,5.30860748974805,0.32640673076923077,0.08043166099353687,3405,45.7,-0.2832704053234505,0.23375841010371903,0
18,6,5,3565.3365384615386,526.0895787464065,1147,4095,45.09615384615385,5.860447033496017,0.316725,0.08879814433248705,3405,48.3,-0.304764620499392,0.5457584636341007,0
18,6,6,2699.701923076923,350.45589946809866,1433,3071,49.027884615384615,5.82541230226767,0.25714807692307695,0.08826490025839882,2159,45.0,-1.5428089406060477,-0.6902485046034124,0
18,7,0,8213.87619047619,1284.6168816424347,3402,9450,24.31142857142857,3.239014400356115,0.6316419047619047,0.049080198852632234,6642,26.9,-1.2236052451794397,0.7967251324856245,0
18,7,1,8073.8,1173.3310766295313,4410,9450,24.594285714285714,4.226423942372479,0.6273580952380953,0.06404377226216273,8100,26.3,0.022329398093911754,0.4026306877963336,0
18,7,2,8051.346153846154,1181.4400770725608,4471,9450,25.4125,4.81140811595238,0.6149605769230769,0.07289715779917559,6642,28.5,-1.1928952235868335,0.6403730872282982,0
18,7,3,8219.403846153846,1169.337049911506,4860,9450,25.338461538461537,4.799884862945722,0.616085576923077,0.07272483239077193,5670,27.1,-2.1801943626118354,0.36623297890329204,0
18,7,4,8184.451923076923,1153.7113845460733,4410,9450,25.08173076923077,3.8335707814672992,0.6199721153846153,0.058084091127292695,7857,29.5,-0.28382235734128947,1.1495220153282926,0
18,7,5,8227.60576923077,1214.1523745824727,2646,9450,24.525,4.29905724594166,0.6284038461538461,0.06514332357519612,7857,25.8,-0.30523575510912515,0.2958883874659168,0
18,7,6,6230.009615384615,808.8774253414634,3308,7088,33.746153846153845,4.033282001578479,0.4886932692307692,0.061106973311289246,4982,33.1,-1.5428718215736645,-0.1598092455340954,0
18,8,0,9856.67619047619,1541.626279760074,4082,11340,17.433333333333334,3.8909576304621036,0.7358571428571429,0.05895694298701067,7970,21.9,-1.2238140832867623,1.1450179903998465,0
18,8,1,9688.647619047619,1408.0893422604781,5292,11340,17.997142857142858,4.386111321828543,0.7273152380952381,0.06645955794685099,9720,21.3,0.022265745044699796,0.7513133542494856,0
18,8,2,9661.673076923076,1417.8242831567275,5365,11340,18.19903846153846,4.954638803021796,0.7242615384615385,0.07506911547754536,7970,24.3,-1.1931387871061083,1.2288832643269247,0
18,8,3,9863.307692307691,1403.2596108611667,5832,11340,18.033653846153847,5.851007888894649,0.7267596153846154,0.08865478102115466,6804,20.9,-2.1801282295497284,0.48905345431751807,0
18,8,4,9821.35576923077,1384.485309141462,5292,11340,17.820192307692306,4.322449409154205,0.730001923076923,0.0654931538418281,9428,23.4,-0.2841149165573504,1.2879106402299574,0
18,8,5,9873.14423076923,1457.0558053047307,3175,11340,17.760576923076922,5.408935761468727,0.7308990384615384,0.0819556919070279,9428,20.4,-0.30550729359552364,0.4870740664044517,0
18,8,6,7475.923076923077,970.7324098334827,3969,8505,28.278846153846153,3.7732238302529786,0.5715365384615384,0.05717312841837618,5978,25.7,-1.5430695741211358,-0.6816530740856828,0
18,9,0,7666.228571428572,1198.9636811810476,3175,8820,27.36190476190476,3.2822184381082664,0.5854247619047619,0.04973150174253502,6199,33.7,-1.2237370965334953,1.9251745767322657,0
18,9,1,7535.523809523809,1095.103561095392,4116,8820,26.60190476190476,3.7538693102630516,0.5969428571428571,0.05687073374894033,7560,30.5,0.02235036743742668,1.03566168662291,0
18,9,2,7514.6057692307695,1102.6739381825323,4173,8820,27.614423076923078,5.29492188064949,0.5815942307692308,0.08022849870979627,6199,30.5,-1.1930941620489908,0.5439433394113687,0
18,9,3,7671.403846153846,1091.4099059921,4536,8820,27.84326923076923,4.993972374988759,0.5781288461538462,0.07567103391267359,5292,29.5,-2.1800993669718434,0.3310831165878471,0
18,9,4,7638.759615384615,1076.8015159540853,4116,8820,27.24230769230769,4.024577220941214,0.5872365384615384,0.060978879134687115,7333,32.0,-0.28394905780117297,1.1792294575495579,0
18,9,5,7679.067307692308,1133.1655742770608,2470,8820,27.088461538461537,4.274723807402568,0.5895644230769231,0.0647719493378357,7333,30.0,-0.30539601765868485,0.6795160183973351,0
18,9,6,5814.625,755.0525756464192,3087,6615,35.67211538461539,4.438434446521847,0.45951826923076927,0.06724882756320617,4649,34.2,-1.5437462239498398,-0.3309288699907462,0
18,10,0,5475.914285714286,856.3977117317286,2268,6300,35.83428571428571,4.04320009806181,0.4570504761904762,0.0612597749245745,4428,34.2,-1.2236161250758884,-0.40320874241249655,0
18,10,1,5382.580952380952,782.21869828162,2940,6300,36.13142857142857,4.6483519471072565,0.45255333333333336,0.07043050184219611,5400,38.5,0.022268484469201405,0.5084569511846918,0
18,10,2,5367.653846153846,787.6285627125245,2981,6300,36.8,4.894617610538952,0.4424221153846154,0.07416332011075716,4428,33.4,-1.1930013214662831,-0.6932242776060954,0
18,10,3,5479.663461538462,779.5643494687648,3240,6300,37.52211538461539,4.965941413516622,0.4314807692307693,0.0752415709267094,3780,29.9,-2.180245492552038,-1.5317936348508276,0
18,10,4,5456.317307692308,769.112642960453,2940,6300,36.840384615384615,4.638118115837503,0.4418134615384615,0.070278690796958,5238,43.6,-0.2838523994716577,1.4542692797722574,0
18,10,5,5485.115384615385,809.3954391077295,1764,6300,36.57403846153846,4.759048513703962,0.4458509615384616,0.07210804460082001,5238,42.5,-0.30530482336244147,1.2425878079103552,0
18,10,6,4153.211538461538,539.272769445641,2205,4725,43.098076923076924,4.988510698025679,0.34699903846153846,0.07558738464527709,3321,38.3,-1.5431821404511312,-0.9599013011959904,0
18,11,0,4928.295238095238,770.8074553026735,2041,5670,38.83428571428571,4.055523976661305,0.41159904761904764,0.06144306854447597,3985,36.0,-1.2237595705780155,-0.6971513956273083,0
18,11,1,4844.304761904762,704.0353346110921,2646,5670,38.71809523809524,4.942550356779789,0.4133638095238095,0.07488790741939368,4860,44.0,0.02229293672389418,1.0665019800705517,0
18,11,2,4830.875,708.8626564975046,2683,5670,38.5125,5.600098603500839,0.41647884615384617,0.08485092544085937,3985,37.4,-1.1932679194869997,-0.19830310991428513,0
18,11,3,4931.615384615385,701.6516479712861,2916,5670,39.825961538461534,4.6775023455559195,0.3965730769230769,0.07087366749250873,3402,33.3,-2.1799900123342364,-1.3922044315665476,0
18,11,4,4910.615384615385,692.2445315143349,2646,5670,39.315384615384616,4.476622539951063,0.4043144230769231,0.06783183721136965,4714,45.5,-0.28402180941348354,1.3784568078871287,0
18,11,5,4936.567307692308,728.4629084709283,1588,5670,39.02980769230769,4.934362960579246,0.40864038461538466,0.07476299318088594,4714,41.1,-0.30552585429632323,0.4186974791692438,0
18,11,6,3737.9326923076924,485.2910899940699,1984,4252,44.06730769230769,4.694480177550649,0.33231249999999996,0.07112736925942775,2989,40.1,-1.543233072723665,-0.8433041574368456,0
18,12,0,4654.533333333334,727.9489371708735,1928,5355,39.61714285714286,4.026820112667093,0.3997380952380953,0.06101206907866733,3764,41.2,-1.2233290751182841,0.3921049486179267,0
18,12,1,4575.171428571429,664.8691522099966,2499,5355,39.962857142857146,5.198081323964589,0.39450380952380953,0.07875871615233053,4590,43.2,0.022302656624564626,0.6215615033212694,0
18,12,2,4562.461538461538,669.4617157071867,2534,5355,40.2826923076923,5.449546918152382,0.38966346153846154,0.08257100158327092,3764,39.1,-1.192674043918487,-0.21662828901790002,0
18,12,3,4657.673076923077,662.6077408974609,2754,5355,40.875,5.515762936956141,0.3806846153846154,0.08357579870960088,3213,33.6,-2.180251127846935,-1.3165602800918244,0
18,12,4,4637.865384615385,653.740441021538,2499,5355,40.00384615384615,5.167090091621833,0.39387980769230774,0.07829030415213944,4452,40.1,-0.2843063238702448,0.018572952073880482,0
18,12,5,4662.307692307692,688.0323298585215,1499,5355,40.54230769230769,5.178047244244644,0.38572403846153847,0.07845647670479823,4452,43.2,-0.30566097924663566,0.5122721869274849,0
18,12,6,3530.1923076923076,458.3369701351628,1874,4016,45.339423076923076,5.35677446544439,0.31303942307692306,0.08116493984386425,2823,43.2,-1.5429191284579942,-0.3986422553618378,0
18,13,0,4654.533333333334,727.9489371708735,1928,5355,40.38666666666667,4.402732251914858,0.38808,0.06671124256536813,3764,39.1,-1.2233290751182841,-0.29158049779891665,0
18,13,1,4575.171428571429,664.8691522099966,2499,5355,39.49333333333333,5.49731169731496,0.40161619047619046,0.08329223475188653,4590,44.3,0.022302656624564626,0.8727791218009526,0
18,13,2,4562.461538461538,669.4617157071867,2534,5355,40.14519230769231,5.47394321596331,0.3917355769230769,0.08293673330739983,3764,39.4,-1.192674043918487,-0.13588621879291526,0
18,13,3,4657.673076923077,662.6077408974609,2754,5355,41.21826923076923,5.21626962685164,0.37548076923076923,0.07903661075842791,3213,34.6,-2.180251127846935,-1.2663466876576255,0
18,13,4,4637.865384615385,653.740441021538,2499,5355,40.52403846153846,4.872739609242137,0.38600384615384614,0.07383020525749913,4452,44.2,-0.2843063238702448,0.7528481616147659,0
18,13,5,4662.307692307692,688.0323298585215,1499,5355,40.28653846153846,4.975943247504923,0.3896,0.07539110709577232,4452,40.7,-0.30566097924663566,0.08292544016991077,0
18,13,6,3530.1923076923076,458.3369701351628,1874,4016,45.972115384615385,5.355723854529337,0.30345,0.08114530057757652,2823,44.2,-1.5429191284579942,-0.33026585651058005,0
18,14,0,5202.1238095238095,813.5436929219234,2155,5985,37.308571428571426,3.7794259404783217,0.4347209523809524,0.05726071061254376,4207,35.9,-1.2231814792085411,-0.3717110324086793,0
18,14,1,5113.428571428572,743.0739281103615,2793,5985,37.03714285714286,5.006750388280752,0.4388285714285714,0.07586316339594311,5130,41.3,0.022300884118929946,0.8497247845568063,0
18,14,2,5099.211538461538,748.1656100488352,2832,5985,37.53846153846154,5.119642502922411,0.4312346153846154,0.07757275416149761,4207,36.4,-1.1925162040544215,-0.22193779348423368,0
18,14,3,5205.634615384615,740.5330021908753,3078,5985,38.00961538461539,5.172040577386255,0.4240942307692308,0.0783649438997582,3591,28.0,-2.1803387657540005,-1.9315972607964582,0
18,14,4,5183.471153846154,730.6693294936731,2793,5985,37.81730769230769,4.539245100142045,0.4270105769230769,0.06877545695432041,4976,41.6,-0.28394282617782846,0.8314989024386041,0
18,14,5,5210.836538461538,768.8984948294591,1676,5985,37.89134615384615,4.755867312954773,0.4258894230769231,0.07206165094922544,4976,41.5,-0.30541545585814334,0.7571872251551489,0
18,14,6,3945.7403846153848,512.3689507124914,2095,4489,43.94423076923077,4.834681080496626,0.3341740384615385,0.07325665349045003,3155,43.1,-1.5432725788516808,-0.17425930731114866,0
18,15,0,6571.133333333333,1027.6679356180357,2722,7560,31.812380952380956,3.2885493422718746,0.5179961904761905,0.049827639309866355,5314,37.4,-1.2232755903018442,1.6939625477212275,0
18,15,1,6459.104761904762,938.6466108569615,3528,7560,31.58857142857143,4.0583796095172096,0.5213838095238095,0.06148970852572609,6480,39.5,0.022260790424904333,1.9446141537336559,0
18,15,2,6441.163461538462,945.1401818313371,3577,7560,32.410576923076924,4.641516287845609,0.5089317307692307,0.07032355771568222,5314,34.0,-1.1925760405128982,0.341699991694371,0
18,15,3,6575.596153846154,935.4321105153067,3888,7560,32.175,5.132927210430012,0.5124980769230769,0.07777034024297817,4536,28.8,-2.1803552896743152,-0.6562410592075647,0
18,15,4,6547.615384615385,922.9250809267968,3528,7560,32.00096153846154,4.375827138283391,0.5151394230769231,0.06630179956009224,6286,33.8,-0.28346022382492464,0.4101936544272013,0
18,15,5,6582.182692307692,971.2698400659868,2117,7560,31.86923076923077,4.111269780537936,0.5171298076923077,0.06229676530088021,6286,34.9,-0.30494063614824984,0.7353969509789362,0
18,15,6,4983.923076923077,647.1789370411124,2646,5670,39.12403846153846,4.305528060761129,0.40721442307692307,0.06523302281577442,3985,42.3,-1.5434798398904352,0.7359381039226499,0
18,16,0,8761.57142857143,1370.2641790288733,3629,10080,22.153333333333332,3.378041839093569,0.6643428571428571,0.05117917969317143,7085,26.6,-1.2235298995122508,1.3124591955618596,0
18,16,1,8612.2,1251.6122633197176,4704,10080,22.27904761904762,4.267378389013367,0.66244,0.06466142382262571,8640,26.1,0.022211174101573142,0.8932930485567196,0
18,16,2,8588.259615384615,1260.2721542663974,4769,10080,23.115384615384617,4.705662138457711,0.6497721153846154,0.07129638188062637,7085,26.4,-1.192796081651774,0.6965332307902867,0
18,16,3,8767.51923076923,1247.3047912779919,5184,10080,23.001923076923074,5.328107931522006,0.6514846153846154,0.08073185842589758,6048,25.0,-2.1802990309950756,0.3743043319296904,0
18,16,4,8730.211538461539,1230.6290890504038,4704,10080,22.270192307692305,4.07375878547937,0.6625826923076923,0.06172309829054288,8381,24.6,-0.28376438028715684,0.5705057067992847,0
18,16,5,8776.240384615385,1295.1101650873068,2822,10080,22.31346153846154,4.361572213464274,0.6619182692307692,0.06608668147834337,8381,24.4,-0.3051766123869601,0.4772970363184216,0
18,16,6,6645.336538461538,862.7696945514745,3528,7560,32.17788461538461,3.9455506889386576,0.5124548076923077,0.05977908826786685,5314,33.9,-1.54307820045956,0.43536678456204003,0
18,17,0,9856.67619047619,1541.626279760074,4082,11340,17.35047619047619,3.9487856899189158,0.7371190476190476,0.05982672591492568,7970,24.6,-1.2238140832867623,1.8312493722468461,0
18,17,1,9688.647619047619,1408.0893422604781,5292,11340,17.934285714285714,4.834786380044039,0.7282657142857143,0.07325836632265106,9720,19.7,0.022265745044699796,0.36445658223185373,0
18,17,2,9653.375,1414.896196319442,5365,11340,18.372115384615384,5.453037930013764,0.7216346153846154,0.0826225336212014,7970,23.3,-1.1897431818299466,0.9020410765063462,0
18,17,3,9830.653846153846,1408.0675855995448,5832,11340,18.0875,5.854691712510889,0.7259490384615385,0.08870948548267231,6804,22.1,-2.149493662215444,0.6841791856578433,0
18,17,4,9821.35576923077,1384.485309141462,5292,11340,17.870192307692307,4.645634338737892,0.7292346153846154,0.07038990959410424,9428,19.6,-0.2841149165573504,0.3715514506615296,0
18,17,5,9858.634615384615,1460.6147931387563,3175,11340,17.786538461538463,5.123410152499932,0.7305028846153847,0.07762479768024627,9428,21.9,-0.2948290467254213,0.8013116848764387,0
18,17,6,7475.923076923077,970.7324098334827,3969,8505,28.26923076923077,3.8692232712687376,0.5716759615384616,0.05862509733809759,5978,32.2,-1.5430695741211358,1.0132877011442647,0
18,18,0,9309.142857142857,1455.8811991141538,3856,10710,19.90761904761905,3.5673383537874455,0.6983666666666667,0.0540496596208358,7528,22.6,-1.2234038218148475,0.7526212748454277,0
18,18,1,9150.44761904762,1329.8126529482986,4998,10710,20.11904761904762,3.618172489140363,0.695164761904762,0.05482270546770319,9180,23.4,0.022222798571569485,0.904298897247233,0
18,18,2,9095.673076923076,1344.1476849214755,5067,10710,20.665384615384614,5.110939518645878,0.6868855769230768,0.07743786412126775,7528,25.4,-1.1662865856505953,0.9245599108085837,0
18,18,3,9307.567307692309,1330.1413879473657,5508,10710,20.677884615384617,5.326686008318617,0.6867,0.08070591706029794,6426,24.6,-2.166345375272677,0.7349346351840346,0
18,18,4,9275.817307692309,1307.5316459399478,4998,10710,20.120192307692307,4.171386112382912,0.6951538461538461,0.06320598306919287,8905,23.2,-0.2835988504410048,0.7365518537470233,0
18,18,5,9324.778846153846,1375.9696666103011,2999,10710,19.922115384615385,4.415593655032463,0.6981480769230769,0.0669041177143803,8905,22.1,-0.305076344033457,0.4921112928901832,0
18,18,6,7053.951923076923,929.4803891329144,3748,8032,30.220192307692308,3.329607685794151,0.5421173076923077,0.050450385975810856,4957,29.5,-2.2560232441274493,-0.21565176974404046,0
18,19,0,7666.228571428572,1198.9636811810476,3175,8820,27.050476190476193,3.2196250322025612,0.5901428571428572,0.048786766918639195,6199,32.7,-1.2237370965334953,1.7492816513348952,0
18,19,1,7535.523809523809,1095.103561095392,4116,8820,26.796190476190475,3.996438891003316,0.5939971428571429,0.06055384675759957,7560,30.2,0.02235036743742668,0.8495847849952162,0
18,19,2,7514.6057692307695,1102.6739381825323,4173,8820,27.55480769230769,4.8689202528566975,0.5825028846153846,0.07377740525105765,6199,30.3,-1.1930941620489908,0.5626639021379679,0
18,19,3,7671.403846153846,1091.4099059921,4536,8820,27.61346153846154,4.758131674053647,0.5816134615384615,0.07209165156101377,5292,25.6,-2.1800993669718434,-0.4222747348648166,0
18,19,4,7638.759615384615,1076.8015159540853,4116,8820,27.334615384615386,3.895797318115856,0.5858413461538462,0.059026593661970043,7333,32.7,-0.28394905780117297,1.3736976546373536,0
18,19,5,7679.067307692308,1133.1655742770608,2470,8820,27.23846153846154,4.157723137466795,0.5872951923076923,0.06299766119839298,7333,35.7,-0.30539601765868485,2.0302544536779172,0
18,19,6,5814.625,755.0525756464192,3087,6615,35.42884615384615,4.435397620706793,0.46319615384615387,0.0672030713628288,4649,34.8,-1.5437462239498398,-0.14146004643476007,0
18,20,0,5475.914285714286,856.3977117317286,2268,6300,36.51428571428571,3.5860688936341036,0.44675333333333334,0.054333071927953835,4428,40.9,-1.2236161250758884,1.2195857241439514,0
18,20,1,5382.580952380952,782.21869828162,2940,6300,36.37238095238095,4.469974514599848,0.4488961904761905,0.06772778648583654,5400,44.1,0.022268484469201405,1.7249247785752826,0
18,20,2,5367.653846153846,787.6285627125245,2981,6300,36.51153846153846,5.317589564380216,0.44679423076923075,0.08057060682928628,4428,37.1,-1.1930013214662831,0.11045549424376555,0
18,20,3,5479.663461538462,779.5643494687648,3240,6300,37.43942307692308,4.914421382828905,0.4327365384615385,0.07446183235202991,3780,31.2,-2.180245492552038,-1.2670367931305568,0
18,20,4,5456.317307692308,769.112642960453,2940,6300,36.83461538461539,4.939925891326694,0.44190288461538463,0.07484321535584965,5238,37.9,-0.2838523994716577,0.21523243757070903,0
18,20,5,5485.115384615385,809.3954391077295,1764,6300,37.25192307692308,4.6719984034034105,0.4355778846153846,0.070792148866331,5238,37.4,-0.30530482336244147,0.03162686321492165,0
18,20,6,4153.211538461538,539.272769445641,2205,4725,42.872115384615384,4.834352332215146,0.3504259615384615,0.07324531595771892,3321,39.5,-1.5431821404511312,-0.69609209928656,0
18,21,0,3833.190476190476,599.4454022619911,1588,4410,43.50666666666667,4.855592863006747,0.3408123809523809,0.07356493167373414,3100,45.6,-1.2230942842851156,0.4302319146447727,0
18,21,1,3767.8380952380953,547.558973357235,2058,4410,43.15142857142857,5.619644703484961,0.3461904761904762,0.08514604029346097,3780,46.3,0.02221072660004465,0.5592842167503654,0
18,21,2,3757.403846153846,551.3491399828431,2087,4410,43.3451923076923,6.167970505509364,0.3432548076923077,0.09344856108520182,3100,41.4,-1.1923332696984092,-0.31485943579005876,0
18,21,3,3835.8365384615386,545.6712640049105,2268,4410,44.50865384615384,5.901573108974216,0.3256269230769231,0.08941923321137649,2646,32.8,-2.180460677225728,-1.9806325034497534,0
18,21,4,3819.471153846154,538.3883529361464,2058,4410,43.91826923076923,5.468457911222418,0.334575,0.08285494606466556,3667,46.4,-0.28319394555101246,0.4529980533658991,0
18,21,5,3839.625,566.5601740550096,1235,4410,44.026923076923076,5.502977671784733,0.33292403846153845,0.08337521400120108,3667,48.4,-0.3046842349015701,0.7932332005366554,0
18,21,6,2907.375,377.51816486869245,1544,3308,49.03365384615385,5.724798899710015,0.2572375,0.08619297516878394,2325,42.7,-1.5426001400519482,-1.104424750879078,0
18,22,0,2464.1619047619047,385.34507821435744,1021,2835,49.049523809523805,6.084107984197024,0.2568238095238095,0.09218448426494631,1993,48.5,-1.2226695102738891,-0.09017296886579731,0
18,22,1,2422.190476190476,351.9603642249337,1323,2835,49.0152380952381,7.011498536091392,0.2573447619047619,0.10623935148535733,2430,50.9,0.022188015251571068,0.26842730153313954,0
18,22,2,2415.4615384615386,354.4431410733192,1341,2835,49.37596153846154,6.4879199950819375,0.251875,0.0983022511075689,1993,46.3,-1.1918685137964449,-0.4733763328556886,0
18,22,3,2465.855769230769,350.80103669321403,1458,2835,50.74423076923077,6.102280759724216,0.23158365384615387,0.09124227762038135,1701,37.8,-2.180250018472592,-2.1177415236754946,0
18,22,4,2455.355769230769,346.0816144349307,1323,2835,49.88269230769231,6.055446754745012,0.24420192307692307,0.0917480022594278,2357,53.0,-0.2841899807117722,0.5139452736715583,0
18,22,5,2468.3076923076924,364.18636744325835,794,2835,50.01153846153846,6.349945457946445,0.2422528846153846,0.09621300596005745,2357,53.4,-0.3056254873959831,0.5327815404812666,0
18,22,6,1868.9038461538462,242.70132346620608,992,2126,52.7201923076923,6.2029335341173955,0.2016480769230769,0.09292501725163857,1494,52.0,-1.5446491774663573,-0.11591823793663213,0
18,23,0,1642.7333333333333,256.94728831875034,680,1890,52.6647619047619,6.926134743913267,0.20225142857142858,0.10452248204452119,1328,47.8,-1.2248468817234444,-0.7013649654126064,0
18,23,1,1614.7047619047619,234.67677951278185,882,1890,51.997142857142855,7.391516149546789,0.21259714285714287,0.11107553775657396,1620,65.8,0.022563001231817245,1.8648688814523928,0
18,23,2,1610.201923076923,236.2983296148962,894,1890,52.62403846153846,7.256647373636291,0.2028980769230769,0.10950511446208006,1328,50.8,-1.194210646475383,-0.2510151336304214,0
18,23,3,1643.826923076923,233.87580482735825,972,1890,53.997115384615384,6.479608892829322,0.1830153846153846,0.09578125033823419,1134,39.0,-2.179811311991549,-2.3109428676335813,0
18,23,4,1636.826923076923,230.74545477468996,882,1890,53.079807692307696,7.145184810911202,0.19619711538461537,0.10736346077714155,1571,55.6,-0.2852670292938324,0.3522190375640853,0
18,23,5,1645.4326923076924,242.879080723053,529,1890,53.43269230769231,7.412118682314588,0.19041057692307695,0.11230244005533617,1571,53.3,-0.30644725603190875,-0.017877955523466427,0
18,23,6,1246.076923076923,161.86250261733701,662,1418,55.40096153846154,6.550646528416406,0.16073653846153846,0.0990035088695544,996,50.0,-1.5449005793658444,-0.8232361726954994,0
19,0,0,1916.6285714285714,299.7440336591968,794,2205,86.28,10.80497036624278,0.2156352380952381,0.09823068314799406,1550,75.2,-1.2230980412607462,-1.0245058122937134,0
19,0,1,1883.9333333333334,273.8184851694875,1029,2205,85.16095238095238,12.433472929324655,0.22666857142857144,0.1111136141647244,1890,81.2,0.022154987502164405,-0.31831566665105854,0
19,0,2,1878.673076923077,275.6674316279374,1043,2205,86.66538461538462,11.241728516772213,0.21223846153846154,0.1019695940856808,1550,71.5,-1.19223788099805,-1.347827099878795,0
19,0,3,1917.9038461538462,272.81607728266016,1134,2205,88.75096153846154,10.994076032315384,0.19388269230769228,0.09842011539828228,1323,66.9,-2.1805241349326696,-1.9857152453592999,0
19,0,4,1909.7307692307693,269.2234871521316,1029,2205,86.6221153846154,11.31840117642243,0.21253173076923076,0.10289006600450913,1833,85.4,-0.28499712291514545,-0.1078806590252962,0
19,0,5,1919.7884615384614,283.3399163815185,617,2205,87.37884615384615,11.411063215329976,0.20578653846153847,0.1034426711990493,1833,94.5,-0.3062942902781891,0.6235105884533975,0
19,0,6,1453.625,188.76544172673994,772,1654,91.08173076923077,10.983074042450806,0.17278749999999998,0.09829910535746328,1162,82.5,-1.5448248847015755,-0.7806488645570475,0
19,1,0,1642.7333333333333,256.94728831875034,680,1890,87.70952380952382,11.651225784056468,0.20263904761904764,0.10592679937582994,1328,82.3,-1.2248468817234444,-0.46388980967334165,0
19,1,1,1614.7047619047619,234.67677951278185,882,1890,86.26095238095238,12.10562881820887,0.21592095238095238,0.10982569642500836,1620,87.1,0.022563001231817245,0.06925332821244856,0
19,1,2,1610.201923076923,236.2983296148962,894,1890,88.3048076923077,12.555595819013357,0.19810576923076925,0.11242942971225087,1328,81.9,-1.194210646475383,-0.5097098286908452,0
19,1,3,1643.826923076923,233.87580482735825,972,1890,90.85096153846153,11.040525483416209,0.17477884615384615,0.09899690166091837,1134,65.2,-2.179811311991549,-2.3212435985018587,0
19,1,4,1636.826923076923,230.74545477468996,882,1890,89.09038461538461,11.551056096219659,0.19052403846153845,0.10410811361010637,1571,101.7,-0.2852670292938324,1.0906975348678227,0
19,1,5,1645.4326923076924,242.879080723053,529,1890,88.76057692307693,11.660250445021637,0.19308557692307693,0.10600182304556992,1571,101.9,-0.30644725603190875,1.1258904115916528,0
19,1,6,1246.076923076923,161.86250261733701,662,1418,92.53846153846153,11.827533351589935,0.15955480769230768,0.10619386821546994,996,82.5,-1.5449005793658444,-0.848019704807272,0
19,2,0,1533.2285714285715,239.82923641074828,635,1764,89.57428571428571,11.9930511015869,0.18584285714285714,0.1087515436293124,1240,79.6,-1.2226046739341212,-0.8309791926960165,0
19,2,1,1507.1238095238095,219.04766320273484,823,1764,87.72761904761904,12.210710110060816,0.20287714285714284,0.11016884005326243,1512,98.7,0.022259848867636337,0.897851340352787,0
19,2,2,1502.9711538461538,220.53018447962367,835,1764,89.08653846153847,12.555585595622041,0.1905567307692308,0.11331318808962,1240,74.7,-1.1923956374057103,-1.1449158777407762,0
19,2,3,1534.3461538461538,218.33045983966917,907,1764,90.82115384615385,11.240691277821218,0.1751605769230769,0.10063216438297345,1058,70.4,-2.18166689854891,-1.8151021427821592,0
19,2,4,1527.8173076923076,215.3708368545714,823,1764,90.0375,11.56419136146839,0.18235096153846156,0.1033978009523651,1467,90.0,-0.28237102511293727,-0.0032399671673682072,0
19,2,5,1535.8557692307693,226.64481507284157,494,1764,89.72115384615384,11.366145208826977,0.18435384615384615,0.10332753458076509,1467,92.1,-0.30379133665720115,0.20910827966580112,0
19,2,6,1162.9711538461538,151.0057837721333,617,1323,92.87307692307692,11.71272837449106,0.15671923076923078,0.10478406652473833,930,83.2,-1.5426940683080017,-0.8251557669907091,0
19,3,0,1369.0285714285715,214.12260403899344,567,1575,89.60857142857142,12.306346973175094,0.18540666666666666,0.11181776405819588,1107,86.8,-1.2236743330355064,-0.22803607552535443,0
19,3,1,1345.6857142857143,195.57535014008687,735,1575,88.3152380952381,12.797812169937338,0.19762095238095237,0.11542121913239056,1350,103.9,0.022058327534222818,1.2168168691092036,0
19,3,2,1341.9423076923076,196.94900167465246,745,1575,90.0951923076923,12.786456577461907,0.1814778846153846,0.11534694474281114,1107,82.6,-1.1928487943922363,-0.585724044958931,0
19,3,3,1369.9615384615386,194.89897423237883,810,1575,91.52884615384616,11.194552013020356,0.16879423076923078,0.10009677339486389,945,73.6,-2.180307705867259,-1.6001394908972515,0
19,3,4,1364.1826923076924,192.24159377498708,735,1575,90.3721153846154,12.166893299814927,0.17946057692307693,0.10873085450778923,1310,97.3,-0.281832213943091,0.5689369566447539,0
19,3,5,1371.3461538461538,202.34507530361748,441,1575,91.11826923076923,12.103155044198122,0.17208846153846155,0.10924645097227341,1310,89.7,-0.30316093507468916,-0.11708503900051535,0
19,3,6,1038.2307692307693,134.81812493523645,551,1181,93.16730769230769,11.957939575641682,0.1539423076923077,0.10720645782996513,830,87.5,-1.5444164140886123,-0.4735408009447462,0
19,4,0,1533.2285714285715,239.82923641074828,635,1764,88.77333333333334,12.550936730798732,0.1932047619047619,0.11367155822888658,1240,77.9,-1.2226046739341212,-0.8656466923101773,0
19,4,1,1507.1238095238095,219.04766320273484,823,1764,88.3047619047619,12.64345666093716,0.19761714285714285,0.11419680671908107,1512,93.5,0.022259848867636337,0.41057856635147466,0
19,4,2,1502.9711538461538,220.53018447962367,835,1764,89.71634615384616,11.938443333962661,0.18525384615384616,0.10686850183329327,1240,76.5,-1.1923956374057103,-1.1061144773796239,0
19,4,3,1534.3461538461538,218.33045983966917,907,1764,90.40673076923076,10.541939030783322,0.1790903846153846,0.09379922424920979,1058,63.7,-2.18166689854891,-2.53097849516746,1
19,4,4,1527.8173076923076,215.3708368545714,823,1764,89.875,11.51470777508622,0.18339038461538462,0.10380922898833032,1467,92.3,-0.28237102511293727,0.21041748279659567,0
19,4,5,1535.8557692307693,226.64481507284157,494,1764,89.7798076923077,12.08879268994728,0.18425865384615386,0.10906710823681515,1467,90.1,-0.30379133665720115,0.026464814787539804,0
19,4,6,1162.9711538461538,151.0057837721333,617,1323,93.45576923076922,12.24517996651123,0.1511096153846154,0.11026204931116253,930,81.4,-1.5426940683080017,-0.983728453087843,0
19,5,0,2464.1619047619047,385.34507821435744,1021,2835,81.91714285714285,9.893368574870832,0.2552980952380952,0.08993846933080286,1993,77.8,-1.2226695102738891,-0.4157315590161756,0
19,5,1,2422.190476190476,351.9603642249337,1323,2835,81.06190476190476,11.386879941341913,0.26308095238095236,0.10351823519706575,2430,94.0,0.022188015251571068,1.1352313356537704,0
19,5,2,2415.4615384615386,354.4431410733192,1341,2835,82.76538461538462,10.58227836454019,0.2475875,0.09620130863964683,1993,75.1,-1.1918685137964449,-0.7236766587485145,0
19,5,3,2465.855769230769,350.80103669321403,1458,2835,84.07499999999999,10.034936544707731,0.23572115384615386,0.09113166371077919,1701,64.2,-2.180250018472592,-1.9786088156496435,0
19,5,4,2455.355769230769,346.0816144349307,1323,2835,82.21538461538461,10.300850838934359,0.25259134615384615,0.09364113911146427,2357,88.3,-0.2841899807117722,0.5901176808454581,0
19,5,5,2468.3076923076924,364.18636744325835,794,2835,82.97788461538462,11.27045244851883,0.24565673076923078,0.10246149526778013,2357,84.6,-0.3056254873959831,0.14379878750593555,0
19,5,6,1868.9038461538462,242.70132346620608,992,2126,87.49903846153846,10.809178904108796,0.20454807692307692,0.09826541429593276,1494,82.2,-1.5446491774663573,-0.48978194265056885,0
19,6,0,4380.72380952381,685.1904352811214,1814,5040,67.85809523809525,7.336746042411612,0.3831057142857143,0.06669385254304151,3542,62.7,-1.2240561539919361,-0.7020924921480025,0
19,6,1,4306.057142857143,625.8349473452895,2352,5040,67.74761904761905,8.885750208989489,0.3841133333333333,0.08077834233099604,4320,72.1,0.022278452837240132,0.48926519406791535,0
19,6,2,4294.086538461538,630.1668620228969,2385,5040,68.27403846153847,9.767401649814428,0.37932884615384616,0.08879640580616203,3542,61.9,-1.1934531141738614,-0.6519153748439337,0
19,6,3,4383.692307692308,623.6854303707589,2592,5040,69.99230769230769,8.106579999176411,0.36370673076923077,0.07369619118403341,3024,51.2,-2.1800581525569807,-2.315298770444515,0
19,6,4,4365.009615384615,615.3419839310496,2352,5040,69.2875,8.562547569140062,0.3701125,0.07783967302476251,4190,73.2,-0.2844057059288284,0.45639875059829893,0
19,6,5,4388.0192307692305,647.6264652263201,1411,5040,68.82019230769231,8.327651679010746,0.37435865384615385,0.0757061265307292,4190,67.0,-0.3057567654101002,-0.2183099483844441,0
19,6,6,3322.730769230769,431.4234113035147,1764,3780,77.2451923076923,8.971929036849899,0.2977701923076923,0.08156291023606412,2657,76.4,-1.543067253923052,-0.09409919675659371,0
19,7,0,9856.67619047619,1541.626279760074,4082,11340,28.66761904761905,6.37634593993986,0.7393866666666666,0.05796447364660707,7970,37.5,-1.2238140832867623,1.3830101024035861,0
19,7,1,9688.647619047619,1408.0893422604781,5292,11340,29.814285714285713,7.800720240063493,0.72896,0.07092036785665366,9720,32.7,0.022265745044699796,0.36945559398128336,0
19,7,2,9661.673076923076,1417.8242831567275,5365,11340,30.942307692307693,9.311499230726692,0.7187048076923077,0.08465557790166915,7970,39.3,-1.1931387871061083,0.8966038724910937,0
19,7,3,9863.307692307691,1403.2596108611667,5832,11340,30.25,9.891380969092648,0.7250000000000001,0.08992134211070414,6804,37.5,-2.1801282295497284,0.7322210934647415,0
19,7,4,9821.35576923077,1384.485309141462,5292,11340,29.860576923076923,7.674170753332697,0.7285442307692308,0.06976734683818377,9428,33.3,-0.2841149165573504,0.4475984705872607,0
19,7,5,9873.14423076923,1457.0558053047307,3175,11340,29.523076923076925,7.767073029805766,0.7316125,0.070615028637093,9428,33.5,-0.30550729359552364,0.511365016334738,0
19,7,6,7475.923076923077,970.7324098334827,3969,8505,47.513461538461534,7.277656425460744,0.5680576923076923,0.06616387083848399,5978,49.8,-1.5430695741211358,0.31375497526887075,0
19,8,0,12047.057142857142,1884.0673464433437,4990,13860,18.864761904761906,6.147497629623546,0.8285019047619048,0.05588141114647713,9742,27.3,-1.2234408248729813,1.3699133321069268,0
19,8,1,11833.27619047619,1724.5872610750296,6468,13860,18.915238095238095,6.723148600635501,0.8280457142857143,0.06111758060771596,11880,17.4,0.027092591747875424,-0.22504153481702197,0
19,8,2,11808.798076923076,1732.7703917934075,6558,13860,19.926923076923078,8.307210936735833,0.8188451923076924,0.07552250340362804,9742,26.9,-1.192764003281434,0.8383912559290663,0
19,8,3,12055.25,1715.0000410427688,7128,13860,19.77692307692308,8.411114131080629,0.820210576923077,0.0764667399215308,8316,30.9,-2.180307934364304,1.3208557383189823,0
19,8,4,12003.942307692309,1692.0786712351742,6468,13860,18.861538461538462,6.078855725426059,0.828526923076923,0.05526370186513643,11524,18.8,-0.28363898172190055,-0.010106736686416602,0
19,8,5,12067.288461538461,1780.6687937051295,3881,13860,18.965384615384615,6.735225026776347,0.8275865384615385,0.06123094759385345,11524,21.7,-0.3051018878076371,0.405414997091995,0
19,8,6,9137.23076923077,1186.3988444335184,4851,10395,35.42211538461539,6.521599016662244,0.6779788461538462,0.059287765684167576,7306,44.6,-1.5435073480973063,1.4051512641807373,0
19,9,0,9302.580952380953,1467.9056887866336,3856,10710,32.875238095238096,6.05253889753937,0.7011361904761905,0.055019234615320475,7528,38.7,-1.2089120417043886,0.9607793043812105,0
19,9,1,9145.55238095238,1330.6486126708774,4998,10710,33.519999999999996,7.2517557555713035,0.6952752380952381,0.06592443631938993,8666,33.7,-0.3603872371064657,0.024787393856080704,0
19,9,2,9125.038461538461,1338.9902072850937,5067,10710,34.39903846153846,8.534925337856107,0.6872798076923078,0.07759225937247717,7528,41.7,-1.1927096447405008,0.854420752644438,0
19,9,3,9315.451923076924,1325.2454022960974,5508,10710,34.45288461538461,9.124265702395801,0.6867923076923077,0.0829450896763574,6426,37.3,-2.1802981659767218,0.311696142566624,0
19,9,4,9275.817307692309,1307.5316459399478,4998,10710,33.39423076923077,6.900187515716785,0.696414423076923,0.06273065155347998,8905,34.1,-0.2835988504410048,0.1021345989763675,0
19,9,5,9293.586538461539,1397.2114920810789,2999,10710,33.63846153846154,7.45308052154559,0.6941942307692308,0.06775432752549221,8905,38.9,-0.2781137712695518,0.7050089365039843,0
19,9,6,7060.576923076923,916.7573573622519,3748,8032,50.20288461538462,6.454778567502466,0.5436115384615385,0.05868005782171379,5646,53.9,-1.5430053346870707,0.5718858497644853,0
19,10,0,7118.657142857143,1113.346668560877,2948,8190,48.37714285714286,5.446404197387361,0.5602104761904761,0.04951110583225342,5756,51.1,-1.223917888432385,0.49902042523919043,0
19,10,1,6997.295238095238,1016.9025076541311,3822,8190,48.364761904761906,6.280310822666663,0.5603209523809524,0.05709653885380664,7020,56.9,0.02232715374613518,1.3568865411995228,0
19,10,2,6977.875,1023.9344325138101,3875,8190,49.44423076923077,7.910210029039054,0.5505105769230769,0.07191043366276441,5756,53.5,-1.1933020593708052,0.5120784948756352,0
19,10,3,7123.4807692307695,1013.4436916432218,4212,8190,50.38173076923077,8.130223661202685,0.5419836538461539,0.07391334221501267,4914,49.1,-2.1801497073322613,-0.1574564560602502,0
19,10,4,7093.153846153846,999.898973238843,3822,8190,49.28365384615385,7.079467241445752,0.5519673076923077,0.06435807361382914,6809,53.6,-0.28417971411280796,0.6088392832415324,0
19,10,5,7130.557692307692,1052.28126502231,2293,8190,49.40673076923077,6.826607914340141,0.5508490384615384,0.06205707362916804,6809,51.6,-0.30557860071267906,0.32081249330808276,0
19,10,6,5399.182692307692,701.0302372108804,2866,6142,61.77211538461539,6.567106273092517,0.43843653846153846,0.05970074572673783,4317,60.2,-1.5436812822801786,-0.2390284297285936,0
19,11,0,6571.133333333333,1027.6679356180357,2722,7560,51.983809523809526,5.188914289312504,0.52742,0.04717192246697999,5314,56.0,-1.2232755903018442,0.7725056141907598,0
19,11,1,6459.104761904762,938.6466108569615,3528,7560,52.563809523809525,6.703760767278946,0.5221457142857143,0.060941999583102084,6480,62.7,0.022260790424904333,1.509763428806032,0
19,11,2,6441.163461538462,945.1401818313371,3577,7560,53.53173076923077,7.954107010505833,0.5133451923076924,0.07230898892651116,5314,56.8,-1.1925760405128982,0.4103748513747867,0
19,11,3,6575.596153846154,935.4321105153067,3888,7560,54.45576923076923,7.897226094336131,0.5049538461538462,0.0717904487292899,4536,49.6,-2.1803552896743152,-0.6140926252567088,0
19,11,4,6547.615384615385,922.9250809267968,3528,7560,53.20384615384615,6.469073898350147,0.5163269230769231,0.05880563712290616,6286,56.8,-0.28346022382492464,0.5550413380945668,0
19,11,5,6582.182692307692,971.2698400659868,2117,7560,54.07692307692308,7.1565060462590155,0.5083903846153845,0.06506339480491279,6286,52.7,-0.30494063614824984,-0.1921331075471351,0
19,11,6,4983.923076923077,647.1789370411124,2646,5670,65.19423076923077,7.654985391513607,0.40732307692307695,0.06959409113234913,3985,58.2,-1.5434798398904352,-0.9124910762353867,0
19,12,0,6023.561904761905,942.0509022239471,2495,6930,56.83904761904762,5.6477956087393295,0.48328190476190475,0.051341832885370406,4871,61.0,-1.2234473398068242,0.7354370268387134,0
19,12,1,5920.857142857143,860.4462105899945,3234,6930,57.15238095238095,7.348143345275092,0.4804304761904762,0.06679907174016707,5940,58.7,0.022247334503787332,0.21032738491195996,0
19,12,2,5904.3942307692305,866.3946993789978,3279,6930,57.450961538461534,8.707155802744296,0.4777211538461538,0.07915069647232281,4871,57.3,-1.192738487579677,-0.01731775155538831,0
19,12,3,6019.932692307692,852.889335568608,3564,6930,58.37596153846154,8.382500208534394,0.46931153846153845,0.07619764197316312,4158,46.0,-2.183062660104414,-1.4746453656177851,0
19,12,4,6002.009615384615,846.0225099164253,3234,6930,56.5625,6.773580709718305,0.4857951923076923,0.061577007403245544,5762,62.9,-0.28368840744467894,0.9342411141243973,0
19,12,5,6033.653846153846,890.3822324097051,1940,6930,56.565384615384616,7.878836950673304,0.48577403846153844,0.07162092631658089,5762,55.3,-0.30509458221424257,-0.16040192277983634,0
19,12,6,4568.7307692307695,593.3019865122671,2426,5198,69.07403846153846,8.46857119563824,0.3720596153846154,0.0769876935307874,3653,67.6,-1.5434219939054545,-0.17385458322232192,0
19,13,0,6023.561904761905,942.0509022239471,2495,6930,56.87714285714286,5.695211503178268,0.4829380952380952,0.051772344453222804,4871,56.7,-1.2234473398068242,-0.03104930589237075,0
19,13,1,5920.857142857143,860.4462105899945,3234,6930,56.69047619047619,6.825933633091514,0.48463428571428574,0.0620572763175765,5940,63.8,0.022247334503787332,1.0400223570205382,0
19,13,2,5904.3942307692305,866.3946993789978,3279,6930,57.39326923076923,7.64704733198931,0.4782423076923077,0.06951571407502563,4871,56.6,-1.192738487579677,-0.10359988601025587,0
19,13,3,6027.663461538462,857.4914827121163,3564,6930,58.01826923076923,8.149343465402739,0.4725576923076923,0.07408417895422667,4158,49.4,-2.18036178272843,-1.0562454279945965,0
19,13,4,6002.009615384615,846.0225099164253,3234,6930,56.61057692307692,6.727063414908478,0.48535673076923075,0.06115129060458512,5762,58.2,-0.28368840744467894,0.235922237781797,0
19,13,5,6033.653846153846,890.3822324097051,1940,6930,57.611538461538466,7.224369595802717,0.47625576923076923,0.06567775971919745,5762,62.6,-0.30509458221424257,0.6895502742016075,0
19,13,6,4568.7307692307695,593.3019865122671,2426,5198,68.96634615384616,7.874705857683424,0.37303653846153845,0.07159290529704945,3653,71.2,-1.5434219939054545,0.283289432284555,0
19,14,0,6571.133333333333,1027.6679356180357,2722,7560,52.34571428571429,4.811804966222866,0.5241304761904763,0.04374709907703229,5314,53.3,-1.2232755903018442,0.19791047563527744,0
19,14,1,6459.104761904762,938.6466108569615,3528,7560,53.06,7.209870371180802,0.5176361904761905,0.06553924415042885,6480,48.5,0.022260790424904333,-0.6315902870225937,0
19,14,2,6441.163461538462,945.1401818313371,3577,7560,54.40576923076923,7.983062493879151,0.5054048076923077,0.07257143434890757,5314,55.1,-1.1925760405128982,0.08685416506656767,0
19,14,3,6575.596153846154,935.4321105153067,3888,7560,53.909615384615385,7.726634294473739,0.509910576923077,0.07024544060561881,4536,47.5,-2.1803552896743152,-0.8284759419472314,0
19,14,4,6547.615384615385,922.9250809267968,3528,7560,53.34134615384615,6.560585614651294,0.5150740384615384,0.05964097762997098,6286,61.5,-0.28346022382492464,1.2416935604585122,0
19,14,5,6582.182692307692,971.2698400659868,2117,7560,53.54230769230769,6.699973805305878,0.5132557692307692,0.06091035243990956,6286,55.0,-0.30494063614824984,0.21724262269692463,0
19,14,6,4983.923076923077,647.1789370411124,2646,5670,65.51826923076922,7.02765362137013,0.4043788461538461,0.06388935774921493,3985,64.3,-1.5434798398904352,-0.17310730199478672,0
19,15,0,8213.87619047619,1284.6168816424347,3402,9450,41.37714285714286,5.629049946190145,0.6238466666666667,0.051174065822646074,6642,49.6,-1.2236052451794397,1.458199026666304,0
19,15,1,8073.8,1173.3310766295313,4410,9450,41.385714285714286,6.536972196246939,0.6237647619047619,0.05942634093007073,8100,46.7,0.022329398093911754,0.8117165546131597,0
19,15,2,8051.346153846154,1181.4400770725608,4471,9450,41.93173076923077,7.877857187621431,0.6188028846153847,0.07161752844065289,6642,49.5,-1.1928952235868335,0.9594835518379143,0
19,15,3,8219.403846153846,1169.337049911506,4860,9450,41.98076923076923,7.534465493737801,0.6183567307692308,0.06849652073145875,5670,40.9,-2.1801943626118354,-0.14325325388078392,0
19,15,4,8184.451923076923,1153.7113845460733,4410,9450,41.42115384615385,6.634942410574151,0.6234432692307692,0.06031335288956484,7857,44.9,-0.28382235734128947,0.5235329275856827,0
19,15,5,8227.60576923077,1214.1523745824727,2646,9450,41.228846153846156,6.733810835214414,0.6251913461538462,0.06121473283954508,7857,47.1,-0.30523575510912515,0.870598833451291,0
19,15,6,6230.009615384615,808.8774253414634,3308,7088,56.25480769230769,7.010780600108157,0.4885875,0.06373841670894491,4982,58.4,-1.5428718215736645,0.30554897380773555,0
19,16,0,10404.219047619048,1627.2068682074184,4309,11970,24.913333333333334,7.111854495064866,0.773515238095238,0.06465004131855474,8413,33.0,-1.223696168914856,1.1354720420461235,0
19,16,1,10226.857142857143,1486.2624744159907,5586,11970,25.941904761904762,7.396760997901261,0.7641647619047619,0.06724960105822816,10260,29.4,0.022299314367562308,0.4668835998724818,0
19,16,2,10198.442307692309,1496.5588543075326,5664,11970,26.954807692307693,9.12505225209343,0.7549567307692308,0.08295163845994209,8413,38.3,-1.1930238308470202,1.2419406035791847,0
19,16,3,10411.26923076923,1481.219585608979,6156,11970,26.31346153846154,10.417731874836386,0.7607855769230769,0.09470662254067552,7182,30.1,-2.1801274172103295,0.36312196237764066,0
19,16,4,10366.951923076924,1461.3670975434864,5586,11970,25.68653846153846,8.044452441644799,0.7664846153846153,0.07313584483583022,9952,35.3,-0.28394582327480056,1.1935586693337497,0
19,16,5,10421.625,1537.9328149976518,3352,11970,25.548076923076923,8.349931466136177,0.7677451923076923,0.07591040820433699,9952,29.9,-0.30535920804098104,0.5205692288927893,0
19,16,6,7891.2692307692305,1024.6147012581623,4190,8978,44.23173076923077,7.273642594120587,0.5978923076923077,0.06612760053037159,6310,49.1,-1.5432667481347564,0.6683838708256956,0
19,17,0,12047.057142857142,1884.0673464433437,4990,13860,18.82095238095238,6.114212560755082,0.8289009523809524,0.05558006611262937,9742,26.0,-1.2234408248729813,1.1722401121496153,0
19,17,1,11841.67619047619,1720.8730761271133,6468,13860,18.883809523809525,6.694589144191285,0.8283314285714286,0.06086250000282116,11880,16.0,0.022269850901235472,-0.43012471932124235,0
19,17,2,11808.798076923076,1732.7703917934075,6558,13860,19.81346153846154,8.562177584516547,0.8198749999999999,0.07783925027577762,9742,29.3,-1.192764003281434,1.1066661146490333,0
19,17,3,12055.25,1715.0000410427688,7128,13860,19.65673076923077,8.106197610088305,0.8213,0.07369351778214144,8316,28.3,-2.180307934364304,1.0649407081988473,0
19,17,4,12003.942307692309,1692.0786712351742,6468,13860,18.9125,6.713422108564825,0.8280615384615384,0.06102801729285929,11524,18.0,-0.28363898172190055,-0.13571957632075293,0
19,17,5,12067.288461538461,1780.6687937051295,3881,13860,18.940384615384616,6.876010347377084,0.8278192307692307,0.06251215505403428,11524,17.4,-0.3051018878076371,-0.22369769106887236,0
19,17,6,9137.23076923077,1186.3988444335184,4851,10395,35.26538461538461,7.1336039072129465,0.6794048076923077,0.06484827606575617,7306,39.8,-1.5435073480973063,0.6347797895172705,0
19,18,0,11499.495238095238,1798.4451945404314,4763,13230,19.85142857142857,7.087178486612208,0.8195304761904763,0.06442773549281862,9299,28.5,-1.2235474338061239,1.2185929161688265,0
19,18,1,11284.714285714286,1664.9629108498168,6174,13230,20.363809523809522,7.075161370944723,0.8148733333333333,0.06432481167819998,11340,21.2,0.033205173444831274,0.11801996206036748,0
19,18,2,11261.548076923076,1680.1778793937365,6260,13230,21.46826923076923,9.428733860814674,0.804835576923077,0.0857158467956593,9299,28.0,-1.1680527523095954,0.6920134485778375,0
19,18,3,11507.317307692309,1637.0420059993185,6804,13230,21.142307692307693,9.091163877209032,0.8078028846153846,0.08264674675315274,7938,34.6,-2.1803322647123005,1.4786781657006325,0
19,18,4,11458.317307692309,1615.1971069980336,6174,13230,20.56346153846154,7.490123693902701,0.8130586538461538,0.0680912089767677,11000,25.2,-0.28375141844448715,0.6181949326126155,0
19,18,5,11518.759615384615,1699.7852833859297,3704,13230,20.26153846153846,7.634214091484657,0.8158086538461539,0.06940123402078069,11000,23.4,-0.3051894663169468,0.410566933487336,0
19,18,6,8721.903846153846,1132.4746725064358,4630,9922,37.63653846153846,6.871102534334738,0.6578471153846154,0.062460988922921075,6974,43.9,-1.5434238436846592,0.9102409835064448,0
19,19,0,9856.67619047619,1541.626279760074,4082,11340,29.11809523809524,6.485053539788197,0.7352952380952381,0.058951851900435163,7970,44.1,-1.2238140832867623,2.30666378192678,0
19,19,1,9688.647619047619,1408.0893422604781,5292,11340,29.571428571428573,7.0172276232486235,0.7311695238095238,0.06379518628423535,9720,39.2,0.022265745044699796,1.3701806665144325,0
19,19,2,9642.759615384615,1433.0582918596895,5365,11340,30.71826923076923,9.42753418762562,0.7207432692307693,0.08570651861380023,7970,39.1,-1.167257432800972,0.8881271953664331,0
19,19,3,9830.990384615385,1422.696506434598,5832,11340,30.502884615384616,9.657699345431672,0.7226999999999999,0.0877977541345333,6804,35.9,-2.1276281305560585,0.5582626426178333,0
19,19,4,9821.35576923077,1384.485309141462,5292,11340,29.736538461538462,7.607189467256575,0.7296721153846154,0.06915014262174675,9428,34.2,-0.2841149165573504,0.5859722352513718,0
19,19,5,9873.14423076923,1457.0558053047307,3175,11340,29.827884615384615,8.711240999624994,0.7288346153846154,0.07918742271570336,9428,35.7,-0.30550729359552364,0.6733119042195811,0
19,19,6,7475.923076923077,970.7324098334827,3969,8505,46.95384615384615,6.406973189566952,0.5731480769230769,0.05824679828822334,5978,49.0,-1.5430695741211358,0.31886588672064153,0
19,20,0,7666.228571428572,1198.9636811810476,3175,8820,44.86952380952381,5.258200990422262,0.5920933333333334,0.04780630443351319,6199,50.3,-1.2237370965334953,1.030802773157088,0
19,20,1,7535.523809523809,1095.103561095392,4116,8820,45.067619047619054,6.380129840101748,0.5902952380952381,0.05799909213638333,7560,49.7,0.02235036743742668,0.7249275160748828,0
19,20,2,7514.6057692307695,1102.6739381825323,4173,8820,45.72980769230769,8.090073982976751,0.584275,0.07354543770871852,6199,49.8,-1.1930941620489908,0.5024882879151836,0
19,20,3,7671.403846153846,1091.4099059921,4536,8820,46.329807692307696,7.862172922891913,0.5788192307692308,0.0714758239756267,5292,42.3,-2.1800993669718434,-0.5119053826408215,0
19,20,4,7638.759615384615,1076.8015159540853,4116,8820,45.47115384615385,7.0688112055420405,0.5866240384615385,0.06426433351535873,7333,44.5,-0.28394905780117297,-0.13719165802776673,0
19,20,5,7679.067307692308,1133.1655742770608,2470,8820,45.58173076923077,6.620808099316584,0.5856288461538461,0.06018788329674905,7333,49.3,-0.30539601765868485,0.560756573720247,0
19,20,6,5814.625,755.0525756464192,3087,6615,59.114423076923075,6.782636573429928,0.4625961538461538,0.06165947028904494,4649,59.7,-1.5437462239498398,0.08620760388793221,0
19,21,0,5475.914285714286,856.3977117317286,2268,6300,60.84571428571429,6.033751680394158,0.4468580952380952,0.05485320406628034,4428,61.3,-1.2236161250758884,0.0751661779486087,0
19,21,1,5382.580952380952,782.21869828162,2940,6300,60.04,6.768657974017506,0.4541771428571429,0.06152936643640932,5400,67.3,0.022268484469201405,1.0710084544503453,0
19,21,2,5367.653846153846,787.6285627125245,2981,6300,61.48173076923077,9.10610340955185,0.4410788461538461,0.08278441492210667,4428,58.2,-1.1930013214662831,-0.359992709801007,0
19,21,3,5479.663461538462,779.5643494687648,3240,6300,61.65384615384615,8.009374641684508,0.4395096153846154,0.07281222227395613,3780,54.3,-2.180245492552038,-0.9170099268864493,0
19,21,4,5456.317307692308,769.112642960453,2940,6300,60.83173076923077,7.245048720052701,0.44698365384615385,0.06585903910003536,5238,62.5,-0.2838523994716577,0.2299459721280983,0
19,21,5,5485.115384615385,809.3954391077295,1764,6300,61.583653846153844,7.672509375166896,0.44014326923076924,0.06975169102508448,5238,73.4,-0.30530482336244147,1.5380841827595508,0
19,21,6,4153.211538461538,539.272769445641,2205,4725,71.28076923076922,7.875500624223889,0.3519913461538462,0.07159712815005449,3321,64.0,-1.5431821404511312,-0.9233109700610562,0
19,22,0,3833.190476190476,599.4454022619911,1588,4410,72.3047619047619,8.295971925166466,0.34268476190476194,0.07541814306935236,3100,69.4,-1.2230942842851156,-0.3497196873445586,0
19,22,1,3767.8380952380953,547.558973357235,2058,4410,71.4447619047619,9.30012387171827,0.35050095238095236,0.08454649550945566,3780,78.4,0.02221072660004465,0.7470618212037223,0
19,22,2,3757.403846153846,551.3491399828431,2087,4410,72.8,10.359761589639735,0.3381817307692308,0.09417716290327151,3100,76.2,-1.1923332696984092,0.32787639046561035,0
19,22,3,3835.8365384615386,545.6712640049105,2268,4410,74.27019230769231,9.457045247699078,0.32481730769230766,0.08597393874970145,2646,64.9,-2.180460677225728,-0.9897694647619529,0
19,22,4,3819.471153846154,538.3883529361464,2058,4410,72.66346153846153,8.909883872411893,0.33942115384615384,0.08099760594937049,3667,83.8,-0.28319394555101246,1.2485071129661691,0
19,22,5,3839.625,566.5601740550096,1235,4410,73.72692307692309,9.023111972259255,0.32975673076923073,0.08203114938131745,3667,87.5,-0.3046842349015701,1.524732225768276,0
19,22,6,2907.375,377.51816486869245,1544,3308,79.90576923076924,9.581766938042607,0.2740192307692308,0.0855946192811673,2325,80.6,-1.5426001400519482,0.072377777078519,0
19,23,0,2737.9904761904763,428.2432247261005,1134,3150,79.9152380952381,10.51582855428664,0.27349904761904764,0.09559779577362941,2214,71.6,-1.2235529026678242,-0.7899841853163876,0
19,23,1,2691.352380952381,391.158289348452,1470,3150,79.74000000000001,11.526454521931448,0.27513333333333334,0.10466539695865497,2700,82.7,0.02210715766869305,0.2565779628717703,0
19,23,2,2683.8846153846152,393.8758196620018,1490,3150,80.85096153846153,11.373662261612344,0.2649923076923077,0.10339513959422963,2214,76.5,-1.1929462598776188,-0.38221105286421925,0
19,23,3,2739.8653846153848,389.80971354075365,1620,3150,82.18173076923077,10.349276644888864,0.2533326923076923,0.09283482716324018,1890,53.6,-2.180149836179426,-2.7590469633159795,1
19,23,4,2728.1826923076924,384.59664318603024,1470,3150,81.34423076923076,10.915365734196774,0.2609442307692308,0.0979648875347377,2619,79.2,-0.2838814519771096,-0.19626169241357685,0
19,23,5,2742.596153846154,404.7244182679681,882,3150,81.93846153846154,10.554015549168883,0.25510673076923074,0.09594382586309139,2619,86.4,-0.30537594103084853,0.4223335757859118,0
19,23,6,2076.576923076923,269.6811023005012,1102,2362,86.21826923076924,10.686674075716796,0.2163173076923077,0.09686701968864697,1660,81.5,-1.5446446676344379,-0.441096849111303,0
20,0,0,547.6571428571428,85.6218012958315,227,630,56.034285714285716,7.8347209043048665,0.15193714285714285,0.11738720220602517,443,52.8,-1.222176122344836,-0.41228818128008515,0
20,0,1,538.2952380952381,78.2271008284808,294,630,55.08761904761904,7.853510915484467,0.16618952380952381,0.11764207280152918,540,58.3,0.0217896865644246,0.4085173896122253,0
20,0,2,536.7884615384615,78.75014847597934,298,630,56.603846153846156,8.162796530564911,0.14386923076923078,0.1216703512934378,443,41.2,-1.1908111316862944,-1.884770542890467,0
20,0,3,548.0,77.9273996207398,324,630,57.06442307692308,7.016927082658461,0.13752692307692307,0.10310332006252927,378,39.1,-2.1812377732289843,-2.5565119526082642,1
20,0,4,545.6923076923077,76.91011989456051,294,630,56.82403846153846,7.414096979263478,0.14096826923076924,0.10956239013866793,524,58.2,-0.28201084088328016,0.1853372258343062,0
20,0,5,548.5673076923077,80.96730305224996,176,630,57.58461538461539,8.181933320453274,0.13070673076923078,0.12010238533836723,524,60.5,-0.3033851062742343,0.35588480781522003,0
20,0,6,415.2692307692308,53.86502923195922,220,472,58.22403846153846,7.061828130321189,0.11966634615384615,0.1045766505808728,332,46.2,-1.545599732497864,-1.7002730043712688,0
20,1,0,438.0095238095238,68.60022079439902,181,504,57.49047619047619,7.832814650429648,0.1309657142857143,0.11612807404937696,354,55.0,-1.2244461952873045,-0.31754877572425516,0
20,1,1,430.54285714285714,62.64997829384924,235,504,56.235238095238095,8.33177399330166,0.15044857142857143,0.12281969986864558,432,66.0,0.02325476160092909,1.1705857666010715,0
20,1,2,429.36538461538464,63.07647657358496,238,504,57.27596153846154,8.238890668944274,0.13449615384615385,0.12196070903438647,354,56.7,-1.1946361361214617,-0.06982290850695058,0
20,1,3,438.3557692307692,62.44872355131806,259,504,58.76634615384615,7.167125740082964,0.11284807692307693,0.10460447091817682,302,41.8,-2.1831341000546547,-2.3639471800099785,0
20,1,4,436.49038461538464,61.56817914593366,235,504,57.44326923076923,7.942582354063628,0.13219423076923079,0.11711786016776572,419,59.4,-0.2840354303743589,0.24604973354735674,0
20,1,5,438.8076923076923,64.81580727178176,141,504,57.98173076923077,8.051554326491381,0.1241576923076923,0.11884328482510449,419,61.1,-0.30555257452712775,0.38680744487724483,0
20,1,6,332.2692307692308,43.13722307864194,176,378,58.99134615384616,7.258421430684633,0.10932499999999999,0.10628848246566683,266,52.0,-1.5358863454189322,-0.961879580115049,0
20,2,0,364.9809523809524,57.098258924079055,151,420,58.08095238095238,8.241231881848911,0.12380857142857143,0.1204796289150846,295,51.5,-1.2254086133843891,-0.7975721050124872,0
20,2,1,358.76190476190476,52.12070380921354,196,420,56.75333333333334,8.281003128879542,0.14235333333333333,0.12255412388839179,360,61.9,0.02374982779105355,0.6207531931497642,0
20,2,2,357.77884615384613,52.47763402100097,199,420,57.337500000000006,8.22293958611476,0.1348826923076923,0.12005014279422628,295,53.9,-1.1960692708825,-0.4175300892280945,0
20,2,3,365.21153846153845,51.990042563605364,216,420,59.010576923076925,7.3608900668702875,0.1097125,0.1070744371218054,252,44.8,-2.177143188355288,-1.9279322841821738,0
20,2,4,363.65384615384613,51.27060688829954,196,420,57.575,7.56863417671715,0.13047596153846153,0.11093256107141213,349,57.4,-0.28575804856922693,-0.02309123199766443,0
20,2,5,365.59615384615387,53.94594907828281,118,420,58.521153846153844,7.961529748563818,0.11755673076923076,0.1157308383472105,349,63.6,-0.30758709891424735,0.6371231512698278,0
20,2,6,276.91346153846155,36.0447700519173,147,315,59.7,7.216391804746443,0.10063653846153847,0.10364173828200206,221,54.4,-1.5507923489166233,-0.7334227292407334,0
20,3,0,292.0952380952381,45.638319722643466,121,336,57.77809523809523,8.13966996297928,0.1268647619047619,0.12059949290376258,236,53.5,-1.228856580835165,-0.5249409187769473,0
20,3,1,287.1047619047619,41.71190657573866,157,336,58.03619047619048,8.662764301767965,0.12406761904761904,0.1275511929619136,288,69.0,0.021457267146048092,1.264165511978058,0
20,3,2,286.25961538461536,42.004621842855755,159,336,58.32692307692308,8.609311179433387,0.12125673076923077,0.12500388092182996,236,57.9,-1.1962410508560033,-0.04953099708730397,0
20,3,3,292.21153846153845,41.521236367126846,173,336,59.53365384615385,7.149371763790038,0.10238942307692309,0.10335901416602553,202,45.7,-2.172137079283858,-1.9322440994222887,0
20,3,4,290.9807692307692,41.00698040725488,157,336,58.212500000000006,7.999619984906322,0.11997115384615385,0.11893217261991226,279,60.6,-0.2920929115652338,0.29807906049214633,0
20,3,5,292.52884615384613,43.17068331269312,94,336,58.896153846153844,8.149083253901278,0.11102884615384616,0.11988722667985031,279,59.3,-0.3133078292410736,0.049496510977879,0
20,3,6,221.44230769230768,28.690794478834775,118,252,59.02403846153846,7.597680984880907,0.1110721153846154,0.10887306000789039,177,51.1,-1.548469598117968,-1.0415839566993232,0
20,4,0,364.9809523809524,57.098258924079055,151,420,57.10571428571429,7.944989090511804,0.1361047619047619,0.11868693254893506,295,51.4,-1.2254086133843891,-0.7172497939085423,0
20,4,1,358.76190476190476,52.12070380921354,196,420,56.76952380952381,8.184120692037201,0.1422790476190476,0.12078591812920503,360,60.2,0.02374982779105355,0.4186509229489169,0
20,4,2,357.77884615384613,52.47763402100097,199,420,57.55480769230769,8.221400913005485,0.1324298076923077,0.11907642718289072,295,51.3,-1.1960692708825,-0.7598715891027972,0
20,4,3,365.21153846153845,51.990042563605364,216,420,58.62115384615385,7.24863124778691,0.11455288461538463,0.10642937305043607,252,38.3,-2.177143188355288,-2.7995848187424577,1
20,4,4,363.65384615384613,51.27060688829954,196,420,57.73461538461538,7.760914884898225,0.1268625,0.11558117576728305,349,62.3,-0.28575804856922693,0.5874964123280845,0
20,4,5,365.59615384615387,53.94594907828281,118,420,58.65384615384615,8.04850493355269,0.11506634615384616,0.11774675854427942,349,62.9,-0.30758709891424735,0.5269158337887716,0
20,4,6,276.91346153846155,36.0447700519173,147,315,58.962500000000006,7.612817340779802,0.1115375,0.10963370627216282,221,50.0,-1.5507923489166233,-1.17574639392883,0
20,5,0,730.1238095238095,114.26451222745739,302,840,55.37047619047619,7.641245918967611,0.1619047619047619,0.11444688420411152,590,54.6,-1.2262035233622393,-0.1006994414551701,0
20,5,1,717.6857142857143,104.35721882495297,392,840,54.220952380952376,7.92017500824143,0.1795961904761905,0.11809679368067397,720,61.4,0.022174450371886024,0.9052823691263814,0
20,5,2,715.6346153846154,105.07529040749573,397,840,55.525000000000006,7.728056940633261,0.16009903846153847,0.1149532859914475,590,45.6,-1.1955490144951233,-1.2826217325802944,0
20,5,3,730.5673076923077,103.9911090694615,432,840,56.41153846153846,6.8839944897151595,0.14629903846153847,0.10268264191440915,504,40.0,-2.1785085728363267,-2.3805557846067473,0
20,5,4,727.4903846153846,102.58645373133348,392,840,55.06153846153846,7.56278969041312,0.16678173076923075,0.11289276530899259,698,63.5,-0.28744058437546294,1.114313467485348,0
20,5,5,731.3076923076923,108.00045639269595,235,840,56.184615384615384,7.422188843547137,0.1495173076923077,0.11126428473125943,698,62.7,-0.30837470204361295,0.8766441155543946,0
20,5,6,553.8461538461538,71.88607076151467,294,630,56.84326923076923,7.211395572395702,0.13956923076923078,0.10806376495611242,443,48.6,-1.5417553792868575,-1.141506395561505,0
20,6,0,1460.3238095238096,228.39845813327122,605,1680,50.32666666666667,6.149410019647706,0.2374742857142857,0.09317812349367313,1181,47.5,-1.2229135987636255,-0.45891841225863744,0
20,6,1,1435.4380952380952,208.62899181826631,784,1680,49.92,6.9631364506786175,0.24370952380952382,0.10532953191313581,1440,52.9,0.02186506329496832,0.42735432198662726,0
20,6,2,1431.4423076923076,210.05319838994635,795,1680,50.39807692307692,7.008995340513917,0.23688749999999997,0.10501469956052062,1181,46.7,-1.192223624184777,-0.5268669864662073,0
20,6,3,1461.3365384615386,207.85901731501468,864,1680,51.646153846153844,6.931158340224716,0.21792115384615382,0.10400665930236505,1008,41.6,-2.180875939652568,-1.4473310294530184,0
20,6,4,1455.1057692307693,205.09779425705997,784,1680,50.885576923076925,6.701679520970274,0.22926826923076923,0.10091809354492556,1397,56.8,-0.28329381358343597,0.8812135708273587,0
20,6,5,1462.7788461538462,215.86709128898818,470,1680,51.03173076923077,6.715064421078793,0.22679038461538464,0.1017430988277531,1397,57.3,-0.30470507899233285,0.9320757153079748,0
20,6,6,1107.576923076923,143.71254293298782,588,1260,53.83076923076923,6.516462750693812,0.18475096153846152,0.09797393946657675,886,46.7,-1.541699155575307,-1.0925932627151165,0
20,7,0,3285.647619047619,513.8647678462687,1361,3780,38.84571428571429,4.228225409068218,0.41143047619047624,0.06406420025707615,2657,38.4,-1.2233479018290425,-0.10516530922603279,0
20,7,1,3229.6285714285714,469.3857946037823,1764,3780,38.360952380952384,5.015332170111646,0.41876952380952376,0.07599177982342961,3240,40.6,0.022095273734148303,0.44555216317131013,0
20,7,2,3220.6346153846152,472.6145221606422,1788,3780,38.80288461538461,5.214290608478199,0.4120826923076923,0.07900609714987739,2657,35.5,-1.1925632060052933,-0.6322168621371393,0
20,7,3,3287.8653846153848,467.7368577635613,1944,3780,39.93653846153846,5.275259303290498,0.39489711538461536,0.07992427660978989,2268,34.2,-2.1803789115584196,-1.0853844877520018,0
20,7,4,3273.875,461.50651758853746,1764,3780,39.23365384615385,5.013701819740244,0.4055490384615385,0.07596581499339132,3143,44.2,-0.28357598268385464,0.9885829876150858,0
20,7,5,3291.144230769231,485.6831125246536,1058,3780,39.24038461538461,4.660107903887797,0.40545384615384616,0.07060805521179322,3143,41.1,-0.30501612427479335,0.39819537854088677,0
20,7,6,2491.9903846153848,323.49398623459405,1323,2835,44.35192307692308,5.39048029578702,0.3280019230769231,0.08167109740664488,1993,39.0,-1.5424551345513684,-0.991008722149802,0
20,8,0,4366.104761904762,690.445952931447,1814,5040,31.374285714285715,3.4327054975583096,0.5246304761904762,0.05201100498158191,3542,37.3,-1.1935660173627105,1.721237639965722,0
20,8,1,4306.057142857143,625.8349473452895,2352,5040,31.366666666666667,3.534600039028099,0.5247495238095238,0.05354868044738058,4320,34.4,0.022278452837240132,0.8557618066734116,0
20,8,2,4294.086538461538,630.1668620228969,2385,5040,32.143269230769235,4.650895402319421,0.5129817307692307,0.07046516699818534,3542,30.8,-1.1934531141738614,-0.2881998231714828,0
20,8,3,4383.692307692308,623.6854303707589,2592,5040,32.622115384615384,4.330002729449784,0.5057221153846154,0.06560141479165045,3024,28.3,-2.1800581525569807,-0.9958784945656779,0
20,8,4,4365.009615384615,615.3419839310496,2352,5040,32.37980769230769,4.079486447017144,0.5093980769230769,0.06181398022782286,4190,36.5,-0.2844057059288284,1.0075084881862266,0
20,8,5,4388.0192307692305,647.6264652263201,1411,5040,31.904807692307692,4.145377114204375,0.5165884615384615,0.06281156795889445,4190,36.0,-0.3057567654101002,0.9855164032389898,0
20,8,6,3322.730769230769,431.4234113035147,1764,3780,38.93653846153846,4.267375849311031,0.4100519230769231,0.06465552481783558,2657,36.6,-1.543067253923052,-0.5462551208622017,0
20,9,0,3285.647619047619,513.8647678462687,1361,3780,38.95238095238095,4.201764630167426,0.40980952380952385,0.0636620230408654,2657,39.8,-1.2233479018290425,0.20125033615312776,0
20,9,1,3229.6285714285714,469.3857946037823,1764,3780,38.54190476190476,4.758025223693547,0.4160352380952381,0.07208995980044171,3240,41.9,0.022095273734148303,0.7042947720595094,0
20,9,2,3220.6346153846152,472.6145221606422,1788,3780,38.95673076923077,5.341552889059217,0.4097490384615385,0.08093217944037699,2657,35.5,-1.1925632060052933,-0.6459304132633634,0
20,9,3,3282.125,486.3328335615435,1456,3780,39.74423076923077,4.898817509845843,0.3978125,0.07422510590822608,2268,32.1,-2.085206011104241,-1.5572448464214403,0
20,9,4,3273.875,461.50651758853746,1764,3780,38.64807692307692,4.8888615381964415,0.41442115384615386,0.07407849375824718,3143,44.1,-0.28357598268385464,1.1128959319250842,0
20,9,5,3291.144230769231,485.6831125246536,1058,3780,39.573076923076925,4.897933599736062,0.40040769230769235,0.07421305159897795,3143,41.0,-0.30501612427479335,0.2907380566435967,0
20,9,6,2491.9903846153848,323.49398623459405,1323,2835,44.52596153846154,4.912674220677201,0.32536634615384613,0.07443696963643615,1993,43.8,-1.5424551345513684,-0.1474730006329103,0
20,10,0,2553.0095238095237,399.80809086836837,1058,2940,43.50571428571429,4.9995159106316835,0.34082666666666667,0.0757493897749814,2066,41.9,-1.2180777581919404,-0.3205328247997952,0
20,10,1,2511.8571428571427,365.08593373477026,1372,2940,43.11142857142857,5.683990917238761,0.3468,0.08612042552326184,2520,48.4,0.022303335618010046,0.9287987117366294,0
20,10,2,2504.875,367.60921862945605,1391,2940,43.708653846153844,5.9258215697970895,0.33784615384615385,0.08939450247326243,2066,43.6,-1.1938304031987148,-0.018304769588543525,0
20,10,3,2557.144230769231,363.83684645755625,1512,2940,44.43076923076923,5.544350346231965,0.3268048076923077,0.08400696732525204,1764,34.0,-2.1798848567504443,-1.8779458587529314,0
20,10,4,2546.25,358.974233058586,1372,2940,43.79615384615385,5.3423191043773075,0.33642115384615384,0.0809457815341249,2444,45.2,-0.2848314510328727,0.26228745455367947,0
20,10,5,2559.653846153846,377.7859045726843,823,2940,44.22596153846154,5.821520089619733,0.3299173076923077,0.08820316622710847,2444,47.3,-0.3061278450984254,0.5271418796979419,0
20,10,6,1938.2403846153845,251.66989841998262,1029,2205,48.41153846153846,5.47985379459679,0.2664894230769231,0.08302701855042528,1550,40.9,-1.5425959206623687,-1.3682583803837276,0
20,11,0,2190.295238095238,342.5694742510556,907,2520,45.8447619047619,5.619094865387762,0.3053847619047619,0.08514247875558174,1771,40.9,-1.223935669268854,-0.8784293075546317,0
20,11,1,2152.9714285714285,312.86094407846804,1176,2520,45.23809523809524,6.464301094835281,0.3145752380952381,0.09794134506560583,2160,52.6,0.022464762425521694,1.137096445480045,0
20,11,2,2146.971153846154,315.04135825673416,1192,2520,46.15673076923077,6.113803646962107,0.3006548076923077,0.09263461774005519,1771,44.4,-1.1933646498986885,-0.28686921895385215,0
20,11,3,2191.7596153846152,311.8338334954563,1296,2520,47.39423076923077,5.58569300918252,0.2819038461538461,0.08463516095867234,1512,36.1,-2.1798077831624645,-2.01837926968062,0
20,11,4,2182.451923076923,307.62699263589934,1176,2520,45.698076923076925,5.160115539634252,0.3076048076923077,0.0781865001877763,2095,50.3,-0.2842698543098349,0.8901006257296571,0
20,11,5,2193.9903846153848,323.7428109991588,706,2520,46.450961538461534,6.041217571489971,0.2961951923076923,0.09153489268362876,2095,52.9,-0.3057591509704049,1.0657422882830734,0
20,11,6,1661.2211538461538,215.7757266431153,882,1890,50.25096153846154,6.394657891701824,0.23872884615384615,0.09663066175334165,1328,42.5,-1.5442224053922862,-1.2102069571122682,0
20,12,0,2007.895238095238,314.0154921401639,832,2310,47.03523809523809,5.7041985372513935,0.28734666666666664,0.08642924414565792,1624,41.9,-1.2224970510479707,-0.8986803769174273,0
20,12,1,1973.6857142857143,286.82939563057727,1078,2310,46.48095238095238,6.23084904756004,0.29581523809523813,0.09417764901111132,1980,50.6,0.02201331410702701,0.6600139800942675,0
20,12,2,1968.2115384615386,288.79870616245034,1093,2310,47.34423076923077,6.051074315641229,0.2826634615384615,0.0916837198046731,1624,47.3,-1.1918322790031302,-0.007297513102030462,0
20,12,3,2009.2596153846155,285.825291032871,1188,2310,48.24038461538461,6.2437777839768875,0.2695201923076923,0.09323244922403451,1386,34.0,-2.1804851777835257,-2.2770851647256487,0
20,12,4,2000.7115384615386,282.00036745403736,1078,2310,47.10480769230769,5.929478436234124,0.28629038461538464,0.08984006773552891,1921,47.1,-0.2826546384842753,-0.0008094468831398894,0
20,12,5,2011.3076923076924,296.75471473416036,647,2310,47.3875,5.959779228008527,0.2820076923076923,0.09030210535483686,1921,50.3,-0.30430737828312693,0.4878739880924512,0
20,12,6,1522.875,197.71960569384157,808,1732,50.90865384615385,6.189485455925337,0.22899038461538462,0.09288449087178563,1218,45.2,-1.5418783592380145,-0.9208270406857126,0
20,13,0,2007.895238095238,314.0154921401639,832,2310,46.584761904761905,5.3543975627584155,0.29417142857142853,0.08112483224385371,1624,42.3,-1.2224970510479707,-0.7987405584008672,0
20,13,1,1973.6857142857143,286.82939563057727,1078,2310,46.35047619047619,6.774998209047785,0.2977228571428571,0.10265423410760893,1980,57.5,0.02201331410702701,1.6432611278593903,0
20,13,2,1968.2115384615386,288.79870616245034,1093,2310,47.00865384615384,6.439985988299945,0.2877461538461538,0.09757969700002599,1624,38.4,-1.1918322790031302,-1.3346779143039453,0
20,13,3,2009.2596153846155,285.825291032871,1188,2310,48.70576923076923,5.948171407404094,0.2621326923076923,0.08981875108823346,1386,36.2,-2.1804851777835257,-2.0989274016569195,0
20,13,4,2000.7115384615386,282.00036745403736,1078,2310,47.589423076923076,5.6994961158516375,0.27895,0.08635452102218433,1921,52.9,-0.2826546384842753,0.93013057813155,0
20,13,5,2011.3076923076924,296.75471473416036,647,2310,47.39134615384615,6.014014548187451,0.28195000000000003,0.09112420734935668,1921,49.8,-0.30430737828312693,0.39984197031505836,0
20,13,6,1522.875,197.71960569384157,808,1732,50.91923076923077,5.911648480081828,0.22849903846153846,0.08956669315844094,1218,46.8,-1.5418783592380145,-0.6956223056951624,0
20,14,0,2190.295238095238,342.5694742510556,907,2520,45.58666666666667,5.193395707469149,0.30929238095238093,0.07868968471059902,1771,44.0,-1.223935669268854,-0.3049290801368638,0
20,14,1,2152.9714285714285,312.86094407846804,1176,2520,45.29904761904761,5.964824699824272,0.3136495238095238,0.09037824164184133,2160,49.1,0.022464762425521694,0.6361613221998261,0
20,14,2,2146.971153846154,315.04135825673416,1192,2520,45.66442307692308,5.958153722457416,0.30811538461538457,0.09027921388694525,1771,41.0,-1.1933646498986885,-0.7815521003374022,0
20,14,3,2191.7596153846152,311.8338334954563,1296,2520,46.829807692307696,5.663970267044105,0.29046153846153844,0.08582552781541529,1512,35.9,-2.1798077831624645,-1.9263068324116648,0
20,14,4,2182.451923076923,307.62699263589934,1176,2520,46.18653846153846,5.987949998369421,0.30020288461538464,0.09072578171240168,2095,50.5,-0.2842698543098349,0.7191559682281745,0
20,14,5,2193.9903846153848,323.7428109991588,706,2520,46.17307692307692,5.559933483733411,0.3004057692307692,0.08424340696385842,2095,46.7,-0.3057591509704049,0.09460132306102469,0
20,14,6,1661.2211538461538,215.7757266431153,882,1890,50.09423076923077,5.9691086147737655,0.24099807692307693,0.09043989795381756,1328,45.0,-1.5442224053922862,-0.8520050558445195,0
20,15,0,2920.504761904762,456.7053233551721,1210,3360,40.97333333333333,4.400770620162115,0.3791904761904762,0.06667654201125577,2362,40.0,-1.2228728342237634,-0.22067194537029788,0
20,15,1,2870.714285714286,417.1406955573982,1568,3360,40.67809523809524,4.980017395559304,0.3836647619047619,0.0754563589879714,2880,45.8,0.02225985569389167,1.026430241798921,0
20,15,2,2862.7596153846152,420.0211389777901,1590,3360,41.29038461538461,5.154346252196104,0.37438653846153847,0.07809412177534608,2362,37.4,-1.1921964085883971,-0.7533159911054088,0
20,15,3,2922.5096153846152,415.73124242239027,1728,3360,42.22692307692308,5.040173189527633,0.3601942307692308,0.07636516491827129,2016,32.2,-2.180465931411269,-1.985461230857499,0
20,15,4,2910.076923076923,410.1795413734264,1568,3360,41.80480769230769,5.192271699319278,0.3667076923076923,0.07810943989331953,2794,40.6,-0.28298362432222357,-0.23159261221695504,0
20,15,5,2925.451923076923,431.61318262275245,941,3360,41.40096153846154,4.752771193516875,0.37271249999999995,0.07201181360404477,2794,47.0,-0.3045525086909304,1.1755841786311134,0
20,15,6,2215.028846153846,287.6340196445966,1176,2520,46.24230769230769,5.196651130523139,0.2993605769230769,0.07873272400209548,1771,41.7,-1.5436748752936824,-0.8724048488056274,0
20,16,0,3650.638095238095,570.9643853201612,1512,4200,36.49333333333333,3.8831308409845184,0.4470685714285714,0.05883720093857044,2952,40.1,-1.223589206801894,0.9264180460358208,0
20,16,1,3588.3809523809523,521.5137799815291,1960,4200,36.172380952380955,4.864243463156881,0.4519361904761905,0.0737006616239605,3600,41.2,0.02227903705456963,1.0314665415508053,0
20,16,2,3578.394230769231,525.098519064446,1987,4200,36.51153846153846,5.247621887506235,0.4467951923076923,0.07951281313341796,2952,41.4,-1.192885295186678,0.9297856793540185,0
20,16,3,3653.0673076923076,519.7301627071807,2160,4200,37.65,4.730298949890988,0.42954807692307695,0.07167666744806185,2520,31.3,-2.1800649420481144,-1.339577960614916,0
20,16,4,3637.548076923077,512.786597673484,1960,4200,36.61346153846154,4.122329855239577,0.44525,0.062465813562921524,3492,40.1,-0.2838319863731873,0.8437222060377662,0
20,16,5,3656.730769230769,539.6371889919116,1176,4200,36.92115384615385,4.154718292809564,0.44058653846153845,0.06294393106411714,3492,42.4,-0.30525642047444834,1.3155382353964835,0
20,16,6,2768.903846153846,359.53272044758637,1470,3150,42.90384615384615,4.464746985664974,0.34993846153846153,0.06764483391133214,2214,40.5,-1.5433599808753167,-0.5372026980624754,0
20,17,0,4380.72380952381,685.1904352811214,1814,5040,31.394285714285715,2.9672516606419497,0.5243304761904762,0.044955950927652776,3542,33.2,-1.2240561539919361,0.6065037462519857,0
20,17,1,4306.057142857143,625.8349473452895,2352,5040,31.58857142857143,4.104273436256461,0.5213838095238095,0.06218233134501983,4320,33.9,0.022278452837240132,0.5618072321249789,0
20,17,2,4282.0,655.6909347716711,2108,5040,31.84807692307692,4.606832847763123,0.5174528846153846,0.06979728756063165,3542,30.8,-1.128563283591602,-0.22701210064053284,0
20,17,3,4383.692307692308,623.6854303707589,2592,5040,32.340384615384615,4.155766124752993,0.5099942307692308,0.06297292811304468,3024,26.9,-2.1800581525569807,-1.3059745680531216,0
20,17,4,4365.009615384615,615.3419839310496,2352,5040,31.915384615384614,3.9728879528104324,0.5164375,0.06019267798503162,4190,33.9,-0.2844057059288284,0.4982855174760784,0
20,17,5,4388.0192307692305,647.6264652263201,1411,5040,32.17403846153846,4.276397067859988,0.5125153846153846,0.0647927956099861,4190,36.3,-0.3057567654101002,0.9625710061717293,0
20,17,6,3322.730769230769,431.4234113035147,1764,3780,39.47115384615385,4.539463915078051,0.40195288461538464,0.06877845671504315,2657,42.3,-1.543067253923052,0.6217976901565596,0
20,18,0,4006.5619047619048,648.9464231146209,1663,4620,33.66285714285714,3.7633673838643604,0.48995809523809525,0.05702055260530118,3247,35.1,-1.1704359148129557,0.38086481143828105,0
20,18,1,3947.1428571428573,573.5898331589366,2156,4620,33.88,4.54182274490692,0.48667333333333335,0.06881219182375857,3960,39.5,0.022414830189778186,1.2346702222287262,0
20,18,2,3936.2115384615386,577.5754760593484,2186,4620,34.46923076923077,4.528873430354427,0.4777394230769231,0.06861629829637371,3247,40.0,-1.1932632779545869,1.2185334787661946,0
20,18,3,4016.028846153846,577.2173028364633,2376,4620,34.92596153846154,4.725062185696662,0.47082115384615386,0.07158808502189673,2532,26.4,-2.5709609349062488,-1.800601809246806,1
20,18,4,4001.2115384615386,564.0149704182173,2156,4620,34.183653846153845,4.157181424183613,0.48206730769230766,0.0629887390803589,3841,38.5,-0.28405043546696834,1.0357951129261824,0
20,18,5,4022.3365384615386,593.5284423309995,1294,4620,34.51346153846154,4.414562347158886,0.4770692307692308,0.0668885090003937,3841,40.0,-0.305517765200476,1.2400183410369372,0
20,18,6,3045.721153846154,395.5174675295464,1617,3465,41.53846153846154,4.917835732287982,0.3706269230769231,0.07450781314444038,2435,37.9,-1.544067615988091,-0.7383487876070521,0
20,19,0,3285.647619047619,513.8647678462687,1361,3780,39.07809523809524,4.064290574683098,0.40790666666666664,0.06158165665112816,2657,33.7,-1.2233479018290425,-1.320007775467401,0
20,19,1,3220.095238095238,475.56570612533744,1764,3780,38.16380952380952,4.627242155255112,0.4217619047619048,0.07010989365734832,3240,41.5,0.041854034275493564,0.719434173263903,0
20,19,2,3220.6346153846152,472.6145221606422,1788,3780,39.30096153846154,5.051876421404934,0.4045307692307692,0.07654446271428178,2657,34.6,-1.1925632060052933,-0.9286993887450101,0
20,19,3,3287.8653846153848,467.7368577635613,1944,3780,40.200961538461534,4.662669246618371,0.39089615384615384,0.07064263258444958,2268,34.8,-2.1803789115584196,-1.1558621536010139,0
20,19,4,3273.875,461.50651758853746,1764,3780,39.36730769230769,4.671987213784463,0.40352788461538464,0.07078867148785661,3143,45.7,-0.28357598268385464,1.352565058069345,0
20,19,5,3291.144230769231,485.6831125246536,1058,3780,39.27884615384615,5.170466412961008,0.40486634615384615,0.0783424404945129,3143,42.8,-0.30501612427479335,0.6796982289749568,0
20,19,6,2491.9903846153848,323.49398623459405,1323,2835,44.64711538461539,5.02927269405998,0.323525,0.0761967480767764,1993,42.7,-1.5424551345513684,-0.38638817599820313,0
20,20,0,2372.942857142857,371.08320725047184,983,2730,44.740952380952386,5.631602027127041,0.32210666666666665,0.08532986814378596,1919,41.3,-1.2232583304508329,-0.609924692384705,0
20,20,1,2332.447619047619,338.9565430777788,1274,2730,44.40761904761905,5.696282445563394,0.32715714285714287,0.08630895405142246,2340,45.4,0.022280608828842852,0.1739102404845942,0
20,20,2,2325.980769230769,341.3003967059451,1292,2730,44.497115384615384,5.929643430245879,0.32579807692307694,0.08984369920883713,1919,40.5,-1.192406598681499,-0.6729554444735276,0
20,20,3,2374.576923076923,337.7732246744041,1404,2730,45.53076923076923,5.487568951254483,0.31013846153846153,0.0831495147750057,1638,31.3,-2.180620200387168,-2.5885567524390813,1
20,20,4,2364.451923076923,333.29799138942764,1274,2730,45.55576923076923,5.624199221068488,0.3097605769230769,0.08521590103939049,2270,51.1,-0.2833773132266964,0.9840317233545296,0
20,20,5,2376.8846153846152,350.77258164352054,764,2730,44.916346153846156,5.7734933406683995,0.3194461538461538,0.08747639451139926,2270,46.2,-0.3047033147536263,0.22195129665447053,0
20,20,6,1799.7788461538462,233.72047684305093,956,2048,49.138461538461534,5.469816696886237,0.2554759615384615,0.08287717956271409,1439,44.4,-1.5435678351698556,-0.864711686643468,0
20,21,0,1642.7333333333333,256.94728831875034,680,1890,49.11047619047619,6.6712056892278,0.2559019047619048,0.10107156259585462,1328,47.2,-1.2248468817234444,-0.2859478183041836,0
20,21,1,1614.7047619047619,234.67677951278185,882,1890,48.90857142857143,6.80699745010341,0.2589571428571429,0.1031391208114469,1620,51.7,0.022563001231817245,0.4094806535957016,0
20,21,2,1610.201923076923,236.2983296148962,894,1890,49.715384615384615,7.213778203350838,0.24673653846153845,0.10929873115714389,1328,45.4,-1.194210646475383,-0.5973860899249194,0
20,21,3,1643.826923076923,233.87580482735825,972,1890,50.37884615384615,6.480346285199701,0.23712403846153846,0.09701461654982298,1134,36.0,-2.179811311991549,-2.215420490989061,0
20,21,4,1636.826923076923,230.74545477468996,882,1890,49.52596153846154,6.567469036996247,0.2500451923076923,0.09828604665441046,1571,52.0,-0.2852670292938324,0.37613836684334884,0
20,21,5,1645.4326923076924,242.879080723053,529,1890,49.95384615384615,6.621719529661432,0.24312403846153846,0.10032631080550687,1571,59.3,-0.30644725603190875,1.4093107834780514,0
20,21,6,1246.076923076923,161.86250261733701,662,1418,53.02019230769231,6.538985102923153,0.19668750000000002,0.09901733464742227,996,44.1,-1.5449005793658444,-1.3620724688640329,0
20,22,0,1095.1904761904761,171.2339321624354,454,1260,53.36761904761905,7.287759696363579,0.19180285714285714,0.10963163536373739,886,51.4,-1.2215935101983417,-0.2696195996422715,0
20,22,1,1076.5047619047618,156.4001354889195,588,1260,52.05714285714286,7.211353990314607,0.2112733333333333,0.10923038661001967,1080,58.4,0.0223466214917113,0.87834735028421,0
20,22,2,1073.5576923076924,157.4865583367634,596,1260,51.74038461538461,7.188036436454663,0.21605096153846154,0.10890997974651755,886,48.5,-1.1908685134988883,-0.4501761895749224,0
20,22,3,1095.9615384615386,155.88730825593237,648,1260,54.54711538461538,6.648351233387078,0.1743730769230769,0.09905807772845263,756,39.6,-2.180676127540528,-2.2448673644108497,0
20,22,4,1091.2884615384614,153.791857390279,588,1260,53.38269230769231,6.582448600202603,0.1911673076923077,0.09973749082554789,1048,59.6,-0.28145603878251646,0.9430953609735567,0
20,22,5,1097.0576923076924,161.8160784385308,353,1260,53.37307692307692,7.240356569683661,0.19175192307692307,0.10883624287550617,1048,47.4,-0.30315072070616117,-0.8238321613108656,0
20,22,6,830.6442307692307,107.86875504939975,441,945,56.05673076923077,7.032073047422558,0.15207115384615386,0.10423196654165724,664,50.0,-1.5447363171082307,-0.8600778106736011,0
20,23,0,730.1238095238095,114.26451222745739,302,840,55.40952380952381,7.632339138992762,0.16058380952380952,0.11546998454794144,590,50.3,-1.2262035233622393,-0.668581139438577,0
20,23,1,717.6857142857143,104.35721882495297,392,840,54.76952380952381,7.878746041987849,0.17020380952380953,0.11931269753484033,720,65.8,0.022174450371886024,1.3982546949498031,0
20,23,2,715.6346153846154,105.07529040749573,397,840,55.40096153846154,7.879338782473551,0.1617903846153846,0.11758061437805356,590,47.5,-1.1955490144951233,-1.001473223080977,0
20,23,3,730.5673076923077,103.9911090694615,432,840,56.284615384615385,6.9762533304236065,0.14893653846153845,0.10289420625625773,504,38.3,-2.1785085728363267,-2.5742861780142325,1
20,23,4,727.4903846153846,102.58645373133348,392,840,55.57211538461539,6.913536134965212,0.15887307692307692,0.10321596665712575,698,56.2,-0.28744058437546294,0.09068842902598225,0
20,23,5,731.3076923076923,108.00045639269595,235,840,55.93942307692308,7.412917330798226,0.15344903846153846,0.11074613144545699,698,60.1,-0.30837470204361295,0.560504278528657,0
20,23,6,553.8461538461538,71.88607076151467,294,630,57.392307692307696,7.123946930288806,0.13196057692307692,0.10572090884330411,443,53.2,-1.5417553792868575,-0.5876561366763594,0
