section_id,road_type,lanes,speed_limit,hour,day_of_week,change_type,change_value,base_flow,base_speed,result_flow,result_speed
1,1,6,70,0,0,add_lane,0,664,57.6,664,57.6
1,1,6,70,0,0,add_lane,1,664,57.6,744,63.4
1,1,6,70,0,0,add_lane,2,664,57.6,823,69.1
1,1,6,70,0,0,change_speed,-10,664,57.6,617,44.4
1,1,6,70,0,0,change_speed,0,664,57.6,664,51.8
1,1,6,70,0,0,change_speed,10,664,57.6,711,59.2
1,1,6,70,0,1,add_lane,0,1350,70.3,1350,70.3
1,1,6,70,0,1,add_lane,1,1350,70.3,1512,77.3
1,1,6,70,0,1,add_lane,2,1350,70.3,1674,84.4
1,1,6,70,0,1,change_speed,-10,1350,70.3,1254,54.2
1,1,6,70,0,1,change_speed,0,1350,70.3,1350,63.3
1,1,6,70,0,1,change_speed,10,1350,70.3,1446,72.3
1,1,6,70,0,2,add_lane,0,1310,61.3,1310,61.3
1,1,6,70,0,2,add_lane,1,1310,61.3,1467,67.4
1,1,6,70,0,2,add_lane,2,1310,61.3,1624,73.6
1,1,6,70,0,2,change_speed,-10,1310,61.3,1216,47.3
1,1,6,70,0,2,change_speed,0,1310,61.3,1310,55.2
1,1,6,70,0,2,change_speed,10,1310,61.3,1404,63.1
1,1,6,70,0,3,add_lane,0,1310,68.7,1310,68.7
1,1,6,70,0,3,add_lane,1,1310,68.7,1467,75.6
1,1,6,70,0,3,add_lane,2,1310,68.7,1624,82.4
1,1,6,70,0,3,change_speed,-10,1310,68.7,1216,53.0
1,1,6,70,0,3,change_speed,0,1310,68.7,1310,61.8
1,1,6,70,0,3,change_speed,10,1310,68.7,1404,70.7
1,1,6,70,0,4,add_lane,0,1310,64.5,1310,64.5
1,1,6,70,0,4,add_lane,1,1310,64.5,1467,71.0
1,1,6,70,0,4,add_lane,2,1310,64.5,1624,77.4
1,1,6,70,0,4,change_speed,-10,1310,64.5,1216,49.8
1,1,6,70,0,4,change_speed,0,1310,64.5,1310,58.1
1,1,6,70,0,4,change_speed,10,1310,64.5,1404,66.3
1,1,6,70,0,5,add_lane,0,945,44.9,945,44.9
1,1,6,70,0,5,add_lane,1,945,44.9,1058,49.4
1,1,6,70,0,5,add_lane,2,945,44.9,1172,53.9
1,1,6,70,0,5,change_speed,-10,945,44.9,878,34.6
1,1,6,70,0,5,change_speed,0,945,44.9,945,40.4
1,1,6,70,0,5,change_speed,10,945,44.9,1012,46.2
1,1,6,70,0,6,add_lane,0,830,60.5,830,60.5
1,1,6,70,0,6,add_lane,1,830,60.5,930,66.6
1,1,6,70,0,6,add_lane,2,830,60.5,1029,72.6
1,1,6,70,0,6,change_speed,-10,830,60.5,771,46.7
1,1,6,70,0,6,change_speed,0,830,60.5,830,54.5
1,1,6,70,0,6,change_speed,10,830,60.5,889,62.2
1,1,6,70,1,0,add_lane,0,531,61.7,531,61.7
1,1,6,70,1,0,add_lane,1,531,61.7,595,67.9
1,1,6,70,1,0,add_lane,2,531,61.7,658,74.0
1,1,6,70,1,0,change_speed,-10,531,61.7,493,47.6
1,1,6,70,1,0,change_speed,0,531,61.7,531,55.5
1,1,6,70,1,0,change_speed,10,531,61.7,569,63.5
1,1,6,70,1,1,add_lane,0,1080,76.4,1080,76.4
1,1,6,70,1,1,add_lane,1,1080,76.4,1210,84.0
1,1,6,70,1,1,add_lane,2,1080,76.4,1339,91.7
1,1,6,70,1,1,change_speed,-10,1080,76.4,1003,58.9
1,1,6,70,1,1,change_speed,0,1080,76.4,1080,68.8
1,1,6,70,1,1,change_speed,10,1080,76.4,1157,78.6
1,1,6,70,1,2,add_lane,0,1048,68.2,1048,68.2
1,1,6,70,1,2,add_lane,1,1048,68.2,1174,75.0
1,1,6,70,1,2,add_lane,2,1048,68.2,1300,81.8
1,1,6,70,1,2,change_speed,-10,1048,68.2,973,52.6
1,1,6,70,1,2,change_speed,0,1048,68.2,1048,61.4
1,1,6,70,1,2,change_speed,10,1048,68.2,1123,70.1
1,1,6,70,1,3,add_lane,0,1048,62.0,1048,62.0
1,1,6,70,1,3,add_lane,1,1048,62.0,1174,68.2
1,1,6,70,1,3,add_lane,2,1048,62.0,1300,74.4
1,1,6,70,1,3,change_speed,-10,1048,62.0,973,47.8
1,1,6,70,1,3,change_speed,0,1048,62.0,1048,55.8
1,1,6,70,1,3,change_speed,10,1048,62.0,1123,63.8
1,1,6,70,1,4,add_lane,0,1048,65.2,1048,65.2
1,1,6,70,1,4,add_lane,1,1048,65.2,1174,71.7
1,1,6,70,1,4,add_lane,2,1048,65.2,1300,78.2
1,1,6,70,1,4,change_speed,-10,1048,65.2,973,50.3
1,1,6,70,1,4,change_speed,0,1048,65.2,1048,58.7
1,1,6,70,1,4,change_speed,10,1048,65.2,1123,67.1
1,1,6,70,1,5,add_lane,0,756,48.2,756,48.2
1,1,6,70,1,5,add_lane,1,756,48.2,847,53.0
1,1,6,70,1,5,add_lane,2,756,48.2,937,57.8
1,1,6,70,1,5,change_speed,-10,756,48.2,702,37.2
1,1,6,70,1,5,change_speed,0,756,48.2,756,43.4
1,1,6,70,1,5,change_speed,10,756,48.2,810,49.6
1,1,6,70,1,6,add_lane,0,664,60.5,664,60.5
1,1,6,70,1,6,add_lane,1,664,60.5,744,66.6
1,1,6,70,1,6,add_lane,2,664,60.5,823,72.6
1,1,6,70,1,6,change_speed,-10,664,60.5,617,46.7
1,1,6,70,1,6,change_speed,0,664,60.5,664,54.5
1,1,6,70,1,6,change_speed,10,664,60.5,711,62.2
1,1,6,70,2,0,add_lane,0,478,69.1,478,69.1
1,1,6,70,2,0,add_lane,1,478,69.1,535,76.0
1,1,6,70,2,0,add_lane,2,478,69.1,593,82.9
1,1,6,70,2,0,change_speed,-10,478,69.1,444,53.3
1,1,6,70,2,0,change_speed,0,478,69.1,478,62.2
1,1,6,70,2,0,change_speed,10,478,69.1,512,71.1
1,1,6,70,2,1,add_lane,0,972,80.5,972,80.5
1,1,6,70,2,1,add_lane,1,972,80.5,1089,88.6
1,1,6,70,2,1,add_lane,2,972,80.5,1205,96.6
1,1,6,70,2,1,change_speed,-10,972,80.5,903,62.1
1,1,6,70,2,1,change_speed,0,972,80.5,972,72.5
1,1,6,70,2,1,change_speed,10,972,80.5,1041,82.8
1,1,6,70,2,2,add_lane,0,943,68.0,943,68.0
1,1,6,70,2,2,add_lane,1,943,68.0,1056,74.8
1,1,6,70,2,2,add_lane,2,943,68.0,1169,81.6
1,1,6,70,2,2,change_speed,-10,943,68.0,876,52.5
1,1,6,70,2,2,change_speed,0,943,68.0,943,61.2
1,1,6,70,2,2,change_speed,10,943,68.0,1010,69.9
1,1,6,70,2,3,add_lane,0,943,67.0,943,67.0
1,1,6,70,2,3,add_lane,1,943,67.0,1056,73.7
1,1,6,70,2,3,add_lane,2,943,67.0,1169,80.4
1,1,6,70,2,3,change_speed,-10,943,67.0,876,51.7
1,1,6,70,2,3,change_speed,0,943,67.0,943,60.3
1,1,6,70,2,3,change_speed,10,943,67.0,1010,68.9
1,1,6,70,2,4,add_lane,0,943,72.5,943,72.5
1,1,6,70,2,4,add_lane,1,943,72.5,1056,79.8
1,1,6,70,2,4,add_lane,2,943,72.5,1169,87.0
1,1,6,70,2,4,change_speed,-10,943,72.5,876,55.9
1,1,6,70,2,4,change_speed,0,943,72.5,943,65.2
1,1,6,70,2,4,change_speed,10,943,72.5,1010,74.6
1,1,6,70,2,5,add_lane,0,680,49.4,680,49.4
1,1,6,70,2,5,add_lane,1,680,49.4,762,54.3
1,1,6,70,2,5,add_lane,2,680,49.4,843,59.3
1,1,6,70,2,5,change_speed,-10,680,49.4,631,38.1
1,1,6,70,2,5,change_speed,0,680,49.4,680,44.5
1,1,6,70,2,5,change_speed,10,680,49.4,729,50.8
1,1,6,70,2,6,add_lane,0,598,59.5,598,59.5
1,1,6,70,2,6,add_lane,1,598,59.5,670,65.5
1,1,6,70,2,6,add_lane,2,598,59.5,742,71.4
1,1,6,70,2,6,change_speed,-10,598,59.5,555,45.9
1,1,6,70,2,6,change_speed,0,598,59.5,598,53.6
1,1,6,70,2,6,change_speed,10,598,59.5,641,61.2
1,1,6,70,3,0,add_lane,0,399,65.8,399,65.8
1,1,6,70,3,0,add_lane,1,399,65.8,447,72.4
1,1,6,70,3,0,add_lane,2,399,65.8,495,79.0
1,1,6,70,3,0,change_speed,-10,399,65.8,370,50.8
1,1,6,70,3,0,change_speed,0,399,65.8,399,59.2
1,1,6,70,3,0,change_speed,10,399,65.8,428,67.7
1,1,6,70,3,1,add_lane,0,810,76.3,810,76.3
1,1,6,70,3,1,add_lane,1,810,76.3,907,83.9
1,1,6,70,3,1,add_lane,2,810,76.3,1004,91.6
1,1,6,70,3,1,change_speed,-10,810,76.3,752,58.9
1,1,6,70,3,1,change_speed,0,810,76.3,810,68.7
1,1,6,70,3,1,change_speed,10,810,76.3,868,78.5
1,1,6,70,3,2,add_lane,0,786,75.0,786,75.0
1,1,6,70,3,2,add_lane,1,786,75.0,880,82.5
1,1,6,70,3,2,add_lane,2,786,75.0,975,90.0
1,1,6,70,3,2,change_speed,-10,786,75.0,730,57.9
1,1,6,70,3,2,change_speed,0,786,75.0,786,67.5
1,1,6,70,3,2,change_speed,10,786,75.0,842,77.1
1,1,6,70,3,3,add_lane,0,786,71.6,786,71.6
1,1,6,70,3,3,add_lane,1,786,71.6,880,78.8
1,1,6,70,3,3,add_lane,2,786,71.6,975,85.9
1,1,6,70,3,3,change_speed,-10,786,71.6,730,55.2
1,1,6,70,3,3,change_speed,0,786,71.6,786,64.4
1,1,6,70,3,3,change_speed,10,786,71.6,842,73.6
1,1,6,70,3,4,add_lane,0,786,72.0,786,72.0
1,1,6,70,3,4,add_lane,1,786,72.0,880,79.2
1,1,6,70,3,4,add_lane,2,786,72.0,975,86.4
1,1,6,70,3,4,change_speed,-10,786,72.0,730,55.5
1,1,6,70,3,4,change_speed,0,786,72.0,786,64.8
1,1,6,70,3,4,change_speed,10,786,72.0,842,74.1
1,1,6,70,3,5,add_lane,0,567,47.7,567,47.7
1,1,6,70,3,5,add_lane,1,567,47.7,635,52.5
1,1,6,70,3,5,add_lane,2,567,47.7,703,57.2
1,1,6,70,3,5,change_speed,-10,567,47.7,526,36.8
1,1,6,70,3,5,change_speed,0,567,47.7,567,42.9
1,1,6,70,3,5,change_speed,10,567,47.7,608,49.1
1,1,6,70,3,6,add_lane,0,498,62.6,498,62.6
1,1,6,70,3,6,add_lane,1,498,62.6,558,68.9
1,1,6,70,3,6,add_lane,2,498,62.6,618,75.1
1,1,6,70,3,6,change_speed,-10,498,62.6,462,48.3
1,1,6,70,3,6,change_speed,0,498,62.6,498,56.3
1,1,6,70,3,6,change_speed,10,498,62.6,534,64.4
1,1,6,70,4,0,add_lane,0,531,65.3,531,65.3
1,1,6,70,4,0,add_lane,1,531,65.3,595,71.8
1,1,6,70,4,0,add_lane,2,531,65.3,658,78.4
1,1,6,70,4,0,change_speed,-10,531,65.3,493,50.4
1,1,6,70,4,0,change_speed,0,531,65.3,531,58.8
1,1,6,70,4,0,change_speed,10,531,65.3,569,67.2
1,1,6,70,4,1,add_lane,0,1080,79.1,1080,79.1
1,1,6,70,4,1,add_lane,1,1080,79.1,1210,87.0
1,1,6,70,4,1,add_lane,2,1080,79.1,1339,94.9
1,1,6,70,4,1,change_speed,-10,1080,79.1,1003,61.0
1,1,6,70,4,1,change_speed,0,1080,79.1,1080,71.2
1,1,6,70,4,1,change_speed,10,1080,79.1,1157,81.4
1,1,6,70,4,2,add_lane,0,1048,63.2,1048,63.2
1,1,6,70,4,2,add_lane,1,1048,63.2,1174,69.5
1,1,6,70,4,2,add_lane,2,1048,63.2,1300,75.8
1,1,6,70,4,2,change_speed,-10,1048,63.2,973,48.8
1,1,6,70,4,2,change_speed,0,1048,63.2,1048,56.9
1,1,6,70,4,2,change_speed,10,1048,63.2,1123,65.0
1,1,6,70,4,3,add_lane,0,1048,69.4,1048,69.4
1,1,6,70,4,3,add_lane,1,1048,69.4,1174,76.3
1,1,6,70,4,3,add_lane,2,1048,69.4,1300,83.3
1,1,6,70,4,3,change_speed,-10,1048,69.4,973,53.5
1,1,6,70,4,3,change_speed,0,1048,69.4,1048,62.5
1,1,6,70,4,3,change_speed,10,1048,69.4,1123,71.4
1,1,6,70,4,4,add_lane,0,1048,64.5,1048,64.5
1,1,6,70,4,4,add_lane,1,1048,64.5,1174,71.0
1,1,6,70,4,4,add_lane,2,1048,64.5,1300,77.4
1,1,6,70,4,4,change_speed,-10,1048,64.5,973,49.8
1,1,6,70,4,4,change_speed,0,1048,64.5,1048,58.1
1,1,6,70,4,4,change_speed,10,1048,64.5,1123,66.3
1,1,6,70,4,5,add_lane,0,756,48.2,756,48.2
1,1,6,70,4,5,add_lane,1,756,48.2,847,53.0
1,1,6,70,4,5,add_lane,2,756,48.2,937,57.8
1,1,6,70,4,5,change_speed,-10,756,48.2,702,37.2
1,1,6,70,4,5,change_speed,0,756,48.2,756,43.4
1,1,6,70,4,5,change_speed,10,756,48.2,810,49.6
1,1,6,70,4,6,add_lane,0,664,61.6,664,61.6
1,1,6,70,4,6,add_lane,1,664,61.6,744,67.8
1,1,6,70,4,6,add_lane,2,664,61.6,823,73.9
1,1,6,70,4,6,change_speed,-10,664,61.6,617,47.5
1,1,6,70,4,6,change_speed,0,664,61.6,664,55.4
1,1,6,70,4,6,change_speed,10,664,61.6,711,63.4
1,1,6,70,5,0,add_lane,0,930,63.0,930,63.0
1,1,6,70,5,0,add_lane,1,930,63.0,1042,69.3
1,1,6,70,5,0,add_lane,2,930,63.0,1153,75.6
1,1,6,70,5,0,change_speed,-10,930,63.0,864,48.6
1,1,6,70,5,0,change_speed,0,930,63.0,930,56.7
1,1,6,70,5,0,change_speed,10,930,63.0,996,64.8
1,1,6,70,5,1,add_lane,0,1890,64.2,1890,64.2
1,1,6,70,5,1,add_lane,1,1890,64.2,2117,70.6
1,1,6,70,5,1,add_lane,2,1890,64.2,2344,77.0
1,1,6,70,5,1,change_speed,-10,1890,64.2,1755,49.5
1,1,6,70,5,1,change_speed,0,1890,64.2,1890,57.8
1,1,6,70,5,1,change_speed,10,1890,64.2,2025,66.0
1,1,6,70,5,2,add_lane,0,1833,64.5,1833,64.5
1,1,6,70,5,2,add_lane,1,1833,64.5,2053,71.0
1,1,6,70,5,2,add_lane,2,1833,64.5,2273,77.4
1,1,6,70,5,2,change_speed,-10,1833,64.5,1702,49.8
1,1,6,70,5,2,change_speed,0,1833,64.5,1833,58.1
1,1,6,70,5,2,change_speed,10,1833,64.5,1964,66.3
1,1,6,70,5,3,add_lane,0,1833,62.2,1833,62.2
1,1,6,70,5,3,add_lane,1,1833,62.2,2053,68.4
1,1,6,70,5,3,add_lane,2,1833,62.2,2273,74.6
1,1,6,70,5,3,change_speed,-10,1833,62.2,1702,48.0
1,1,6,70,5,3,change_speed,0,1833,62.2,1833,56.0
1,1,6,70,5,3,change_speed,10,1833,62.2,1964,64.0
1,1,6,70,5,4,add_lane,0,1833,60.4,1833,60.4
1,1,6,70,5,4,add_lane,1,1833,60.4,2053,66.4
1,1,6,70,5,4,add_lane,2,1833,60.4,2273,72.5
1,1,6,70,5,4,change_speed,-10,1833,60.4,1702,46.6
1,1,6,70,5,4,change_speed,0,1833,60.4,1833,54.4
1,1,6,70,5,4,change_speed,10,1833,60.4,1964,62.1
1,1,6,70,5,5,add_lane,0,1323,45.3,1323,45.3
1,1,6,70,5,5,add_lane,1,1323,45.3,1482,49.8
1,1,6,70,5,5,add_lane,2,1323,45.3,1641,54.4
1,1,6,70,5,5,change_speed,-10,1323,45.3,1228,34.9
1,1,6,70,5,5,change_speed,0,1323,45.3,1323,40.8
1,1,6,70,5,5,change_speed,10,1323,45.3,1418,46.6
1,1,6,70,5,6,add_lane,0,1162,59.3,1162,59.3
1,1,6,70,5,6,add_lane,1,1162,59.3,1301,65.2
1,1,6,70,5,6,add_lane,2,1162,59.3,1441,71.2
1,1,6,70,5,6,change_speed,-10,1162,59.3,1079,45.7
1,1,6,70,5,6,change_speed,0,1162,59.3,1162,53.4
1,1,6,70,5,6,change_speed,10,1162,59.3,1245,61.0
1,1,6,70,6,0,add_lane,0,1727,57.5,1727,57.5
1,1,6,70,6,0,add_lane,1,1727,57.5,1934,63.3
1,1,6,70,6,0,add_lane,2,1727,57.5,2141,69.0
1,1,6,70,6,0,change_speed,-10,1727,57.5,1604,44.4
1,1,6,70,6,0,change_speed,0,1727,57.5,1727,51.8
1,1,6,70,6,0,change_speed,10,1727,57.5,1850,59.1
1,1,6,70,6,1,add_lane,0,3510,60.3,3510,60.3
1,1,6,70,6,1,add_lane,1,3510,60.3,3931,66.3
1,1,6,70,6,1,add_lane,2,3510,60.3,4352,72.4
1,1,6,70,6,1,change_speed,-10,3510,60.3,3259,46.5
1,1,6,70,6,1,change_speed,0,3510,60.3,3510,54.3
1,1,6,70,6,1,change_speed,10,3510,60.3,3761,62.0
1,1,6,70,6,2,add_lane,0,3405,52.6,3405,52.6
1,1,6,70,6,2,add_lane,1,3405,52.6,3814,57.9
1,1,6,70,6,2,add_lane,2,3405,52.6,4222,63.1
1,1,6,70,6,2,change_speed,-10,3405,52.6,3162,40.6
1,1,6,70,6,2,change_speed,0,3405,52.6,3405,47.3
1,1,6,70,6,2,change_speed,10,3405,52.6,3648,54.1
1,1,6,70,6,3,add_lane,0,3405,56.1,3405,56.1
1,1,6,70,6,3,add_lane,1,3405,56.1,3814,61.7
1,1,6,70,6,3,add_lane,2,3405,56.1,4222,67.3
1,1,6,70,6,3,change_speed,-10,3405,56.1,3162,43.3
1,1,6,70,6,3,change_speed,0,3405,56.1,3405,50.5
1,1,6,70,6,3,change_speed,10,3405,56.1,3648,57.7
1,1,6,70,6,4,add_lane,0,3405,58.3,3405,58.3
1,1,6,70,6,4,add_lane,1,3405,58.3,3814,64.1
1,1,6,70,6,4,add_lane,2,3405,58.3,4222,70.0
1,1,6,70,6,4,change_speed,-10,3405,58.3,3162,45.0
1,1,6,70,6,4,change_speed,0,3405,58.3,3405,52.5
1,1,6,70,6,4,change_speed,10,3405,58.3,3648,60.0
1,1,6,70,6,5,add_lane,0,2457,41.6,2457,41.6
1,1,6,70,6,5,add_lane,1,2457,41.6,2752,45.8
1,1,6,70,6,5,add_lane,2,2457,41.6,3047,49.9
1,1,6,70,6,5,change_speed,-10,2457,41.6,2282,32.1
1,1,6,70,6,5,change_speed,0,2457,41.6,2457,37.4
1,1,6,70,6,5,change_speed,10,2457,41.6,2632,42.8
1,1,6,70,6,6,add_lane,0,2159,51.3,2159,51.3
1,1,6,70,6,6,add_lane,1,2159,51.3,2418,56.4
1,1,6,70,6,6,add_lane,2,2159,51.3,2677,61.6
1,1,6,70,6,6,change_speed,-10,2159,51.3,2005,39.6
1,1,6,70,6,6,change_speed,0,2159,51.3,2159,46.2
1,1,6,70,6,6,change_speed,10,2159,51.3,2313,52.8
1,1,6,70,7,0,add_lane,0,3985,47.6,3985,47.6
1,1,6,70,7,0,add_lane,1,3985,47.6,4463,52.4
1,1,6,70,7,0,add_lane,2,3985,47.6,4941,57.1
1,1,6,70,7,0,change_speed,-10,3985,47.6,3700,36.7
1,1,6,70,7,0,change_speed,0,3985,47.6,3985,42.8
1,1,6,70,7,0,change_speed,10,3985,47.6,4270,49.0
1,1,6,70,7,1,add_lane,0,8100,35.5,8100,35.5
1,1,6,70,7,1,add_lane,1,8100,35.5,9072,39.1
1,1,6,70,7,1,add_lane,2,8100,35.5,10044,42.6
1,1,6,70,7,1,change_speed,-10,8100,35.5,7521,27.4
1,1,6,70,7,1,change_speed,0,8100,35.5,8100,31.9
1,1,6,70,7,1,change_speed,10,8100,35.5,8679,36.5
1,1,6,70,7,2,add_lane,0,7857,29.1,7857,29.1
1,1,6,70,7,2,add_lane,1,7857,29.1,8800,32.0
1,1,6,70,7,2,add_lane,2,7857,29.1,9743,34.9
1,1,6,70,7,2,change_speed,-10,7857,29.1,7296,22.4
1,1,6,70,7,2,change_speed,0,7857,29.1,7857,26.2
1,1,6,70,7,2,change_speed,10,7857,29.1,8418,29.9
1,1,6,70,7,3,add_lane,0,7857,32.6,7857,32.6
1,1,6,70,7,3,add_lane,1,7857,32.6,8800,35.9
1,1,6,70,7,3,add_lane,2,7857,32.6,9743,39.1
1,1,6,70,7,3,change_speed,-10,7857,32.6,7296,25.1
1,1,6,70,7,3,change_speed,0,7857,32.6,7857,29.3
1,1,6,70,7,3,change_speed,10,7857,32.6,8418,33.5
1,1,6,70,7,4,add_lane,0,7857,29.3,7857,29.3
1,1,6,70,7,4,add_lane,1,7857,29.3,8800,32.2
1,1,6,70,7,4,add_lane,2,7857,29.3,9743,35.2
1,1,6,70,7,4,change_speed,-10,7857,29.3,7296,22.6
1,1,6,70,7,4,change_speed,0,7857,29.3,7857,26.4
1,1,6,70,7,4,change_speed,10,7857,29.3,8418,30.1
1,1,6,70,7,5,add_lane,0,5670,29.6,5670,29.6
1,1,6,70,7,5,add_lane,1,5670,29.6,6350,32.6
1,1,6,70,7,5,add_lane,2,5670,29.6,7031,35.5
1,1,6,70,7,5,change_speed,-10,5670,29.6,5265,22.8
1,1,6,70,7,5,change_speed,0,5670,29.6,5670,26.6
1,1,6,70,7,5,change_speed,10,5670,29.6,6075,30.4
1,1,6,70,7,6,add_lane,0,4982,39.2,4982,39.2
1,1,6,70,7,6,add_lane,1,4982,39.2,5580,43.1
1,1,6,70,7,6,add_lane,2,4982,39.2,6178,47.0
1,1,6,70,7,6,change_speed,-10,4982,39.2,4626,30.2
1,1,6,70,7,6,change_speed,0,4982,39.2,4982,35.3
1,1,6,70,7,6,change_speed,10,4982,39.2,5338,40.3
1,1,6,70,8,0,add_lane,0,4782,42.9,4782,42.9
1,1,6,70,8,0,add_lane,1,4782,42.9,5356,47.2
1,1,6,70,8,0,add_lane,2,4782,42.9,5930,51.5
1,1,6,70,8,0,change_speed,-10,4782,42.9,4440,33.1
1,1,6,70,8,0,change_speed,0,4782,42.9,4782,38.6
1,1,6,70,8,0,change_speed,10,4782,42.9,5124,44.1
1,1,6,70,8,1,add_lane,0,9720,22.7,9720,22.7
1,1,6,70,8,1,add_lane,1,9720,22.7,10886,25.0
1,1,6,70,8,1,add_lane,2,9720,22.7,12053,27.2
1,1,6,70,8,1,change_speed,-10,9720,22.7,9026,17.5
1,1,6,70,8,1,change_speed,0,9720,22.7,9720,20.4
1,1,6,70,8,1,change_speed,10,9720,22.7,10414,23.3
1,1,6,70,8,2,add_lane,0,9428,25.2,9428,25.2
1,1,6,70,8,2,add_lane,1,9428,25.2,10559,27.7
1,1,6,70,8,2,add_lane,2,9428,25.2,11691,30.2
1,1,6,70,8,2,change_speed,-10,9428,25.2,8755,19.4
1,1,6,70,8,2,change_speed,0,9428,25.2,9428,22.7
1,1,6,70,8,2,change_speed,10,9428,25.2,10101,25.9
1,1,6,70,8,3,add_lane,0,9428,24.0,9428,24.0
1,1,6,70,8,3,add_lane,1,9428,24.0,10559,26.4
1,1,6,70,8,3,add_lane,2,9428,24.0,11691,28.8
1,1,6,70,8,3,change_speed,-10,9428,24.0,8755,18.5
1,1,6,70,8,3,change_speed,0,9428,24.0,9428,21.6
1,1,6,70,8,3,change_speed,10,9428,24.0,10101,24.7
1,1,6,70,8,4,add_lane,0,9428,25.9,9428,25.9
1,1,6,70,8,4,add_lane,1,9428,25.9,10559,28.5
1,1,6,70,8,4,add_lane,2,9428,25.9,11691,31.1
1,1,6,70,8,4,change_speed,-10,9428,25.9,8755,20.0
1,1,6,70,8,4,change_speed,0,9428,25.9,9428,23.3
1,1,6,70,8,4,change_speed,10,9428,25.9,10101,26.6
1,1,6,70,8,5,add_lane,0,6804,26.0,6804,26.0
1,1,6,70,8,5,add_lane,1,6804,26.0,7620,28.6
1,1,6,70,8,5,add_lane,2,6804,26.0,8437,31.2
1,1,6,70,8,5,change_speed,-10,6804,26.0,6318,20.1
1,1,6,70,8,5,change_speed,0,6804,26.0,6804,23.4
1,1,6,70,8,5,change_speed,10,6804,26.0,7290,26.7
1,1,6,70,8,6,add_lane,0,5978,35.1,5978,35.1
1,1,6,70,8,6,add_lane,1,5978,35.1,6695,38.6
1,1,6,70,8,6,add_lane,2,5978,35.1,7413,42.1
1,1,6,70,8,6,change_speed,-10,5978,35.1,5551,27.1
1,1,6,70,8,6,change_speed,0,5978,35.1,5978,31.6
1,1,6,70,8,6,change_speed,10,5978,35.1,6405,36.1
1,1,6,70,9,0,add_lane,0,3720,51.5,3720,51.5
1,1,6,70,9,0,add_lane,1,3720,51.5,4166,56.7
1,1,6,70,9,0,add_lane,2,3720,51.5,4613,61.8
1,1,6,70,9,0,change_speed,-10,3720,51.5,3454,39.7
1,1,6,70,9,0,change_speed,0,3720,51.5,3720,46.4
1,1,6,70,9,0,change_speed,10,3720,51.5,3986,53.0
1,1,6,70,9,1,add_lane,0,7560,34.7,7560,34.7
1,1,6,70,9,1,add_lane,1,7560,34.7,8467,38.2
1,1,6,70,9,1,add_lane,2,7560,34.7,9374,41.6
1,1,6,70,9,1,change_speed,-10,7560,34.7,7020,26.8
1,1,6,70,9,1,change_speed,0,7560,34.7,7560,31.2
1,1,6,70,9,1,change_speed,10,7560,34.7,8100,35.7
1,1,6,70,9,2,add_lane,0,7333,36.6,7333,36.6
1,1,6,70,9,2,add_lane,1,7333,36.6,8213,40.3
1,1,6,70,9,2,add_lane,2,7333,36.6,9093,43.9
1,1,6,70,9,2,change_speed,-10,7333,36.6,6809,28.2
1,1,6,70,9,2,change_speed,0,7333,36.6,7333,32.9
1,1,6,70,9,2,change_speed,10,7333,36.6,7857,37.6
1,1,6,70,9,3,add_lane,0,7333,34.7,7333,34.7
1,1,6,70,9,3,add_lane,1,7333,34.7,8213,38.2
1,1,6,70,9,3,add_lane,2,7333,34.7,9093,41.6
1,1,6,70,9,3,change_speed,-10,7333,34.7,6809,26.8
1,1,6,70,9,3,change_speed,0,7333,34.7,7333,31.2
1,1,6,70,9,3,change_speed,10,7333,34.7,7857,35.7
1,1,6,70,9,4,add_lane,0,7333,36.6,7333,36.6
1,1,6,70,9,4,add_lane,1,7333,36.6,8213,40.3
1,1,6,70,9,4,add_lane,2,7333,36.6,9093,43.9
1,1,6,70,9,4,change_speed,-10,7333,36.6,6809,28.2
1,1,6,70,9,4,change_speed,0,7333,36.6,7333,32.9
1,1,6,70,9,4,change_speed,10,7333,36.6,7857,37.6
1,1,6,70,9,5,add_lane,0,5292,36.4,5292,36.4
1,1,6,70,9,5,add_lane,1,5292,36.4,5927,40.0
1,1,6,70,9,5,add_lane,2,5292,36.4,6562,43.7
1,1,6,70,9,5,change_speed,-10,5292,36.4,4914,28.1
1,1,6,70,9,5,change_speed,0,5292,36.4,5292,32.8
1,1,6,70,9,5,change_speed,10,5292,36.4,5670,37.4
1,1,6,70,9,6,add_lane,0,4649,40.1,4649,40.1
1,1,6,70,9,6,add_lane,1,4649,40.1,5207,44.1
1,1,6,70,9,6,add_lane,2,4649,40.1,5765,48.1
1,1,6,70,9,6,change_speed,-10,4649,40.1,4317,30.9
1,1,6,70,9,6,change_speed,0,4649,40.1,4649,36.1
1,1,6,70,9,6,change_speed,10,4649,40.1,4981,41.2
1,1,6,70,10,0,add_lane,0,2657,52.7,2657,52.7
1,1,6,70,10,0,add_lane,1,2657,52.7,2976,58.0
1,1,6,70,10,0,add_lane,2,2657,52.7,3295,63.2
1,1,6,70,10,0,change_speed,-10,2657,52.7,2467,40.7
1,1,6,70,10,0,change_speed,0,2657,52.7,2657,47.4
1,1,6,70,10,0,change_speed,10,2657,52.7,2847,54.2
1,1,6,70,10,1,add_lane,0,5400,52.5,5400,52.5
1,1,6,70,10,1,add_lane,1,5400,52.5,6048,57.8
1,1,6,70,10,1,add_lane,2,5400,52.5,6696,63.0
1,1,6,70,10,1,change_speed,-10,5400,52.5,5014,40.5
1,1,6,70,10,1,change_speed,0,5400,52.5,5400,47.2
1,1,6,70,10,1,change_speed,10,5400,52.5,5786,54.0
1,1,6,70,10,2,add_lane,0,5238,47.5,5238,47.5
1,1,6,70,10,2,add_lane,1,5238,47.5,5867,52.3
1,1,6,70,10,2,add_lane,2,5238,47.5,6495,57.0
1,1,6,70,10,2,change_speed,-10,5238,47.5,4864,36.6
1,1,6,70,10,2,change_speed,0,5238,47.5,5238,42.8
1,1,6,70,10,2,change_speed,10,5238,47.5,5612,48.9
1,1,6,70,10,3,add_lane,0,5238,52.2,5238,52.2
1,1,6,70,10,3,add_lane,1,5238,52.2,5867,57.4
1,1,6,70,10,3,add_lane,2,5238,52.2,6495,62.6
1,1,6,70,10,3,change_speed,-10,5238,52.2,4864,40.3
1,1,6,70,10,3,change_speed,0,5238,52.2,5238,47.0
1,1,6,70,10,3,change_speed,10,5238,52.2,5612,53.7
1,1,6,70,10,4,add_lane,0,5238,39.7,5238,39.7
1,1,6,70,10,4,add_lane,1,5238,39.7,5867,43.7
1,1,6,70,10,4,add_lane,2,5238,39.7,6495,47.6
1,1,6,70,10,4,change_speed,-10,5238,39.7,4864,30.6
1,1,6,70,10,4,change_speed,0,5238,39.7,5238,35.7
1,1,6,70,10,4,change_speed,10,5238,39.7,5612,40.8
1,1,6,70,10,5,add_lane,0,3780,37.3,3780,37.3
1,1,6,70,10,5,add_lane,1,3780,37.3,4234,41.0
1,1,6,70,10,5,add_lane,2,3780,37.3,4687,44.8
1,1,6,70,10,5,change_speed,-10,3780,37.3,3510,28.8
1,1,6,70,10,5,change_speed,0,3780,37.3,3780,33.6
1,1,6,70,10,5,change_speed,10,3780,37.3,4050,38.4
1,1,6,70,10,6,add_lane,0,3321,47.4,3321,47.4
1,1,6,70,10,6,add_lane,1,3321,47.4,3720,52.1
1,1,6,70,10,6,add_lane,2,3321,47.4,4118,56.9
1,1,6,70,10,6,change_speed,-10,3321,47.4,3084,36.6
1,1,6,70,10,6,change_speed,0,3321,47.4,3321,42.7
1,1,6,70,10,6,change_speed,10,3321,47.4,3558,48.8
1,1,6,70,11,0,add_lane,0,2391,54.9,2391,54.9
1,1,6,70,11,0,add_lane,1,2391,54.9,2678,60.4
1,1,6,70,11,0,add_lane,2,2391,54.9,2965,65.9
1,1,6,70,11,0,change_speed,-10,2391,54.9,2220,42.4
1,1,6,70,11,0,change_speed,0,2391,54.9,2391,49.4
1,1,6,70,11,0,change_speed,10,2391,54.9,2562,56.5
1,1,6,70,11,1,add_lane,0,4860,47.5,4860,47.5
1,1,6,70,11,1,add_lane,1,4860,47.5,5443,52.3
1,1,6,70,11,1,add_lane,2,4860,47.5,6026,57.0
1,1,6,70,11,1,change_speed,-10,4860,47.5,4513,36.6
1,1,6,70,11,1,change_speed,0,4860,47.5,4860,42.8
1,1,6,70,11,1,change_speed,10,4860,47.5,5207,48.9
1,1,6,70,11,2,add_lane,0,4714,44.9,4714,44.9
1,1,6,70,11,2,add_lane,1,4714,44.9,5280,49.4
1,1,6,70,11,2,add_lane,2,4714,44.9,5845,53.9
1,1,6,70,11,2,change_speed,-10,4714,44.9,4377,34.6
1,1,6,70,11,2,change_speed,0,4714,44.9,4714,40.4
1,1,6,70,11,2,change_speed,10,4714,44.9,5051,46.2
1,1,6,70,11,3,add_lane,0,4714,51.1,4714,51.1
1,1,6,70,11,3,add_lane,1,4714,51.1,5280,56.2
1,1,6,70,11,3,add_lane,2,4714,51.1,5845,61.3
1,1,6,70,11,3,change_speed,-10,4714,51.1,4377,39.4
1,1,6,70,11,3,change_speed,0,4714,51.1,4714,46.0
1,1,6,70,11,3,change_speed,10,4714,51.1,5051,52.6
1,1,6,70,11,4,add_lane,0,4714,48.8,4714,48.8
1,1,6,70,11,4,add_lane,1,4714,48.8,5280,53.7
1,1,6,70,11,4,add_lane,2,4714,48.8,5845,58.6
1,1,6,70,11,4,change_speed,-10,4714,48.8,4377,37.6
1,1,6,70,11,4,change_speed,0,4714,48.8,4714,43.9
1,1,6,70,11,4,change_speed,10,4714,48.8,5051,50.2
1,1,6,70,11,5,add_lane,0,3402,39.5,3402,39.5
1,1,6,70,11,5,add_lane,1,3402,39.5,3810,43.5
1,1,6,70,11,5,add_lane,2,3402,39.5,4218,47.4
1,1,6,70,11,5,change_speed,-10,3402,39.5,3159,30.5
1,1,6,70,11,5,change_speed,0,3402,39.5,3402,35.6
1,1,6,70,11,5,change_speed,10,3402,39.5,3645,40.6
1,1,6,70,11,6,add_lane,0,2989,48.5,2989,48.5
1,1,6,70,11,6,add_lane,1,2989,48.5,3348,53.4
1,1,6,70,11,6,add_lane,2,2989,48.5,3706,58.2
1,1,6,70,11,6,change_speed,-10,2989,48.5,2776,37.4
1,1,6,70,11,6,change_speed,0,2989,48.5,2989,43.6
1,1,6,70,11,6,change_speed,10,2989,48.5,3202,49.9
1,1,6,70,12,0,add_lane,0,2258,58.4,2258,58.4
1,1,6,70,12,0,add_lane,1,2258,58.4,2529,64.2
1,1,6,70,12,0,add_lane,2,2258,58.4,2800,70.1
1,1,6,70,12,0,change_speed,-10,2258,58.4,2097,45.1
1,1,6,70,12,0,change_speed,0,2258,58.4,2258,52.6
1,1,6,70,12,0,change_speed,10,2258,58.4,2419,60.1
1,1,6,70,12,1,add_lane,0,4590,47.8,4590,47.8
1,1,6,70,12,1,add_lane,1,4590,47.8,5141,52.6
1,1,6,70,12,1,add_lane,2,4590,47.8,5692,57.4
1,1,6,70,12,1,change_speed,-10,4590,47.8,4262,36.9
1,1,6,70,12,1,change_speed,0,4590,47.8,4590,43.0
1,1,6,70,12,1,change_speed,10,4590,47.8,4918,49.2
1,1,6,70,12,2,add_lane,0,4452,50.3,4452,50.3
1,1,6,70,12,2,add_lane,1,4452,50.3,4986,55.3
1,1,6,70,12,2,add_lane,2,4452,50.3,5520,60.4
1,1,6,70,12,2,change_speed,-10,4452,50.3,4134,38.8
1,1,6,70,12,2,change_speed,0,4452,50.3,4452,45.3
1,1,6,70,12,2,change_speed,10,4452,50.3,4770,51.7
1,1,6,70,12,3,add_lane,0,4452,57.5,4452,57.5
1,1,6,70,12,3,add_lane,1,4452,57.5,4986,63.3
1,1,6,70,12,3,add_lane,2,4452,57.5,5520,69.0
1,1,6,70,12,3,change_speed,-10,4452,57.5,4134,44.4
1,1,6,70,12,3,change_speed,0,4452,57.5,4452,51.8
1,1,6,70,12,3,change_speed,10,4452,57.5,4770,59.1
1,1,6,70,12,4,add_lane,0,4452,44.1,4452,44.1
1,1,6,70,12,4,add_lane,1,4452,44.1,4986,48.5
1,1,6,70,12,4,add_lane,2,4452,44.1,5520,52.9
1,1,6,70,12,4,change_speed,-10,4452,44.1,4134,34.0
1,1,6,70,12,4,change_speed,0,4452,44.1,4452,39.7
1,1,6,70,12,4,change_speed,10,4452,44.1,4770,45.4
1,1,6,70,12,5,add_lane,0,3213,39.7,3213,39.7
1,1,6,70,12,5,add_lane,1,3213,39.7,3599,43.7
1,1,6,70,12,5,add_lane,2,3213,39.7,3984,47.6
1,1,6,70,12,5,change_speed,-10,3213,39.7,2984,30.6
1,1,6,70,12,5,change_speed,0,3213,39.7,3213,35.7
1,1,6,70,12,5,change_speed,10,3213,39.7,3442,40.8
1,1,6,70,12,6,add_lane,0,2823,54.2,2823,54.2
1,1,6,70,12,6,add_lane,1,2823,54.2,3162,59.6
1,1,6,70,12,6,add_lane,2,2823,54.2,3501,65.0
1,1,6,70,12,6,change_speed,-10,2823,54.2,2621,41.8
1,1,6,70,12,6,change_speed,0,2823,54.2,2823,48.8
1,1,6,70,12,6,change_speed,10,2823,54.2,3025,55.7
1,1,6,70,13,0,add_lane,0,2258,54.8,2258,54.8
1,1,6,70,13,0,add_lane,1,2258,54.8,2529,60.3
1,1,6,70,13,0,add_lane,2,2258,54.8,2800,65.8
1,1,6,70,13,0,change_speed,-10,2258,54.8,2097,42.3
1,1,6,70,13,0,change_speed,0,2258,54.8,2258,49.3
1,1,6,70,13,0,change_speed,10,2258,54.8,2419,56.4
1,1,6,70,13,1,add_lane,0,4590,56.7,4590,56.7
1,1,6,70,13,1,add_lane,1,4590,56.7,5141,62.4
1,1,6,70,13,1,add_lane,2,4590,56.7,5692,68.0
1,1,6,70,13,1,change_speed,-10,4590,56.7,4262,43.7
1,1,6,70,13,1,change_speed,0,4590,56.7,4590,51.0
1,1,6,70,13,1,change_speed,10,4590,56.7,4918,58.3
1,1,6,70,13,2,add_lane,0,4452,51.9,4452,51.9
1,1,6,70,13,2,add_lane,1,4452,51.9,4986,57.1
1,1,6,70,13,2,add_lane,2,4452,51.9,5520,62.3
1,1,6,70,13,2,change_speed,-10,4452,51.9,4134,40.0
1,1,6,70,13,2,change_speed,0,4452,51.9,4452,46.7
1,1,6,70,13,2,change_speed,10,4452,51.9,4770,53.4
1,1,6,70,13,3,add_lane,0,4452,48.6,4452,48.6
1,1,6,70,13,3,add_lane,1,4452,48.6,4986,53.5
1,1,6,70,13,3,add_lane,2,4452,48.6,5520,58.3
1,1,6,70,13,3,change_speed,-10,4452,48.6,4134,37.5
1,1,6,70,13,3,change_speed,0,4452,48.6,4452,43.7
1,1,6,70,13,3,change_speed,10,4452,48.6,4770,50.0
1,1,6,70,13,4,add_lane,0,4452,46.5,4452,46.5
1,1,6,70,13,4,add_lane,1,4452,46.5,4986,51.2
1,1,6,70,13,4,add_lane,2,4452,46.5,5520,55.8
1,1,6,70,13,4,change_speed,-10,4452,46.5,4134,35.9
1,1,6,70,13,4,change_speed,0,4452,46.5,4452,41.9
1,1,6,70,13,4,change_speed,10,4452,46.5,4770,47.8
1,1,6,70,13,5,add_lane,0,3213,38.0,3213,38.0
1,1,6,70,13,5,add_lane,1,3213,38.0,3599,41.8
1,1,6,70,13,5,add_lane,2,3213,38.0,3984,45.6
1,1,6,70,13,5,change_speed,-10,3213,38.0,2984,29.3
1,1,6,70,13,5,change_speed,0,3213,38.0,3213,34.2
1,1,6,70,13,5,change_speed,10,3213,38.0,3442,39.1
1,1,6,70,13,6,add_lane,0,2823,47.8,2823,47.8
1,1,6,70,13,6,add_lane,1,2823,47.8,3162,52.6
1,1,6,70,13,6,add_lane,2,2823,47.8,3501,57.4
1,1,6,70,13,6,change_speed,-10,2823,47.8,2621,36.9
1,1,6,70,13,6,change_speed,0,2823,47.8,2823,43.0
1,1,6,70,13,6,change_speed,10,2823,47.8,3025,49.2
1,1,6,70,14,0,add_lane,0,2524,54.4,2524,54.4
1,1,6,70,14,0,add_lane,1,2524,54.4,2827,59.8
1,1,6,70,14,0,add_lane,2,2524,54.4,3130,65.3
1,1,6,70,14,0,change_speed,-10,2524,54.4,2344,42.0
1,1,6,70,14,0,change_speed,0,2524,54.4,2524,49.0
1,1,6,70,14,0,change_speed,10,2524,54.4,2704,56.0
1,1,6,70,14,1,add_lane,0,5130,52.5,5130,52.5
1,1,6,70,14,1,add_lane,1,5130,52.5,5746,57.8
1,1,6,70,14,1,add_lane,2,5130,52.5,6361,63.0
1,1,6,70,14,1,change_speed,-10,5130,52.5,4764,40.5
1,1,6,70,14,1,change_speed,0,5130,52.5,5130,47.2
1,1,6,70,14,1,change_speed,10,5130,52.5,5496,54.0
1,1,6,70,14,2,add_lane,0,4976,50.1,4976,50.1
1,1,6,70,14,2,add_lane,1,4976,50.1,5573,55.1
1,1,6,70,14,2,add_lane,2,4976,50.1,6170,60.1
1,1,6,70,14,2,change_speed,-10,4976,50.1,4621,38.6
1,1,6,70,14,2,change_speed,0,4976,50.1,4976,45.1
1,1,6,70,14,2,change_speed,10,4976,50.1,5331,51.5
1,1,6,70,14,3,add_lane,0,4976,47.1,4976,47.1
1,1,6,70,14,3,add_lane,1,4976,47.1,5573,51.8
1,1,6,70,14,3,add_lane,2,4976,47.1,6170,56.5
1,1,6,70,14,3,change_speed,-10,4976,47.1,4621,36.3
1,1,6,70,14,3,change_speed,0,4976,47.1,4976,42.4
1,1,6,70,14,3,change_speed,10,4976,47.1,5331,48.4
1,1,6,70,14,4,add_lane,0,4976,45.9,4976,45.9
1,1,6,70,14,4,add_lane,1,4976,45.9,5573,50.5
1,1,6,70,14,4,add_lane,2,4976,45.9,6170,55.1
1,1,6,70,14,4,change_speed,-10,4976,45.9,4621,35.4
1,1,6,70,14,4,change_speed,0,4976,45.9,4976,41.3
1,1,6,70,14,4,change_speed,10,4976,45.9,5331,47.2
1,1,6,70,14,5,add_lane,0,3591,40.2,3591,40.2
1,1,6,70,14,5,add_lane,1,3591,40.2,4022,44.2
1,1,6,70,14,5,add_lane,2,3591,40.2,4453,48.2
1,1,6,70,14,5,change_speed,-10,3591,40.2,3334,31.0
1,1,6,70,14,5,change_speed,0,3591,40.2,3591,36.2
1,1,6,70,14,5,change_speed,10,3591,40.2,3848,41.3
1,1,6,70,14,6,add_lane,0,3155,45.0,3155,45.0
1,1,6,70,14,6,add_lane,1,3155,45.0,3534,49.5
1,1,6,70,14,6,add_lane,2,3155,45.0,3912,54.0
1,1,6,70,14,6,change_speed,-10,3155,45.0,2930,34.7
1,1,6,70,14,6,change_speed,0,3155,45.0,3155,40.5
1,1,6,70,14,6,change_speed,10,3155,45.0,3380,46.3
1,1,6,70,15,0,add_lane,0,3188,50.4,3188,50.4
1,1,6,70,15,0,add_lane,1,3188,50.4,3571,55.4
1,1,6,70,15,0,add_lane,2,3188,50.4,3953,60.5
1,1,6,70,15,0,change_speed,-10,3188,50.4,2960,38.9
1,1,6,70,15,0,change_speed,0,3188,50.4,3188,45.4
1,1,6,70,15,0,change_speed,10,3188,50.4,3416,51.8
1,1,6,70,15,1,add_lane,0,6480,42.7,6480,42.7
1,1,6,70,15,1,add_lane,1,6480,42.7,7258,47.0
1,1,6,70,15,1,add_lane,2,6480,42.7,8035,51.2
1,1,6,70,15,1,change_speed,-10,6480,42.7,6017,32.9
1,1,6,70,15,1,change_speed,0,6480,42.7,6480,38.4
1,1,6,70,15,1,change_speed,10,6480,42.7,6943,43.9
1,1,6,70,15,2,add_lane,0,6286,42.1,6286,42.1
1,1,6,70,15,2,add_lane,1,6286,42.1,7040,46.3
1,1,6,70,15,2,add_lane,2,6286,42.1,7795,50.5
1,1,6,70,15,2,change_speed,-10,6286,42.1,5837,32.5
1,1,6,70,15,2,change_speed,0,6286,42.1,6286,37.9
1,1,6,70,15,2,change_speed,10,6286,42.1,6735,43.3
1,1,6,70,15,3,add_lane,0,6286,37.3,6286,37.3
1,1,6,70,15,3,add_lane,1,6286,37.3,7040,41.0
1,1,6,70,15,3,add_lane,2,6286,37.3,7795,44.8
1,1,6,70,15,3,change_speed,-10,6286,37.3,5837,28.8
1,1,6,70,15,3,change_speed,0,6286,37.3,6286,33.6
1,1,6,70,15,3,change_speed,10,6286,37.3,6735,38.4
1,1,6,70,15,4,add_lane,0,6286,37.5,6286,37.5
1,1,6,70,15,4,add_lane,1,6286,37.5,7040,41.2
1,1,6,70,15,4,add_lane,2,6286,37.5,7795,45.0
1,1,6,70,15,4,change_speed,-10,6286,37.5,5837,28.9
1,1,6,70,15,4,change_speed,0,6286,37.5,6286,33.8
1,1,6,70,15,4,change_speed,10,6286,37.5,6735,38.6
1,1,6,70,15,5,add_lane,0,4536,33.4,4536,33.4
1,1,6,70,15,5,add_lane,1,4536,33.4,5080,36.7
1,1,6,70,15,5,add_lane,2,4536,33.4,5625,40.1
1,1,6,70,15,5,change_speed,-10,4536,33.4,4212,25.8
1,1,6,70,15,5,change_speed,0,4536,33.4,4536,30.1
1,1,6,70,15,5,change_speed,10,4536,33.4,4860,34.4
1,1,6,70,15,6,add_lane,0,3985,45.9,3985,45.9
1,1,6,70,15,6,add_lane,1,3985,45.9,4463,50.5
1,1,6,70,15,6,add_lane,2,3985,45.9,4941,55.1
1,1,6,70,15,6,change_speed,-10,3985,45.9,3700,35.4
1,1,6,70,15,6,change_speed,0,3985,45.9,3985,41.3
1,1,6,70,15,6,change_speed,10,3985,45.9,4270,47.2
1,1,6,70,16,0,add_lane,0,4251,46.2,4251,46.2
1,1,6,70,16,0,add_lane,1,4251,46.2,4761,50.8
1,1,6,70,16,0,add_lane,2,4251,46.2,5271,55.4
1,1,6,70,16,0,change_speed,-10,4251,46.2,3947,35.6
1,1,6,70,16,0,change_speed,0,4251,46.2,4251,41.6
1,1,6,70,16,0,change_speed,10,4251,46.2,4555,47.5
1,1,6,70,16,1,add_lane,0,8640,29.8,8640,29.8
1,1,6,70,16,1,add_lane,1,8640,29.8,9677,32.8
1,1,6,70,16,1,add_lane,2,8640,29.8,10714,35.8
1,1,6,70,16,1,change_speed,-10,8640,29.8,8023,23.0
1,1,6,70,16,1,change_speed,0,8640,29.8,8640,26.8
1,1,6,70,16,1,change_speed,10,8640,29.8,9257,30.7
1,1,6,70,16,2,add_lane,0,8381,31.4,8381,31.4
1,1,6,70,16,2,add_lane,1,8381,31.4,9387,34.5
1,1,6,70,16,2,add_lane,2,8381,31.4,10392,37.7
1,1,6,70,16,2,change_speed,-10,8381,31.4,7782,24.2
1,1,6,70,16,2,change_speed,0,8381,31.4,8381,28.3
1,1,6,70,16,2,change_speed,10,8381,31.4,8980,32.3
1,1,6,70,16,3,add_lane,0,8381,28.3,8381,28.3
1,1,6,70,16,3,add_lane,1,8381,28.3,9387,31.1
1,1,6,70,16,3,add_lane,2,8381,28.3,10392,34.0
1,1,6,70,16,3,change_speed,-10,8381,28.3,7782,21.8
1,1,6,70,16,3,change_speed,0,8381,28.3,8381,25.5
1,1,6,70,16,3,change_speed,10,8381,28.3,8980,29.1
1,1,6,70,16,4,add_lane,0,8381,33.7,8381,33.7
1,1,6,70,16,4,add_lane,1,8381,33.7,9387,37.1
1,1,6,70,16,4,add_lane,2,8381,33.7,10392,40.4
1,1,6,70,16,4,change_speed,-10,8381,33.7,7782,26.0
1,1,6,70,16,4,change_speed,0,8381,33.7,8381,30.3
1,1,6,70,16,4,change_speed,10,8381,33.7,8980,34.7
1,1,6,70,16,5,add_lane,0,6048,30.4,6048,30.4
1,1,6,70,16,5,add_lane,1,6048,30.4,6774,33.4
1,1,6,70,16,5,add_lane,2,6048,30.4,7500,36.5
1,1,6,70,16,5,change_speed,-10,6048,30.4,5616,23.5
1,1,6,70,16,5,change_speed,0,6048,30.4,6048,27.4
1,1,6,70,16,5,change_speed,10,6048,30.4,6480,31.3
1,1,6,70,16,6,add_lane,0,5314,38.6,5314,38.6
1,1,6,70,16,6,add_lane,1,5314,38.6,5952,42.5
1,1,6,70,16,6,add_lane,2,5314,38.6,6589,46.3
1,1,6,70,16,6,change_speed,-10,5314,38.6,4934,29.8
1,1,6,70,16,6,change_speed,0,5314,38.6,5314,34.7
1,1,6,70,16,6,change_speed,10,5314,38.6,5694,39.7
1,1,6,70,17,0,add_lane,0,4782,43.1,4782,43.1
1,1,6,70,17,0,add_lane,1,4782,43.1,5356,47.4
1,1,6,70,17,0,add_lane,2,4782,43.1,5930,51.7
1,1,6,70,17,0,change_speed,-10,4782,43.1,4440,33.2
1,1,6,70,17,0,change_speed,0,4782,43.1,4782,38.8
1,1,6,70,17,0,change_speed,10,4782,43.1,5124,44.3
1,1,6,70,17,1,add_lane,0,9720,23.4,9720,23.4
1,1,6,70,17,1,add_lane,1,9720,23.4,10886,25.7
1,1,6,70,17,1,add_lane,2,9720,23.4,12053,28.1
1,1,6,70,17,1,change_speed,-10,9720,23.4,9026,18.1
1,1,6,70,17,1,change_speed,0,9720,23.4,9720,21.1
1,1,6,70,17,1,change_speed,10,9720,23.4,10414,24.1
1,1,6,70,17,2,add_lane,0,9428,25.9,9428,25.9
1,1,6,70,17,2,add_lane,1,9428,25.9,10559,28.5
1,1,6,70,17,2,add_lane,2,9428,25.9,11691,31.1
1,1,6,70,17,2,change_speed,-10,9428,25.9,8755,20.0
1,1,6,70,17,2,change_speed,0,9428,25.9,9428,23.3
1,1,6,70,17,2,change_speed,10,9428,25.9,10101,26.6
1,1,6,70,17,3,add_lane,0,9428,27.1,9428,27.1
1,1,6,70,17,3,add_lane,1,9428,27.1,10559,29.8
1,1,6,70,17,3,add_lane,2,9428,27.1,11691,32.5
1,1,6,70,17,3,change_speed,-10,9428,27.1,8755,20.9
1,1,6,70,17,3,change_speed,0,9428,27.1,9428,24.4
1,1,6,70,17,3,change_speed,10,9428,27.1,10101,27.9
1,1,6,70,17,4,add_lane,0,9428,25.6,9428,25.6
1,1,6,70,17,4,add_lane,1,9428,25.6,10559,28.2
1,1,6,70,17,4,add_lane,2,9428,25.6,11691,30.7
1,1,6,70,17,4,change_speed,-10,9428,25.6,8755,19.7
1,1,6,70,17,4,change_speed,0,9428,25.6,9428,23.0
1,1,6,70,17,4,change_speed,10,9428,25.6,10101,26.3
1,1,6,70,17,5,add_lane,0,6804,25.4,6804,25.4
1,1,6,70,17,5,add_lane,1,6804,25.4,7620,27.9
1,1,6,70,17,5,add_lane,2,6804,25.4,8437,30.5
1,1,6,70,17,5,change_speed,-10,6804,25.4,6318,19.6
1,1,6,70,17,5,change_speed,0,6804,25.4,6804,22.9
1,1,6,70,17,5,change_speed,10,6804,25.4,7290,26.1
1,1,6,70,17,6,add_lane,0,5978,34.1,5978,34.1
1,1,6,70,17,6,add_lane,1,5978,34.1,6695,37.5
1,1,6,70,17,6,add_lane,2,5978,34.1,7413,40.9
1,1,6,70,17,6,change_speed,-10,5978,34.1,5551,26.3
1,1,6,70,17,6,change_speed,0,5978,34.1,5978,30.7
1,1,6,70,17,6,change_speed,10,5978,34.1,6405,35.1
1,1,6,70,18,0,add_lane,0,4517,43.8,4517,43.8
1,1,6,70,18,0,add_lane,1,4517,43.8,5059,48.2
1,1,6,70,18,0,add_lane,2,4517,43.8,5601,52.6
1,1,6,70,18,0,change_speed,-10,4517,43.8,4194,33.8
1,1,6,70,18,0,change_speed,0,4517,43.8,4517,39.4
1,1,6,70,18,0,change_speed,10,4517,43.8,4840,45.1
1,1,6,70,18,1,add_lane,0,9180,27.4,9180,27.4
1,1,6,70,18,1,add_lane,1,9180,27.4,10282,30.1
1,1,6,70,18,1,add_lane,2,9180,27.4,11383,32.9
1,1,6,70,18,1,change_speed,-10,9180,27.4,8524,21.1
1,1,6,70,18,1,change_speed,0,9180,27.4,9180,24.7
1,1,6,70,18,1,change_speed,10,9180,27.4,9836,28.2
1,1,6,70,18,2,add_lane,0,8905,27.2,8905,27.2
1,1,6,70,18,2,add_lane,1,8905,27.2,9974,29.9
1,1,6,70,18,2,add_lane,2,8905,27.2,11042,32.6
1,1,6,70,18,2,change_speed,-10,8905,27.2,8269,21.0
1,1,6,70,18,2,change_speed,0,8905,27.2,8905,24.5
1,1,6,70,18,2,change_speed,10,8905,27.2,9541,28.0
1,1,6,70,18,3,add_lane,0,8905,26.2,8905,26.2
1,1,6,70,18,3,add_lane,1,8905,26.2,9974,28.8
1,1,6,70,18,3,add_lane,2,8905,26.2,11042,31.4
1,1,6,70,18,3,change_speed,-10,8905,26.2,8269,20.2
1,1,6,70,18,3,change_speed,0,8905,26.2,8905,23.6
1,1,6,70,18,3,change_speed,10,8905,26.2,9541,26.9
1,1,6,70,18,4,add_lane,0,8905,29.2,8905,29.2
1,1,6,70,18,4,add_lane,1,8905,29.2,9974,32.1
1,1,6,70,18,4,add_lane,2,8905,29.2,11042,35.0
1,1,6,70,18,4,change_speed,-10,8905,29.2,8269,22.5
1,1,6,70,18,4,change_speed,0,8905,29.2,8905,26.3
1,1,6,70,18,4,change_speed,10,8905,29.2,9541,30.0
1,1,6,70,18,5,add_lane,0,6426,25.7,6426,25.7
1,1,6,70,18,5,add_lane,1,6426,25.7,7197,28.3
1,1,6,70,18,5,add_lane,2,6426,25.7,7968,30.8
1,1,6,70,18,5,change_speed,-10,6426,25.7,5967,19.8
1,1,6,70,18,5,change_speed,0,6426,25.7,6426,23.1
1,1,6,70,18,5,change_speed,10,6426,25.7,6885,26.4
1,1,6,70,18,6,add_lane,0,5646,38.7,5646,38.7
1,1,6,70,18,6,add_lane,1,5646,38.7,6324,42.6
1,1,6,70,18,6,add_lane,2,5646,38.7,7001,46.4
1,1,6,70,18,6,change_speed,-10,5646,38.7,5243,29.9
1,1,6,70,18,6,change_speed,0,5646,38.7,5646,34.8
1,1,6,70,18,6,change_speed,10,5646,38.7,6049,39.8
1,1,6,70,19,0,add_lane,0,3720,46.9,3720,46.9
1,1,6,70,19,0,add_lane,1,3720,46.9,4166,51.6
1,1,6,70,19,0,add_lane,2,3720,46.9,4613,56.3
1,1,6,70,19,0,change_speed,-10,3720,46.9,3454,36.2
1,1,6,70,19,0,change_speed,0,3720,46.9,3720,42.2
1,1,6,70,19,0,change_speed,10,3720,46.9,3986,48.2
1,1,6,70,19,1,add_lane,0,7560,39.2,7560,39.2
1,1,6,70,19,1,add_lane,1,7560,39.2,8467,43.1
1,1,6,70,19,1,add_lane,2,7560,39.2,9374,47.0
1,1,6,70,19,1,change_speed,-10,7560,39.2,7020,30.2
1,1,6,70,19,1,change_speed,0,7560,39.2,7560,35.3
1,1,6,70,19,1,change_speed,10,7560,39.2,8100,40.3
1,1,6,70,19,2,add_lane,0,7333,36.2,7333,36.2
1,1,6,70,19,2,add_lane,1,7333,36.2,8213,39.8
1,1,6,70,19,2,add_lane,2,7333,36.2,9093,43.4
1,1,6,70,19,2,change_speed,-10,7333,36.2,6809,27.9
1,1,6,70,19,2,change_speed,0,7333,36.2,7333,32.6
1,1,6,70,19,2,change_speed,10,7333,36.2,7857,37.2
1,1,6,70,19,3,add_lane,0,7333,39.2,7333,39.2
1,1,6,70,19,3,add_lane,1,7333,39.2,8213,43.1
1,1,6,70,19,3,add_lane,2,7333,39.2,9093,47.0
1,1,6,70,19,3,change_speed,-10,7333,39.2,6809,30.2
1,1,6,70,19,3,change_speed,0,7333,39.2,7333,35.3
1,1,6,70,19,3,change_speed,10,7333,39.2,7857,40.3
1,1,6,70,19,4,add_lane,0,7333,34.9,7333,34.9
1,1,6,70,19,4,add_lane,1,7333,34.9,8213,38.4
1,1,6,70,19,4,add_lane,2,7333,34.9,9093,41.9
1,1,6,70,19,4,change_speed,-10,7333,34.9,6809,26.9
1,1,6,70,19,4,change_speed,0,7333,34.9,7333,31.4
1,1,6,70,19,4,change_speed,10,7333,34.9,7857,35.9
1,1,6,70,19,5,add_lane,0,5292,32.0,5292,32.0
1,1,6,70,19,5,add_lane,1,5292,32.0,5927,35.2
1,1,6,70,19,5,add_lane,2,5292,32.0,6562,38.4
1,1,6,70,19,5,change_speed,-10,5292,32.0,4914,24.7
1,1,6,70,19,5,change_speed,0,5292,32.0,5292,28.8
1,1,6,70,19,5,change_speed,10,5292,32.0,5670,32.9
1,1,6,70,19,6,add_lane,0,4649,40.6,4649,40.6
1,1,6,70,19,6,add_lane,1,4649,40.6,5207,44.7
1,1,6,70,19,6,add_lane,2,4649,40.6,5765,48.7
1,1,6,70,19,6,change_speed,-10,4649,40.6,4317,31.3
1,1,6,70,19,6,change_speed,0,4649,40.6,4649,36.5
1,1,6,70,19,6,change_speed,10,4649,40.6,4981,41.8
1,1,6,70,20,0,add_lane,0,2657,53.4,2657,53.4
1,1,6,70,20,0,add_lane,1,2657,53.4,2976,58.7
1,1,6,70,20,0,add_lane,2,2657,53.4,3295,64.1
1,1,6,70,20,0,change_speed,-10,2657,53.4,2467,41.2
1,1,6,70,20,0,change_speed,0,2657,53.4,2657,48.1
1,1,6,70,20,0,change_speed,10,2657,53.4,2847,54.9
1,1,6,70,20,1,add_lane,0,5400,48.2,5400,48.2
1,1,6,70,20,1,add_lane,1,5400,48.2,6048,53.0
1,1,6,70,20,1,add_lane,2,5400,48.2,6696,57.8
1,1,6,70,20,1,change_speed,-10,5400,48.2,5014,37.2
1,1,6,70,20,1,change_speed,0,5400,48.2,5400,43.4
1,1,6,70,20,1,change_speed,10,5400,48.2,5786,49.6
1,1,6,70,20,2,add_lane,0,5238,48.8,5238,48.8
1,1,6,70,20,2,add_lane,1,5238,48.8,5867,53.7
1,1,6,70,20,2,add_lane,2,5238,48.8,6495,58.6
1,1,6,70,20,2,change_speed,-10,5238,48.8,4864,37.6
1,1,6,70,20,2,change_speed,0,5238,48.8,5238,43.9
1,1,6,70,20,2,change_speed,10,5238,48.8,5612,50.2
1,1,6,70,20,3,add_lane,0,5238,42.6,5238,42.6
1,1,6,70,20,3,add_lane,1,5238,42.6,5867,46.9
1,1,6,70,20,3,add_lane,2,5238,42.6,6495,51.1
1,1,6,70,20,3,change_speed,-10,5238,42.6,4864,32.9
1,1,6,70,20,3,change_speed,0,5238,42.6,5238,38.3
1,1,6,70,20,3,change_speed,10,5238,42.6,5612,43.8
1,1,6,70,20,4,add_lane,0,5238,46.1,5238,46.1
1,1,6,70,20,4,add_lane,1,5238,46.1,5867,50.7
1,1,6,70,20,4,add_lane,2,5238,46.1,6495,55.3
1,1,6,70,20,4,change_speed,-10,5238,46.1,4864,35.6
1,1,6,70,20,4,change_speed,0,5238,46.1,5238,41.5
1,1,6,70,20,4,change_speed,10,5238,46.1,5612,47.4
1,1,6,70,20,5,add_lane,0,3780,34.2,3780,34.2
1,1,6,70,20,5,add_lane,1,3780,34.2,4234,37.6
1,1,6,70,20,5,add_lane,2,3780,34.2,4687,41.0
1,1,6,70,20,5,change_speed,-10,3780,34.2,3510,26.4
1,1,6,70,20,5,change_speed,0,3780,34.2,3780,30.8
1,1,6,70,20,5,change_speed,10,3780,34.2,4050,35.2
1,1,6,70,20,6,add_lane,0,3321,51.4,3321,51.4
1,1,6,70,20,6,add_lane,1,3321,51.4,3720,56.5
1,1,6,70,20,6,add_lane,2,3321,51.4,4118,61.7
1,1,6,70,20,6,change_speed,-10,3321,51.4,3084,39.7
1,1,6,70,20,6,change_speed,0,3321,51.4,3321,46.3
1,1,6,70,20,6,change_speed,10,3321,51.4,3558,52.9
1,1,6,70,21,0,add_lane,0,1860,61.3,1860,61.3
1,1,6,70,21,0,add_lane,1,1860,61.3,2083,67.4
1,1,6,70,21,0,add_lane,2,1860,61.3,2306,73.6
1,1,6,70,21,0,change_speed,-10,1860,61.3,1727,47.3
1,1,6,70,21,0,change_speed,0,1860,61.3,1860,55.2
1,1,6,70,21,0,change_speed,10,1860,61.3,1993,63.1
1,1,6,70,21,1,add_lane,0,3780,63.7,3780,63.7
1,1,6,70,21,1,add_lane,1,3780,63.7,4234,70.1
1,1,6,70,21,1,add_lane,2,3780,63.7,4687,76.4
1,1,6,70,21,1,change_speed,-10,3780,63.7,3510,49.1
1,1,6,70,21,1,change_speed,0,3780,63.7,3780,57.3
1,1,6,70,21,1,change_speed,10,3780,63.7,4050,65.5
1,1,6,70,21,2,add_lane,0,3667,55.4,3667,55.4
1,1,6,70,21,2,add_lane,1,3667,55.4,4107,60.9
1,1,6,70,21,2,add_lane,2,3667,55.4,4547,66.5
1,1,6,70,21,2,change_speed,-10,3667,55.4,3405,42.7
1,1,6,70,21,2,change_speed,0,3667,55.4,3667,49.9
1,1,6,70,21,2,change_speed,10,3667,55.4,3929,57.0
1,1,6,70,21,3,add_lane,0,3667,50.7,3667,50.7
1,1,6,70,21,3,add_lane,1,3667,50.7,4107,55.8
1,1,6,70,21,3,add_lane,2,3667,50.7,4547,60.8
1,1,6,70,21,3,change_speed,-10,3667,50.7,3405,39.1
1,1,6,70,21,3,change_speed,0,3667,50.7,3667,45.6
1,1,6,70,21,3,change_speed,10,3667,50.7,3929,52.1
1,1,6,70,21,4,add_lane,0,3667,59.3,3667,59.3
1,1,6,70,21,4,add_lane,1,3667,59.3,4107,65.2
1,1,6,70,21,4,add_lane,2,3667,59.3,4547,71.2
1,1,6,70,21,4,change_speed,-10,3667,59.3,3405,45.7
1,1,6,70,21,4,change_speed,0,3667,59.3,3667,53.4
1,1,6,70,21,4,change_speed,10,3667,59.3,3929,61.0
1,1,6,70,21,5,add_lane,0,2646,42.0,2646,42.0
1,1,6,70,21,5,add_lane,1,2646,42.0,2964,46.2
1,1,6,70,21,5,add_lane,2,2646,42.0,3281,50.4
1,1,6,70,21,5,change_speed,-10,2646,42.0,2457,32.4
1,1,6,70,21,5,change_speed,0,2646,42.0,2646,37.8
1,1,6,70,21,5,change_speed,10,2646,42.0,2835,43.2
1,1,6,70,21,6,add_lane,0,2325,48.5,2325,48.5
1,1,6,70,21,6,add_lane,1,2325,48.5,2604,53.4
1,1,6,70,21,6,add_lane,2,2325,48.5,2883,58.2
1,1,6,70,21,6,change_speed,-10,2325,48.5,2159,37.4
1,1,6,70,21,6,change_speed,0,2325,48.5,2325,43.6
1,1,6,70,21,6,change_speed,10,2325,48.5,2491,49.9
1,1,6,70,22,0,add_lane,0,1196,63.2,1196,63.2
1,1,6,70,22,0,add_lane,1,1196,63.2,1340,69.5
1,1,6,70,22,0,add_lane,2,1196,63.2,1483,75.8
1,1,6,70,22,0,change_speed,-10,1196,63.2,1111,48.8
1,1,6,70,22,0,change_speed,0,1196,63.2,1196,56.9
1,1,6,70,22,0,change_speed,10,1196,63.2,1281,65.0
1,1,6,70,22,1,add_lane,0,2430,60.3,2430,60.3
1,1,6,70,22,1,add_lane,1,2430,60.3,2722,66.3
1,1,6,70,22,1,add_lane,2,2430,60.3,3013,72.4
1,1,6,70,22,1,change_speed,-10,2430,60.3,2256,46.5
1,1,6,70,22,1,change_speed,0,2430,60.3,2430,54.3
1,1,6,70,22,1,change_speed,10,2430,60.3,2604,62.0
1,1,6,70,22,2,add_lane,0,2357,65.3,2357,65.3
1,1,6,70,22,2,add_lane,1,2357,65.3,2640,71.8
1,1,6,70,22,2,add_lane,2,2357,65.3,2923,78.4
1,1,6,70,22,2,change_speed,-10,2357,65.3,2189,50.4
1,1,6,70,22,2,change_speed,0,2357,65.3,2357,58.8
1,1,6,70,22,2,change_speed,10,2357,65.3,2525,67.2
1,1,6,70,22,3,add_lane,0,2357,59.7,2357,59.7
1,1,6,70,22,3,add_lane,1,2357,59.7,2640,65.7
1,1,6,70,22,3,add_lane,2,2357,59.7,2923,71.6
1,1,6,70,22,3,change_speed,-10,2357,59.7,2189,46.1
1,1,6,70,22,3,change_speed,0,2357,59.7,2357,53.7
1,1,6,70,22,3,change_speed,10,2357,59.7,2525,61.4
1,1,6,70,22,4,add_lane,0,2357,62.5,2357,62.5
1,1,6,70,22,4,add_lane,1,2357,62.5,2640,68.8
1,1,6,70,22,4,add_lane,2,2357,62.5,2923,75.0
1,1,6,70,22,4,change_speed,-10,2357,62.5,2189,48.2
1,1,6,70,22,4,change_speed,0,2357,62.5,2357,56.2
1,1,6,70,22,4,change_speed,10,2357,62.5,2525,64.3
1,1,6,70,22,5,add_lane,0,1701,40.9,1701,40.9
1,1,6,70,22,5,add_lane,1,1701,40.9,1905,45.0
1,1,6,70,22,5,add_lane,2,1701,40.9,2109,49.1
1,1,6,70,22,5,change_speed,-10,1701,40.9,1580,31.6
1,1,6,70,22,5,change_speed,0,1701,40.9,1701,36.8
1,1,6,70,22,5,change_speed,10,1701,40.9,1822,42.1
1,1,6,70,22,6,add_lane,0,1494,53.2,1494,53.2
1,1,6,70,22,6,add_lane,1,1494,53.2,1673,58.5
1,1,6,70,22,6,add_lane,2,1494,53.2,1853,63.8
1,1,6,70,22,6,change_speed,-10,1494,53.2,1387,41.0
1,1,6,70,22,6,change_speed,0,1494,53.2,1494,47.9
1,1,6,70,22,6,change_speed,10,1494,53.2,1601,54.7
1,1,6,70,23,0,add_lane,0,797,56.8,797,56.8
1,1,6,70,23,0,add_lane,1,797,56.8,893,62.5
1,1,6,70,23,0,add_lane,2,797,56.8,988,68.2
1,1,6,70,23,0,change_speed,-10,797,56.8,740,43.8
1,1,6,70,23,0,change_speed,0,797,56.8,797,51.1
1,1,6,70,23,0,change_speed,10,797,56.8,854,58.4
1,1,6,70,23,1,add_lane,0,1620,68.1,1620,68.1
1,1,6,70,23,1,add_lane,1,1620,68.1,1814,74.9
1,1,6,70,23,1,add_lane,2,1620,68.1,2009,81.7
1,1,6,70,23,1,change_speed,-10,1620,68.1,1504,52.5
1,1,6,70,23,1,change_speed,0,1620,68.1,1620,61.3
1,1,6,70,23,1,change_speed,10,1620,68.1,1736,70.0
1,1,6,70,23,2,add_lane,0,1571,68.4,1571,68.4
1,1,6,70,23,2,add_lane,1,1571,68.4,1760,75.2
1,1,6,70,23,2,add_lane,2,1571,68.4,1948,82.1
1,1,6,70,23,2,change_speed,-10,1571,68.4,1459,52.8
1,1,6,70,23,2,change_speed,0,1571,68.4,1571,61.6
1,1,6,70,23,2,change_speed,10,1571,68.4,1683,70.4
1,1,6,70,23,3,add_lane,0,1571,64.8,1571,64.8
1,1,6,70,23,3,add_lane,1,1571,64.8,1760,71.3
1,1,6,70,23,3,add_lane,2,1571,64.8,1948,77.8
1,1,6,70,23,3,change_speed,-10,1571,64.8,1459,50.0
1,1,6,70,23,3,change_speed,0,1571,64.8,1571,58.3
1,1,6,70,23,3,change_speed,10,1571,64.8,1683,66.7
1,1,6,70,23,4,add_lane,0,1571,67.4,1571,67.4
1,1,6,70,23,4,add_lane,1,1571,67.4,1760,74.1
1,1,6,70,23,4,add_lane,2,1571,67.4,1948,80.9
1,1,6,70,23,4,change_speed,-10,1571,67.4,1459,52.0
1,1,6,70,23,4,change_speed,0,1571,67.4,1571,60.7
1,1,6,70,23,4,change_speed,10,1571,67.4,1683,69.3
1,1,6,70,23,5,add_lane,0,1134,45.1,1134,45.1
1,1,6,70,23,5,add_lane,1,1134,45.1,1270,49.6
1,1,6,70,23,5,add_lane,2,1134,45.1,1406,54.1
1,1,6,70,23,5,change_speed,-10,1134,45.1,1053,34.8
1,1,6,70,23,5,change_speed,0,1134,45.1,1134,40.6
1,1,6,70,23,5,change_speed,10,1134,45.1,1215,46.4
1,1,6,70,23,6,add_lane,0,996,57.7,996,57.7
1,1,6,70,23,6,add_lane,1,996,57.7,1116,63.5
1,1,6,70,23,6,add_lane,2,996,57.7,1235,69.2
1,1,6,70,23,6,change_speed,-10,996,57.7,925,44.5
1,1,6,70,23,6,change_speed,0,996,57.7,996,51.9
1,1,6,70,23,6,change_speed,10,996,57.7,1067,59.3
2,2,8,80,0,0,add_lane,0,1240,69.2,1240,69.2
2,2,8,80,0,0,add_lane,1,1240,69.2,1389,76.1
2,2,8,80,0,0,add_lane,2,1240,69.2,1538,83.0
2,2,8,80,0,0,change_speed,-10,1240,69.2,1162,54.5
2,2,8,80,0,0,change_speed,0,1240,69.2,1240,62.3
2,2,8,80,0,0,change_speed,10,1240,69.2,1318,70.1
2,2,8,80,0,1,add_lane,0,2520,74.5,2520,74.5
2,2,8,80,0,1,add_lane,1,2520,74.5,2822,82.0
2,2,8,80,0,1,add_lane,2,2520,74.5,3125,89.4
2,2,8,80,0,1,change_speed,-10,2520,74.5,2362,58.7
2,2,8,80,0,1,change_speed,0,2520,74.5,2520,67.0
2,2,8,80,0,1,change_speed,10,2520,74.5,2678,75.4
2,2,8,80,0,2,add_lane,0,2444,70.0,2444,70.0
2,2,8,80,0,2,add_lane,1,2444,70.0,2737,77.0
2,2,8,80,0,2,add_lane,2,2444,70.0,3031,84.0
2,2,8,80,0,2,change_speed,-10,2444,70.0,2291,55.1
2,2,8,80,0,2,change_speed,0,2444,70.0,2444,63.0
2,2,8,80,0,2,change_speed,10,2444,70.0,2597,70.9
2,2,8,80,0,3,add_lane,0,2444,76.8,2444,76.8
2,2,8,80,0,3,add_lane,1,2444,76.8,2737,84.5
2,2,8,80,0,3,add_lane,2,2444,76.8,3031,92.2
2,2,8,80,0,3,change_speed,-10,2444,76.8,2291,60.5
2,2,8,80,0,3,change_speed,0,2444,76.8,2444,69.1
2,2,8,80,0,3,change_speed,10,2444,76.8,2597,77.8
2,2,8,80,0,4,add_lane,0,2444,68.8,2444,68.8
2,2,8,80,0,4,add_lane,1,2444,68.8,2737,75.7
2,2,8,80,0,4,add_lane,2,2444,68.8,3031,82.6
2,2,8,80,0,4,change_speed,-10,2444,68.8,2291,54.2
2,2,8,80,0,4,change_speed,0,2444,68.8,2444,61.9
2,2,8,80,0,4,change_speed,10,2444,68.8,2597,69.7
2,2,8,80,0,5,add_lane,0,1764,47.4,1764,47.4
2,2,8,80,0,5,add_lane,1,1764,47.4,1976,52.1
2,2,8,80,0,5,add_lane,2,1764,47.4,2187,56.9
2,2,8,80,0,5,change_speed,-10,1764,47.4,1654,37.3
2,2,8,80,0,5,change_speed,0,1764,47.4,1764,42.7
2,2,8,80,0,5,change_speed,10,1764,47.4,1874,48.0
2,2,8,80,0,6,add_lane,0,1550,69.9,1550,69.9
2,2,8,80,0,6,add_lane,1,1550,69.9,1736,76.9
2,2,8,80,0,6,add_lane,2,1550,69.9,1922,83.9
2,2,8,80,0,6,change_speed,-10,1550,69.9,1453,55.0
2,2,8,80,0,6,change_speed,0,1550,69.9,1550,62.9
2,2,8,80,0,6,change_speed,10,1550,69.9,1647,70.8
2,2,8,80,1,0,add_lane,0,1063,69.0,1063,69.0
2,2,8,80,1,0,add_lane,1,1063,69.0,1191,75.9
2,2,8,80,1,0,add_lane,2,1063,69.0,1318,82.8
2,2,8,80,1,0,change_speed,-10,1063,69.0,997,54.3
2,2,8,80,1,0,change_speed,0,1063,69.0,1063,62.1
2,2,8,80,1,0,change_speed,10,1063,69.0,1129,69.9
2,2,8,80,1,1,add_lane,0,2160,72.8,2160,72.8
2,2,8,80,1,1,add_lane,1,2160,72.8,2419,80.1
2,2,8,80,1,1,add_lane,2,2160,72.8,2678,87.4
2,2,8,80,1,1,change_speed,-10,2160,72.8,2025,57.3
2,2,8,80,1,1,change_speed,0,2160,72.8,2160,65.5
2,2,8,80,1,1,change_speed,10,2160,72.8,2295,73.7
2,2,8,80,1,2,add_lane,0,2095,68.5,2095,68.5
2,2,8,80,1,2,add_lane,1,2095,68.5,2346,75.4
2,2,8,80,1,2,add_lane,2,2095,68.5,2598,82.2
2,2,8,80,1,2,change_speed,-10,2095,68.5,1964,53.9
2,2,8,80,1,2,change_speed,0,2095,68.5,2095,61.6
2,2,8,80,1,2,change_speed,10,2095,68.5,2226,69.4
2,2,8,80,1,3,add_lane,0,2095,76.3,2095,76.3
2,2,8,80,1,3,add_lane,1,2095,76.3,2346,83.9
2,2,8,80,1,3,add_lane,2,2095,76.3,2598,91.6
2,2,8,80,1,3,change_speed,-10,2095,76.3,1964,60.1
2,2,8,80,1,3,change_speed,0,2095,76.3,2095,68.7
2,2,8,80,1,3,change_speed,10,2095,76.3,2226,77.3
2,2,8,80,1,4,add_lane,0,2095,70.2,2095,70.2
2,2,8,80,1,4,add_lane,1,2095,70.2,2346,77.2
2,2,8,80,1,4,add_lane,2,2095,70.2,2598,84.2
2,2,8,80,1,4,change_speed,-10,2095,70.2,1964,55.3
2,2,8,80,1,4,change_speed,0,2095,70.2,2095,63.2
2,2,8,80,1,4,change_speed,10,2095,70.2,2226,71.1
2,2,8,80,1,5,add_lane,0,1512,61.5,1512,61.5
2,2,8,80,1,5,add_lane,1,1512,61.5,1693,67.7
2,2,8,80,1,5,add_lane,2,1512,61.5,1875,73.8
2,2,8,80,1,5,change_speed,-10,1512,61.5,1418,48.4
2,2,8,80,1,5,change_speed,0,1512,61.5,1512,55.4
2,2,8,80,1,5,change_speed,10,1512,61.5,1606,62.3
2,2,8,80,1,6,add_lane,0,1328,62.6,1328,62.6
2,2,8,80,1,6,add_lane,1,1328,62.6,1487,68.9
2,2,8,80,1,6,add_lane,2,1328,62.6,1647,75.1
2,2,8,80,1,6,change_speed,-10,1328,62.6,1245,49.3
2,2,8,80,1,6,change_speed,0,1328,62.6,1328,56.3
2,2,8,80,1,6,change_speed,10,1328,62.6,1411,63.4
2,2,8,80,2,0,add_lane,0,992,65.3,992,65.3
2,2,8,80,2,0,add_lane,1,992,65.3,1111,71.8
2,2,8,80,2,0,add_lane,2,992,65.3,1230,78.4
2,2,8,80,2,0,change_speed,-10,992,65.3,930,51.4
2,2,8,80,2,0,change_speed,0,992,65.3,992,58.8
2,2,8,80,2,0,change_speed,10,992,65.3,1054,66.1
2,2,8,80,2,1,add_lane,0,2016,77.9,2016,77.9
2,2,8,80,2,1,add_lane,1,2016,77.9,2258,85.7
2,2,8,80,2,1,add_lane,2,2016,77.9,2500,93.5
2,2,8,80,2,1,change_speed,-10,2016,77.9,1890,61.3
2,2,8,80,2,1,change_speed,0,2016,77.9,2016,70.1
2,2,8,80,2,1,change_speed,10,2016,77.9,2142,78.9
2,2,8,80,2,2,add_lane,0,1956,75.0,1956,75.0
2,2,8,80,2,2,add_lane,1,1956,75.0,2191,82.5
2,2,8,80,2,2,add_lane,2,1956,75.0,2425,90.0
2,2,8,80,2,2,change_speed,-10,1956,75.0,1834,59.1
2,2,8,80,2,2,change_speed,0,1956,75.0,1956,67.5
2,2,8,80,2,2,change_speed,10,1956,75.0,2078,75.9
2,2,8,80,2,3,add_lane,0,1956,73.0,1956,73.0
2,2,8,80,2,3,add_lane,1,1956,73.0,2191,80.3
2,2,8,80,2,3,add_lane,2,1956,73.0,2425,87.6
2,2,8,80,2,3,change_speed,-10,1956,73.0,1834,57.5
2,2,8,80,2,3,change_speed,0,1956,73.0,1956,65.7
2,2,8,80,2,3,change_speed,10,1956,73.0,2078,73.9
2,2,8,80,2,4,add_lane,0,1956,76.1,1956,76.1
2,2,8,80,2,4,add_lane,1,1956,76.1,2191,83.7
2,2,8,80,2,4,add_lane,2,1956,76.1,2425,91.3
2,2,8,80,2,4,change_speed,-10,1956,76.1,1834,59.9
2,2,8,80,2,4,change_speed,0,1956,76.1,1956,68.5
2,2,8,80,2,4,change_speed,10,1956,76.1,2078,77.1
2,2,8,80,2,5,add_lane,0,1411,47.7,1411,47.7
2,2,8,80,2,5,add_lane,1,1411,47.7,1580,52.5
2,2,8,80,2,5,add_lane,2,1411,47.7,1750,57.2
2,2,8,80,2,5,change_speed,-10,1411,47.7,1323,37.6
2,2,8,80,2,5,change_speed,0,1411,47.7,1411,42.9
2,2,8,80,2,5,change_speed,10,1411,47.7,1499,48.3
2,2,8,80,2,6,add_lane,0,1240,67.2,1240,67.2
2,2,8,80,2,6,add_lane,1,1240,67.2,1389,73.9
2,2,8,80,2,6,add_lane,2,1240,67.2,1538,80.6
2,2,8,80,2,6,change_speed,-10,1240,67.2,1162,52.9
2,2,8,80,2,6,change_speed,0,1240,67.2,1240,60.5
2,2,8,80,2,6,change_speed,10,1240,67.2,1318,68.0
2,2,8,80,3,0,add_lane,0,886,73.6,886,73.6
2,2,8,80,3,0,add_lane,1,886,73.6,992,81.0
2,2,8,80,3,0,add_lane,2,886,73.6,1099,88.3
2,2,8,80,3,0,change_speed,-10,886,73.6,831,58.0
2,2,8,80,3,0,change_speed,0,886,73.6,886,66.2
2,2,8,80,3,0,change_speed,10,886,73.6,941,74.5
2,2,8,80,3,1,add_lane,0,1800,81.6,1800,81.6
2,2,8,80,3,1,add_lane,1,1800,81.6,2016,89.8
2,2,8,80,3,1,add_lane,2,1800,81.6,2232,97.9
2,2,8,80,3,1,change_speed,-10,1800,81.6,1688,64.3
2,2,8,80,3,1,change_speed,0,1800,81.6,1800,73.4
2,2,8,80,3,1,change_speed,10,1800,81.6,1912,82.6
2,2,8,80,3,2,add_lane,0,1746,70.5,1746,70.5
2,2,8,80,3,2,add_lane,1,1746,70.5,1956,77.6
2,2,8,80,3,2,add_lane,2,1746,70.5,2165,84.6
2,2,8,80,3,2,change_speed,-10,1746,70.5,1637,55.5
2,2,8,80,3,2,change_speed,0,1746,70.5,1746,63.5
2,2,8,80,3,2,change_speed,10,1746,70.5,1855,71.4
2,2,8,80,3,3,add_lane,0,1746,75.2,1746,75.2
2,2,8,80,3,3,add_lane,1,1746,75.2,1956,82.7
2,2,8,80,3,3,add_lane,2,1746,75.2,2165,90.2
2,2,8,80,3,3,change_speed,-10,1746,75.2,1637,59.2
2,2,8,80,3,3,change_speed,0,1746,75.2,1746,67.7
2,2,8,80,3,3,change_speed,10,1746,75.2,1855,76.1
2,2,8,80,3,4,add_lane,0,1746,77.5,1746,77.5
2,2,8,80,3,4,add_lane,1,1746,77.5,1956,85.2
2,2,8,80,3,4,add_lane,2,1746,77.5,2165,93.0
2,2,8,80,3,4,change_speed,-10,1746,77.5,1637,61.0
2,2,8,80,3,4,change_speed,0,1746,77.5,1746,69.8
2,2,8,80,3,4,change_speed,10,1746,77.5,1855,78.5
2,2,8,80,3,5,add_lane,0,1260,53.4,1260,53.4
2,2,8,80,3,5,add_lane,1,1260,53.4,1411,58.7
2,2,8,80,3,5,add_lane,2,1260,53.4,1562,64.1
2,2,8,80,3,5,change_speed,-10,1260,53.4,1181,42.1
2,2,8,80,3,5,change_speed,0,1260,53.4,1260,48.1
2,2,8,80,3,5,change_speed,10,1260,53.4,1339,54.1
2,2,8,80,3,6,add_lane,0,1107,61.6,1107,61.6
2,2,8,80,3,6,add_lane,1,1107,61.6,1240,67.8
2,2,8,80,3,6,add_lane,2,1107,61.6,1373,73.9
2,2,8,80,3,6,change_speed,-10,1107,61.6,1038,48.5
2,2,8,80,3,6,change_speed,0,1107,61.6,1107,55.4
2,2,8,80,3,6,change_speed,10,1107,61.6,1176,62.4
2,2,8,80,4,0,add_lane,0,992,71.6,992,71.6
2,2,8,80,4,0,add_lane,1,992,71.6,1111,78.8
2,2,8,80,4,0,add_lane,2,992,71.6,1230,85.9
2,2,8,80,4,0,change_speed,-10,992,71.6,930,56.4
2,2,8,80,4,0,change_speed,0,992,71.6,992,64.4
2,2,8,80,4,0,change_speed,10,992,71.6,1054,72.5
2,2,8,80,4,1,add_lane,0,2016,81.0,2016,81.0
2,2,8,80,4,1,add_lane,1,2016,81.0,2258,89.1
2,2,8,80,4,1,add_lane,2,2016,81.0,2500,97.2
2,2,8,80,4,1,change_speed,-10,2016,81.0,1890,63.8
2,2,8,80,4,1,change_speed,0,2016,81.0,2016,72.9
2,2,8,80,4,1,change_speed,10,2016,81.0,2142,82.0
2,2,8,80,4,2,add_lane,0,1956,75.3,1956,75.3
2,2,8,80,4,2,add_lane,1,1956,75.3,2191,82.8
2,2,8,80,4,2,add_lane,2,1956,75.3,2425,90.4
2,2,8,80,4,2,change_speed,-10,1956,75.3,1834,59.3
2,2,8,80,4,2,change_speed,0,1956,75.3,1956,67.8
2,2,8,80,4,2,change_speed,10,1956,75.3,2078,76.2
2,2,8,80,4,3,add_lane,0,1956,73.5,1956,73.5
2,2,8,80,4,3,add_lane,1,1956,73.5,2191,80.9
2,2,8,80,4,3,add_lane,2,1956,73.5,2425,88.2
2,2,8,80,4,3,change_speed,-10,1956,73.5,1834,57.9
2,2,8,80,4,3,change_speed,0,1956,73.5,1956,66.2
2,2,8,80,4,3,change_speed,10,1956,73.5,2078,74.4
2,2,8,80,4,4,add_lane,0,1956,70.4,1956,70.4
2,2,8,80,4,4,add_lane,1,1956,70.4,2191,77.4
2,2,8,80,4,4,add_lane,2,1956,70.4,2425,84.5
2,2,8,80,4,4,change_speed,-10,1956,70.4,1834,55.4
2,2,8,80,4,4,change_speed,0,1956,70.4,1956,63.4
2,2,8,80,4,4,change_speed,10,1956,70.4,2078,71.3
2,2,8,80,4,5,add_lane,0,1411,56.5,1411,56.5
2,2,8,80,4,5,add_lane,1,1411,56.5,1580,62.2
2,2,8,80,4,5,add_lane,2,1411,56.5,1750,67.8
2,2,8,80,4,5,change_speed,-10,1411,56.5,1323,44.5
2,2,8,80,4,5,change_speed,0,1411,56.5,1411,50.9
2,2,8,80,4,5,change_speed,10,1411,56.5,1499,57.2
2,2,8,80,4,6,add_lane,0,1240,69.4,1240,69.4
2,2,8,80,4,6,add_lane,1,1240,69.4,1389,76.3
2,2,8,80,4,6,add_lane,2,1240,69.4,1538,83.3
2,2,8,80,4,6,change_speed,-10,1240,69.4,1162,54.7
2,2,8,80,4,6,change_speed,0,1240,69.4,1240,62.5
2,2,8,80,4,6,change_speed,10,1240,69.4,1318,70.3
2,2,8,80,5,0,add_lane,0,1594,78.0,1594,78.0
2,2,8,80,5,0,add_lane,1,1594,78.0,1785,85.8
2,2,8,80,5,0,add_lane,2,1594,78.0,1977,93.6
2,2,8,80,5,0,change_speed,-10,1594,78.0,1494,61.4
2,2,8,80,5,0,change_speed,0,1594,78.0,1594,70.2
2,2,8,80,5,0,change_speed,10,1594,78.0,1694,79.0
2,2,8,80,5,1,add_lane,0,3240,82.3,3240,82.3
2,2,8,80,5,1,add_lane,1,3240,82.3,3629,90.5
2,2,8,80,5,1,add_lane,2,3240,82.3,4018,98.8
2,2,8,80,5,1,change_speed,-10,3240,82.3,3038,64.8
2,2,8,80,5,1,change_speed,0,3240,82.3,3240,74.1
2,2,8,80,5,1,change_speed,10,3240,82.3,3442,83.3
2,2,8,80,5,2,add_lane,0,3143,69.6,3143,69.6
2,2,8,80,5,2,add_lane,1,3143,69.6,3520,76.6
2,2,8,80,5,2,add_lane,2,3143,69.6,3897,83.5
2,2,8,80,5,2,change_speed,-10,3143,69.6,2947,54.8
2,2,8,80,5,2,change_speed,0,3143,69.6,3143,62.6
2,2,8,80,5,2,change_speed,10,3143,69.6,3339,70.5
2,2,8,80,5,3,add_lane,0,3143,65.8,3143,65.8
2,2,8,80,5,3,add_lane,1,3143,65.8,3520,72.4
2,2,8,80,5,3,add_lane,2,3143,65.8,3897,79.0
2,2,8,80,5,3,change_speed,-10,3143,65.8,2947,51.8
2,2,8,80,5,3,change_speed,0,3143,65.8,3143,59.2
2,2,8,80,5,3,change_speed,10,3143,65.8,3339,66.6
2,2,8,80,5,4,add_lane,0,3143,71.1,3143,71.1
2,2,8,80,5,4,add_lane,1,3143,71.1,3520,78.2
2,2,8,80,5,4,add_lane,2,3143,71.1,3897,85.3
2,2,8,80,5,4,change_speed,-10,3143,71.1,2947,56.0
2,2,8,80,5,4,change_speed,0,3143,71.1,3143,64.0
2,2,8,80,5,4,change_speed,10,3143,71.1,3339,72.0
2,2,8,80,5,5,add_lane,0,2268,53.4,2268,53.4
2,2,8,80,5,5,add_lane,1,2268,53.4,2540,58.7
2,2,8,80,5,5,add_lane,2,2268,53.4,2812,64.1
2,2,8,80,5,5,change_speed,-10,2268,53.4,2126,42.1
2,2,8,80,5,5,change_speed,0,2268,53.4,2268,48.1
2,2,8,80,5,5,change_speed,10,2268,53.4,2410,54.1
2,2,8,80,5,6,add_lane,0,1993,60.5,1993,60.5
2,2,8,80,5,6,add_lane,1,1993,60.5,2232,66.6
2,2,8,80,5,6,add_lane,2,1993,60.5,2471,72.6
2,2,8,80,5,6,change_speed,-10,1993,60.5,1868,47.6
2,2,8,80,5,6,change_speed,0,1993,60.5,1993,54.5
2,2,8,80,5,6,change_speed,10,1993,60.5,2118,61.3
2,2,8,80,6,0,add_lane,0,2834,63.3,2834,63.3
2,2,8,80,6,0,add_lane,1,2834,63.3,3174,69.6
2,2,8,80,6,0,add_lane,2,2834,63.3,3514,76.0
2,2,8,80,6,0,change_speed,-10,2834,63.3,2657,49.8
2,2,8,80,6,0,change_speed,0,2834,63.3,2834,57.0
2,2,8,80,6,0,change_speed,10,2834,63.3,3011,64.1
2,2,8,80,6,1,add_lane,0,5760,62.8,5760,62.8
2,2,8,80,6,1,add_lane,1,5760,62.8,6451,69.1
2,2,8,80,6,1,add_lane,2,5760,62.8,7142,75.4
2,2,8,80,6,1,change_speed,-10,5760,62.8,5400,49.5
2,2,8,80,6,1,change_speed,0,5760,62.8,5760,56.5
2,2,8,80,6,1,change_speed,10,5760,62.8,6120,63.6
2,2,8,80,6,2,add_lane,0,5587,63.4,5587,63.4
2,2,8,80,6,2,add_lane,1,5587,63.4,6257,69.7
2,2,8,80,6,2,add_lane,2,5587,63.4,6928,76.1
2,2,8,80,6,2,change_speed,-10,5587,63.4,5238,49.9
2,2,8,80,6,2,change_speed,0,5587,63.4,5587,57.1
2,2,8,80,6,2,change_speed,10,5587,63.4,5936,64.2
2,2,8,80,6,3,add_lane,0,5587,55.7,5587,55.7
2,2,8,80,6,3,add_lane,1,5587,55.7,6257,61.3
2,2,8,80,6,3,add_lane,2,5587,55.7,6928,66.8
2,2,8,80,6,3,change_speed,-10,5587,55.7,5238,43.9
2,2,8,80,6,3,change_speed,0,5587,55.7,5587,50.1
2,2,8,80,6,3,change_speed,10,5587,55.7,5936,56.4
2,2,8,80,6,4,add_lane,0,5587,54.5,5587,54.5
2,2,8,80,6,4,add_lane,1,5587,54.5,6257,60.0
2,2,8,80,6,4,add_lane,2,5587,54.5,6928,65.4
2,2,8,80,6,4,change_speed,-10,5587,54.5,5238,42.9
2,2,8,80,6,4,change_speed,0,5587,54.5,5587,49.1
2,2,8,80,6,4,change_speed,10,5587,54.5,5936,55.2
2,2,8,80,6,5,add_lane,0,4032,47.2,4032,47.2
2,2,8,80,6,5,add_lane,1,4032,47.2,4516,51.9
2,2,8,80,6,5,add_lane,2,4032,47.2,5000,56.6
2,2,8,80,6,5,change_speed,-10,4032,47.2,3780,37.2
2,2,8,80,6,5,change_speed,0,4032,47.2,4032,42.5
2,2,8,80,6,5,change_speed,10,4032,47.2,4284,47.8
2,2,8,80,6,6,add_lane,0,3542,59.3,3542,59.3
2,2,8,80,6,6,add_lane,1,3542,59.3,3967,65.2
2,2,8,80,6,6,add_lane,2,3542,59.3,4392,71.2
2,2,8,80,6,6,change_speed,-10,3542,59.3,3321,46.7
2,2,8,80,6,6,change_speed,0,3542,59.3,3542,53.4
2,2,8,80,6,6,change_speed,10,3542,59.3,3763,60.0
2,2,8,80,7,0,add_lane,0,6376,47.9,6376,47.9
2,2,8,80,7,0,add_lane,1,6376,47.9,7141,52.7
2,2,8,80,7,0,add_lane,2,6376,47.9,7906,57.5
2,2,8,80,7,0,change_speed,-10,6376,47.9,5978,37.7
2,2,8,80,7,0,change_speed,0,6376,47.9,6376,43.1
2,2,8,80,7,0,change_speed,10,6376,47.9,6774,48.5
2,2,8,80,7,1,add_lane,0,12960,29.3,12960,29.3
2,2,8,80,7,1,add_lane,1,12960,29.3,14515,32.2
2,2,8,80,7,1,add_lane,2,12960,29.3,16070,35.2
2,2,8,80,7,1,change_speed,-10,12960,29.3,12150,23.1
2,2,8,80,7,1,change_speed,0,12960,29.3,12960,26.4
2,2,8,80,7,1,change_speed,10,12960,29.3,13770,29.7
2,2,8,80,7,2,add_lane,0,12571,28.6,12571,28.6
2,2,8,80,7,2,add_lane,1,12571,28.6,14080,31.5
2,2,8,80,7,2,add_lane,2,12571,28.6,15588,34.3
2,2,8,80,7,2,change_speed,-10,12571,28.6,11785,22.5
2,2,8,80,7,2,change_speed,0,12571,28.6,12571,25.7
2,2,8,80,7,2,change_speed,10,12571,28.6,13357,29.0
2,2,8,80,7,3,add_lane,0,12571,29.5,12571,29.5
2,2,8,80,7,3,add_lane,1,12571,29.5,14080,32.5
2,2,8,80,7,3,add_lane,2,12571,29.5,15588,35.4
2,2,8,80,7,3,change_speed,-10,12571,29.5,11785,23.2
2,2,8,80,7,3,change_speed,0,12571,29.5,12571,26.6
2,2,8,80,7,3,change_speed,10,12571,29.5,13357,29.9
2,2,8,80,7,4,add_lane,0,12571,27.8,12571,27.8
2,2,8,80,7,4,add_lane,1,12571,27.8,14080,30.6
2,2,8,80,7,4,add_lane,2,12571,27.8,15588,33.4
2,2,8,80,7,4,change_speed,-10,12571,27.8,11785,21.9
2,2,8,80,7,4,change_speed,0,12571,27.8,12571,25.0
2,2,8,80,7,4,change_speed,10,12571,27.8,13357,28.1
2,2,8,80,7,5,add_lane,0,9072,29.1,9072,29.1
2,2,8,80,7,5,add_lane,1,9072,29.1,10161,32.0
2,2,8,80,7,5,add_lane,2,9072,29.1,11249,34.9
2,2,8,80,7,5,change_speed,-10,9072,29.1,8505,22.9
2,2,8,80,7,5,change_speed,0,9072,29.1,9072,26.2
2,2,8,80,7,5,change_speed,10,9072,29.1,9639,29.5
2,2,8,80,7,6,add_lane,0,7970,42.2,7970,42.2
2,2,8,80,7,6,add_lane,1,7970,42.2,8926,46.4
2,2,8,80,7,6,add_lane,2,7970,42.2,9883,50.6
2,2,8,80,7,6,change_speed,-10,7970,42.2,7472,33.2
2,2,8,80,7,6,change_speed,0,7970,42.2,7970,38.0
2,2,8,80,7,6,change_speed,10,7970,42.2,8468,42.7
2,2,8,80,8,0,add_lane,0,7793,42.2,7793,42.2
2,2,8,80,8,0,add_lane,1,7793,42.2,8728,46.4
2,2,8,80,8,0,add_lane,2,7793,42.2,9663,50.6
2,2,8,80,8,0,change_speed,-10,7793,42.2,7306,33.2
2,2,8,80,8,0,change_speed,0,7793,42.2,7793,38.0
2,2,8,80,8,0,change_speed,10,7793,42.2,8280,42.7
2,2,8,80,8,1,add_lane,0,15840,14.0,15840,14.0
2,2,8,80,8,1,add_lane,1,15840,14.0,17741,15.4
2,2,8,80,8,1,add_lane,2,15840,14.0,19642,16.8
2,2,8,80,8,1,change_speed,-10,15840,14.0,14850,11.0
2,2,8,80,8,1,change_speed,0,15840,14.0,15840,12.6
2,2,8,80,8,1,change_speed,10,15840,14.0,16830,14.2
2,2,8,80,8,2,add_lane,0,15365,16.3,15365,16.3
2,2,8,80,8,2,add_lane,1,15365,16.3,17209,17.9
2,2,8,80,8,2,add_lane,2,15365,16.3,19053,19.6
2,2,8,80,8,2,change_speed,-10,15365,16.3,14405,12.8
2,2,8,80,8,2,change_speed,0,15365,16.3,15365,14.7
2,2,8,80,8,2,change_speed,10,15365,16.3,16325,16.5
2,2,8,80,8,3,add_lane,0,15365,13.7,15365,13.7
2,2,8,80,8,3,add_lane,1,15365,13.7,17209,15.1
2,2,8,80,8,3,add_lane,2,15365,13.7,19053,16.4
2,2,8,80,8,3,change_speed,-10,15365,13.7,14405,10.8
2,2,8,80,8,3,change_speed,0,15365,13.7,15365,12.3
2,2,8,80,8,3,change_speed,10,15365,13.7,16325,13.9
2,2,8,80,8,4,add_lane,0,15365,14.0,15365,14.0
2,2,8,80,8,4,add_lane,1,15365,14.0,17209,15.4
2,2,8,80,8,4,add_lane,2,15365,14.0,19053,16.8
2,2,8,80,8,4,change_speed,-10,15365,14.0,14405,11.0
2,2,8,80,8,4,change_speed,0,15365,14.0,15365,12.6
2,2,8,80,8,4,change_speed,10,15365,14.0,16325,14.2
2,2,8,80,8,5,add_lane,0,11088,25.4,11088,25.4
2,2,8,80,8,5,add_lane,1,11088,25.4,12419,27.9
2,2,8,80,8,5,add_lane,2,11088,25.4,13749,30.5
2,2,8,80,8,5,change_speed,-10,11088,25.4,10395,20.0
2,2,8,80,8,5,change_speed,0,11088,25.4,11088,22.9
2,2,8,80,8,5,change_speed,10,11088,25.4,11781,25.7
2,2,8,80,8,6,add_lane,0,9742,30.3,9742,30.3
2,2,8,80,8,6,add_lane,1,9742,30.3,10911,33.3
2,2,8,80,8,6,add_lane,2,9742,30.3,12080,36.4
2,2,8,80,8,6,change_speed,-10,9742,30.3,9133,23.9
2,2,8,80,8,6,change_speed,0,9742,30.3,9742,27.3
2,2,8,80,8,6,change_speed,10,9742,30.3,10351,30.7
2,2,8,80,9,0,add_lane,0,6022,50.3,6022,50.3
2,2,8,80,9,0,add_lane,1,6022,50.3,6745,55.3
2,2,8,80,9,0,add_lane,2,6022,50.3,7467,60.4
2,2,8,80,9,0,change_speed,-10,6022,50.3,5646,39.6
2,2,8,80,9,0,change_speed,0,6022,50.3,6022,45.3
2,2,8,80,9,0,change_speed,10,6022,50.3,6398,50.9
2,2,8,80,9,1,add_lane,0,12240,33.9,12240,33.9
2,2,8,80,9,1,add_lane,1,12240,33.9,13709,37.3
2,2,8,80,9,1,add_lane,2,12240,33.9,15178,40.7
2,2,8,80,9,1,change_speed,-10,12240,33.9,11475,26.7
2,2,8,80,9,1,change_speed,0,12240,33.9,12240,30.5
2,2,8,80,9,1,change_speed,10,12240,33.9,13005,34.3
2,2,8,80,9,2,add_lane,0,11873,30.0,11873,30.0
2,2,8,80,9,2,add_lane,1,11873,30.0,13298,33.0
2,2,8,80,9,2,add_lane,2,11873,30.0,14723,36.0
2,2,8,80,9,2,change_speed,-10,11873,30.0,11131,23.6
2,2,8,80,9,2,change_speed,0,11873,30.0,11873,27.0
2,2,8,80,9,2,change_speed,10,11873,30.0,12615,30.4
2,2,8,80,9,3,add_lane,0,11873,33.9,11873,33.9
2,2,8,80,9,3,add_lane,1,11873,33.9,13298,37.3
2,2,8,80,9,3,add_lane,2,11873,33.9,14723,40.7
2,2,8,80,9,3,change_speed,-10,11873,33.9,11131,26.7
2,2,8,80,9,3,change_speed,0,11873,33.9,11873,30.5
2,2,8,80,9,3,change_speed,10,11873,33.9,12615,34.3
2,2,8,80,9,4,add_lane,0,11873,33.3,11873,33.3
2,2,8,80,9,4,add_lane,1,11873,33.3,13298,36.6
2,2,8,80,9,4,add_lane,2,11873,33.3,14723,40.0
2,2,8,80,9,4,change_speed,-10,11873,33.3,11131,26.2
2,2,8,80,9,4,change_speed,0,11873,33.3,11873,30.0
2,2,8,80,9,4,change_speed,10,11873,33.3,12615,33.7
2,2,8,80,9,5,add_lane,0,8568,32.9,8568,32.9
2,2,8,80,9,5,add_lane,1,8568,32.9,9596,36.2
2,2,8,80,9,5,add_lane,2,8568,32.9,10624,39.5
2,2,8,80,9,5,change_speed,-10,8568,32.9,8032,25.9
2,2,8,80,9,5,change_speed,0,8568,32.9,8568,29.6
2,2,8,80,9,5,change_speed,10,8568,32.9,9104,33.3
2,2,8,80,9,6,add_lane,0,7528,42.8,7528,42.8
2,2,8,80,9,6,add_lane,1,7528,42.8,8431,47.1
2,2,8,80,9,6,add_lane,2,7528,42.8,9335,51.4
2,2,8,80,9,6,change_speed,-10,7528,42.8,7058,33.7
2,2,8,80,9,6,change_speed,0,7528,42.8,7528,38.5
2,2,8,80,9,6,change_speed,10,7528,42.8,7998,43.3
2,2,8,80,10,0,add_lane,0,4605,59.5,4605,59.5
2,2,8,80,10,0,add_lane,1,4605,59.5,5158,65.5
2,2,8,80,10,0,add_lane,2,4605,59.5,5710,71.4
2,2,8,80,10,0,change_speed,-10,4605,59.5,4317,46.9
2,2,8,80,10,0,change_speed,0,4605,59.5,4605,53.6
2,2,8,80,10,0,change_speed,10,4605,59.5,4893,60.2
2,2,8,80,10,1,add_lane,0,9360,50.6,9360,50.6
2,2,8,80,10,1,add_lane,1,9360,50.6,10483,55.7
2,2,8,80,10,1,add_lane,2,9360,50.6,11606,60.7
2,2,8,80,10,1,change_speed,-10,9360,50.6,8775,39.8
2,2,8,80,10,1,change_speed,0,9360,50.6,9360,45.5
2,2,8,80,10,1,change_speed,10,9360,50.6,9945,51.2
2,2,8,80,10,2,add_lane,0,9079,47.2,9079,47.2
2,2,8,80,10,2,add_lane,1,9079,47.2,10168,51.9
2,2,8,80,10,2,add_lane,2,9079,47.2,11258,56.6
2,2,8,80,10,2,change_speed,-10,9079,47.2,8512,37.2
2,2,8,80,10,2,change_speed,0,9079,47.2,9079,42.5
2,2,8,80,10,2,change_speed,10,9079,47.2,9646,47.8
2,2,8,80,10,3,add_lane,0,9079,42.4,9079,42.4
2,2,8,80,10,3,add_lane,1,9079,42.4,10168,46.6
2,2,8,80,10,3,add_lane,2,9079,42.4,11258,50.9
2,2,8,80,10,3,change_speed,-10,9079,42.4,8512,33.4
2,2,8,80,10,3,change_speed,0,9079,42.4,9079,38.2
2,2,8,80,10,3,change_speed,10,9079,42.4,9646,42.9
2,2,8,80,10,4,add_lane,0,9079,42.5,9079,42.5
2,2,8,80,10,4,add_lane,1,9079,42.5,10168,46.8
2,2,8,80,10,4,add_lane,2,9079,42.5,11258,51.0
2,2,8,80,10,4,change_speed,-10,9079,42.5,8512,33.5
2,2,8,80,10,4,change_speed,0,9079,42.5,9079,38.2
2,2,8,80,10,4,change_speed,10,9079,42.5,9646,43.0
2,2,8,80,10,5,add_lane,0,6552,37.8,6552,37.8
2,2,8,80,10,5,add_lane,1,6552,37.8,7338,41.6
2,2,8,80,10,5,add_lane,2,6552,37.8,8124,45.4
2,2,8,80,10,5,change_speed,-10,6552,37.8,6142,29.8
2,2,8,80,10,5,change_speed,0,6552,37.8,6552,34.0
2,2,8,80,10,5,change_speed,10,6552,37.8,6962,38.3
2,2,8,80,10,6,add_lane,0,5756,47.4,5756,47.4
2,2,8,80,10,6,add_lane,1,5756,47.4,6447,52.1
2,2,8,80,10,6,add_lane,2,5756,47.4,7137,56.9
2,2,8,80,10,6,change_speed,-10,5756,47.4,5396,37.3
2,2,8,80,10,6,change_speed,0,5756,47.4,5756,42.7
2,2,8,80,10,6,change_speed,10,5756,47.4,6116,48.0
2,2,8,80,11,0,add_lane,0,4251,61.4,4251,61.4
2,2,8,80,11,0,add_lane,1,4251,61.4,4761,67.5
2,2,8,80,11,0,add_lane,2,4251,61.4,5271,73.7
2,2,8,80,11,0,change_speed,-10,4251,61.4,3985,48.4
2,2,8,80,11,0,change_speed,0,4251,61.4,4251,55.3
2,2,8,80,11,0,change_speed,10,4251,61.4,4517,62.2
2,2,8,80,11,1,add_lane,0,8640,49.1,8640,49.1
2,2,8,80,11,1,add_lane,1,8640,49.1,9677,54.0
2,2,8,80,11,1,add_lane,2,8640,49.1,10714,58.9
2,2,8,80,11,1,change_speed,-10,8640,49.1,8100,38.7
2,2,8,80,11,1,change_speed,0,8640,49.1,8640,44.2
2,2,8,80,11,1,change_speed,10,8640,49.1,9180,49.7
2,2,8,80,11,2,add_lane,0,8381,48.9,8381,48.9
2,2,8,80,11,2,add_lane,1,8381,48.9,9387,53.8
2,2,8,80,11,2,add_lane,2,8381,48.9,10392,58.7
2,2,8,80,11,2,change_speed,-10,8381,48.9,7857,38.5
2,2,8,80,11,2,change_speed,0,8381,48.9,8381,44.0
2,2,8,80,11,2,change_speed,10,8381,48.9,8905,49.5
2,2,8,80,11,3,add_lane,0,8381,44.2,8381,44.2
2,2,8,80,11,3,add_lane,1,8381,44.2,9387,48.6
2,2,8,80,11,3,add_lane,2,8381,44.2,10392,53.0
2,2,8,80,11,3,change_speed,-10,8381,44.2,7857,34.8
2,2,8,80,11,3,change_speed,0,8381,44.2,8381,39.8
2,2,8,80,11,3,change_speed,10,8381,44.2,8905,44.8
2,2,8,80,11,4,add_lane,0,8381,44.4,8381,44.4
2,2,8,80,11,4,add_lane,1,8381,44.4,9387,48.8
2,2,8,80,11,4,add_lane,2,8381,44.4,10392,53.3
2,2,8,80,11,4,change_speed,-10,8381,44.4,7857,35.0
2,2,8,80,11,4,change_speed,0,8381,44.4,8381,40.0
2,2,8,80,11,4,change_speed,10,8381,44.4,8905,45.0
2,2,8,80,11,5,add_lane,0,6048,39.4,6048,39.4
2,2,8,80,11,5,add_lane,1,6048,39.4,6774,43.3
2,2,8,80,11,5,add_lane,2,6048,39.4,7500,47.3
2,2,8,80,11,5,change_speed,-10,6048,39.4,5670,31.0
2,2,8,80,11,5,change_speed,0,6048,39.4,6048,35.5
2,2,8,80,11,5,change_speed,10,6048,39.4,6426,39.9
2,2,8,80,11,6,add_lane,0,5314,52.0,5314,52.0
2,2,8,80,11,6,add_lane,1,5314,52.0,5952,57.2
2,2,8,80,11,6,add_lane,2,5314,52.0,6589,62.4
2,2,8,80,11,6,change_speed,-10,5314,52.0,4982,41.0
2,2,8,80,11,6,change_speed,0,5314,52.0,5314,46.8
2,2,8,80,11,6,change_speed,10,5314,52.0,5646,52.6
2,2,8,80,12,0,add_lane,0,3897,70.9,3897,70.9
2,2,8,80,12,0,add_lane,1,3897,70.9,4365,78.0
2,2,8,80,12,0,add_lane,2,3897,70.9,4832,85.1
2,2,8,80,12,0,change_speed,-10,3897,70.9,3653,55.8
2,2,8,80,12,0,change_speed,0,3897,70.9,3897,63.8
2,2,8,80,12,0,change_speed,10,3897,70.9,4141,71.8
2,2,8,80,12,1,add_lane,0,7920,47.9,7920,47.9
2,2,8,80,12,1,add_lane,1,7920,47.9,8870,52.7
2,2,8,80,12,1,add_lane,2,7920,47.9,9821,57.5
2,2,8,80,12,1,change_speed,-10,7920,47.9,7425,37.7
2,2,8,80,12,1,change_speed,0,7920,47.9,7920,43.1
2,2,8,80,12,1,change_speed,10,7920,47.9,8415,48.5
2,2,8,80,12,2,add_lane,0,7682,50.8,7682,50.8
2,2,8,80,12,2,add_lane,1,7682,50.8,8604,55.9
2,2,8,80,12,2,add_lane,2,7682,50.8,9526,61.0
2,2,8,80,12,2,change_speed,-10,7682,50.8,7202,40.0
2,2,8,80,12,2,change_speed,0,7682,50.8,7682,45.7
2,2,8,80,12,2,change_speed,10,7682,50.8,8162,51.4
2,2,8,80,12,3,add_lane,0,7682,51.7,7682,51.7
2,2,8,80,12,3,add_lane,1,7682,51.7,8604,56.9
2,2,8,80,12,3,add_lane,2,7682,51.7,9526,62.0
2,2,8,80,12,3,change_speed,-10,7682,51.7,7202,40.7
2,2,8,80,12,3,change_speed,0,7682,51.7,7682,46.5
2,2,8,80,12,3,change_speed,10,7682,51.7,8162,52.3
2,2,8,80,12,4,add_lane,0,7682,46.1,7682,46.1
2,2,8,80,12,4,add_lane,1,7682,46.1,8604,50.7
2,2,8,80,12,4,add_lane,2,7682,46.1,9526,55.3
2,2,8,80,12,4,change_speed,-10,7682,46.1,7202,36.3
2,2,8,80,12,4,change_speed,0,7682,46.1,7682,41.5
2,2,8,80,12,4,change_speed,10,7682,46.1,8162,46.7
2,2,8,80,12,5,add_lane,0,5544,39.6,5544,39.6
2,2,8,80,12,5,add_lane,1,5544,39.6,6209,43.6
2,2,8,80,12,5,add_lane,2,5544,39.6,6875,47.5
2,2,8,80,12,5,change_speed,-10,5544,39.6,5198,31.2
2,2,8,80,12,5,change_speed,0,5544,39.6,5544,35.6
2,2,8,80,12,5,change_speed,10,5544,39.6,5890,40.1
2,2,8,80,12,6,add_lane,0,4871,49.4,4871,49.4
2,2,8,80,12,6,add_lane,1,4871,49.4,5456,54.3
2,2,8,80,12,6,add_lane,2,4871,49.4,6040,59.3
2,2,8,80,12,6,change_speed,-10,4871,49.4,4567,38.9
2,2,8,80,12,6,change_speed,0,4871,49.4,4871,44.5
2,2,8,80,12,6,change_speed,10,4871,49.4,5175,50.0
2,2,8,80,13,0,add_lane,0,3897,55.9,3897,55.9
2,2,8,80,13,0,add_lane,1,3897,55.9,4365,61.5
2,2,8,80,13,0,add_lane,2,3897,55.9,4832,67.1
2,2,8,80,13,0,change_speed,-10,3897,55.9,3653,44.0
2,2,8,80,13,0,change_speed,0,3897,55.9,3897,50.3
2,2,8,80,13,0,change_speed,10,3897,55.9,4141,56.6
2,2,8,80,13,1,add_lane,0,7920,49.3,7920,49.3
2,2,8,80,13,1,add_lane,1,7920,49.3,8870,54.2
2,2,8,80,13,1,add_lane,2,7920,49.3,9821,59.2
2,2,8,80,13,1,change_speed,-10,7920,49.3,7425,38.8
2,2,8,80,13,1,change_speed,0,7920,49.3,7920,44.4
2,2,8,80,13,1,change_speed,10,7920,49.3,8415,49.9
2,2,8,80,13,2,add_lane,0,7682,44.1,7682,44.1
2,2,8,80,13,2,add_lane,1,7682,44.1,8604,48.5
2,2,8,80,13,2,add_lane,2,7682,44.1,9526,52.9
2,2,8,80,13,2,change_speed,-10,7682,44.1,7202,34.7
2,2,8,80,13,2,change_speed,0,7682,44.1,7682,39.7
2,2,8,80,13,2,change_speed,10,7682,44.1,8162,44.7
2,2,8,80,13,3,add_lane,0,7682,53.9,7682,53.9
2,2,8,80,13,3,add_lane,1,7682,53.9,8604,59.3
2,2,8,80,13,3,add_lane,2,7682,53.9,9526,64.7
2,2,8,80,13,3,change_speed,-10,7682,53.9,7202,42.4
2,2,8,80,13,3,change_speed,0,7682,53.9,7682,48.5
2,2,8,80,13,3,change_speed,10,7682,53.9,8162,54.6
2,2,8,80,13,4,add_lane,0,7682,45.8,7682,45.8
2,2,8,80,13,4,add_lane,1,7682,45.8,8604,50.4
2,2,8,80,13,4,add_lane,2,7682,45.8,9526,55.0
2,2,8,80,13,4,change_speed,-10,7682,45.8,7202,36.1
2,2,8,80,13,4,change_speed,0,7682,45.8,7682,41.2
2,2,8,80,13,4,change_speed,10,7682,45.8,8162,46.4
2,2,8,80,13,5,add_lane,0,5544,38.2,5544,38.2
2,2,8,80,13,5,add_lane,1,5544,38.2,6209,42.0
2,2,8,80,13,5,add_lane,2,5544,38.2,6875,45.8
2,2,8,80,13,5,change_speed,-10,5544,38.2,5198,30.1
2,2,8,80,13,5,change_speed,0,5544,38.2,5544,34.4
2,2,8,80,13,5,change_speed,10,5544,38.2,5890,38.7
2,2,8,80,13,6,add_lane,0,4871,50.4,4871,50.4
2,2,8,80,13,6,add_lane,1,4871,50.4,5456,55.4
2,2,8,80,13,6,add_lane,2,4871,50.4,6040,60.5
2,2,8,80,13,6,change_speed,-10,4871,50.4,4567,39.7
2,2,8,80,13,6,change_speed,0,4871,50.4,4871,45.4
2,2,8,80,13,6,change_speed,10,4871,50.4,5175,51.0
2,2,8,80,14,0,add_lane,0,4251,59.2,4251,59.2
2,2,8,80,14,0,add_lane,1,4251,59.2,4761,65.1
2,2,8,80,14,0,add_lane,2,4251,59.2,5271,71.0
2,2,8,80,14,0,change_speed,-10,4251,59.2,3985,46.6
2,2,8,80,14,0,change_speed,0,4251,59.2,4251,53.3
2,2,8,80,14,0,change_speed,10,4251,59.2,4517,59.9
2,2,8,80,14,1,add_lane,0,8640,48.4,8640,48.4
2,2,8,80,14,1,add_lane,1,8640,48.4,9677,53.2
2,2,8,80,14,1,add_lane,2,8640,48.4,10714,58.1
2,2,8,80,14,1,change_speed,-10,8640,48.4,8100,38.1
2,2,8,80,14,1,change_speed,0,8640,48.4,8640,43.6
2,2,8,80,14,1,change_speed,10,8640,48.4,9180,49.0
2,2,8,80,14,2,add_lane,0,8381,49.7,8381,49.7
2,2,8,80,14,2,add_lane,1,8381,49.7,9387,54.7
2,2,8,80,14,2,add_lane,2,8381,49.7,10392,59.6
2,2,8,80,14,2,change_speed,-10,8381,49.7,7857,39.1
2,2,8,80,14,2,change_speed,0,8381,49.7,8381,44.7
2,2,8,80,14,2,change_speed,10,8381,49.7,8905,50.3
2,2,8,80,14,3,add_lane,0,8381,49.5,8381,49.5
2,2,8,80,14,3,add_lane,1,8381,49.5,9387,54.5
2,2,8,80,14,3,add_lane,2,8381,49.5,10392,59.4
2,2,8,80,14,3,change_speed,-10,8381,49.5,7857,39.0
2,2,8,80,14,3,change_speed,0,8381,49.5,8381,44.6
2,2,8,80,14,3,change_speed,10,8381,49.5,8905,50.1
2,2,8,80,14,4,add_lane,0,8381,47.6,8381,47.6
2,2,8,80,14,4,add_lane,1,8381,47.6,9387,52.4
2,2,8,80,14,4,add_lane,2,8381,47.6,10392,57.1
2,2,8,80,14,4,change_speed,-10,8381,47.6,7857,37.5
2,2,8,80,14,4,change_speed,0,8381,47.6,8381,42.8
2,2,8,80,14,4,change_speed,10,8381,47.6,8905,48.2
2,2,8,80,14,5,add_lane,0,6048,41.7,6048,41.7
2,2,8,80,14,5,add_lane,1,6048,41.7,6774,45.9
2,2,8,80,14,5,add_lane,2,6048,41.7,7500,50.0
2,2,8,80,14,5,change_speed,-10,6048,41.7,5670,32.8
2,2,8,80,14,5,change_speed,0,6048,41.7,6048,37.5
2,2,8,80,14,5,change_speed,10,6048,41.7,6426,42.2
2,2,8,80,14,6,add_lane,0,5314,54.2,5314,54.2
2,2,8,80,14,6,add_lane,1,5314,54.2,5952,59.6
2,2,8,80,14,6,add_lane,2,5314,54.2,6589,65.0
2,2,8,80,14,6,change_speed,-10,5314,54.2,4982,42.7
2,2,8,80,14,6,change_speed,0,5314,54.2,5314,48.8
2,2,8,80,14,6,change_speed,10,5314,54.2,5646,54.9
2,2,8,80,15,0,add_lane,0,5314,52.3,5314,52.3
2,2,8,80,15,0,add_lane,1,5314,52.3,5952,57.5
2,2,8,80,15,0,add_lane,2,5314,52.3,6589,62.8
2,2,8,80,15,0,change_speed,-10,5314,52.3,4982,41.2
2,2,8,80,15,0,change_speed,0,5314,52.3,5314,47.1
2,2,8,80,15,0,change_speed,10,5314,52.3,5646,53.0
2,2,8,80,15,1,add_lane,0,10800,38.5,10800,38.5
2,2,8,80,15,1,add_lane,1,10800,38.5,12096,42.4
2,2,8,80,15,1,add_lane,2,10800,38.5,13392,46.2
2,2,8,80,15,1,change_speed,-10,10800,38.5,10125,30.3
2,2,8,80,15,1,change_speed,0,10800,38.5,10800,34.6
2,2,8,80,15,1,change_speed,10,10800,38.5,11475,39.0
2,2,8,80,15,2,add_lane,0,10476,41.0,10476,41.0
2,2,8,80,15,2,add_lane,1,10476,41.0,11733,45.1
2,2,8,80,15,2,add_lane,2,10476,41.0,12990,49.2
2,2,8,80,15,2,change_speed,-10,10476,41.0,9821,32.3
2,2,8,80,15,2,change_speed,0,10476,41.0,10476,36.9
2,2,8,80,15,2,change_speed,10,10476,41.0,11131,41.5
2,2,8,80,15,3,add_lane,0,10476,38.2,10476,38.2
2,2,8,80,15,3,add_lane,1,10476,38.2,11733,42.0
2,2,8,80,15,3,add_lane,2,10476,38.2,12990,45.8
2,2,8,80,15,3,change_speed,-10,10476,38.2,9821,30.1
2,2,8,80,15,3,change_speed,0,10476,38.2,10476,34.4
2,2,8,80,15,3,change_speed,10,10476,38.2,11131,38.7
2,2,8,80,15,4,add_lane,0,10476,39.3,10476,39.3
2,2,8,80,15,4,add_lane,1,10476,39.3,11733,43.2
2,2,8,80,15,4,add_lane,2,10476,39.3,12990,47.2
2,2,8,80,15,4,change_speed,-10,10476,39.3,9821,30.9
2,2,8,80,15,4,change_speed,0,10476,39.3,10476,35.4
2,2,8,80,15,4,change_speed,10,10476,39.3,11131,39.8
2,2,8,80,15,5,add_lane,0,7560,36.9,7560,36.9
2,2,8,80,15,5,add_lane,1,7560,36.9,8467,40.6
2,2,8,80,15,5,add_lane,2,7560,36.9,9374,44.3
2,2,8,80,15,5,change_speed,-10,7560,36.9,7088,29.1
2,2,8,80,15,5,change_speed,0,7560,36.9,7560,33.2
2,2,8,80,15,5,change_speed,10,7560,36.9,8032,37.4
2,2,8,80,15,6,add_lane,0,6642,48.6,6642,48.6
2,2,8,80,15,6,add_lane,1,6642,48.6,7439,53.5
2,2,8,80,15,6,add_lane,2,6642,48.6,8236,58.3
2,2,8,80,15,6,change_speed,-10,6642,48.6,6227,38.3
2,2,8,80,15,6,change_speed,0,6642,48.6,6642,43.7
2,2,8,80,15,6,change_speed,10,6642,48.6,7057,49.2
2,2,8,80,16,0,add_lane,0,6731,49.9,6731,49.9
2,2,8,80,16,0,add_lane,1,6731,49.9,7539,54.9
2,2,8,80,16,0,add_lane,2,6731,49.9,8346,59.9
2,2,8,80,16,0,change_speed,-10,6731,49.9,6310,39.3
2,2,8,80,16,0,change_speed,0,6731,49.9,6731,44.9
2,2,8,80,16,0,change_speed,10,6731,49.9,7152,50.5
2,2,8,80,16,1,add_lane,0,13680,25.1,13680,25.1
2,2,8,80,16,1,add_lane,1,13680,25.1,15322,27.6
2,2,8,80,16,1,add_lane,2,13680,25.1,16963,30.1
2,2,8,80,16,1,change_speed,-10,13680,25.1,12825,19.8
2,2,8,80,16,1,change_speed,0,13680,25.1,13680,22.6
2,2,8,80,16,1,change_speed,10,13680,25.1,14535,25.4
2,2,8,80,16,2,add_lane,0,13270,24.7,13270,24.7
2,2,8,80,16,2,add_lane,1,13270,24.7,14862,27.2
2,2,8,80,16,2,add_lane,2,13270,24.7,16455,29.6
2,2,8,80,16,2,change_speed,-10,13270,24.7,12441,19.5
2,2,8,80,16,2,change_speed,0,13270,24.7,13270,22.2
2,2,8,80,16,2,change_speed,10,13270,24.7,14099,25.0
2,2,8,80,16,3,add_lane,0,13270,26.3,13270,26.3
2,2,8,80,16,3,add_lane,1,13270,26.3,14862,28.9
2,2,8,80,16,3,add_lane,2,13270,26.3,16455,31.6
2,2,8,80,16,3,change_speed,-10,13270,26.3,12441,20.7
2,2,8,80,16,3,change_speed,0,13270,26.3,13270,23.7
2,2,8,80,16,3,change_speed,10,13270,26.3,14099,26.6
2,2,8,80,16,4,add_lane,0,13270,26.0,13270,26.0
2,2,8,80,16,4,add_lane,1,13270,26.0,14862,28.6
2,2,8,80,16,4,add_lane,2,13270,26.0,16455,31.2
2,2,8,80,16,4,change_speed,-10,13270,26.0,12441,20.5
2,2,8,80,16,4,change_speed,0,13270,26.0,13270,23.4
2,2,8,80,16,4,change_speed,10,13270,26.0,14099,26.3
2,2,8,80,16,5,add_lane,0,9576,26.6,9576,26.6
2,2,8,80,16,5,add_lane,1,9576,26.6,10725,29.3
2,2,8,80,16,5,add_lane,2,9576,26.6,11874,31.9
2,2,8,80,16,5,change_speed,-10,9576,26.6,8978,20.9
2,2,8,80,16,5,change_speed,0,9576,26.6,9576,23.9
2,2,8,80,16,5,change_speed,10,9576,26.6,10174,26.9
2,2,8,80,16,6,add_lane,0,8413,36.6,8413,36.6
2,2,8,80,16,6,add_lane,1,8413,36.6,9423,40.3
2,2,8,80,16,6,add_lane,2,8413,36.6,10432,43.9
2,2,8,80,16,6,change_speed,-10,8413,36.6,7887,28.8
2,2,8,80,16,6,change_speed,0,8413,36.6,8413,32.9
2,2,8,80,16,6,change_speed,10,8413,36.6,8939,37.1
2,2,8,80,17,0,add_lane,0,7793,48.3,7793,48.3
2,2,8,80,17,0,add_lane,1,7793,48.3,8728,53.1
2,2,8,80,17,0,add_lane,2,7793,48.3,9663,58.0
2,2,8,80,17,0,change_speed,-10,7793,48.3,7306,38.0
2,2,8,80,17,0,change_speed,0,7793,48.3,7793,43.5
2,2,8,80,17,0,change_speed,10,7793,48.3,8280,48.9
2,2,8,80,17,1,add_lane,0,15840,14.3,15840,14.3
2,2,8,80,17,1,add_lane,1,15840,14.3,17741,15.7
2,2,8,80,17,1,add_lane,2,15840,14.3,19642,17.2
2,2,8,80,17,1,change_speed,-10,15840,14.3,14850,11.3
2,2,8,80,17,1,change_speed,0,15840,14.3,15840,12.9
2,2,8,80,17,1,change_speed,10,15840,14.3,16830,14.5
2,2,8,80,17,2,add_lane,0,15365,15.4,15365,15.4
2,2,8,80,17,2,add_lane,1,15365,15.4,17209,16.9
2,2,8,80,17,2,add_lane,2,15365,15.4,19053,18.5
2,2,8,80,17,2,change_speed,-10,15365,15.4,14405,12.1
2,2,8,80,17,2,change_speed,0,15365,15.4,15365,13.9
2,2,8,80,17,2,change_speed,10,15365,15.4,16325,15.6
2,2,8,80,17,3,add_lane,0,15365,13.8,15365,13.8
2,2,8,80,17,3,add_lane,1,15365,13.8,17209,15.2
2,2,8,80,17,3,add_lane,2,15365,13.8,19053,16.6
2,2,8,80,17,3,change_speed,-10,15365,13.8,14405,10.9
2,2,8,80,17,3,change_speed,0,15365,13.8,15365,12.4
2,2,8,80,17,3,change_speed,10,15365,13.8,16325,14.0
2,2,8,80,17,4,add_lane,0,15365,16.6,15365,16.6
2,2,8,80,17,4,add_lane,1,15365,16.6,17209,18.3
2,2,8,80,17,4,add_lane,2,15365,16.6,19053,19.9
2,2,8,80,17,4,change_speed,-10,15365,16.6,14405,13.1
2,2,8,80,17,4,change_speed,0,15365,16.6,15365,14.9
2,2,8,80,17,4,change_speed,10,15365,16.6,16325,16.8
2,2,8,80,17,5,add_lane,0,11088,23.3,11088,23.3
2,2,8,80,17,5,add_lane,1,11088,23.3,12419,25.6
2,2,8,80,17,5,add_lane,2,11088,23.3,13749,28.0
2,2,8,80,17,5,change_speed,-10,11088,23.3,10395,18.3
2,2,8,80,17,5,change_speed,0,11088,23.3,11088,21.0
2,2,8,80,17,5,change_speed,10,11088,23.3,11781,23.6
2,2,8,80,17,6,add_lane,0,9742,37.6,9742,37.6
2,2,8,80,17,6,add_lane,1,9742,37.6,10911,41.4
2,2,8,80,17,6,add_lane,2,9742,37.6,12080,45.1
2,2,8,80,17,6,change_speed,-10,9742,37.6,9133,29.6
2,2,8,80,17,6,change_speed,0,9742,37.6,9742,33.8
2,2,8,80,17,6,change_speed,10,9742,37.6,10351,38.1
2,2,8,80,18,0,add_lane,0,7439,48.4,7439,48.4
2,2,8,80,18,0,add_lane,1,7439,48.4,8332,53.2
2,2,8,80,18,0,add_lane,2,7439,48.4,9224,58.1
2,2,8,80,18,0,change_speed,-10,7439,48.4,6974,38.1
2,2,8,80,18,0,change_speed,0,7439,48.4,7439,43.6
2,2,8,80,18,0,change_speed,10,7439,48.4,7904,49.0
2,2,8,80,18,1,add_lane,0,15120,17.3,15120,17.3
2,2,8,80,18,1,add_lane,1,15120,17.3,16934,19.0
2,2,8,80,18,1,add_lane,2,15120,17.3,18749,20.8
2,2,8,80,18,1,change_speed,-10,15120,17.3,14175,13.6
2,2,8,80,18,1,change_speed,0,15120,17.3,15120,15.6
2,2,8,80,18,1,change_speed,10,15120,17.3,16065,17.5
2,2,8,80,18,2,add_lane,0,14666,17.9,14666,17.9
2,2,8,80,18,2,add_lane,1,14666,17.9,16426,19.7
2,2,8,80,18,2,add_lane,2,14666,17.9,18186,21.5
2,2,8,80,18,2,change_speed,-10,14666,17.9,13749,14.1
2,2,8,80,18,2,change_speed,0,14666,17.9,14666,16.1
2,2,8,80,18,2,change_speed,10,14666,17.9,15583,18.1
2,2,8,80,18,3,add_lane,0,14666,17.9,14666,17.9
2,2,8,80,18,3,add_lane,1,14666,17.9,16426,19.7
2,2,8,80,18,3,add_lane,2,14666,17.9,18186,21.5
2,2,8,80,18,3,change_speed,-10,14666,17.9,13749,14.1
2,2,8,80,18,3,change_speed,0,14666,17.9,14666,16.1
2,2,8,80,18,3,change_speed,10,14666,17.9,15583,18.1
2,2,8,80,18,4,add_lane,0,14666,20.4,14666,20.4
2,2,8,80,18,4,add_lane,1,14666,20.4,16426,22.4
2,2,8,80,18,4,add_lane,2,14666,20.4,18186,24.5
2,2,8,80,18,4,change_speed,-10,14666,20.4,13749,16.1
2,2,8,80,18,4,change_speed,0,14666,20.4,14666,18.4
2,2,8,80,18,4,change_speed,10,14666,20.4,15583,20.7
2,2,8,80,18,5,add_lane,0,10584,24.8,10584,24.8
2,2,8,80,18,5,add_lane,1,10584,24.8,11854,27.3
2,2,8,80,18,5,add_lane,2,10584,24.8,13124,29.8
2,2,8,80,18,5,change_speed,-10,10584,24.8,9922,19.5
2,2,8,80,18,5,change_speed,0,10584,24.8,10584,22.3
2,2,8,80,18,5,change_speed,10,10584,24.8,11246,25.1
2,2,8,80,18,6,add_lane,0,9299,30.1,9299,30.1
2,2,8,80,18,6,add_lane,1,9299,30.1,10415,33.1
2,2,8,80,18,6,add_lane,2,9299,30.1,11531,36.1
2,2,8,80,18,6,change_speed,-10,9299,30.1,8718,23.7
2,2,8,80,18,6,change_speed,0,9299,30.1,9299,27.1
2,2,8,80,18,6,change_speed,10,9299,30.1,9880,30.5
2,2,8,80,19,0,add_lane,0,6376,46.6,6376,46.6
2,2,8,80,19,0,add_lane,1,6376,46.6,7141,51.3
2,2,8,80,19,0,add_lane,2,6376,46.6,7906,55.9
2,2,8,80,19,0,change_speed,-10,6376,46.6,5978,36.7
2,2,8,80,19,0,change_speed,0,6376,46.6,6376,41.9
2,2,8,80,19,0,change_speed,10,6376,46.6,6774,47.2
2,2,8,80,19,1,add_lane,0,12960,26.4,12960,26.4
2,2,8,80,19,1,add_lane,1,12960,26.4,14515,29.0
2,2,8,80,19,1,add_lane,2,12960,26.4,16070,31.7
2,2,8,80,19,1,change_speed,-10,12960,26.4,12150,20.8
2,2,8,80,19,1,change_speed,0,12960,26.4,12960,23.8
2,2,8,80,19,1,change_speed,10,12960,26.4,13770,26.7
2,2,8,80,19,2,add_lane,0,12571,25.1,12571,25.1
2,2,8,80,19,2,add_lane,1,12571,25.1,14080,27.6
2,2,8,80,19,2,add_lane,2,12571,25.1,15588,30.1
2,2,8,80,19,2,change_speed,-10,12571,25.1,11785,19.8
2,2,8,80,19,2,change_speed,0,12571,25.1,12571,22.6
2,2,8,80,19,2,change_speed,10,12571,25.1,13357,25.4
2,2,8,80,19,3,add_lane,0,12571,26.3,12571,26.3
2,2,8,80,19,3,add_lane,1,12571,26.3,14080,28.9
2,2,8,80,19,3,add_lane,2,12571,26.3,15588,31.6
2,2,8,80,19,3,change_speed,-10,12571,26.3,11785,20.7
2,2,8,80,19,3,change_speed,0,12571,26.3,12571,23.7
2,2,8,80,19,3,change_speed,10,12571,26.3,13357,26.6
2,2,8,80,19,4,add_lane,0,12571,29.4,12571,29.4
2,2,8,80,19,4,add_lane,1,12571,29.4,14080,32.3
2,2,8,80,19,4,add_lane,2,12571,29.4,15588,35.3
2,2,8,80,19,4,change_speed,-10,12571,29.4,11785,23.2
2,2,8,80,19,4,change_speed,0,12571,29.4,12571,26.5
2,2,8,80,19,4,change_speed,10,12571,29.4,13357,29.8
2,2,8,80,19,5,add_lane,0,9072,29.6,9072,29.6
2,2,8,80,19,5,add_lane,1,9072,29.6,10161,32.6
2,2,8,80,19,5,add_lane,2,9072,29.6,11249,35.5
2,2,8,80,19,5,change_speed,-10,9072,29.6,8505,23.3
2,2,8,80,19,5,change_speed,0,9072,29.6,9072,26.6
2,2,8,80,19,5,change_speed,10,9072,29.6,9639,30.0
2,2,8,80,19,6,add_lane,0,7970,41.1,7970,41.1
2,2,8,80,19,6,add_lane,1,7970,41.1,8926,45.2
2,2,8,80,19,6,add_lane,2,7970,41.1,9883,49.3
2,2,8,80,19,6,change_speed,-10,7970,41.1,7472,32.4
2,2,8,80,19,6,change_speed,0,7970,41.1,7970,37.0
2,2,8,80,19,6,change_speed,10,7970,41.1,8468,41.6
2,2,8,80,20,0,add_lane,0,4959,58.3,4959,58.3
2,2,8,80,20,0,add_lane,1,4959,58.3,5554,64.1
2,2,8,80,20,0,add_lane,2,4959,58.3,6149,70.0
2,2,8,80,20,0,change_speed,-10,4959,58.3,4649,45.9
2,2,8,80,20,0,change_speed,0,4959,58.3,4959,52.5
2,2,8,80,20,0,change_speed,10,4959,58.3,5269,59.0
2,2,8,80,20,1,add_lane,0,10080,41.9,10080,41.9
2,2,8,80,20,1,add_lane,1,10080,41.9,11290,46.1
2,2,8,80,20,1,add_lane,2,10080,41.9,12499,50.3
2,2,8,80,20,1,change_speed,-10,10080,41.9,9450,33.0
2,2,8,80,20,1,change_speed,0,10080,41.9,10080,37.7
2,2,8,80,20,1,change_speed,10,10080,41.9,10710,42.4
2,2,8,80,20,2,add_lane,0,9778,38.8,9778,38.8
2,2,8,80,20,2,add_lane,1,9778,38.8,10951,42.7
2,2,8,80,20,2,add_lane,2,9778,38.8,12125,46.6
2,2,8,80,20,2,change_speed,-10,9778,38.8,9167,30.6
2,2,8,80,20,2,change_speed,0,9778,38.8,9778,34.9
2,2,8,80,20,2,change_speed,10,9778,38.8,10389,39.3
2,2,8,80,20,3,add_lane,0,9778,43.1,9778,43.1
2,2,8,80,20,3,add_lane,1,9778,43.1,10951,47.4
2,2,8,80,20,3,add_lane,2,9778,43.1,12125,51.7
2,2,8,80,20,3,change_speed,-10,9778,43.1,9167,33.9
2,2,8,80,20,3,change_speed,0,9778,43.1,9778,38.8
2,2,8,80,20,3,change_speed,10,9778,43.1,10389,43.6
2,2,8,80,20,4,add_lane,0,9778,39.0,9778,39.0
2,2,8,80,20,4,add_lane,1,9778,39.0,10951,42.9
2,2,8,80,20,4,add_lane,2,9778,39.0,12125,46.8
2,2,8,80,20,4,change_speed,-10,9778,39.0,9167,30.7
2,2,8,80,20,4,change_speed,0,9778,39.0,9778,35.1
2,2,8,80,20,4,change_speed,10,9778,39.0,10389,39.5
2,2,8,80,20,5,add_lane,0,7056,35.9,7056,35.9
2,2,8,80,20,5,add_lane,1,7056,35.9,7903,39.5
2,2,8,80,20,5,add_lane,2,7056,35.9,8749,43.1
2,2,8,80,20,5,change_speed,-10,7056,35.9,6615,28.3
2,2,8,80,20,5,change_speed,0,7056,35.9,7056,32.3
2,2,8,80,20,5,change_speed,10,7056,35.9,7497,36.3
2,2,8,80,20,6,add_lane,0,6199,43.6,6199,43.6
2,2,8,80,20,6,add_lane,1,6199,43.6,6943,48.0
2,2,8,80,20,6,add_lane,2,6199,43.6,7687,52.3
2,2,8,80,20,6,change_speed,-10,6199,43.6,5812,34.3
2,2,8,80,20,6,change_speed,0,6199,43.6,6199,39.2
2,2,8,80,20,6,change_speed,10,6199,43.6,6586,44.1
2,2,8,80,21,0,add_lane,0,3542,53.9,3542,53.9
2,2,8,80,21,0,add_lane,1,3542,53.9,3967,59.3
2,2,8,80,21,0,add_lane,2,3542,53.9,4392,64.7
2,2,8,80,21,0,change_speed,-10,3542,53.9,3321,42.4
2,2,8,80,21,0,change_speed,0,3542,53.9,3542,48.5
2,2,8,80,21,0,change_speed,10,3542,53.9,3763,54.6
2,2,8,80,21,1,add_lane,0,7200,60.4,7200,60.4
2,2,8,80,21,1,add_lane,1,7200,60.4,8064,66.4
2,2,8,80,21,1,add_lane,2,7200,60.4,8928,72.5
2,2,8,80,21,1,change_speed,-10,7200,60.4,6750,47.6
2,2,8,80,21,1,change_speed,0,7200,60.4,7200,54.4
2,2,8,80,21,1,change_speed,10,7200,60.4,7650,61.2
2,2,8,80,21,2,add_lane,0,6984,57.8,6984,57.8
2,2,8,80,21,2,add_lane,1,6984,57.8,7822,63.6
2,2,8,80,21,2,add_lane,2,6984,57.8,8660,69.4
2,2,8,80,21,2,change_speed,-10,6984,57.8,6548,45.5
2,2,8,80,21,2,change_speed,0,6984,57.8,6984,52.0
2,2,8,80,21,2,change_speed,10,6984,57.8,7420,58.5
2,2,8,80,21,3,add_lane,0,6984,51.4,6984,51.4
2,2,8,80,21,3,add_lane,1,6984,51.4,7822,56.5
2,2,8,80,21,3,add_lane,2,6984,51.4,8660,61.7
2,2,8,80,21,3,change_speed,-10,6984,51.4,6548,40.5
2,2,8,80,21,3,change_speed,0,6984,51.4,6984,46.3
2,2,8,80,21,3,change_speed,10,6984,51.4,7420,52.0
2,2,8,80,21,4,add_lane,0,6984,53.1,6984,53.1
2,2,8,80,21,4,add_lane,1,6984,53.1,7822,58.4
2,2,8,80,21,4,add_lane,2,6984,53.1,8660,63.7
2,2,8,80,21,4,change_speed,-10,6984,53.1,6548,41.8
2,2,8,80,21,4,change_speed,0,6984,53.1,6984,47.8
2,2,8,80,21,4,change_speed,10,6984,53.1,7420,53.8
2,2,8,80,21,5,add_lane,0,5040,44.3,5040,44.3
2,2,8,80,21,5,add_lane,1,5040,44.3,5645,48.7
2,2,8,80,21,5,add_lane,2,5040,44.3,6250,53.2
2,2,8,80,21,5,change_speed,-10,5040,44.3,4725,34.9
2,2,8,80,21,5,change_speed,0,5040,44.3,5040,39.9
2,2,8,80,21,5,change_speed,10,5040,44.3,5355,44.9
2,2,8,80,21,6,add_lane,0,4428,55.0,4428,55.0
2,2,8,80,21,6,add_lane,1,4428,55.0,4959,60.5
2,2,8,80,21,6,add_lane,2,4428,55.0,5491,66.0
2,2,8,80,21,6,change_speed,-10,4428,55.0,4151,43.3
2,2,8,80,21,6,change_speed,0,4428,55.0,4428,49.5
2,2,8,80,21,6,change_speed,10,4428,55.0,4705,55.7
2,2,8,80,22,0,add_lane,0,2480,56.6,2480,56.6
2,2,8,80,22,0,add_lane,1,2480,56.6,2778,62.3
2,2,8,80,22,0,add_lane,2,2480,56.6,3075,67.9
2,2,8,80,22,0,change_speed,-10,2480,56.6,2325,44.6
2,2,8,80,22,0,change_speed,0,2480,56.6,2480,50.9
2,2,8,80,22,0,change_speed,10,2480,56.6,2635,57.3
2,2,8,80,22,1,add_lane,0,5040,68.4,5040,68.4
2,2,8,80,22,1,add_lane,1,5040,68.4,5645,75.2
2,2,8,80,22,1,add_lane,2,5040,68.4,6250,82.1
2,2,8,80,22,1,change_speed,-10,5040,68.4,4725,53.9
2,2,8,80,22,1,change_speed,0,5040,68.4,5040,61.6
2,2,8,80,22,1,change_speed,10,5040,68.4,5355,69.3
2,2,8,80,22,2,add_lane,0,4889,65.9,4889,65.9
2,2,8,80,22,2,add_lane,1,4889,65.9,5476,72.5
2,2,8,80,22,2,add_lane,2,4889,65.9,6062,79.1
2,2,8,80,22,2,change_speed,-10,4889,65.9,4583,51.9
2,2,8,80,22,2,change_speed,0,4889,65.9,4889,59.3
2,2,8,80,22,2,change_speed,10,4889,65.9,5195,66.7
2,2,8,80,22,3,add_lane,0,4889,65.0,4889,65.0
2,2,8,80,22,3,add_lane,1,4889,65.0,5476,71.5
2,2,8,80,22,3,add_lane,2,4889,65.0,6062,78.0
2,2,8,80,22,3,change_speed,-10,4889,65.0,4583,51.2
2,2,8,80,22,3,change_speed,0,4889,65.0,4889,58.5
2,2,8,80,22,3,change_speed,10,4889,65.0,5195,65.8
2,2,8,80,22,4,add_lane,0,4889,53.5,4889,53.5
2,2,8,80,22,4,add_lane,1,4889,53.5,5476,58.9
2,2,8,80,22,4,add_lane,2,4889,53.5,6062,64.2
2,2,8,80,22,4,change_speed,-10,4889,53.5,4583,42.1
2,2,8,80,22,4,change_speed,0,4889,53.5,4889,48.1
2,2,8,80,22,4,change_speed,10,4889,53.5,5195,54.2
2,2,8,80,22,5,add_lane,0,3528,44.4,3528,44.4
2,2,8,80,22,5,add_lane,1,3528,44.4,3951,48.8
2,2,8,80,22,5,add_lane,2,3528,44.4,4375,53.3
2,2,8,80,22,5,change_speed,-10,3528,44.4,3308,35.0
2,2,8,80,22,5,change_speed,0,3528,44.4,3528,40.0
2,2,8,80,22,5,change_speed,10,3528,44.4,3748,45.0
2,2,8,80,22,6,add_lane,0,3100,57.9,3100,57.9
2,2,8,80,22,6,add_lane,1,3100,57.9,3472,63.7
2,2,8,80,22,6,add_lane,2,3100,57.9,3844,69.5
2,2,8,80,22,6,change_speed,-10,3100,57.9,2906,45.6
2,2,8,80,22,6,change_speed,0,3100,57.9,3100,52.1
2,2,8,80,22,6,change_speed,10,3100,57.9,3294,58.6
2,2,8,80,23,0,add_lane,0,1771,67.8,1771,67.8
2,2,8,80,23,0,add_lane,1,1771,67.8,1984,74.6
2,2,8,80,23,0,add_lane,2,1771,67.8,2196,81.4
2,2,8,80,23,0,change_speed,-10,1771,67.8,1660,53.4
2,2,8,80,23,0,change_speed,0,1771,67.8,1771,61.0
2,2,8,80,23,0,change_speed,10,1771,67.8,1882,68.6
2,2,8,80,23,1,add_lane,0,3600,73.5,3600,73.5
2,2,8,80,23,1,add_lane,1,3600,73.5,4032,80.9
2,2,8,80,23,1,add_lane,2,3600,73.5,4464,88.2
2,2,8,80,23,1,change_speed,-10,3600,73.5,3375,57.9
2,2,8,80,23,1,change_speed,0,3600,73.5,3600,66.2
2,2,8,80,23,1,change_speed,10,3600,73.5,3825,74.4
2,2,8,80,23,2,add_lane,0,3492,64.9,3492,64.9
2,2,8,80,23,2,add_lane,1,3492,64.9,3911,71.4
2,2,8,80,23,2,add_lane,2,3492,64.9,4330,77.9
2,2,8,80,23,2,change_speed,-10,3492,64.9,3274,51.1
2,2,8,80,23,2,change_speed,0,3492,64.9,3492,58.4
2,2,8,80,23,2,change_speed,10,3492,64.9,3710,65.7
2,2,8,80,23,3,add_lane,0,3492,70.3,3492,70.3
2,2,8,80,23,3,add_lane,1,3492,70.3,3911,77.3
2,2,8,80,23,3,add_lane,2,3492,70.3,4330,84.4
2,2,8,80,23,3,change_speed,-10,3492,70.3,3274,55.4
2,2,8,80,23,3,change_speed,0,3492,70.3,3492,63.3
2,2,8,80,23,3,change_speed,10,3492,70.3,3710,71.2
2,2,8,80,23,4,add_lane,0,3492,70.7,3492,70.7
2,2,8,80,23,4,add_lane,1,3492,70.7,3911,77.8
2,2,8,80,23,4,add_lane,2,3492,70.7,4330,84.8
2,2,8,80,23,4,change_speed,-10,3492,70.7,3274,55.7
2,2,8,80,23,4,change_speed,0,3492,70.7,3492,63.6
2,2,8,80,23,4,change_speed,10,3492,70.7,3710,71.6
2,2,8,80,23,5,add_lane,0,2520,47.0,2520,47.0
2,2,8,80,23,5,add_lane,1,2520,47.0,2822,51.7
2,2,8,80,23,5,add_lane,2,2520,47.0,3125,56.4
2,2,8,80,23,5,change_speed,-10,2520,47.0,2362,37.0
2,2,8,80,23,5,change_speed,0,2520,47.0,2520,42.3
2,2,8,80,23,5,change_speed,10,2520,47.0,2678,47.6
2,2,8,80,23,6,add_lane,0,2214,58.3,2214,58.3
2,2,8,80,23,6,add_lane,1,2214,58.3,2480,64.1
2,2,8,80,23,6,add_lane,2,2214,58.3,2745,70.0
2,2,8,80,23,6,change_speed,-10,2214,58.3,2076,45.9
2,2,8,80,23,6,change_speed,0,2214,58.3,2214,52.5
2,2,8,80,23,6,change_speed,10,2214,58.3,2352,59.0
3,1,4,60,0,0,add_lane,0,443,56.3,443,56.3
3,1,4,60,0,0,add_lane,1,443,56.3,496,61.9
3,1,4,60,0,0,add_lane,2,443,56.3,549,67.6
3,1,4,60,0,0,change_speed,-10,443,56.3,406,42.2
3,1,4,60,0,0,change_speed,0,443,56.3,443,50.7
3,1,4,60,0,0,change_speed,10,443,56.3,480,59.1
3,1,4,60,0,1,add_lane,0,900,63.4,900,63.4
3,1,4,60,0,1,add_lane,1,900,63.4,1008,69.7
3,1,4,60,0,1,add_lane,2,900,63.4,1116,76.1
3,1,4,60,0,1,change_speed,-10,900,63.4,825,47.6
3,1,4,60,0,1,change_speed,0,900,63.4,900,57.1
3,1,4,60,0,1,change_speed,10,900,63.4,975,66.6
3,1,4,60,0,2,add_lane,0,873,54.9,873,54.9
3,1,4,60,0,2,add_lane,1,873,54.9,978,60.4
3,1,4,60,0,2,add_lane,2,873,54.9,1083,65.9
3,1,4,60,0,2,change_speed,-10,873,54.9,800,41.2
3,1,4,60,0,2,change_speed,0,873,54.9,873,49.4
3,1,4,60,0,2,change_speed,10,873,54.9,946,57.6
3,1,4,60,0,3,add_lane,0,873,53.9,873,53.9
3,1,4,60,0,3,add_lane,1,873,53.9,978,59.3
3,1,4,60,0,3,add_lane,2,873,53.9,1083,64.7
3,1,4,60,0,3,change_speed,-10,873,53.9,800,40.4
3,1,4,60,0,3,change_speed,0,873,53.9,873,48.5
3,1,4,60,0,3,change_speed,10,873,53.9,946,56.6
3,1,4,60,0,4,add_lane,0,873,57.4,873,57.4
3,1,4,60,0,4,add_lane,1,873,57.4,978,63.1
3,1,4,60,0,4,add_lane,2,873,57.4,1083,68.9
3,1,4,60,0,4,change_speed,-10,873,57.4,800,43.1
3,1,4,60,0,4,change_speed,0,873,57.4,873,51.7
3,1,4,60,0,4,change_speed,10,873,57.4,946,60.3
3,1,4,60,0,5,add_lane,0,630,43.0,630,43.0
3,1,4,60,0,5,add_lane,1,630,43.0,706,47.3
3,1,4,60,0,5,add_lane,2,630,43.0,781,51.6
3,1,4,60,0,5,change_speed,-10,630,43.0,578,32.2
3,1,4,60,0,5,change_speed,0,630,43.0,630,38.7
3,1,4,60,0,5,change_speed,10,630,43.0,683,45.2
3,1,4,60,0,6,add_lane,0,554,47.5,554,47.5
3,1,4,60,0,6,add_lane,1,554,47.5,620,52.3
3,1,4,60,0,6,add_lane,2,554,47.5,687,57.0
3,1,4,60,0,6,change_speed,-10,554,47.5,508,35.6
3,1,4,60,0,6,change_speed,0,554,47.5,554,42.8
3,1,4,60,0,6,change_speed,10,554,47.5,600,49.9
3,1,4,60,1,0,add_lane,0,354,56.0,354,56.0
3,1,4,60,1,0,add_lane,1,354,56.0,396,61.6
3,1,4,60,1,0,add_lane,2,354,56.0,439,67.2
3,1,4,60,1,0,change_speed,-10,354,56.0,324,42.0
3,1,4,60,1,0,change_speed,0,354,56.0,354,50.4
3,1,4,60,1,0,change_speed,10,354,56.0,384,58.8
3,1,4,60,1,1,add_lane,0,720,59.6,720,59.6
3,1,4,60,1,1,add_lane,1,720,59.6,806,65.6
3,1,4,60,1,1,add_lane,2,720,59.6,893,71.5
3,1,4,60,1,1,change_speed,-10,720,59.6,660,44.7
3,1,4,60,1,1,change_speed,0,720,59.6,720,53.6
3,1,4,60,1,1,change_speed,10,720,59.6,780,62.6
3,1,4,60,1,2,add_lane,0,698,65.5,698,65.5
3,1,4,60,1,2,add_lane,1,698,65.5,782,72.1
3,1,4,60,1,2,add_lane,2,698,65.5,866,78.6
3,1,4,60,1,2,change_speed,-10,698,65.5,640,49.1
3,1,4,60,1,2,change_speed,0,698,65.5,698,59.0
3,1,4,60,1,2,change_speed,10,698,65.5,756,68.8
3,1,4,60,1,3,add_lane,0,698,56.0,698,56.0
3,1,4,60,1,3,add_lane,1,698,56.0,782,61.6
3,1,4,60,1,3,add_lane,2,698,56.0,866,67.2
3,1,4,60,1,3,change_speed,-10,698,56.0,640,42.0
3,1,4,60,1,3,change_speed,0,698,56.0,698,50.4
3,1,4,60,1,3,change_speed,10,698,56.0,756,58.8
3,1,4,60,1,4,add_lane,0,698,63.6,698,63.6
3,1,4,60,1,4,add_lane,1,698,63.6,782,70.0
3,1,4,60,1,4,add_lane,2,698,63.6,866,76.3
3,1,4,60,1,4,change_speed,-10,698,63.6,640,47.7
3,1,4,60,1,4,change_speed,0,698,63.6,698,57.2
3,1,4,60,1,4,change_speed,10,698,63.6,756,66.8
3,1,4,60,1,5,add_lane,0,504,39.5,504,39.5
3,1,4,60,1,5,add_lane,1,504,39.5,564,43.5
3,1,4,60,1,5,add_lane,2,504,39.5,625,47.4
3,1,4,60,1,5,change_speed,-10,504,39.5,462,29.6
3,1,4,60,1,5,change_speed,0,504,39.5,504,35.6
3,1,4,60,1,5,change_speed,10,504,39.5,546,41.5
3,1,4,60,1,6,add_lane,0,443,47.9,443,47.9
3,1,4,60,1,6,add_lane,1,443,47.9,496,52.7
3,1,4,60,1,6,add_lane,2,443,47.9,549,57.5
3,1,4,60,1,6,change_speed,-10,443,47.9,406,35.9
3,1,4,60,1,6,change_speed,0,443,47.9,443,43.1
3,1,4,60,1,6,change_speed,10,443,47.9,480,50.3
3,1,4,60,2,0,add_lane,0,319,61.4,319,61.4
3,1,4,60,2,0,add_lane,1,319,61.4,357,67.5
3,1,4,60,2,0,add_lane,2,319,61.4,396,73.7
3,1,4,60,2,0,change_speed,-10,319,61.4,292,46.0
3,1,4,60,2,0,change_speed,0,319,61.4,319,55.3
3,1,4,60,2,0,change_speed,10,319,61.4,346,64.5
3,1,4,60,2,1,add_lane,0,648,59.6,648,59.6
3,1,4,60,2,1,add_lane,1,648,59.6,726,65.6
3,1,4,60,2,1,add_lane,2,648,59.6,804,71.5
3,1,4,60,2,1,change_speed,-10,648,59.6,594,44.7
3,1,4,60,2,1,change_speed,0,648,59.6,648,53.6
3,1,4,60,2,1,change_speed,10,648,59.6,702,62.6
3,1,4,60,2,2,add_lane,0,629,54.9,629,54.9
3,1,4,60,2,2,add_lane,1,629,54.9,704,60.4
3,1,4,60,2,2,add_lane,2,629,54.9,780,65.9
3,1,4,60,2,2,change_speed,-10,629,54.9,577,41.2
3,1,4,60,2,2,change_speed,0,629,54.9,629,49.4
3,1,4,60,2,2,change_speed,10,629,54.9,681,57.6
3,1,4,60,2,3,add_lane,0,629,63.1,629,63.1
3,1,4,60,2,3,add_lane,1,629,63.1,704,69.4
3,1,4,60,2,3,add_lane,2,629,63.1,780,75.7
3,1,4,60,2,3,change_speed,-10,629,63.1,577,47.3
3,1,4,60,2,3,change_speed,0,629,63.1,629,56.8
3,1,4,60,2,3,change_speed,10,629,63.1,681,66.3
3,1,4,60,2,4,add_lane,0,629,55.9,629,55.9
3,1,4,60,2,4,add_lane,1,629,55.9,704,61.5
3,1,4,60,2,4,add_lane,2,629,55.9,780,67.1
3,1,4,60,2,4,change_speed,-10,629,55.9,577,41.9
3,1,4,60,2,4,change_speed,0,629,55.9,629,50.3
3,1,4,60,2,4,change_speed,10,629,55.9,681,58.7
3,1,4,60,2,5,add_lane,0,454,37.7,454,37.7
3,1,4,60,2,5,add_lane,1,454,37.7,508,41.5
3,1,4,60,2,5,add_lane,2,454,37.7,563,45.2
3,1,4,60,2,5,change_speed,-10,454,37.7,416,28.3
3,1,4,60,2,5,change_speed,0,454,37.7,454,33.9
3,1,4,60,2,5,change_speed,10,454,37.7,492,39.6
3,1,4,60,2,6,add_lane,0,399,50.8,399,50.8
3,1,4,60,2,6,add_lane,1,399,50.8,447,55.9
3,1,4,60,2,6,add_lane,2,399,50.8,495,61.0
3,1,4,60,2,6,change_speed,-10,399,50.8,366,38.1
3,1,4,60,2,6,change_speed,0,399,50.8,399,45.7
3,1,4,60,2,6,change_speed,10,399,50.8,432,53.3
3,1,4,60,3,0,add_lane,0,266,55.8,266,55.8
3,1,4,60,3,0,add_lane,1,266,55.8,298,61.4
3,1,4,60,3,0,add_lane,2,266,55.8,330,67.0
3,1,4,60,3,0,change_speed,-10,266,55.8,244,41.9
3,1,4,60,3,0,change_speed,0,266,55.8,266,50.2
3,1,4,60,3,0,change_speed,10,266,55.8,288,58.6
3,1,4,60,3,1,add_lane,0,540,59.4,540,59.4
3,1,4,60,3,1,add_lane,1,540,59.4,605,65.3
3,1,4,60,3,1,add_lane,2,540,59.4,670,71.3
3,1,4,60,3,1,change_speed,-10,540,59.4,495,44.6
3,1,4,60,3,1,change_speed,0,540,59.4,540,53.5
3,1,4,60,3,1,change_speed,10,540,59.4,585,62.4
3,1,4,60,3,2,add_lane,0,524,56.7,524,56.7
3,1,4,60,3,2,add_lane,1,524,56.7,587,62.4
3,1,4,60,3,2,add_lane,2,524,56.7,650,68.0
3,1,4,60,3,2,change_speed,-10,524,56.7,480,42.5
3,1,4,60,3,2,change_speed,0,524,56.7,524,51.0
3,1,4,60,3,2,change_speed,10,524,56.7,568,59.5
3,1,4,60,3,3,add_lane,0,524,56.5,524,56.5
3,1,4,60,3,3,add_lane,1,524,56.5,587,62.2
3,1,4,60,3,3,add_lane,2,524,56.5,650,67.8
3,1,4,60,3,3,change_speed,-10,524,56.5,480,42.4
3,1,4,60,3,3,change_speed,0,524,56.5,524,50.9
3,1,4,60,3,3,change_speed,10,524,56.5,568,59.3
3,1,4,60,3,4,add_lane,0,524,61.0,524,61.0
3,1,4,60,3,4,add_lane,1,524,61.0,587,67.1
3,1,4,60,3,4,add_lane,2,524,61.0,650,73.2
3,1,4,60,3,4,change_speed,-10,524,61.0,480,45.8
3,1,4,60,3,4,change_speed,0,524,61.0,524,54.9
3,1,4,60,3,4,change_speed,10,524,61.0,568,64.1
3,1,4,60,3,5,add_lane,0,378,40.0,378,40.0
3,1,4,60,3,5,add_lane,1,378,40.0,423,44.0
3,1,4,60,3,5,add_lane,2,378,40.0,469,48.0
3,1,4,60,3,5,change_speed,-10,378,40.0,346,30.0
3,1,4,60,3,5,change_speed,0,378,40.0,378,36.0
3,1,4,60,3,5,change_speed,10,378,40.0,410,42.0
3,1,4,60,3,6,add_lane,0,332,53.9,332,53.9
3,1,4,60,3,6,add_lane,1,332,53.9,372,59.3
3,1,4,60,3,6,add_lane,2,332,53.9,412,64.7
3,1,4,60,3,6,change_speed,-10,332,53.9,304,40.4
3,1,4,60,3,6,change_speed,0,332,53.9,332,48.5
3,1,4,60,3,6,change_speed,10,332,53.9,360,56.6
3,1,4,60,4,0,add_lane,0,354,54.5,354,54.5
3,1,4,60,4,0,add_lane,1,354,54.5,396,60.0
3,1,4,60,4,0,add_lane,2,354,54.5,439,65.4
3,1,4,60,4,0,change_speed,-10,354,54.5,324,40.9
3,1,4,60,4,0,change_speed,0,354,54.5,354,49.1
3,1,4,60,4,0,change_speed,10,354,54.5,384,57.2
3,1,4,60,4,1,add_lane,0,720,60.5,720,60.5
3,1,4,60,4,1,add_lane,1,720,60.5,806,66.6
3,1,4,60,4,1,add_lane,2,720,60.5,893,72.6
3,1,4,60,4,1,change_speed,-10,720,60.5,660,45.4
3,1,4,60,4,1,change_speed,0,720,60.5,720,54.5
3,1,4,60,4,1,change_speed,10,720,60.5,780,63.5
3,1,4,60,4,2,add_lane,0,698,56.6,698,56.6
3,1,4,60,4,2,add_lane,1,698,56.6,782,62.3
3,1,4,60,4,2,add_lane,2,698,56.6,866,67.9
3,1,4,60,4,2,change_speed,-10,698,56.6,640,42.5
3,1,4,60,4,2,change_speed,0,698,56.6,698,50.9
3,1,4,60,4,2,change_speed,10,698,56.6,756,59.4
3,1,4,60,4,3,add_lane,0,698,58.5,698,58.5
3,1,4,60,4,3,add_lane,1,698,58.5,782,64.4
3,1,4,60,4,3,add_lane,2,698,58.5,866,70.2
3,1,4,60,4,3,change_speed,-10,698,58.5,640,43.9
3,1,4,60,4,3,change_speed,0,698,58.5,698,52.6
3,1,4,60,4,3,change_speed,10,698,58.5,756,61.4
3,1,4,60,4,4,add_lane,0,698,54.6,698,54.6
3,1,4,60,4,4,add_lane,1,698,54.6,782,60.1
3,1,4,60,4,4,add_lane,2,698,54.6,866,65.5
3,1,4,60,4,4,change_speed,-10,698,54.6,640,41.0
3,1,4,60,4,4,change_speed,0,698,54.6,698,49.1
3,1,4,60,4,4,change_speed,10,698,54.6,756,57.3
3,1,4,60,4,5,add_lane,0,504,39.8,504,39.8
3,1,4,60,4,5,add_lane,1,504,39.8,564,43.8
3,1,4,60,4,5,add_lane,2,504,39.8,625,47.8
3,1,4,60,4,5,change_speed,-10,504,39.8,462,29.8
3,1,4,60,4,5,change_speed,0,504,39.8,504,35.8
3,1,4,60,4,5,change_speed,10,504,39.8,546,41.8
3,1,4,60,4,6,add_lane,0,443,56.2,443,56.2
3,1,4,60,4,6,add_lane,1,443,56.2,496,61.8
3,1,4,60,4,6,add_lane,2,443,56.2,549,67.4
3,1,4,60,4,6,change_speed,-10,443,56.2,406,42.2
3,1,4,60,4,6,change_speed,0,443,56.2,443,50.6
3,1,4,60,4,6,change_speed,10,443,56.2,480,59.0
3,1,4,60,5,0,add_lane,0,620,57.0,620,57.0
3,1,4,60,5,0,add_lane,1,620,57.0,694,62.7
3,1,4,60,5,0,add_lane,2,620,57.0,769,68.4
3,1,4,60,5,0,change_speed,-10,620,57.0,568,42.8
3,1,4,60,5,0,change_speed,0,620,57.0,620,51.3
3,1,4,60,5,0,change_speed,10,620,57.0,672,59.9
3,1,4,60,5,1,add_lane,0,1260,55.7,1260,55.7
3,1,4,60,5,1,add_lane,1,1260,55.7,1411,61.3
3,1,4,60,5,1,add_lane,2,1260,55.7,1562,66.8
3,1,4,60,5,1,change_speed,-10,1260,55.7,1155,41.8
3,1,4,60,5,1,change_speed,0,1260,55.7,1260,50.1
3,1,4,60,5,1,change_speed,10,1260,55.7,1365,58.5
3,1,4,60,5,2,add_lane,0,1222,50.1,1222,50.1
3,1,4,60,5,2,add_lane,1,1222,50.1,1369,55.1
3,1,4,60,5,2,add_lane,2,1222,50.1,1515,60.1
3,1,4,60,5,2,change_speed,-10,1222,50.1,1120,37.6
3,1,4,60,5,2,change_speed,0,1222,50.1,1222,45.1
3,1,4,60,5,2,change_speed,10,1222,50.1,1324,52.6
3,1,4,60,5,3,add_lane,0,1222,52.0,1222,52.0
3,1,4,60,5,3,add_lane,1,1222,52.0,1369,57.2
3,1,4,60,5,3,add_lane,2,1222,52.0,1515,62.4
3,1,4,60,5,3,change_speed,-10,1222,52.0,1120,39.0
3,1,4,60,5,3,change_speed,0,1222,52.0,1222,46.8
3,1,4,60,5,3,change_speed,10,1222,52.0,1324,54.6
3,1,4,60,5,4,add_lane,0,1222,54.2,1222,54.2
3,1,4,60,5,4,add_lane,1,1222,54.2,1369,59.6
3,1,4,60,5,4,add_lane,2,1222,54.2,1515,65.0
3,1,4,60,5,4,change_speed,-10,1222,54.2,1120,40.7
3,1,4,60,5,4,change_speed,0,1222,54.2,1222,48.8
3,1,4,60,5,4,change_speed,10,1222,54.2,1324,56.9
3,1,4,60,5,5,add_lane,0,882,42.5,882,42.5
3,1,4,60,5,5,add_lane,1,882,42.5,988,46.8
3,1,4,60,5,5,add_lane,2,882,42.5,1094,51.0
3,1,4,60,5,5,change_speed,-10,882,42.5,809,31.9
3,1,4,60,5,5,change_speed,0,882,42.5,882,38.2
3,1,4,60,5,5,change_speed,10,882,42.5,956,44.6
3,1,4,60,5,6,add_lane,0,775,48.0,775,48.0
3,1,4,60,5,6,add_lane,1,775,48.0,868,52.8
3,1,4,60,5,6,add_lane,2,775,48.0,961,57.6
3,1,4,60,5,6,change_speed,-10,775,48.0,710,36.0
3,1,4,60,5,6,change_speed,0,775,48.0,775,43.2
3,1,4,60,5,6,change_speed,10,775,48.0,840,50.4
3,1,4,60,6,0,add_lane,0,1151,48.9,1151,48.9
3,1,4,60,6,0,add_lane,1,1151,48.9,1289,53.8
3,1,4,60,6,0,add_lane,2,1151,48.9,1427,58.7
3,1,4,60,6,0,change_speed,-10,1151,48.9,1055,36.7
3,1,4,60,6,0,change_speed,0,1151,48.9,1151,44.0
3,1,4,60,6,0,change_speed,10,1151,48.9,1247,51.3
3,1,4,60,6,1,add_lane,0,2340,53.2,2340,53.2
3,1,4,60,6,1,add_lane,1,2340,53.2,2621,58.5
3,1,4,60,6,1,add_lane,2,2340,53.2,2902,63.8
3,1,4,60,6,1,change_speed,-10,2340,53.2,2145,39.9
3,1,4,60,6,1,change_speed,0,2340,53.2,2340,47.9
3,1,4,60,6,1,change_speed,10,2340,53.2,2535,55.9
3,1,4,60,6,2,add_lane,0,2270,46.0,2270,46.0
3,1,4,60,6,2,add_lane,1,2270,46.0,2542,50.6
3,1,4,60,6,2,add_lane,2,2270,46.0,2815,55.2
3,1,4,60,6,2,change_speed,-10,2270,46.0,2081,34.5
3,1,4,60,6,2,change_speed,0,2270,46.0,2270,41.4
3,1,4,60,6,2,change_speed,10,2270,46.0,2459,48.3
3,1,4,60,6,3,add_lane,0,2270,46.7,2270,46.7
3,1,4,60,6,3,add_lane,1,2270,46.7,2542,51.4
3,1,4,60,6,3,add_lane,2,2270,46.7,2815,56.0
3,1,4,60,6,3,change_speed,-10,2270,46.7,2081,35.0
3,1,4,60,6,3,change_speed,0,2270,46.7,2270,42.0
3,1,4,60,6,3,change_speed,10,2270,46.7,2459,49.0
3,1,4,60,6,4,add_lane,0,2270,42.9,2270,42.9
3,1,4,60,6,4,add_lane,1,2270,42.9,2542,47.2
3,1,4,60,6,4,add_lane,2,2270,42.9,2815,51.5
3,1,4,60,6,4,change_speed,-10,2270,42.9,2081,32.2
3,1,4,60,6,4,change_speed,0,2270,42.9,2270,38.6
3,1,4,60,6,4,change_speed,10,2270,42.9,2459,45.0
3,1,4,60,6,5,add_lane,0,1638,37.4,1638,37.4
3,1,4,60,6,5,add_lane,1,1638,37.4,1835,41.1
3,1,4,60,6,5,add_lane,2,1638,37.4,2031,44.9
3,1,4,60,6,5,change_speed,-10,1638,37.4,1502,28.1
3,1,4,60,6,5,change_speed,0,1638,37.4,1638,33.7
3,1,4,60,6,5,change_speed,10,1638,37.4,1775,39.3
3,1,4,60,6,6,add_lane,0,1439,45.5,1439,45.5
3,1,4,60,6,6,add_lane,1,1439,45.5,1612,50.1
3,1,4,60,6,6,add_lane,2,1439,45.5,1784,54.6
3,1,4,60,6,6,change_speed,-10,1439,45.5,1319,34.1
3,1,4,60,6,6,change_speed,0,1439,45.5,1439,41.0
3,1,4,60,6,6,change_speed,10,1439,45.5,1559,47.8
3,1,4,60,7,0,add_lane,0,2657,41.9,2657,41.9
3,1,4,60,7,0,add_lane,1,2657,41.9,2976,46.1
3,1,4,60,7,0,add_lane,2,2657,41.9,3295,50.3
3,1,4,60,7,0,change_speed,-10,2657,41.9,2436,31.4
3,1,4,60,7,0,change_speed,0,2657,41.9,2657,37.7
3,1,4,60,7,0,change_speed,10,2657,41.9,2878,44.0
3,1,4,60,7,1,add_lane,0,5400,27.3,5400,27.3
3,1,4,60,7,1,add_lane,1,5400,27.3,6048,30.0
3,1,4,60,7,1,add_lane,2,5400,27.3,6696,32.8
3,1,4,60,7,1,change_speed,-10,5400,27.3,4950,20.5
3,1,4,60,7,1,change_speed,0,5400,27.3,5400,24.6
3,1,4,60,7,1,change_speed,10,5400,27.3,5850,28.7
3,1,4,60,7,2,add_lane,0,5238,26.9,5238,26.9
3,1,4,60,7,2,add_lane,1,5238,26.9,5867,29.6
3,1,4,60,7,2,add_lane,2,5238,26.9,6495,32.3
3,1,4,60,7,2,change_speed,-10,5238,26.9,4802,20.2
3,1,4,60,7,2,change_speed,0,5238,26.9,5238,24.2
3,1,4,60,7,2,change_speed,10,5238,26.9,5675,28.2
3,1,4,60,7,3,add_lane,0,5238,27.7,5238,27.7
3,1,4,60,7,3,add_lane,1,5238,27.7,5867,30.5
3,1,4,60,7,3,add_lane,2,5238,27.7,6495,33.2
3,1,4,60,7,3,change_speed,-10,5238,27.7,4802,20.8
3,1,4,60,7,3,change_speed,0,5238,27.7,5238,24.9
3,1,4,60,7,3,change_speed,10,5238,27.7,5675,29.1
3,1,4,60,7,4,add_lane,0,5238,30.1,5238,30.1
3,1,4,60,7,4,add_lane,1,5238,30.1,5867,33.1
3,1,4,60,7,4,add_lane,2,5238,30.1,6495,36.1
3,1,4,60,7,4,change_speed,-10,5238,30.1,4802,22.6
3,1,4,60,7,4,change_speed,0,5238,30.1,5238,27.1
3,1,4,60,7,4,change_speed,10,5238,30.1,5675,31.6
3,1,4,60,7,5,add_lane,0,3780,27.4,3780,27.4
3,1,4,60,7,5,add_lane,1,3780,27.4,4234,30.1
3,1,4,60,7,5,add_lane,2,3780,27.4,4687,32.9
3,1,4,60,7,5,change_speed,-10,3780,27.4,3465,20.6
3,1,4,60,7,5,change_speed,0,3780,27.4,3780,24.7
3,1,4,60,7,5,change_speed,10,3780,27.4,4095,28.8
3,1,4,60,7,6,add_lane,0,3321,36.6,3321,36.6
3,1,4,60,7,6,add_lane,1,3321,36.6,3720,40.3
3,1,4,60,7,6,add_lane,2,3321,36.6,4118,43.9
3,1,4,60,7,6,change_speed,-10,3321,36.6,3044,27.5
3,1,4,60,7,6,change_speed,0,3321,36.6,3321,32.9
3,1,4,60,7,6,change_speed,10,3321,36.6,3598,38.4
3,1,4,60,8,0,add_lane,0,3188,38.7,3188,38.7
3,1,4,60,8,0,add_lane,1,3188,38.7,3571,42.6
3,1,4,60,8,0,add_lane,2,3188,38.7,3953,46.4
3,1,4,60,8,0,change_speed,-10,3188,38.7,2922,29.0
3,1,4,60,8,0,change_speed,0,3188,38.7,3188,34.8
3,1,4,60,8,0,change_speed,10,3188,38.7,3454,40.6
3,1,4,60,8,1,add_lane,0,6480,19.6,6480,19.6
3,1,4,60,8,1,add_lane,1,6480,19.6,7258,21.6
3,1,4,60,8,1,add_lane,2,6480,19.6,8035,23.5
3,1,4,60,8,1,change_speed,-10,6480,19.6,5940,14.7
3,1,4,60,8,1,change_speed,0,6480,19.6,6480,17.6
3,1,4,60,8,1,change_speed,10,6480,19.6,7020,20.6
3,1,4,60,8,2,add_lane,0,6286,19.7,6286,19.7
3,1,4,60,8,2,add_lane,1,6286,19.7,7040,21.7
3,1,4,60,8,2,add_lane,2,6286,19.7,7795,23.6
3,1,4,60,8,2,change_speed,-10,6286,19.7,5762,14.8
3,1,4,60,8,2,change_speed,0,6286,19.7,6286,17.7
3,1,4,60,8,2,change_speed,10,6286,19.7,6810,20.7
3,1,4,60,8,3,add_lane,0,6286,19.8,6286,19.8
3,1,4,60,8,3,add_lane,1,6286,19.8,7040,21.8
3,1,4,60,8,3,add_lane,2,6286,19.8,7795,23.8
3,1,4,60,8,3,change_speed,-10,6286,19.8,5762,14.8
3,1,4,60,8,3,change_speed,0,6286,19.8,6286,17.8
3,1,4,60,8,3,change_speed,10,6286,19.8,6810,20.8
3,1,4,60,8,4,add_lane,0,6286,22.1,6286,22.1
3,1,4,60,8,4,add_lane,1,6286,22.1,7040,24.3
3,1,4,60,8,4,add_lane,2,6286,22.1,7795,26.5
3,1,4,60,8,4,change_speed,-10,6286,22.1,5762,16.6
3,1,4,60,8,4,change_speed,0,6286,22.1,6286,19.9
3,1,4,60,8,4,change_speed,10,6286,22.1,6810,23.2
3,1,4,60,8,5,add_lane,0,4536,23.3,4536,23.3
3,1,4,60,8,5,add_lane,1,4536,23.3,5080,25.6
3,1,4,60,8,5,add_lane,2,4536,23.3,5625,28.0
3,1,4,60,8,5,change_speed,-10,4536,23.3,4158,17.5
3,1,4,60,8,5,change_speed,0,4536,23.3,4536,21.0
3,1,4,60,8,5,change_speed,10,4536,23.3,4914,24.5
3,1,4,60,8,6,add_lane,0,3985,29.6,3985,29.6
3,1,4,60,8,6,add_lane,1,3985,29.6,4463,32.6
3,1,4,60,8,6,add_lane,2,3985,29.6,4941,35.5
3,1,4,60,8,6,change_speed,-10,3985,29.6,3653,22.2
3,1,4,60,8,6,change_speed,0,3985,29.6,3985,26.6
3,1,4,60,8,6,change_speed,10,3985,29.6,4317,31.1
3,1,4,60,9,0,add_lane,0,2480,39.5,2480,39.5
3,1,4,60,9,0,add_lane,1,2480,39.5,2778,43.5
3,1,4,60,9,0,add_lane,2,2480,39.5,3075,47.4
3,1,4,60,9,0,change_speed,-10,2480,39.5,2273,29.6
3,1,4,60,9,0,change_speed,0,2480,39.5,2480,35.6
3,1,4,60,9,0,change_speed,10,2480,39.5,2687,41.5
3,1,4,60,9,1,add_lane,0,5040,34.2,5040,34.2
3,1,4,60,9,1,add_lane,1,5040,34.2,5645,37.6
3,1,4,60,9,1,add_lane,2,5040,34.2,6250,41.0
3,1,4,60,9,1,change_speed,-10,5040,34.2,4620,25.7
3,1,4,60,9,1,change_speed,0,5040,34.2,5040,30.8
3,1,4,60,9,1,change_speed,10,5040,34.2,5460,35.9
3,1,4,60,9,2,add_lane,0,4889,32.5,4889,32.5
3,1,4,60,9,2,add_lane,1,4889,32.5,5476,35.8
3,1,4,60,9,2,add_lane,2,4889,32.5,6062,39.0
3,1,4,60,9,2,change_speed,-10,4889,32.5,4482,24.4
3,1,4,60,9,2,change_speed,0,4889,32.5,4889,29.2
3,1,4,60,9,2,change_speed,10,4889,32.5,5296,34.1
3,1,4,60,9,3,add_lane,0,4889,28.4,4889,28.4
3,1,4,60,9,3,add_lane,1,4889,28.4,5476,31.2
3,1,4,60,9,3,add_lane,2,4889,28.4,6062,34.1
3,1,4,60,9,3,change_speed,-10,4889,28.4,4482,21.3
3,1,4,60,9,3,change_speed,0,4889,28.4,4889,25.6
3,1,4,60,9,3,change_speed,10,4889,28.4,5296,29.8
3,1,4,60,9,4,add_lane,0,4889,29.3,4889,29.3
3,1,4,60,9,4,add_lane,1,4889,29.3,5476,32.2
3,1,4,60,9,4,add_lane,2,4889,29.3,6062,35.2
3,1,4,60,9,4,change_speed,-10,4889,29.3,4482,22.0
3,1,4,60,9,4,change_speed,0,4889,29.3,4889,26.4
3,1,4,60,9,4,change_speed,10,4889,29.3,5296,30.8
3,1,4,60,9,5,add_lane,0,3528,28.3,3528,28.3
3,1,4,60,9,5,add_lane,1,3528,28.3,3951,31.1
3,1,4,60,9,5,add_lane,2,3528,28.3,4375,34.0
3,1,4,60,9,5,change_speed,-10,3528,28.3,3234,21.2
3,1,4,60,9,5,change_speed,0,3528,28.3,3528,25.5
3,1,4,60,9,5,change_speed,10,3528,28.3,3822,29.7
3,1,4,60,9,6,add_lane,0,3100,33.7,3100,33.7
3,1,4,60,9,6,add_lane,1,3100,33.7,3472,37.1
3,1,4,60,9,6,add_lane,2,3100,33.7,3844,40.4
3,1,4,60,9,6,change_speed,-10,3100,33.7,2842,25.3
3,1,4,60,9,6,change_speed,0,3100,33.7,3100,30.3
3,1,4,60,9,6,change_speed,10,3100,33.7,3358,35.4
3,1,4,60,10,0,add_lane,0,1771,47.4,1771,47.4
3,1,4,60,10,0,add_lane,1,1771,47.4,1984,52.1
3,1,4,60,10,0,add_lane,2,1771,47.4,2196,56.9
3,1,4,60,10,0,change_speed,-10,1771,47.4,1623,35.6
3,1,4,60,10,0,change_speed,0,1771,47.4,1771,42.7
3,1,4,60,10,0,change_speed,10,1771,47.4,1919,49.8
3,1,4,60,10,1,add_lane,0,3600,39.7,3600,39.7
3,1,4,60,10,1,add_lane,1,3600,39.7,4032,43.7
3,1,4,60,10,1,add_lane,2,3600,39.7,4464,47.6
3,1,4,60,10,1,change_speed,-10,3600,39.7,3300,29.8
3,1,4,60,10,1,change_speed,0,3600,39.7,3600,35.7
3,1,4,60,10,1,change_speed,10,3600,39.7,3900,41.7
3,1,4,60,10,2,add_lane,0,3492,36.7,3492,36.7
3,1,4,60,10,2,add_lane,1,3492,36.7,3911,40.4
3,1,4,60,10,2,add_lane,2,3492,36.7,4330,44.0
3,1,4,60,10,2,change_speed,-10,3492,36.7,3201,27.5
3,1,4,60,10,2,change_speed,0,3492,36.7,3492,33.0
3,1,4,60,10,2,change_speed,10,3492,36.7,3783,38.5
3,1,4,60,10,3,add_lane,0,3492,40.1,3492,40.1
3,1,4,60,10,3,add_lane,1,3492,40.1,3911,44.1
3,1,4,60,10,3,add_lane,2,3492,40.1,4330,48.1
3,1,4,60,10,3,change_speed,-10,3492,40.1,3201,30.1
3,1,4,60,10,3,change_speed,0,3492,40.1,3492,36.1
3,1,4,60,10,3,change_speed,10,3492,40.1,3783,42.1
3,1,4,60,10,4,add_lane,0,3492,40.1,3492,40.1
3,1,4,60,10,4,add_lane,1,3492,40.1,3911,44.1
3,1,4,60,10,4,add_lane,2,3492,40.1,4330,48.1
3,1,4,60,10,4,change_speed,-10,3492,40.1,3201,30.1
3,1,4,60,10,4,change_speed,0,3492,40.1,3492,36.1
3,1,4,60,10,4,change_speed,10,3492,40.1,3783,42.1
3,1,4,60,10,5,add_lane,0,2520,30.1,2520,30.1
3,1,4,60,10,5,add_lane,1,2520,30.1,2822,33.1
3,1,4,60,10,5,add_lane,2,2520,30.1,3125,36.1
3,1,4,60,10,5,change_speed,-10,2520,30.1,2310,22.6
3,1,4,60,10,5,change_speed,0,2520,30.1,2520,27.1
3,1,4,60,10,5,change_speed,10,2520,30.1,2730,31.6
3,1,4,60,10,6,add_lane,0,2214,45.1,2214,45.1
3,1,4,60,10,6,add_lane,1,2214,45.1,2480,49.6
3,1,4,60,10,6,add_lane,2,2214,45.1,2745,54.1
3,1,4,60,10,6,change_speed,-10,2214,45.1,2030,33.8
3,1,4,60,10,6,change_speed,0,2214,45.1,2214,40.6
3,1,4,60,10,6,change_speed,10,2214,45.1,2399,47.4
3,1,4,60,11,0,add_lane,0,1594,53.6,1594,53.6
3,1,4,60,11,0,add_lane,1,1594,53.6,1785,59.0
3,1,4,60,11,0,add_lane,2,1594,53.6,1977,64.3
3,1,4,60,11,0,change_speed,-10,1594,53.6,1461,40.2
3,1,4,60,11,0,change_speed,0,1594,53.6,1594,48.2
3,1,4,60,11,0,change_speed,10,1594,53.6,1727,56.3
3,1,4,60,11,1,add_lane,0,3240,43.7,3240,43.7
3,1,4,60,11,1,add_lane,1,3240,43.7,3629,48.1
3,1,4,60,11,1,add_lane,2,3240,43.7,4018,52.4
3,1,4,60,11,1,change_speed,-10,3240,43.7,2970,32.8
3,1,4,60,11,1,change_speed,0,3240,43.7,3240,39.3
3,1,4,60,11,1,change_speed,10,3240,43.7,3510,45.9
3,1,4,60,11,2,add_lane,0,3143,41.4,3143,41.4
3,1,4,60,11,2,add_lane,1,3143,41.4,3520,45.5
3,1,4,60,11,2,add_lane,2,3143,41.4,3897,49.7
3,1,4,60,11,2,change_speed,-10,3143,41.4,2881,31.1
3,1,4,60,11,2,change_speed,0,3143,41.4,3143,37.3
3,1,4,60,11,2,change_speed,10,3143,41.4,3405,43.5
3,1,4,60,11,3,add_lane,0,3143,39.6,3143,39.6
3,1,4,60,11,3,add_lane,1,3143,39.6,3520,43.6
3,1,4,60,11,3,add_lane,2,3143,39.6,3897,47.5
3,1,4,60,11,3,change_speed,-10,3143,39.6,2881,29.7
3,1,4,60,11,3,change_speed,0,3143,39.6,3143,35.6
3,1,4,60,11,3,change_speed,10,3143,39.6,3405,41.6
3,1,4,60,11,4,add_lane,0,3143,41.9,3143,41.9
3,1,4,60,11,4,add_lane,1,3143,41.9,3520,46.1
3,1,4,60,11,4,add_lane,2,3143,41.9,3897,50.3
3,1,4,60,11,4,change_speed,-10,3143,41.9,2881,31.4
3,1,4,60,11,4,change_speed,0,3143,41.9,3143,37.7
3,1,4,60,11,4,change_speed,10,3143,41.9,3405,44.0
3,1,4,60,11,5,add_lane,0,2268,32.2,2268,32.2
3,1,4,60,11,5,add_lane,1,2268,32.2,2540,35.4
3,1,4,60,11,5,add_lane,2,2268,32.2,2812,38.6
3,1,4,60,11,5,change_speed,-10,2268,32.2,2079,24.2
3,1,4,60,11,5,change_speed,0,2268,32.2,2268,29.0
3,1,4,60,11,5,change_speed,10,2268,32.2,2457,33.8
3,1,4,60,11,6,add_lane,0,1993,41.2,1993,41.2
3,1,4,60,11,6,add_lane,1,1993,41.2,2232,45.3
3,1,4,60,11,6,add_lane,2,1993,41.2,2471,49.4
3,1,4,60,11,6,change_speed,-10,1993,41.2,1827,30.9
3,1,4,60,11,6,change_speed,0,1993,41.2,1993,37.1
3,1,4,60,11,6,change_speed,10,1993,41.2,2159,43.3
3,1,4,60,12,0,add_lane,0,1506,51.2,1506,51.2
3,1,4,60,12,0,add_lane,1,1506,51.2,1687,56.3
3,1,4,60,12,0,add_lane,2,1506,51.2,1867,61.4
3,1,4,60,12,0,change_speed,-10,1506,51.2,1380,38.4
3,1,4,60,12,0,change_speed,0,1506,51.2,1506,46.1
3,1,4,60,12,0,change_speed,10,1506,51.2,1632,53.8
3,1,4,60,12,1,add_lane,0,3060,45.7,3060,45.7
3,1,4,60,12,1,add_lane,1,3060,45.7,3427,50.3
3,1,4,60,12,1,add_lane,2,3060,45.7,3794,54.8
3,1,4,60,12,1,change_speed,-10,3060,45.7,2805,34.3
3,1,4,60,12,1,change_speed,0,3060,45.7,3060,41.1
3,1,4,60,12,1,change_speed,10,3060,45.7,3315,48.0
3,1,4,60,12,2,add_lane,0,2968,40.7,2968,40.7
3,1,4,60,12,2,add_lane,1,2968,40.7,3324,44.8
3,1,4,60,12,2,add_lane,2,2968,40.7,3680,48.8
3,1,4,60,12,2,change_speed,-10,2968,40.7,2721,30.5
3,1,4,60,12,2,change_speed,0,2968,40.7,2968,36.6
3,1,4,60,12,2,change_speed,10,2968,40.7,3215,42.7
3,1,4,60,12,3,add_lane,0,2968,40.8,2968,40.8
3,1,4,60,12,3,add_lane,1,2968,40.8,3324,44.9
3,1,4,60,12,3,add_lane,2,2968,40.8,3680,49.0
3,1,4,60,12,3,change_speed,-10,2968,40.8,2721,30.6
3,1,4,60,12,3,change_speed,0,2968,40.8,2968,36.7
3,1,4,60,12,3,change_speed,10,2968,40.8,3215,42.8
3,1,4,60,12,4,add_lane,0,2968,41.4,2968,41.4
3,1,4,60,12,4,add_lane,1,2968,41.4,3324,45.5
3,1,4,60,12,4,add_lane,2,2968,41.4,3680,49.7
3,1,4,60,12,4,change_speed,-10,2968,41.4,2721,31.1
3,1,4,60,12,4,change_speed,0,2968,41.4,2968,37.3
3,1,4,60,12,4,change_speed,10,2968,41.4,3215,43.5
3,1,4,60,12,5,add_lane,0,2142,31.2,2142,31.2
3,1,4,60,12,5,add_lane,1,2142,31.2,2399,34.3
3,1,4,60,12,5,add_lane,2,2142,31.2,2656,37.4
3,1,4,60,12,5,change_speed,-10,2142,31.2,1964,23.4
3,1,4,60,12,5,change_speed,0,2142,31.2,2142,28.1
3,1,4,60,12,5,change_speed,10,2142,31.2,2321,32.8
3,1,4,60,12,6,add_lane,0,1882,42.8,1882,42.8
3,1,4,60,12,6,add_lane,1,1882,42.8,2108,47.1
3,1,4,60,12,6,add_lane,2,1882,42.8,2334,51.4
3,1,4,60,12,6,change_speed,-10,1882,42.8,1725,32.1
3,1,4,60,12,6,change_speed,0,1882,42.8,1882,38.5
3,1,4,60,12,6,change_speed,10,1882,42.8,2039,44.9
3,1,4,60,13,0,add_lane,0,1506,45.5,1506,45.5
3,1,4,60,13,0,add_lane,1,1506,45.5,1687,50.1
3,1,4,60,13,0,add_lane,2,1506,45.5,1867,54.6
3,1,4,60,13,0,change_speed,-10,1506,45.5,1380,34.1
3,1,4,60,13,0,change_speed,0,1506,45.5,1506,41.0
3,1,4,60,13,0,change_speed,10,1506,45.5,1632,47.8
3,1,4,60,13,1,add_lane,0,3060,41.5,3060,41.5
3,1,4,60,13,1,add_lane,1,3060,41.5,3427,45.7
3,1,4,60,13,1,add_lane,2,3060,41.5,3794,49.8
3,1,4,60,13,1,change_speed,-10,3060,41.5,2805,31.1
3,1,4,60,13,1,change_speed,0,3060,41.5,3060,37.4
3,1,4,60,13,1,change_speed,10,3060,41.5,3315,43.6
3,1,4,60,13,2,add_lane,0,2968,42.4,2968,42.4
3,1,4,60,13,2,add_lane,1,2968,42.4,3324,46.6
3,1,4,60,13,2,add_lane,2,2968,42.4,3680,50.9
3,1,4,60,13,2,change_speed,-10,2968,42.4,2721,31.8
3,1,4,60,13,2,change_speed,0,2968,42.4,2968,38.2
3,1,4,60,13,2,change_speed,10,2968,42.4,3215,44.5
3,1,4,60,13,3,add_lane,0,2968,40.5,2968,40.5
3,1,4,60,13,3,add_lane,1,2968,40.5,3324,44.6
3,1,4,60,13,3,add_lane,2,2968,40.5,3680,48.6
3,1,4,60,13,3,change_speed,-10,2968,40.5,2721,30.4
3,1,4,60,13,3,change_speed,0,2968,40.5,2968,36.5
3,1,4,60,13,3,change_speed,10,2968,40.5,3215,42.5
3,1,4,60,13,4,add_lane,0,2968,43.2,2968,43.2
3,1,4,60,13,4,add_lane,1,2968,43.2,3324,47.5
3,1,4,60,13,4,add_lane,2,2968,43.2,3680,51.8
3,1,4,60,13,4,change_speed,-10,2968,43.2,2721,32.4
3,1,4,60,13,4,change_speed,0,2968,43.2,2968,38.9
3,1,4,60,13,4,change_speed,10,2968,43.2,3215,45.4
3,1,4,60,13,5,add_lane,0,2142,32.7,2142,32.7
3,1,4,60,13,5,add_lane,1,2142,32.7,2399,36.0
3,1,4,60,13,5,add_lane,2,2142,32.7,2656,39.2
3,1,4,60,13,5,change_speed,-10,2142,32.7,1964,24.5
3,1,4,60,13,5,change_speed,0,2142,32.7,2142,29.4
3,1,4,60,13,5,change_speed,10,2142,32.7,2321,34.3
3,1,4,60,13,6,add_lane,0,1882,38.2,1882,38.2
3,1,4,60,13,6,add_lane,1,1882,38.2,2108,42.0
3,1,4,60,13,6,add_lane,2,1882,38.2,2334,45.8
3,1,4,60,13,6,change_speed,-10,1882,38.2,1725,28.7
3,1,4,60,13,6,change_speed,0,1882,38.2,1882,34.4
3,1,4,60,13,6,change_speed,10,1882,38.2,2039,40.1
3,1,4,60,14,0,add_lane,0,1683,53.4,1683,53.4
3,1,4,60,14,0,add_lane,1,1683,53.4,1885,58.7
3,1,4,60,14,0,add_lane,2,1683,53.4,2087,64.1
3,1,4,60,14,0,change_speed,-10,1683,53.4,1543,40.1
3,1,4,60,14,0,change_speed,0,1683,53.4,1683,48.1
3,1,4,60,14,0,change_speed,10,1683,53.4,1823,56.1
3,1,4,60,14,1,add_lane,0,3420,45.1,3420,45.1
3,1,4,60,14,1,add_lane,1,3420,45.1,3830,49.6
3,1,4,60,14,1,add_lane,2,3420,45.1,4241,54.1
3,1,4,60,14,1,change_speed,-10,3420,45.1,3135,33.8
3,1,4,60,14,1,change_speed,0,3420,45.1,3420,40.6
3,1,4,60,14,1,change_speed,10,3420,45.1,3705,47.4
3,1,4,60,14,2,add_lane,0,3317,38.4,3317,38.4
3,1,4,60,14,2,add_lane,1,3317,38.4,3715,42.2
3,1,4,60,14,2,add_lane,2,3317,38.4,4113,46.1
3,1,4,60,14,2,change_speed,-10,3317,38.4,3041,28.8
3,1,4,60,14,2,change_speed,0,3317,38.4,3317,34.6
3,1,4,60,14,2,change_speed,10,3317,38.4,3593,40.3
3,1,4,60,14,3,add_lane,0,3317,40.4,3317,40.4
3,1,4,60,14,3,add_lane,1,3317,40.4,3715,44.4
3,1,4,60,14,3,add_lane,2,3317,40.4,4113,48.5
3,1,4,60,14,3,change_speed,-10,3317,40.4,3041,30.3
3,1,4,60,14,3,change_speed,0,3317,40.4,3317,36.4
3,1,4,60,14,3,change_speed,10,3317,40.4,3593,42.4
3,1,4,60,14,4,add_lane,0,3317,39.5,3317,39.5
3,1,4,60,14,4,add_lane,1,3317,39.5,3715,43.5
3,1,4,60,14,4,add_lane,2,3317,39.5,4113,47.4
3,1,4,60,14,4,change_speed,-10,3317,39.5,3041,29.6
3,1,4,60,14,4,change_speed,0,3317,39.5,3317,35.6
3,1,4,60,14,4,change_speed,10,3317,39.5,3593,41.5
3,1,4,60,14,5,add_lane,0,2394,33.3,2394,33.3
3,1,4,60,14,5,add_lane,1,2394,33.3,2681,36.6
3,1,4,60,14,5,add_lane,2,2394,33.3,2969,40.0
3,1,4,60,14,5,change_speed,-10,2394,33.3,2194,25.0
3,1,4,60,14,5,change_speed,0,2394,33.3,2394,30.0
3,1,4,60,14,5,change_speed,10,2394,33.3,2594,35.0
3,1,4,60,14,6,add_lane,0,2103,39.7,2103,39.7
3,1,4,60,14,6,add_lane,1,2103,39.7,2355,43.7
3,1,4,60,14,6,add_lane,2,2103,39.7,2608,47.6
3,1,4,60,14,6,change_speed,-10,2103,39.7,1928,29.8
3,1,4,60,14,6,change_speed,0,2103,39.7,2103,35.7
3,1,4,60,14,6,change_speed,10,2103,39.7,2278,41.7
3,1,4,60,15,0,add_lane,0,2125,46.0,2125,46.0
3,1,4,60,15,0,add_lane,1,2125,46.0,2380,50.6
3,1,4,60,15,0,add_lane,2,2125,46.0,2635,55.2
3,1,4,60,15,0,change_speed,-10,2125,46.0,1948,34.5
3,1,4,60,15,0,change_speed,0,2125,46.0,2125,41.4
3,1,4,60,15,0,change_speed,10,2125,46.0,2302,48.3
3,1,4,60,15,1,add_lane,0,4320,37.1,4320,37.1
3,1,4,60,15,1,add_lane,1,4320,37.1,4838,40.8
3,1,4,60,15,1,add_lane,2,4320,37.1,5357,44.5
3,1,4,60,15,1,change_speed,-10,4320,37.1,3960,27.8
3,1,4,60,15,1,change_speed,0,4320,37.1,4320,33.4
3,1,4,60,15,1,change_speed,10,4320,37.1,4680,39.0
3,1,4,60,15,2,add_lane,0,4190,34.9,4190,34.9
3,1,4,60,15,2,add_lane,1,4190,34.9,4693,38.4
3,1,4,60,15,2,add_lane,2,4190,34.9,5196,41.9
3,1,4,60,15,2,change_speed,-10,4190,34.9,3841,26.2
3,1,4,60,15,2,change_speed,0,4190,34.9,4190,31.4
3,1,4,60,15,2,change_speed,10,4190,34.9,4539,36.6
3,1,4,60,15,3,add_lane,0,4190,36.8,4190,36.8
3,1,4,60,15,3,add_lane,1,4190,36.8,4693,40.5
3,1,4,60,15,3,add_lane,2,4190,36.8,5196,44.2
3,1,4,60,15,3,change_speed,-10,4190,36.8,3841,27.6
3,1,4,60,15,3,change_speed,0,4190,36.8,4190,33.1
3,1,4,60,15,3,change_speed,10,4190,36.8,4539,38.6
3,1,4,60,15,4,add_lane,0,4190,36.8,4190,36.8
3,1,4,60,15,4,add_lane,1,4190,36.8,4693,40.5
3,1,4,60,15,4,add_lane,2,4190,36.8,5196,44.2
3,1,4,60,15,4,change_speed,-10,4190,36.8,3841,27.6
3,1,4,60,15,4,change_speed,0,4190,36.8,4190,33.1
3,1,4,60,15,4,change_speed,10,4190,36.8,4539,38.6
3,1,4,60,15,5,add_lane,0,3024,29.4,3024,29.4
3,1,4,60,15,5,add_lane,1,3024,29.4,3387,32.3
3,1,4,60,15,5,add_lane,2,3024,29.4,3750,35.3
3,1,4,60,15,5,change_speed,-10,3024,29.4,2772,22.1
3,1,4,60,15,5,change_speed,0,3024,29.4,3024,26.5
3,1,4,60,15,5,change_speed,10,3024,29.4,3276,30.9
3,1,4,60,15,6,add_lane,0,2657,42.2,2657,42.2
3,1,4,60,15,6,add_lane,1,2657,42.2,2976,46.4
3,1,4,60,15,6,add_lane,2,2657,42.2,3295,50.6
3,1,4,60,15,6,change_speed,-10,2657,42.2,2436,31.7
3,1,4,60,15,6,change_speed,0,2657,42.2,2657,38.0
3,1,4,60,15,6,change_speed,10,2657,42.2,2878,44.3
3,1,4,60,16,0,add_lane,0,2834,40.9,2834,40.9
3,1,4,60,16,0,add_lane,1,2834,40.9,3174,45.0
3,1,4,60,16,0,add_lane,2,2834,40.9,3514,49.1
3,1,4,60,16,0,change_speed,-10,2834,40.9,2598,30.7
3,1,4,60,16,0,change_speed,0,2834,40.9,2834,36.8
3,1,4,60,16,0,change_speed,10,2834,40.9,3070,42.9
3,1,4,60,16,1,add_lane,0,5760,28.0,5760,28.0
3,1,4,60,16,1,add_lane,1,5760,28.0,6451,30.8
3,1,4,60,16,1,add_lane,2,5760,28.0,7142,33.6
3,1,4,60,16,1,change_speed,-10,5760,28.0,5280,21.0
3,1,4,60,16,1,change_speed,0,5760,28.0,5760,25.2
3,1,4,60,16,1,change_speed,10,5760,28.0,6240,29.4
3,1,4,60,16,2,add_lane,0,5587,26.0,5587,26.0
3,1,4,60,16,2,add_lane,1,5587,26.0,6257,28.6
3,1,4,60,16,2,add_lane,2,5587,26.0,6928,31.2
3,1,4,60,16,2,change_speed,-10,5587,26.0,5121,19.5
3,1,4,60,16,2,change_speed,0,5587,26.0,5587,23.4
3,1,4,60,16,2,change_speed,10,5587,26.0,6053,27.3
3,1,4,60,16,3,add_lane,0,5587,27.8,5587,27.8
3,1,4,60,16,3,add_lane,1,5587,27.8,6257,30.6
3,1,4,60,16,3,add_lane,2,5587,27.8,6928,33.4
3,1,4,60,16,3,change_speed,-10,5587,27.8,5121,20.9
3,1,4,60,16,3,change_speed,0,5587,27.8,5587,25.0
3,1,4,60,16,3,change_speed,10,5587,27.8,6053,29.2
3,1,4,60,16,4,add_lane,0,5587,25.2,5587,25.2
3,1,4,60,16,4,add_lane,1,5587,25.2,6257,27.7
3,1,4,60,16,4,add_lane,2,5587,25.2,6928,30.2
3,1,4,60,16,4,change_speed,-10,5587,25.2,5121,18.9
3,1,4,60,16,4,change_speed,0,5587,25.2,5587,22.7
3,1,4,60,16,4,change_speed,10,5587,25.2,6053,26.5
3,1,4,60,16,5,add_lane,0,4032,26.5,4032,26.5
3,1,4,60,16,5,add_lane,1,4032,26.5,4516,29.2
3,1,4,60,16,5,add_lane,2,4032,26.5,5000,31.8
3,1,4,60,16,5,change_speed,-10,4032,26.5,3696,19.9
3,1,4,60,16,5,change_speed,0,4032,26.5,4032,23.9
3,1,4,60,16,5,change_speed,10,4032,26.5,4368,27.8
3,1,4,60,16,6,add_lane,0,3542,33.8,3542,33.8
3,1,4,60,16,6,add_lane,1,3542,33.8,3967,37.2
3,1,4,60,16,6,add_lane,2,3542,33.8,4392,40.6
3,1,4,60,16,6,change_speed,-10,3542,33.8,3247,25.3
3,1,4,60,16,6,change_speed,0,3542,33.8,3542,30.4
3,1,4,60,16,6,change_speed,10,3542,33.8,3837,35.5
3,1,4,60,17,0,add_lane,0,3188,37.5,3188,37.5
3,1,4,60,17,0,add_lane,1,3188,37.5,3571,41.2
3,1,4,60,17,0,add_lane,2,3188,37.5,3953,45.0
3,1,4,60,17,0,change_speed,-10,3188,37.5,2922,28.1
3,1,4,60,17,0,change_speed,0,3188,37.5,3188,33.8
3,1,4,60,17,0,change_speed,10,3188,37.5,3454,39.4
3,1,4,60,17,1,add_lane,0,6480,19.7,6480,19.7
3,1,4,60,17,1,add_lane,1,6480,19.7,7258,21.7
3,1,4,60,17,1,add_lane,2,6480,19.7,8035,23.6
3,1,4,60,17,1,change_speed,-10,6480,19.7,5940,14.8
3,1,4,60,17,1,change_speed,0,6480,19.7,6480,17.7
3,1,4,60,17,1,change_speed,10,6480,19.7,7020,20.7
3,1,4,60,17,2,add_lane,0,6286,22.6,6286,22.6
3,1,4,60,17,2,add_lane,1,6286,22.6,7040,24.9
3,1,4,60,17,2,add_lane,2,6286,22.6,7795,27.1
3,1,4,60,17,2,change_speed,-10,6286,22.6,5762,17.0
3,1,4,60,17,2,change_speed,0,6286,22.6,6286,20.3
3,1,4,60,17,2,change_speed,10,6286,22.6,6810,23.7
3,1,4,60,17,3,add_lane,0,6286,19.9,6286,19.9
3,1,4,60,17,3,add_lane,1,6286,19.9,7040,21.9
3,1,4,60,17,3,add_lane,2,6286,19.9,7795,23.9
3,1,4,60,17,3,change_speed,-10,6286,19.9,5762,14.9
3,1,4,60,17,3,change_speed,0,6286,19.9,6286,17.9
3,1,4,60,17,3,change_speed,10,6286,19.9,6810,20.9
3,1,4,60,17,4,add_lane,0,6286,23.8,6286,23.8
3,1,4,60,17,4,add_lane,1,6286,23.8,7040,26.2
3,1,4,60,17,4,add_lane,2,6286,23.8,7795,28.6
3,1,4,60,17,4,change_speed,-10,6286,23.8,5762,17.9
3,1,4,60,17,4,change_speed,0,6286,23.8,6286,21.4
3,1,4,60,17,4,change_speed,10,6286,23.8,6810,25.0
3,1,4,60,17,5,add_lane,0,4536,20.7,4536,20.7
3,1,4,60,17,5,add_lane,1,4536,20.7,5080,22.8
3,1,4,60,17,5,add_lane,2,4536,20.7,5625,24.8
3,1,4,60,17,5,change_speed,-10,4536,20.7,4158,15.5
3,1,4,60,17,5,change_speed,0,4536,20.7,4536,18.6
3,1,4,60,17,5,change_speed,10,4536,20.7,4914,21.7
3,1,4,60,17,6,add_lane,0,3985,30.4,3985,30.4
3,1,4,60,17,6,add_lane,1,3985,30.4,4463,33.4
3,1,4,60,17,6,add_lane,2,3985,30.4,4941,36.5
3,1,4,60,17,6,change_speed,-10,3985,30.4,3653,22.8
3,1,4,60,17,6,change_speed,0,3985,30.4,3985,27.4
3,1,4,60,17,6,change_speed,10,3985,30.4,4317,31.9
3,1,4,60,18,0,add_lane,0,3011,40.4,3011,40.4
3,1,4,60,18,0,add_lane,1,3011,40.4,3372,44.4
3,1,4,60,18,0,add_lane,2,3011,40.4,3734,48.5
3,1,4,60,18,0,change_speed,-10,3011,40.4,2760,30.3
3,1,4,60,18,0,change_speed,0,3011,40.4,3011,36.4
3,1,4,60,18,0,change_speed,10,3011,40.4,3262,42.4
3,1,4,60,18,1,add_lane,0,6120,23.2,6120,23.2
3,1,4,60,18,1,add_lane,1,6120,23.2,6854,25.5
3,1,4,60,18,1,add_lane,2,6120,23.2,7589,27.8
3,1,4,60,18,1,change_speed,-10,6120,23.2,5610,17.4
3,1,4,60,18,1,change_speed,0,6120,23.2,6120,20.9
3,1,4,60,18,1,change_speed,10,6120,23.2,6630,24.4
3,1,4,60,18,2,add_lane,0,5936,22.3,5936,22.3
3,1,4,60,18,2,add_lane,1,5936,22.3,6648,24.5
3,1,4,60,18,2,add_lane,2,5936,22.3,7361,26.8
3,1,4,60,18,2,change_speed,-10,5936,22.3,5441,16.7
3,1,4,60,18,2,change_speed,0,5936,22.3,5936,20.1
3,1,4,60,18,2,change_speed,10,5936,22.3,6431,23.4
3,1,4,60,18,3,add_lane,0,5936,26.1,5936,26.1
3,1,4,60,18,3,add_lane,1,5936,26.1,6648,28.7
3,1,4,60,18,3,add_lane,2,5936,26.1,7361,31.3
3,1,4,60,18,3,change_speed,-10,5936,26.1,5441,19.6
3,1,4,60,18,3,change_speed,0,5936,26.1,5936,23.5
3,1,4,60,18,3,change_speed,10,5936,26.1,6431,27.4
3,1,4,60,18,4,add_lane,0,5936,23.0,5936,23.0
3,1,4,60,18,4,add_lane,1,5936,23.0,6648,25.3
3,1,4,60,18,4,add_lane,2,5936,23.0,7361,27.6
3,1,4,60,18,4,change_speed,-10,5936,23.0,5441,17.2
3,1,4,60,18,4,change_speed,0,5936,23.0,5936,20.7
3,1,4,60,18,4,change_speed,10,5936,23.0,6431,24.2
3,1,4,60,18,5,add_lane,0,4284,24.1,4284,24.1
3,1,4,60,18,5,add_lane,1,4284,24.1,4798,26.5
3,1,4,60,18,5,add_lane,2,4284,24.1,5312,28.9
3,1,4,60,18,5,change_speed,-10,4284,24.1,3927,18.1
3,1,4,60,18,5,change_speed,0,4284,24.1,4284,21.7
3,1,4,60,18,5,change_speed,10,4284,24.1,4641,25.3
3,1,4,60,18,6,add_lane,0,3764,34.3,3764,34.3
3,1,4,60,18,6,add_lane,1,3764,34.3,4216,37.7
3,1,4,60,18,6,add_lane,2,3764,34.3,4667,41.2
3,1,4,60,18,6,change_speed,-10,3764,34.3,3450,25.7
3,1,4,60,18,6,change_speed,0,3764,34.3,3764,30.9
3,1,4,60,18,6,change_speed,10,3764,34.3,4078,36.0
3,1,4,60,19,0,add_lane,0,2480,42.3,2480,42.3
3,1,4,60,19,0,add_lane,1,2480,42.3,2778,46.5
3,1,4,60,19,0,add_lane,2,2480,42.3,3075,50.8
3,1,4,60,19,0,change_speed,-10,2480,42.3,2273,31.7
3,1,4,60,19,0,change_speed,0,2480,42.3,2480,38.1
3,1,4,60,19,0,change_speed,10,2480,42.3,2687,44.4
3,1,4,60,19,1,add_lane,0,5040,30.7,5040,30.7
3,1,4,60,19,1,add_lane,1,5040,30.7,5645,33.8
3,1,4,60,19,1,add_lane,2,5040,30.7,6250,36.8
3,1,4,60,19,1,change_speed,-10,5040,30.7,4620,23.0
3,1,4,60,19,1,change_speed,0,5040,30.7,5040,27.6
3,1,4,60,19,1,change_speed,10,5040,30.7,5460,32.2
3,1,4,60,19,2,add_lane,0,4889,33.1,4889,33.1
3,1,4,60,19,2,add_lane,1,4889,33.1,5476,36.4
3,1,4,60,19,2,add_lane,2,4889,33.1,6062,39.7
3,1,4,60,19,2,change_speed,-10,4889,33.1,4482,24.8
3,1,4,60,19,2,change_speed,0,4889,33.1,4889,29.8
3,1,4,60,19,2,change_speed,10,4889,33.1,5296,34.8
3,1,4,60,19,3,add_lane,0,4889,28.3,4889,28.3
3,1,4,60,19,3,add_lane,1,4889,28.3,5476,31.1
3,1,4,60,19,3,add_lane,2,4889,28.3,6062,34.0
3,1,4,60,19,3,change_speed,-10,4889,28.3,4482,21.2
3,1,4,60,19,3,change_speed,0,4889,28.3,4889,25.5
3,1,4,60,19,3,change_speed,10,4889,28.3,5296,29.7
3,1,4,60,19,4,add_lane,0,4889,30.3,4889,30.3
3,1,4,60,19,4,add_lane,1,4889,30.3,5476,33.3
3,1,4,60,19,4,add_lane,2,4889,30.3,6062,36.4
3,1,4,60,19,4,change_speed,-10,4889,30.3,4482,22.7
3,1,4,60,19,4,change_speed,0,4889,30.3,4889,27.3
3,1,4,60,19,4,change_speed,10,4889,30.3,5296,31.8
3,1,4,60,19,5,add_lane,0,3528,24.8,3528,24.8
3,1,4,60,19,5,add_lane,1,3528,24.8,3951,27.3
3,1,4,60,19,5,add_lane,2,3528,24.8,4375,29.8
3,1,4,60,19,5,change_speed,-10,3528,24.8,3234,18.6
3,1,4,60,19,5,change_speed,0,3528,24.8,3528,22.3
3,1,4,60,19,5,change_speed,10,3528,24.8,3822,26.0
3,1,4,60,19,6,add_lane,0,3100,31.9,3100,31.9
3,1,4,60,19,6,add_lane,1,3100,31.9,3472,35.1
3,1,4,60,19,6,add_lane,2,3100,31.9,3844,38.3
3,1,4,60,19,6,change_speed,-10,3100,31.9,2842,23.9
3,1,4,60,19,6,change_speed,0,3100,31.9,3100,28.7
3,1,4,60,19,6,change_speed,10,3100,31.9,3358,33.5
3,1,4,60,20,0,add_lane,0,1771,46.3,1771,46.3
3,1,4,60,20,0,add_lane,1,1771,46.3,1984,50.9
3,1,4,60,20,0,add_lane,2,1771,46.3,2196,55.6
3,1,4,60,20,0,change_speed,-10,1771,46.3,1623,34.7
3,1,4,60,20,0,change_speed,0,1771,46.3,1771,41.7
3,1,4,60,20,0,change_speed,10,1771,46.3,1919,48.6
3,1,4,60,20,1,add_lane,0,3600,41.4,3600,41.4
3,1,4,60,20,1,add_lane,1,3600,41.4,4032,45.5
3,1,4,60,20,1,add_lane,2,3600,41.4,4464,49.7
3,1,4,60,20,1,change_speed,-10,3600,41.4,3300,31.1
3,1,4,60,20,1,change_speed,0,3600,41.4,3600,37.3
3,1,4,60,20,1,change_speed,10,3600,41.4,3900,43.5
3,1,4,60,20,2,add_lane,0,3492,37.5,3492,37.5
3,1,4,60,20,2,add_lane,1,3492,37.5,3911,41.2
3,1,4,60,20,2,add_lane,2,3492,37.5,4330,45.0
3,1,4,60,20,2,change_speed,-10,3492,37.5,3201,28.1
3,1,4,60,20,2,change_speed,0,3492,37.5,3492,33.8
3,1,4,60,20,2,change_speed,10,3492,37.5,3783,39.4
3,1,4,60,20,3,add_lane,0,3492,42.0,3492,42.0
3,1,4,60,20,3,add_lane,1,3492,42.0,3911,46.2
3,1,4,60,20,3,add_lane,2,3492,42.0,4330,50.4
3,1,4,60,20,3,change_speed,-10,3492,42.0,3201,31.5
3,1,4,60,20,3,change_speed,0,3492,42.0,3492,37.8
3,1,4,60,20,3,change_speed,10,3492,42.0,3783,44.1
3,1,4,60,20,4,add_lane,0,3492,40.7,3492,40.7
3,1,4,60,20,4,add_lane,1,3492,40.7,3911,44.8
3,1,4,60,20,4,add_lane,2,3492,40.7,4330,48.8
3,1,4,60,20,4,change_speed,-10,3492,40.7,3201,30.5
3,1,4,60,20,4,change_speed,0,3492,40.7,3492,36.6
3,1,4,60,20,4,change_speed,10,3492,40.7,3783,42.7
3,1,4,60,20,5,add_lane,0,2520,31.6,2520,31.6
3,1,4,60,20,5,add_lane,1,2520,31.6,2822,34.8
3,1,4,60,20,5,add_lane,2,2520,31.6,3125,37.9
3,1,4,60,20,5,change_speed,-10,2520,31.6,2310,23.7
3,1,4,60,20,5,change_speed,0,2520,31.6,2520,28.4
3,1,4,60,20,5,change_speed,10,2520,31.6,2730,33.2
3,1,4,60,20,6,add_lane,0,2214,39.4,2214,39.4
3,1,4,60,20,6,add_lane,1,2214,39.4,2480,43.3
3,1,4,60,20,6,add_lane,2,2214,39.4,2745,47.3
3,1,4,60,20,6,change_speed,-10,2214,39.4,2030,29.6
3,1,4,60,20,6,change_speed,0,2214,39.4,2214,35.5
3,1,4,60,20,6,change_speed,10,2214,39.4,2399,41.4
3,1,4,60,21,0,add_lane,0,1240,49.1,1240,49.1
3,1,4,60,21,0,add_lane,1,1240,49.1,1389,54.0
3,1,4,60,21,0,add_lane,2,1240,49.1,1538,58.9
3,1,4,60,21,0,change_speed,-10,1240,49.1,1137,36.8
3,1,4,60,21,0,change_speed,0,1240,49.1,1240,44.2
3,1,4,60,21,0,change_speed,10,1240,49.1,1343,51.6
3,1,4,60,21,1,add_lane,0,2520,44.1,2520,44.1
3,1,4,60,21,1,add_lane,1,2520,44.1,2822,48.5
3,1,4,60,21,1,add_lane,2,2520,44.1,3125,52.9
3,1,4,60,21,1,change_speed,-10,2520,44.1,2310,33.1
3,1,4,60,21,1,change_speed,0,2520,44.1,2520,39.7
3,1,4,60,21,1,change_speed,10,2520,44.1,2730,46.3
3,1,4,60,21,2,add_lane,0,2444,45.8,2444,45.8
3,1,4,60,21,2,add_lane,1,2444,45.8,2737,50.4
3,1,4,60,21,2,add_lane,2,2444,45.8,3031,55.0
3,1,4,60,21,2,change_speed,-10,2444,45.8,2240,34.4
3,1,4,60,21,2,change_speed,0,2444,45.8,2444,41.2
3,1,4,60,21,2,change_speed,10,2444,45.8,2648,48.1
3,1,4,60,21,3,add_lane,0,2444,44.4,2444,44.4
3,1,4,60,21,3,add_lane,1,2444,44.4,2737,48.8
3,1,4,60,21,3,add_lane,2,2444,44.4,3031,53.3
3,1,4,60,21,3,change_speed,-10,2444,44.4,2240,33.3
3,1,4,60,21,3,change_speed,0,2444,44.4,2444,40.0
3,1,4,60,21,3,change_speed,10,2444,44.4,2648,46.6
3,1,4,60,21,4,add_lane,0,2444,48.7,2444,48.7
3,1,4,60,21,4,add_lane,1,2444,48.7,2737,53.6
3,1,4,60,21,4,add_lane,2,2444,48.7,3031,58.4
3,1,4,60,21,4,change_speed,-10,2444,48.7,2240,36.5
3,1,4,60,21,4,change_speed,0,2444,48.7,2444,43.8
3,1,4,60,21,4,change_speed,10,2444,48.7,2648,51.1
3,1,4,60,21,5,add_lane,0,1764,36.4,1764,36.4
3,1,4,60,21,5,add_lane,1,1764,36.4,1976,40.0
3,1,4,60,21,5,add_lane,2,1764,36.4,2187,43.7
3,1,4,60,21,5,change_speed,-10,1764,36.4,1617,27.3
3,1,4,60,21,5,change_speed,0,1764,36.4,1764,32.8
3,1,4,60,21,5,change_speed,10,1764,36.4,1911,38.2
3,1,4,60,21,6,add_lane,0,1550,50.1,1550,50.1
3,1,4,60,21,6,add_lane,1,1550,50.1,1736,55.1
3,1,4,60,21,6,add_lane,2,1550,50.1,1922,60.1
3,1,4,60,21,6,change_speed,-10,1550,50.1,1421,37.6
3,1,4,60,21,6,change_speed,0,1550,50.1,1550,45.1
3,1,4,60,21,6,change_speed,10,1550,50.1,1679,52.6
3,1,4,60,22,0,add_lane,0,797,55.2,797,55.2
3,1,4,60,22,0,add_lane,1,797,55.2,893,60.7
3,1,4,60,22,0,add_lane,2,797,55.2,988,66.2
3,1,4,60,22,0,change_speed,-10,797,55.2,731,41.4
3,1,4,60,22,0,change_speed,0,797,55.2,797,49.7
3,1,4,60,22,0,change_speed,10,797,55.2,863,58.0
3,1,4,60,22,1,add_lane,0,1620,55.0,1620,55.0
3,1,4,60,22,1,add_lane,1,1620,55.0,1814,60.5
3,1,4,60,22,1,add_lane,2,1620,55.0,2009,66.0
3,1,4,60,22,1,change_speed,-10,1620,55.0,1485,41.2
3,1,4,60,22,1,change_speed,0,1620,55.0,1620,49.5
3,1,4,60,22,1,change_speed,10,1620,55.0,1755,57.8
3,1,4,60,22,2,add_lane,0,1571,57.8,1571,57.8
3,1,4,60,22,2,add_lane,1,1571,57.8,1760,63.6
3,1,4,60,22,2,add_lane,2,1571,57.8,1948,69.4
3,1,4,60,22,2,change_speed,-10,1571,57.8,1440,43.4
3,1,4,60,22,2,change_speed,0,1571,57.8,1571,52.0
3,1,4,60,22,2,change_speed,10,1571,57.8,1702,60.7
3,1,4,60,22,3,add_lane,0,1571,49.5,1571,49.5
3,1,4,60,22,3,add_lane,1,1571,49.5,1760,54.5
3,1,4,60,22,3,add_lane,2,1571,49.5,1948,59.4
3,1,4,60,22,3,change_speed,-10,1571,49.5,1440,37.1
3,1,4,60,22,3,change_speed,0,1571,49.5,1571,44.6
3,1,4,60,22,3,change_speed,10,1571,49.5,1702,52.0
3,1,4,60,22,4,add_lane,0,1571,52.5,1571,52.5
3,1,4,60,22,4,add_lane,1,1571,52.5,1760,57.8
3,1,4,60,22,4,add_lane,2,1571,52.5,1948,63.0
3,1,4,60,22,4,change_speed,-10,1571,52.5,1440,39.4
3,1,4,60,22,4,change_speed,0,1571,52.5,1571,47.2
3,1,4,60,22,4,change_speed,10,1571,52.5,1702,55.1
3,1,4,60,22,5,add_lane,0,1134,37.2,1134,37.2
3,1,4,60,22,5,add_lane,1,1134,37.2,1270,40.9
3,1,4,60,22,5,add_lane,2,1134,37.2,1406,44.6
3,1,4,60,22,5,change_speed,-10,1134,37.2,1040,27.9
3,1,4,60,22,5,change_speed,0,1134,37.2,1134,33.5
3,1,4,60,22,5,change_speed,10,1134,37.2,1229,39.1
3,1,4,60,22,6,add_lane,0,996,47.1,996,47.1
3,1,4,60,22,6,add_lane,1,996,47.1,1116,51.8
3,1,4,60,22,6,add_lane,2,996,47.1,1235,56.5
3,1,4,60,22,6,change_speed,-10,996,47.1,913,35.3
3,1,4,60,22,6,change_speed,0,996,47.1,996,42.4
3,1,4,60,22,6,change_speed,10,996,47.1,1079,49.5
3,1,4,60,23,0,add_lane,0,531,56.6,531,56.6
3,1,4,60,23,0,add_lane,1,531,56.6,595,62.3
3,1,4,60,23,0,add_lane,2,531,56.6,658,67.9
3,1,4,60,23,0,change_speed,-10,531,56.6,487,42.5
3,1,4,60,23,0,change_speed,0,531,56.6,531,50.9
3,1,4,60,23,0,change_speed,10,531,56.6,575,59.4
3,1,4,60,23,1,add_lane,0,1080,53.4,1080,53.4
3,1,4,60,23,1,add_lane,1,1080,53.4,1210,58.7
3,1,4,60,23,1,add_lane,2,1080,53.4,1339,64.1
3,1,4,60,23,1,change_speed,-10,1080,53.4,990,40.1
3,1,4,60,23,1,change_speed,0,1080,53.4,1080,48.1
3,1,4,60,23,1,change_speed,10,1080,53.4,1170,56.1
3,1,4,60,23,2,add_lane,0,1048,65.4,1048,65.4
3,1,4,60,23,2,add_lane,1,1048,65.4,1174,71.9
3,1,4,60,23,2,add_lane,2,1048,65.4,1300,78.5
3,1,4,60,23,2,change_speed,-10,1048,65.4,961,49.1
3,1,4,60,23,2,change_speed,0,1048,65.4,1048,58.9
3,1,4,60,23,2,change_speed,10,1048,65.4,1135,68.7
3,1,4,60,23,3,add_lane,0,1048,53.2,1048,53.2
3,1,4,60,23,3,add_lane,1,1048,53.2,1174,58.5
3,1,4,60,23,3,add_lane,2,1048,53.2,1300,63.8
3,1,4,60,23,3,change_speed,-10,1048,53.2,961,39.9
3,1,4,60,23,3,change_speed,0,1048,53.2,1048,47.9
3,1,4,60,23,3,change_speed,10,1048,53.2,1135,55.9
3,1,4,60,23,4,add_lane,0,1048,57.4,1048,57.4
3,1,4,60,23,4,add_lane,1,1048,57.4,1174,63.1
3,1,4,60,23,4,add_lane,2,1048,57.4,1300,68.9
3,1,4,60,23,4,change_speed,-10,1048,57.4,961,43.1
3,1,4,60,23,4,change_speed,0,1048,57.4,1048,51.7
3,1,4,60,23,4,change_speed,10,1048,57.4,1135,60.3
3,1,4,60,23,5,add_lane,0,756,40.8,756,40.8
3,1,4,60,23,5,add_lane,1,756,40.8,847,44.9
3,1,4,60,23,5,add_lane,2,756,40.8,937,49.0
3,1,4,60,23,5,change_speed,-10,756,40.8,693,30.6
3,1,4,60,23,5,change_speed,0,756,40.8,756,36.7
3,1,4,60,23,5,change_speed,10,756,40.8,819,42.8
3,1,4,60,23,6,add_lane,0,664,48.9,664,48.9
3,1,4,60,23,6,add_lane,1,664,48.9,744,53.8
3,1,4,60,23,6,add_lane,2,664,48.9,823,58.7
3,1,4,60,23,6,change_speed,-10,664,48.9,609,36.7
3,1,4,60,23,6,change_speed,0,664,48.9,664,44.0
3,1,4,60,23,6,change_speed,10,664,48.9,719,51.3
4,1,6,60,0,0,add_lane,0,664,53.9,664,53.9
4,1,6,60,0,0,add_lane,1,664,53.9,744,59.3
4,1,6,60,0,0,add_lane,2,664,53.9,823,64.7
4,1,6,60,0,0,change_speed,-10,664,53.9,609,40.4
4,1,6,60,0,0,change_speed,0,664,53.9,664,48.5
4,1,6,60,0,0,change_speed,10,664,53.9,719,56.6
4,1,6,60,0,1,add_lane,0,1350,61.0,1350,61.0
4,1,6,60,0,1,add_lane,1,1350,61.0,1512,67.1
4,1,6,60,0,1,add_lane,2,1350,61.0,1674,73.2
4,1,6,60,0,1,change_speed,-10,1350,61.0,1238,45.8
4,1,6,60,0,1,change_speed,0,1350,61.0,1350,54.9
4,1,6,60,0,1,change_speed,10,1350,61.0,1463,64.1
4,1,6,60,0,2,add_lane,0,1310,62.6,1310,62.6
4,1,6,60,0,2,add_lane,1,1310,62.6,1467,68.9
4,1,6,60,0,2,add_lane,2,1310,62.6,1624,75.1
4,1,6,60,0,2,change_speed,-10,1310,62.6,1201,47.0
4,1,6,60,0,2,change_speed,0,1310,62.6,1310,56.3
4,1,6,60,0,2,change_speed,10,1310,62.6,1419,65.7
4,1,6,60,0,3,add_lane,0,1310,56.7,1310,56.7
4,1,6,60,0,3,add_lane,1,1310,56.7,1467,62.4
4,1,6,60,0,3,add_lane,2,1310,56.7,1624,68.0
4,1,6,60,0,3,change_speed,-10,1310,56.7,1201,42.5
4,1,6,60,0,3,change_speed,0,1310,56.7,1310,51.0
4,1,6,60,0,3,change_speed,10,1310,56.7,1419,59.5
4,1,6,60,0,4,add_lane,0,1310,57.5,1310,57.5
4,1,6,60,0,4,add_lane,1,1310,57.5,1467,63.3
4,1,6,60,0,4,add_lane,2,1310,57.5,1624,69.0
4,1,6,60,0,4,change_speed,-10,1310,57.5,1201,43.1
4,1,6,60,0,4,change_speed,0,1310,57.5,1310,51.8
4,1,6,60,0,4,change_speed,10,1310,57.5,1419,60.4
4,1,6,60,0,5,add_lane,0,945,37.7,945,37.7
4,1,6,60,0,5,add_lane,1,945,37.7,1058,41.5
4,1,6,60,0,5,add_lane,2,945,37.7,1172,45.2
4,1,6,60,0,5,change_speed,-10,945,37.7,866,28.3
4,1,6,60,0,5,change_speed,0,945,37.7,945,33.9
4,1,6,60,0,5,change_speed,10,945,37.7,1024,39.6
4,1,6,60,0,6,add_lane,0,830,53.2,830,53.2
4,1,6,60,0,6,add_lane,1,830,53.2,930,58.5
4,1,6,60,0,6,add_lane,2,830,53.2,1029,63.8
4,1,6,60,0,6,change_speed,-10,830,53.2,761,39.9
4,1,6,60,0,6,change_speed,0,830,53.2,830,47.9
4,1,6,60,0,6,change_speed,10,830,53.2,899,55.9
4,1,6,60,1,0,add_lane,0,531,49.9,531,49.9
4,1,6,60,1,0,add_lane,1,531,49.9,595,54.9
4,1,6,60,1,0,add_lane,2,531,49.9,658,59.9
4,1,6,60,1,0,change_speed,-10,531,49.9,487,37.4
4,1,6,60,1,0,change_speed,0,531,49.9,531,44.9
4,1,6,60,1,0,change_speed,10,531,49.9,575,52.4
4,1,6,60,1,1,add_lane,0,1080,53.2,1080,53.2
4,1,6,60,1,1,add_lane,1,1080,53.2,1210,58.5
4,1,6,60,1,1,add_lane,2,1080,53.2,1339,63.8
4,1,6,60,1,1,change_speed,-10,1080,53.2,990,39.9
4,1,6,60,1,1,change_speed,0,1080,53.2,1080,47.9
4,1,6,60,1,1,change_speed,10,1080,53.2,1170,55.9
4,1,6,60,1,2,add_lane,0,1048,57.3,1048,57.3
4,1,6,60,1,2,add_lane,1,1048,57.3,1174,63.0
4,1,6,60,1,2,add_lane,2,1048,57.3,1300,68.8
4,1,6,60,1,2,change_speed,-10,1048,57.3,961,43.0
4,1,6,60,1,2,change_speed,0,1048,57.3,1048,51.6
4,1,6,60,1,2,change_speed,10,1048,57.3,1135,60.2
4,1,6,60,1,3,add_lane,0,1048,60.1,1048,60.1
4,1,6,60,1,3,add_lane,1,1048,60.1,1174,66.1
4,1,6,60,1,3,add_lane,2,1048,60.1,1300,72.1
4,1,6,60,1,3,change_speed,-10,1048,60.1,961,45.1
4,1,6,60,1,3,change_speed,0,1048,60.1,1048,54.1
4,1,6,60,1,3,change_speed,10,1048,60.1,1135,63.1
4,1,6,60,1,4,add_lane,0,1048,55.3,1048,55.3
4,1,6,60,1,4,add_lane,1,1048,55.3,1174,60.8
4,1,6,60,1,4,add_lane,2,1048,55.3,1300,66.4
4,1,6,60,1,4,change_speed,-10,1048,55.3,961,41.5
4,1,6,60,1,4,change_speed,0,1048,55.3,1048,49.8
4,1,6,60,1,4,change_speed,10,1048,55.3,1135,58.1
4,1,6,60,1,5,add_lane,0,756,36.5,756,36.5
4,1,6,60,1,5,add_lane,1,756,36.5,847,40.2
4,1,6,60,1,5,add_lane,2,756,36.5,937,43.8
4,1,6,60,1,5,change_speed,-10,756,36.5,693,27.4
4,1,6,60,1,5,change_speed,0,756,36.5,756,32.9
4,1,6,60,1,5,change_speed,10,756,36.5,819,38.3
4,1,6,60,1,6,add_lane,0,664,54.1,664,54.1
4,1,6,60,1,6,add_lane,1,664,54.1,744,59.5
4,1,6,60,1,6,add_lane,2,664,54.1,823,64.9
4,1,6,60,1,6,change_speed,-10,664,54.1,609,40.6
4,1,6,60,1,6,change_speed,0,664,54.1,664,48.7
4,1,6,60,1,6,change_speed,10,664,54.1,719,56.8
4,1,6,60,2,0,add_lane,0,478,55.2,478,55.2
4,1,6,60,2,0,add_lane,1,478,55.2,535,60.7
4,1,6,60,2,0,add_lane,2,478,55.2,593,66.2
4,1,6,60,2,0,change_speed,-10,478,55.2,438,41.4
4,1,6,60,2,0,change_speed,0,478,55.2,478,49.7
4,1,6,60,2,0,change_speed,10,478,55.2,518,58.0
4,1,6,60,2,1,add_lane,0,972,54.6,972,54.6
4,1,6,60,2,1,add_lane,1,972,54.6,1089,60.1
4,1,6,60,2,1,add_lane,2,972,54.6,1205,65.5
4,1,6,60,2,1,change_speed,-10,972,54.6,891,41.0
4,1,6,60,2,1,change_speed,0,972,54.6,972,49.1
4,1,6,60,2,1,change_speed,10,972,54.6,1053,57.3
4,1,6,60,2,2,add_lane,0,943,60.3,943,60.3
4,1,6,60,2,2,add_lane,1,943,60.3,1056,66.3
4,1,6,60,2,2,add_lane,2,943,60.3,1169,72.4
4,1,6,60,2,2,change_speed,-10,943,60.3,864,45.2
4,1,6,60,2,2,change_speed,0,943,60.3,943,54.3
4,1,6,60,2,2,change_speed,10,943,60.3,1022,63.3
4,1,6,60,2,3,add_lane,0,943,60.9,943,60.9
4,1,6,60,2,3,add_lane,1,943,60.9,1056,67.0
4,1,6,60,2,3,add_lane,2,943,60.9,1169,73.1
4,1,6,60,2,3,change_speed,-10,943,60.9,864,45.7
4,1,6,60,2,3,change_speed,0,943,60.9,943,54.8
4,1,6,60,2,3,change_speed,10,943,60.9,1022,63.9
4,1,6,60,2,4,add_lane,0,943,54.8,943,54.8
4,1,6,60,2,4,add_lane,1,943,54.8,1056,60.3
4,1,6,60,2,4,add_lane,2,943,54.8,1169,65.8
4,1,6,60,2,4,change_speed,-10,943,54.8,864,41.1
4,1,6,60,2,4,change_speed,0,943,54.8,943,49.3
4,1,6,60,2,4,change_speed,10,943,54.8,1022,57.5
4,1,6,60,2,5,add_lane,0,680,42.2,680,42.2
4,1,6,60,2,5,add_lane,1,680,42.2,762,46.4
4,1,6,60,2,5,add_lane,2,680,42.2,843,50.6
4,1,6,60,2,5,change_speed,-10,680,42.2,623,31.7
4,1,6,60,2,5,change_speed,0,680,42.2,680,38.0
4,1,6,60,2,5,change_speed,10,680,42.2,737,44.3
4,1,6,60,2,6,add_lane,0,598,46.6,598,46.6
4,1,6,60,2,6,add_lane,1,598,46.6,670,51.3
4,1,6,60,2,6,add_lane,2,598,46.6,742,55.9
4,1,6,60,2,6,change_speed,-10,598,46.6,548,35.0
4,1,6,60,2,6,change_speed,0,598,46.6,598,41.9
4,1,6,60,2,6,change_speed,10,598,46.6,648,48.9
4,1,6,60,3,0,add_lane,0,399,53.0,399,53.0
4,1,6,60,3,0,add_lane,1,399,53.0,447,58.3
4,1,6,60,3,0,add_lane,2,399,53.0,495,63.6
4,1,6,60,3,0,change_speed,-10,399,53.0,366,39.8
4,1,6,60,3,0,change_speed,0,399,53.0,399,47.7
4,1,6,60,3,0,change_speed,10,399,53.0,432,55.7
4,1,6,60,3,1,add_lane,0,810,65.3,810,65.3
4,1,6,60,3,1,add_lane,1,810,65.3,907,71.8
4,1,6,60,3,1,add_lane,2,810,65.3,1004,78.4
4,1,6,60,3,1,change_speed,-10,810,65.3,743,49.0
4,1,6,60,3,1,change_speed,0,810,65.3,810,58.8
4,1,6,60,3,1,change_speed,10,810,65.3,878,68.6
4,1,6,60,3,2,add_lane,0,786,61.6,786,61.6
4,1,6,60,3,2,add_lane,1,786,61.6,880,67.8
4,1,6,60,3,2,add_lane,2,786,61.6,975,73.9
4,1,6,60,3,2,change_speed,-10,786,61.6,721,46.2
4,1,6,60,3,2,change_speed,0,786,61.6,786,55.4
4,1,6,60,3,2,change_speed,10,786,61.6,852,64.7
4,1,6,60,3,3,add_lane,0,786,55.9,786,55.9
4,1,6,60,3,3,add_lane,1,786,55.9,880,61.5
4,1,6,60,3,3,add_lane,2,786,55.9,975,67.1
4,1,6,60,3,3,change_speed,-10,786,55.9,721,41.9
4,1,6,60,3,3,change_speed,0,786,55.9,786,50.3
4,1,6,60,3,3,change_speed,10,786,55.9,852,58.7
4,1,6,60,3,4,add_lane,0,786,61.7,786,61.7
4,1,6,60,3,4,add_lane,1,786,61.7,880,67.9
4,1,6,60,3,4,add_lane,2,786,61.7,975,74.0
4,1,6,60,3,4,change_speed,-10,786,61.7,721,46.3
4,1,6,60,3,4,change_speed,0,786,61.7,786,55.5
4,1,6,60,3,4,change_speed,10,786,61.7,852,64.8
4,1,6,60,3,5,add_lane,0,567,45.5,567,45.5
4,1,6,60,3,5,add_lane,1,567,45.5,635,50.1
4,1,6,60,3,5,add_lane,2,567,45.5,703,54.6
4,1,6,60,3,5,change_speed,-10,567,45.5,520,34.1
4,1,6,60,3,5,change_speed,0,567,45.5,567,41.0
4,1,6,60,3,5,change_speed,10,567,45.5,614,47.8
4,1,6,60,3,6,add_lane,0,498,52.2,498,52.2
4,1,6,60,3,6,add_lane,1,498,52.2,558,57.4
4,1,6,60,3,6,add_lane,2,498,52.2,618,62.6
4,1,6,60,3,6,change_speed,-10,498,52.2,457,39.2
4,1,6,60,3,6,change_speed,0,498,52.2,498,47.0
4,1,6,60,3,6,change_speed,10,498,52.2,540,54.8
4,1,6,60,4,0,add_lane,0,531,53.3,531,53.3
4,1,6,60,4,0,add_lane,1,531,53.3,595,58.6
4,1,6,60,4,0,add_lane,2,531,53.3,658,64.0
4,1,6,60,4,0,change_speed,-10,531,53.3,487,40.0
4,1,6,60,4,0,change_speed,0,531,53.3,531,48.0
4,1,6,60,4,0,change_speed,10,531,53.3,575,56.0
4,1,6,60,4,1,add_lane,0,1080,59.0,1080,59.0
4,1,6,60,4,1,add_lane,1,1080,59.0,1210,64.9
4,1,6,60,4,1,add_lane,2,1080,59.0,1339,70.8
4,1,6,60,4,1,change_speed,-10,1080,59.0,990,44.3
4,1,6,60,4,1,change_speed,0,1080,59.0,1080,53.1
4,1,6,60,4,1,change_speed,10,1080,59.0,1170,62.0
4,1,6,60,4,2,add_lane,0,1048,59.2,1048,59.2
4,1,6,60,4,2,add_lane,1,1048,59.2,1174,65.1
4,1,6,60,4,2,add_lane,2,1048,59.2,1300,71.0
4,1,6,60,4,2,change_speed,-10,1048,59.2,961,44.4
4,1,6,60,4,2,change_speed,0,1048,59.2,1048,53.3
4,1,6,60,4,2,change_speed,10,1048,59.2,1135,62.2
4,1,6,60,4,3,add_lane,0,1048,54.6,1048,54.6
4,1,6,60,4,3,add_lane,1,1048,54.6,1174,60.1
4,1,6,60,4,3,add_lane,2,1048,54.6,1300,65.5
4,1,6,60,4,3,change_speed,-10,1048,54.6,961,41.0
4,1,6,60,4,3,change_speed,0,1048,54.6,1048,49.1
4,1,6,60,4,3,change_speed,10,1048,54.6,1135,57.3
4,1,6,60,4,4,add_lane,0,1048,63.3,1048,63.3
4,1,6,60,4,4,add_lane,1,1048,63.3,1174,69.6
4,1,6,60,4,4,add_lane,2,1048,63.3,1300,76.0
4,1,6,60,4,4,change_speed,-10,1048,63.3,961,47.5
4,1,6,60,4,4,change_speed,0,1048,63.3,1048,57.0
4,1,6,60,4,4,change_speed,10,1048,63.3,1135,66.5
4,1,6,60,4,5,add_lane,0,756,38.2,756,38.2
4,1,6,60,4,5,add_lane,1,756,38.2,847,42.0
4,1,6,60,4,5,add_lane,2,756,38.2,937,45.8
4,1,6,60,4,5,change_speed,-10,756,38.2,693,28.7
4,1,6,60,4,5,change_speed,0,756,38.2,756,34.4
4,1,6,60,4,5,change_speed,10,756,38.2,819,40.1
4,1,6,60,4,6,add_lane,0,664,55.6,664,55.6
4,1,6,60,4,6,add_lane,1,664,55.6,744,61.2
4,1,6,60,4,6,add_lane,2,664,55.6,823,66.7
4,1,6,60,4,6,change_speed,-10,664,55.6,609,41.7
4,1,6,60,4,6,change_speed,0,664,55.6,664,50.0
4,1,6,60,4,6,change_speed,10,664,55.6,719,58.4
4,1,6,60,5,0,add_lane,0,930,52.9,930,52.9
4,1,6,60,5,0,add_lane,1,930,52.9,1042,58.2
4,1,6,60,5,0,add_lane,2,930,52.9,1153,63.5
4,1,6,60,5,0,change_speed,-10,930,52.9,853,39.7
4,1,6,60,5,0,change_speed,0,930,52.9,930,47.6
4,1,6,60,5,0,change_speed,10,930,52.9,1008,55.5
4,1,6,60,5,1,add_lane,0,1890,53.8,1890,53.8
4,1,6,60,5,1,add_lane,1,1890,53.8,2117,59.2
4,1,6,60,5,1,add_lane,2,1890,53.8,2344,64.6
4,1,6,60,5,1,change_speed,-10,1890,53.8,1733,40.4
4,1,6,60,5,1,change_speed,0,1890,53.8,1890,48.4
4,1,6,60,5,1,change_speed,10,1890,53.8,2048,56.5
4,1,6,60,5,2,add_lane,0,1833,51.3,1833,51.3
4,1,6,60,5,2,add_lane,1,1833,51.3,2053,56.4
4,1,6,60,5,2,add_lane,2,1833,51.3,2273,61.6
4,1,6,60,5,2,change_speed,-10,1833,51.3,1680,38.5
4,1,6,60,5,2,change_speed,0,1833,51.3,1833,46.2
4,1,6,60,5,2,change_speed,10,1833,51.3,1986,53.9
4,1,6,60,5,3,add_lane,0,1833,51.6,1833,51.6
4,1,6,60,5,3,add_lane,1,1833,51.6,2053,56.8
4,1,6,60,5,3,add_lane,2,1833,51.6,2273,61.9
4,1,6,60,5,3,change_speed,-10,1833,51.6,1680,38.7
4,1,6,60,5,3,change_speed,0,1833,51.6,1833,46.4
4,1,6,60,5,3,change_speed,10,1833,51.6,1986,54.2
4,1,6,60,5,4,add_lane,0,1833,49.2,1833,49.2
4,1,6,60,5,4,add_lane,1,1833,49.2,2053,54.1
4,1,6,60,5,4,add_lane,2,1833,49.2,2273,59.0
4,1,6,60,5,4,change_speed,-10,1833,49.2,1680,36.9
4,1,6,60,5,4,change_speed,0,1833,49.2,1833,44.3
4,1,6,60,5,4,change_speed,10,1833,49.2,1986,51.7
4,1,6,60,5,5,add_lane,0,1323,41.7,1323,41.7
4,1,6,60,5,5,add_lane,1,1323,41.7,1482,45.9
4,1,6,60,5,5,add_lane,2,1323,41.7,1641,50.0
4,1,6,60,5,5,change_speed,-10,1323,41.7,1213,31.3
4,1,6,60,5,5,change_speed,0,1323,41.7,1323,37.5
4,1,6,60,5,5,change_speed,10,1323,41.7,1433,43.8
4,1,6,60,5,6,add_lane,0,1162,46.6,1162,46.6
4,1,6,60,5,6,add_lane,1,1162,46.6,1301,51.3
4,1,6,60,5,6,add_lane,2,1162,46.6,1441,55.9
4,1,6,60,5,6,change_speed,-10,1162,46.6,1065,35.0
4,1,6,60,5,6,change_speed,0,1162,46.6,1162,41.9
4,1,6,60,5,6,change_speed,10,1162,46.6,1259,48.9
4,1,6,60,6,0,add_lane,0,1727,46.9,1727,46.9
4,1,6,60,6,0,add_lane,1,1727,46.9,1934,51.6
4,1,6,60,6,0,add_lane,2,1727,46.9,2141,56.3
4,1,6,60,6,0,change_speed,-10,1727,46.9,1583,35.2
4,1,6,60,6,0,change_speed,0,1727,46.9,1727,42.2
4,1,6,60,6,0,change_speed,10,1727,46.9,1871,49.2
4,1,6,60,6,1,add_lane,0,3510,53.4,3510,53.4
4,1,6,60,6,1,add_lane,1,3510,53.4,3931,58.7
4,1,6,60,6,1,add_lane,2,3510,53.4,4352,64.1
4,1,6,60,6,1,change_speed,-10,3510,53.4,3218,40.1
4,1,6,60,6,1,change_speed,0,3510,53.4,3510,48.1
4,1,6,60,6,1,change_speed,10,3510,53.4,3803,56.1
4,1,6,60,6,2,add_lane,0,3405,48.2,3405,48.2
4,1,6,60,6,2,add_lane,1,3405,48.2,3814,53.0
4,1,6,60,6,2,add_lane,2,3405,48.2,4222,57.8
4,1,6,60,6,2,change_speed,-10,3405,48.2,3121,36.2
4,1,6,60,6,2,change_speed,0,3405,48.2,3405,43.4
4,1,6,60,6,2,change_speed,10,3405,48.2,3689,50.6
4,1,6,60,6,3,add_lane,0,3405,47.3,3405,47.3
4,1,6,60,6,3,add_lane,1,3405,47.3,3814,52.0
4,1,6,60,6,3,add_lane,2,3405,47.3,4222,56.8
4,1,6,60,6,3,change_speed,-10,3405,47.3,3121,35.5
4,1,6,60,6,3,change_speed,0,3405,47.3,3405,42.6
4,1,6,60,6,3,change_speed,10,3405,47.3,3689,49.7
4,1,6,60,6,4,add_lane,0,3405,43.5,3405,43.5
4,1,6,60,6,4,add_lane,1,3405,43.5,3814,47.9
4,1,6,60,6,4,add_lane,2,3405,43.5,4222,52.2
4,1,6,60,6,4,change_speed,-10,3405,43.5,3121,32.6
4,1,6,60,6,4,change_speed,0,3405,43.5,3405,39.1
4,1,6,60,6,4,change_speed,10,3405,43.5,3689,45.7
4,1,6,60,6,5,add_lane,0,2457,35.5,2457,35.5
4,1,6,60,6,5,add_lane,1,2457,35.5,2752,39.1
4,1,6,60,6,5,add_lane,2,2457,35.5,3047,42.6
4,1,6,60,6,5,change_speed,-10,2457,35.5,2252,26.6
4,1,6,60,6,5,change_speed,0,2457,35.5,2457,31.9
4,1,6,60,6,5,change_speed,10,2457,35.5,2662,37.3
4,1,6,60,6,6,add_lane,0,2159,43.7,2159,43.7
4,1,6,60,6,6,add_lane,1,2159,43.7,2418,48.1
4,1,6,60,6,6,add_lane,2,2159,43.7,2677,52.4
4,1,6,60,6,6,change_speed,-10,2159,43.7,1979,32.8
4,1,6,60,6,6,change_speed,0,2159,43.7,2159,39.3
4,1,6,60,6,6,change_speed,10,2159,43.7,2339,45.9
4,1,6,60,7,0,add_lane,0,3985,37.0,3985,37.0
4,1,6,60,7,0,add_lane,1,3985,37.0,4463,40.7
4,1,6,60,7,0,add_lane,2,3985,37.0,4941,44.4
4,1,6,60,7,0,change_speed,-10,3985,37.0,3653,27.8
4,1,6,60,7,0,change_speed,0,3985,37.0,3985,33.3
4,1,6,60,7,0,change_speed,10,3985,37.0,4317,38.9
4,1,6,60,7,1,add_lane,0,8100,28.7,8100,28.7
4,1,6,60,7,1,add_lane,1,8100,28.7,9072,31.6
4,1,6,60,7,1,add_lane,2,8100,28.7,10044,34.4
4,1,6,60,7,1,change_speed,-10,8100,28.7,7425,21.5
4,1,6,60,7,1,change_speed,0,8100,28.7,8100,25.8
4,1,6,60,7,1,change_speed,10,8100,28.7,8775,30.1
4,1,6,60,7,2,add_lane,0,7857,27.0,7857,27.0
4,1,6,60,7,2,add_lane,1,7857,27.0,8800,29.7
4,1,6,60,7,2,add_lane,2,7857,27.0,9743,32.4
4,1,6,60,7,2,change_speed,-10,7857,27.0,7202,20.2
4,1,6,60,7,2,change_speed,0,7857,27.0,7857,24.3
4,1,6,60,7,2,change_speed,10,7857,27.0,8512,28.4
4,1,6,60,7,3,add_lane,0,7857,27.5,7857,27.5
4,1,6,60,7,3,add_lane,1,7857,27.5,8800,30.3
4,1,6,60,7,3,add_lane,2,7857,27.5,9743,33.0
4,1,6,60,7,3,change_speed,-10,7857,27.5,7202,20.6
4,1,6,60,7,3,change_speed,0,7857,27.5,7857,24.8
4,1,6,60,7,3,change_speed,10,7857,27.5,8512,28.9
4,1,6,60,7,4,add_lane,0,7857,25.4,7857,25.4
4,1,6,60,7,4,add_lane,1,7857,25.4,8800,27.9
4,1,6,60,7,4,add_lane,2,7857,25.4,9743,30.5
4,1,6,60,7,4,change_speed,-10,7857,25.4,7202,19.1
4,1,6,60,7,4,change_speed,0,7857,25.4,7857,22.9
4,1,6,60,7,4,change_speed,10,7857,25.4,8512,26.7
4,1,6,60,7,5,add_lane,0,5670,23.6,5670,23.6
4,1,6,60,7,5,add_lane,1,5670,23.6,6350,26.0
4,1,6,60,7,5,add_lane,2,5670,23.6,7031,28.3
4,1,6,60,7,5,change_speed,-10,5670,23.6,5198,17.7
4,1,6,60,7,5,change_speed,0,5670,23.6,5670,21.2
4,1,6,60,7,5,change_speed,10,5670,23.6,6143,24.8
4,1,6,60,7,6,add_lane,0,4982,34.2,4982,34.2
4,1,6,60,7,6,add_lane,1,4982,34.2,5580,37.6
4,1,6,60,7,6,add_lane,2,4982,34.2,6178,41.0
4,1,6,60,7,6,change_speed,-10,4982,34.2,4567,25.7
4,1,6,60,7,6,change_speed,0,4982,34.2,4982,30.8
4,1,6,60,7,6,change_speed,10,4982,34.2,5397,35.9
4,1,6,60,8,0,add_lane,0,4782,38.4,4782,38.4
4,1,6,60,8,0,add_lane,1,4782,38.4,5356,42.2
4,1,6,60,8,0,add_lane,2,4782,38.4,5930,46.1
4,1,6,60,8,0,change_speed,-10,4782,38.4,4384,28.8
4,1,6,60,8,0,change_speed,0,4782,38.4,4782,34.6
4,1,6,60,8,0,change_speed,10,4782,38.4,5181,40.3
4,1,6,60,8,1,add_lane,0,9720,21.6,9720,21.6
4,1,6,60,8,1,add_lane,1,9720,21.6,10886,23.8
4,1,6,60,8,1,add_lane,2,9720,21.6,12053,25.9
4,1,6,60,8,1,change_speed,-10,9720,21.6,8910,16.2
4,1,6,60,8,1,change_speed,0,9720,21.6,9720,19.4
4,1,6,60,8,1,change_speed,10,9720,21.6,10530,22.7
4,1,6,60,8,2,add_lane,0,9428,19.6,9428,19.6
4,1,6,60,8,2,add_lane,1,9428,19.6,10559,21.6
4,1,6,60,8,2,add_lane,2,9428,19.6,11691,23.5
4,1,6,60,8,2,change_speed,-10,9428,19.6,8642,14.7
4,1,6,60,8,2,change_speed,0,9428,19.6,9428,17.6
4,1,6,60,8,2,change_speed,10,9428,19.6,10214,20.6
4,1,6,60,8,3,add_lane,0,9428,19.6,9428,19.6
4,1,6,60,8,3,add_lane,1,9428,19.6,10559,21.6
4,1,6,60,8,3,add_lane,2,9428,19.6,11691,23.5
4,1,6,60,8,3,change_speed,-10,9428,19.6,8642,14.7
4,1,6,60,8,3,change_speed,0,9428,19.6,9428,17.6
4,1,6,60,8,3,change_speed,10,9428,19.6,10214,20.6
4,1,6,60,8,4,add_lane,0,9428,21.8,9428,21.8
4,1,6,60,8,4,add_lane,1,9428,21.8,10559,24.0
4,1,6,60,8,4,add_lane,2,9428,21.8,11691,26.2
4,1,6,60,8,4,change_speed,-10,9428,21.8,8642,16.4
4,1,6,60,8,4,change_speed,0,9428,21.8,9428,19.6
4,1,6,60,8,4,change_speed,10,9428,21.8,10214,22.9
4,1,6,60,8,5,add_lane,0,6804,20.7,6804,20.7
4,1,6,60,8,5,add_lane,1,6804,20.7,7620,22.8
4,1,6,60,8,5,add_lane,2,6804,20.7,8437,24.8
4,1,6,60,8,5,change_speed,-10,6804,20.7,6237,15.5
4,1,6,60,8,5,change_speed,0,6804,20.7,6804,18.6
4,1,6,60,8,5,change_speed,10,6804,20.7,7371,21.7
4,1,6,60,8,6,add_lane,0,5978,31.7,5978,31.7
4,1,6,60,8,6,add_lane,1,5978,31.7,6695,34.9
4,1,6,60,8,6,add_lane,2,5978,31.7,7413,38.0
4,1,6,60,8,6,change_speed,-10,5978,31.7,5480,23.8
4,1,6,60,8,6,change_speed,0,5978,31.7,5978,28.5
4,1,6,60,8,6,change_speed,10,5978,31.7,6476,33.3
4,1,6,60,9,0,add_lane,0,3720,42.1,3720,42.1
4,1,6,60,9,0,add_lane,1,3720,42.1,4166,46.3
4,1,6,60,9,0,add_lane,2,3720,42.1,4613,50.5
4,1,6,60,9,0,change_speed,-10,3720,42.1,3410,31.6
4,1,6,60,9,0,change_speed,0,3720,42.1,3720,37.9
4,1,6,60,9,0,change_speed,10,3720,42.1,4030,44.2
4,1,6,60,9,1,add_lane,0,7560,30.4,7560,30.4
4,1,6,60,9,1,add_lane,1,7560,30.4,8467,33.4
4,1,6,60,9,1,add_lane,2,7560,30.4,9374,36.5
4,1,6,60,9,1,change_speed,-10,7560,30.4,6930,22.8
4,1,6,60,9,1,change_speed,0,7560,30.4,7560,27.4
4,1,6,60,9,1,change_speed,10,7560,30.4,8190,31.9
4,1,6,60,9,2,add_lane,0,7333,29.6,7333,29.6
4,1,6,60,9,2,add_lane,1,7333,29.6,8213,32.6
4,1,6,60,9,2,add_lane,2,7333,29.6,9093,35.5
4,1,6,60,9,2,change_speed,-10,7333,29.6,6722,22.2
4,1,6,60,9,2,change_speed,0,7333,29.6,7333,26.6
4,1,6,60,9,2,change_speed,10,7333,29.6,7944,31.1
4,1,6,60,9,3,add_lane,0,7333,30.6,7333,30.6
4,1,6,60,9,3,add_lane,1,7333,30.6,8213,33.7
4,1,6,60,9,3,add_lane,2,7333,30.6,9093,36.7
4,1,6,60,9,3,change_speed,-10,7333,30.6,6722,23.0
4,1,6,60,9,3,change_speed,0,7333,30.6,7333,27.5
4,1,6,60,9,3,change_speed,10,7333,30.6,7944,32.1
4,1,6,60,9,4,add_lane,0,7333,31.7,7333,31.7
4,1,6,60,9,4,add_lane,1,7333,31.7,8213,34.9
4,1,6,60,9,4,add_lane,2,7333,31.7,9093,38.0
4,1,6,60,9,4,change_speed,-10,7333,31.7,6722,23.8
4,1,6,60,9,4,change_speed,0,7333,31.7,7333,28.5
4,1,6,60,9,4,change_speed,10,7333,31.7,7944,33.3
4,1,6,60,9,5,add_lane,0,5292,26.8,5292,26.8
4,1,6,60,9,5,add_lane,1,5292,26.8,5927,29.5
4,1,6,60,9,5,add_lane,2,5292,26.8,6562,32.2
4,1,6,60,9,5,change_speed,-10,5292,26.8,4851,20.1
4,1,6,60,9,5,change_speed,0,5292,26.8,5292,24.1
4,1,6,60,9,5,change_speed,10,5292,26.8,5733,28.1
4,1,6,60,9,6,add_lane,0,4649,32.4,4649,32.4
4,1,6,60,9,6,add_lane,1,4649,32.4,5207,35.6
4,1,6,60,9,6,add_lane,2,4649,32.4,5765,38.9
4,1,6,60,9,6,change_speed,-10,4649,32.4,4262,24.3
4,1,6,60,9,6,change_speed,0,4649,32.4,4649,29.2
4,1,6,60,9,6,change_speed,10,4649,32.4,5036,34.0
4,1,6,60,10,0,add_lane,0,2657,46.3,2657,46.3
4,1,6,60,10,0,add_lane,1,2657,46.3,2976,50.9
4,1,6,60,10,0,add_lane,2,2657,46.3,3295,55.6
4,1,6,60,10,0,change_speed,-10,2657,46.3,2436,34.7
4,1,6,60,10,0,change_speed,0,2657,46.3,2657,41.7
4,1,6,60,10,0,change_speed,10,2657,46.3,2878,48.6
4,1,6,60,10,1,add_lane,0,5400,47.3,5400,47.3
4,1,6,60,10,1,add_lane,1,5400,47.3,6048,52.0
4,1,6,60,10,1,add_lane,2,5400,47.3,6696,56.8
4,1,6,60,10,1,change_speed,-10,5400,47.3,4950,35.5
4,1,6,60,10,1,change_speed,0,5400,47.3,5400,42.6
4,1,6,60,10,1,change_speed,10,5400,47.3,5850,49.7
4,1,6,60,10,2,add_lane,0,5238,40.2,5238,40.2
4,1,6,60,10,2,add_lane,1,5238,40.2,5867,44.2
4,1,6,60,10,2,add_lane,2,5238,40.2,6495,48.2
4,1,6,60,10,2,change_speed,-10,5238,40.2,4802,30.2
4,1,6,60,10,2,change_speed,0,5238,40.2,5238,36.2
4,1,6,60,10,2,change_speed,10,5238,40.2,5675,42.2
4,1,6,60,10,3,add_lane,0,5238,44.8,5238,44.8
4,1,6,60,10,3,add_lane,1,5238,44.8,5867,49.3
4,1,6,60,10,3,add_lane,2,5238,44.8,6495,53.8
4,1,6,60,10,3,change_speed,-10,5238,44.8,4802,33.6
4,1,6,60,10,3,change_speed,0,5238,44.8,5238,40.3
4,1,6,60,10,3,change_speed,10,5238,44.8,5675,47.0
4,1,6,60,10,4,add_lane,0,5238,37.1,5238,37.1
4,1,6,60,10,4,add_lane,1,5238,37.1,5867,40.8
4,1,6,60,10,4,add_lane,2,5238,37.1,6495,44.5
4,1,6,60,10,4,change_speed,-10,5238,37.1,4802,27.8
4,1,6,60,10,4,change_speed,0,5238,37.1,5238,33.4
4,1,6,60,10,4,change_speed,10,5238,37.1,5675,39.0
4,1,6,60,10,5,add_lane,0,3780,30.7,3780,30.7
4,1,6,60,10,5,add_lane,1,3780,30.7,4234,33.8
4,1,6,60,10,5,add_lane,2,3780,30.7,4687,36.8
4,1,6,60,10,5,change_speed,-10,3780,30.7,3465,23.0
4,1,6,60,10,5,change_speed,0,3780,30.7,3780,27.6
4,1,6,60,10,5,change_speed,10,3780,30.7,4095,32.2
4,1,6,60,10,6,add_lane,0,3321,32.8,3321,32.8
4,1,6,60,10,6,add_lane,1,3321,32.8,3720,36.1
4,1,6,60,10,6,add_lane,2,3321,32.8,4118,39.4
4,1,6,60,10,6,change_speed,-10,3321,32.8,3044,24.6
4,1,6,60,10,6,change_speed,0,3321,32.8,3321,29.5
4,1,6,60,10,6,change_speed,10,3321,32.8,3598,34.4
4,1,6,60,11,0,add_lane,0,2391,48.8,2391,48.8
4,1,6,60,11,0,add_lane,1,2391,48.8,2678,53.7
4,1,6,60,11,0,add_lane,2,2391,48.8,2965,58.6
4,1,6,60,11,0,change_speed,-10,2391,48.8,2192,36.6
4,1,6,60,11,0,change_speed,0,2391,48.8,2391,43.9
4,1,6,60,11,0,change_speed,10,2391,48.8,2590,51.2
4,1,6,60,11,1,add_lane,0,4860,41.7,4860,41.7
4,1,6,60,11,1,add_lane,1,4860,41.7,5443,45.9
4,1,6,60,11,1,add_lane,2,4860,41.7,6026,50.0
4,1,6,60,11,1,change_speed,-10,4860,41.7,4455,31.3
4,1,6,60,11,1,change_speed,0,4860,41.7,4860,37.5
4,1,6,60,11,1,change_speed,10,4860,41.7,5265,43.8
4,1,6,60,11,2,add_lane,0,4714,44.3,4714,44.3
4,1,6,60,11,2,add_lane,1,4714,44.3,5280,48.7
4,1,6,60,11,2,add_lane,2,4714,44.3,5845,53.2
4,1,6,60,11,2,change_speed,-10,4714,44.3,4321,33.2
4,1,6,60,11,2,change_speed,0,4714,44.3,4714,39.9
4,1,6,60,11,2,change_speed,10,4714,44.3,5107,46.5
4,1,6,60,11,3,add_lane,0,4714,40.5,4714,40.5
4,1,6,60,11,3,add_lane,1,4714,40.5,5280,44.6
4,1,6,60,11,3,add_lane,2,4714,40.5,5845,48.6
4,1,6,60,11,3,change_speed,-10,4714,40.5,4321,30.4
4,1,6,60,11,3,change_speed,0,4714,40.5,4714,36.5
4,1,6,60,11,3,change_speed,10,4714,40.5,5107,42.5
4,1,6,60,11,4,add_lane,0,4714,47.3,4714,47.3
4,1,6,60,11,4,add_lane,1,4714,47.3,5280,52.0
4,1,6,60,11,4,add_lane,2,4714,47.3,5845,56.8
4,1,6,60,11,4,change_speed,-10,4714,47.3,4321,35.5
4,1,6,60,11,4,change_speed,0,4714,47.3,4714,42.6
4,1,6,60,11,4,change_speed,10,4714,47.3,5107,49.7
4,1,6,60,11,5,add_lane,0,3402,30.0,3402,30.0
4,1,6,60,11,5,add_lane,1,3402,30.0,3810,33.0
4,1,6,60,11,5,add_lane,2,3402,30.0,4218,36.0
4,1,6,60,11,5,change_speed,-10,3402,30.0,3119,22.5
4,1,6,60,11,5,change_speed,0,3402,30.0,3402,27.0
4,1,6,60,11,5,change_speed,10,3402,30.0,3686,31.5
4,1,6,60,11,6,add_lane,0,2989,42.2,2989,42.2
4,1,6,60,11,6,add_lane,1,2989,42.2,3348,46.4
4,1,6,60,11,6,add_lane,2,2989,42.2,3706,50.6
4,1,6,60,11,6,change_speed,-10,2989,42.2,2740,31.7
4,1,6,60,11,6,change_speed,0,2989,42.2,2989,38.0
4,1,6,60,11,6,change_speed,10,2989,42.2,3238,44.3
4,1,6,60,12,0,add_lane,0,2258,46.0,2258,46.0
4,1,6,60,12,0,add_lane,1,2258,46.0,2529,50.6
4,1,6,60,12,0,add_lane,2,2258,46.0,2800,55.2
4,1,6,60,12,0,change_speed,-10,2258,46.0,2070,34.5
4,1,6,60,12,0,change_speed,0,2258,46.0,2258,41.4
4,1,6,60,12,0,change_speed,10,2258,46.0,2446,48.3
4,1,6,60,12,1,add_lane,0,4590,49.2,4590,49.2
4,1,6,60,12,1,add_lane,1,4590,49.2,5141,54.1
4,1,6,60,12,1,add_lane,2,4590,49.2,5692,59.0
4,1,6,60,12,1,change_speed,-10,4590,49.2,4208,36.9
4,1,6,60,12,1,change_speed,0,4590,49.2,4590,44.3
4,1,6,60,12,1,change_speed,10,4590,49.2,4973,51.7
4,1,6,60,12,2,add_lane,0,4452,42.3,4452,42.3
4,1,6,60,12,2,add_lane,1,4452,42.3,4986,46.5
4,1,6,60,12,2,add_lane,2,4452,42.3,5520,50.8
4,1,6,60,12,2,change_speed,-10,4452,42.3,4081,31.7
4,1,6,60,12,2,change_speed,0,4452,42.3,4452,38.1
4,1,6,60,12,2,change_speed,10,4452,42.3,4823,44.4
4,1,6,60,12,3,add_lane,0,4452,41.8,4452,41.8
4,1,6,60,12,3,add_lane,1,4452,41.8,4986,46.0
4,1,6,60,12,3,add_lane,2,4452,41.8,5520,50.2
4,1,6,60,12,3,change_speed,-10,4452,41.8,4081,31.4
4,1,6,60,12,3,change_speed,0,4452,41.8,4452,37.6
4,1,6,60,12,3,change_speed,10,4452,41.8,4823,43.9
4,1,6,60,12,4,add_lane,0,4452,41.9,4452,41.9
4,1,6,60,12,4,add_lane,1,4452,41.9,4986,46.1
4,1,6,60,12,4,add_lane,2,4452,41.9,5520,50.3
4,1,6,60,12,4,change_speed,-10,4452,41.9,4081,31.4
4,1,6,60,12,4,change_speed,0,4452,41.9,4452,37.7
4,1,6,60,12,4,change_speed,10,4452,41.9,4823,44.0
4,1,6,60,12,5,add_lane,0,3213,29.8,3213,29.8
4,1,6,60,12,5,add_lane,1,3213,29.8,3599,32.8
4,1,6,60,12,5,add_lane,2,3213,29.8,3984,35.8
4,1,6,60,12,5,change_speed,-10,3213,29.8,2945,22.4
4,1,6,60,12,5,change_speed,0,3213,29.8,3213,26.8
4,1,6,60,12,5,change_speed,10,3213,29.8,3481,31.3
4,1,6,60,12,6,add_lane,0,2823,45.2,2823,45.2
4,1,6,60,12,6,add_lane,1,2823,45.2,3162,49.7
4,1,6,60,12,6,add_lane,2,2823,45.2,3501,54.2
4,1,6,60,12,6,change_speed,-10,2823,45.2,2588,33.9
4,1,6,60,12,6,change_speed,0,2823,45.2,2823,40.7
4,1,6,60,12,6,change_speed,10,2823,45.2,3058,47.5
4,1,6,60,13,0,add_lane,0,2258,48.9,2258,48.9
4,1,6,60,13,0,add_lane,1,2258,48.9,2529,53.8
4,1,6,60,13,0,add_lane,2,2258,48.9,2800,58.7
4,1,6,60,13,0,change_speed,-10,2258,48.9,2070,36.7
4,1,6,60,13,0,change_speed,0,2258,48.9,2258,44.0
4,1,6,60,13,0,change_speed,10,2258,48.9,2446,51.3
4,1,6,60,13,1,add_lane,0,4590,44.4,4590,44.4
4,1,6,60,13,1,add_lane,1,4590,44.4,5141,48.8
4,1,6,60,13,1,add_lane,2,4590,44.4,5692,53.3
4,1,6,60,13,1,change_speed,-10,4590,44.4,4208,33.3
4,1,6,60,13,1,change_speed,0,4590,44.4,4590,40.0
4,1,6,60,13,1,change_speed,10,4590,44.4,4973,46.6
4,1,6,60,13,2,add_lane,0,4452,42.7,4452,42.7
4,1,6,60,13,2,add_lane,1,4452,42.7,4986,47.0
4,1,6,60,13,2,add_lane,2,4452,42.7,5520,51.2
4,1,6,60,13,2,change_speed,-10,4452,42.7,4081,32.0
4,1,6,60,13,2,change_speed,0,4452,42.7,4452,38.4
4,1,6,60,13,2,change_speed,10,4452,42.7,4823,44.8
4,1,6,60,13,3,add_lane,0,4452,44.4,4452,44.4
4,1,6,60,13,3,add_lane,1,4452,44.4,4986,48.8
4,1,6,60,13,3,add_lane,2,4452,44.4,5520,53.3
4,1,6,60,13,3,change_speed,-10,4452,44.4,4081,33.3
4,1,6,60,13,3,change_speed,0,4452,44.4,4452,40.0
4,1,6,60,13,3,change_speed,10,4452,44.4,4823,46.6
4,1,6,60,13,4,add_lane,0,4452,46.6,4452,46.6
4,1,6,60,13,4,add_lane,1,4452,46.6,4986,51.3
4,1,6,60,13,4,add_lane,2,4452,46.6,5520,55.9
4,1,6,60,13,4,change_speed,-10,4452,46.6,4081,35.0
4,1,6,60,13,4,change_speed,0,4452,46.6,4452,41.9
4,1,6,60,13,4,change_speed,10,4452,46.6,4823,48.9
4,1,6,60,13,5,add_lane,0,3213,31.5,3213,31.5
4,1,6,60,13,5,add_lane,1,3213,31.5,3599,34.7
4,1,6,60,13,5,add_lane,2,3213,31.5,3984,37.8
4,1,6,60,13,5,change_speed,-10,3213,31.5,2945,23.6
4,1,6,60,13,5,change_speed,0,3213,31.5,3213,28.4
4,1,6,60,13,5,change_speed,10,3213,31.5,3481,33.1
4,1,6,60,13,6,add_lane,0,2823,41.5,2823,41.5
4,1,6,60,13,6,add_lane,1,2823,41.5,3162,45.7
4,1,6,60,13,6,add_lane,2,2823,41.5,3501,49.8
4,1,6,60,13,6,change_speed,-10,2823,41.5,2588,31.1
4,1,6,60,13,6,change_speed,0,2823,41.5,2823,37.4
4,1,6,60,13,6,change_speed,10,2823,41.5,3058,43.6
4,1,6,60,14,0,add_lane,0,2524,50.6,2524,50.6
4,1,6,60,14,0,add_lane,1,2524,50.6,2827,55.7
4,1,6,60,14,0,add_lane,2,2524,50.6,3130,60.7
4,1,6,60,14,0,change_speed,-10,2524,50.6,2314,38.0
4,1,6,60,14,0,change_speed,0,2524,50.6,2524,45.5
4,1,6,60,14,0,change_speed,10,2524,50.6,2734,53.1
4,1,6,60,14,1,add_lane,0,5130,37.8,5130,37.8
4,1,6,60,14,1,add_lane,1,5130,37.8,5746,41.6
4,1,6,60,14,1,add_lane,2,5130,37.8,6361,45.4
4,1,6,60,14,1,change_speed,-10,5130,37.8,4702,28.4
4,1,6,60,14,1,change_speed,0,5130,37.8,5130,34.0
4,1,6,60,14,1,change_speed,10,5130,37.8,5558,39.7
4,1,6,60,14,2,add_lane,0,4976,42.6,4976,42.6
4,1,6,60,14,2,add_lane,1,4976,42.6,5573,46.9
4,1,6,60,14,2,add_lane,2,4976,42.6,6170,51.1
4,1,6,60,14,2,change_speed,-10,4976,42.6,4561,31.9
4,1,6,60,14,2,change_speed,0,4976,42.6,4976,38.3
4,1,6,60,14,2,change_speed,10,4976,42.6,5391,44.7
4,1,6,60,14,3,add_lane,0,4976,39.2,4976,39.2
4,1,6,60,14,3,add_lane,1,4976,39.2,5573,43.1
4,1,6,60,14,3,add_lane,2,4976,39.2,6170,47.0
4,1,6,60,14,3,change_speed,-10,4976,39.2,4561,29.4
4,1,6,60,14,3,change_speed,0,4976,39.2,4976,35.3
4,1,6,60,14,3,change_speed,10,4976,39.2,5391,41.2
4,1,6,60,14,4,add_lane,0,4976,42.6,4976,42.6
4,1,6,60,14,4,add_lane,1,4976,42.6,5573,46.9
4,1,6,60,14,4,add_lane,2,4976,42.6,6170,51.1
4,1,6,60,14,4,change_speed,-10,4976,42.6,4561,31.9
4,1,6,60,14,4,change_speed,0,4976,42.6,4976,38.3
4,1,6,60,14,4,change_speed,10,4976,42.6,5391,44.7
4,1,6,60,14,5,add_lane,0,3591,32.4,3591,32.4
4,1,6,60,14,5,add_lane,1,3591,32.4,4022,35.6
4,1,6,60,14,5,add_lane,2,3591,32.4,4453,38.9
4,1,6,60,14,5,change_speed,-10,3591,32.4,3292,24.3
4,1,6,60,14,5,change_speed,0,3591,32.4,3591,29.2
4,1,6,60,14,5,change_speed,10,3591,32.4,3890,34.0
4,1,6,60,14,6,add_lane,0,3155,39.5,3155,39.5
4,1,6,60,14,6,add_lane,1,3155,39.5,3534,43.5
4,1,6,60,14,6,add_lane,2,3155,39.5,3912,47.4
4,1,6,60,14,6,change_speed,-10,3155,39.5,2892,29.6
4,1,6,60,14,6,change_speed,0,3155,39.5,3155,35.6
4,1,6,60,14,6,change_speed,10,3155,39.5,3418,41.5
4,1,6,60,15,0,add_lane,0,3188,43.5,3188,43.5
4,1,6,60,15,0,add_lane,1,3188,43.5,3571,47.9
4,1,6,60,15,0,add_lane,2,3188,43.5,3953,52.2
4,1,6,60,15,0,change_speed,-10,3188,43.5,2922,32.6
4,1,6,60,15,0,change_speed,0,3188,43.5,3188,39.1
4,1,6,60,15,0,change_speed,10,3188,43.5,3454,45.7
4,1,6,60,15,1,add_lane,0,6480,36.7,6480,36.7
4,1,6,60,15,1,add_lane,1,6480,36.7,7258,40.4
4,1,6,60,15,1,add_lane,2,6480,36.7,8035,44.0
4,1,6,60,15,1,change_speed,-10,6480,36.7,5940,27.5
4,1,6,60,15,1,change_speed,0,6480,36.7,6480,33.0
4,1,6,60,15,1,change_speed,10,6480,36.7,7020,38.5
4,1,6,60,15,2,add_lane,0,6286,34.9,6286,34.9
4,1,6,60,15,2,add_lane,1,6286,34.9,7040,38.4
4,1,6,60,15,2,add_lane,2,6286,34.9,7795,41.9
4,1,6,60,15,2,change_speed,-10,6286,34.9,5762,26.2
4,1,6,60,15,2,change_speed,0,6286,34.9,6286,31.4
4,1,6,60,15,2,change_speed,10,6286,34.9,6810,36.6
4,1,6,60,15,3,add_lane,0,6286,36.2,6286,36.2
4,1,6,60,15,3,add_lane,1,6286,36.2,7040,39.8
4,1,6,60,15,3,add_lane,2,6286,36.2,7795,43.4
4,1,6,60,15,3,change_speed,-10,6286,36.2,5762,27.2
4,1,6,60,15,3,change_speed,0,6286,36.2,6286,32.6
4,1,6,60,15,3,change_speed,10,6286,36.2,6810,38.0
4,1,6,60,15,4,add_lane,0,6286,32.8,6286,32.8
4,1,6,60,15,4,add_lane,1,6286,32.8,7040,36.1
4,1,6,60,15,4,add_lane,2,6286,32.8,7795,39.4
4,1,6,60,15,4,change_speed,-10,6286,32.8,5762,24.6
4,1,6,60,15,4,change_speed,0,6286,32.8,6286,29.5
4,1,6,60,15,4,change_speed,10,6286,32.8,6810,34.4
4,1,6,60,15,5,add_lane,0,4536,29.1,4536,29.1
4,1,6,60,15,5,add_lane,1,4536,29.1,5080,32.0
4,1,6,60,15,5,add_lane,2,4536,29.1,5625,34.9
4,1,6,60,15,5,change_speed,-10,4536,29.1,4158,21.8
4,1,6,60,15,5,change_speed,0,4536,29.1,4536,26.2
4,1,6,60,15,5,change_speed,10,4536,29.1,4914,30.6
4,1,6,60,15,6,add_lane,0,3985,37.5,3985,37.5
4,1,6,60,15,6,add_lane,1,3985,37.5,4463,41.2
4,1,6,60,15,6,add_lane,2,3985,37.5,4941,45.0
4,1,6,60,15,6,change_speed,-10,3985,37.5,3653,28.1
4,1,6,60,15,6,change_speed,0,3985,37.5,3985,33.8
4,1,6,60,15,6,change_speed,10,3985,37.5,4317,39.4
4,1,6,60,16,0,add_lane,0,4251,44.4,4251,44.4
4,1,6,60,16,0,add_lane,1,4251,44.4,4761,48.8
4,1,6,60,16,0,add_lane,2,4251,44.4,5271,53.3
4,1,6,60,16,0,change_speed,-10,4251,44.4,3897,33.3
4,1,6,60,16,0,change_speed,0,4251,44.4,4251,40.0
4,1,6,60,16,0,change_speed,10,4251,44.4,4605,46.6
4,1,6,60,16,1,add_lane,0,8640,26.1,8640,26.1
4,1,6,60,16,1,add_lane,1,8640,26.1,9677,28.7
4,1,6,60,16,1,add_lane,2,8640,26.1,10714,31.3
4,1,6,60,16,1,change_speed,-10,8640,26.1,7920,19.6
4,1,6,60,16,1,change_speed,0,8640,26.1,8640,23.5
4,1,6,60,16,1,change_speed,10,8640,26.1,9360,27.4
4,1,6,60,16,2,add_lane,0,8381,26.1,8381,26.1
4,1,6,60,16,2,add_lane,1,8381,26.1,9387,28.7
4,1,6,60,16,2,add_lane,2,8381,26.1,10392,31.3
4,1,6,60,16,2,change_speed,-10,8381,26.1,7683,19.6
4,1,6,60,16,2,change_speed,0,8381,26.1,8381,23.5
4,1,6,60,16,2,change_speed,10,8381,26.1,9079,27.4
4,1,6,60,16,3,add_lane,0,8381,24.4,8381,24.4
4,1,6,60,16,3,add_lane,1,8381,24.4,9387,26.8
4,1,6,60,16,3,add_lane,2,8381,24.4,10392,29.3
4,1,6,60,16,3,change_speed,-10,8381,24.4,7683,18.3
4,1,6,60,16,3,change_speed,0,8381,24.4,8381,22.0
4,1,6,60,16,3,change_speed,10,8381,24.4,9079,25.6
4,1,6,60,16,4,add_lane,0,8381,24.8,8381,24.8
4,1,6,60,16,4,add_lane,1,8381,24.8,9387,27.3
4,1,6,60,16,4,add_lane,2,8381,24.8,10392,29.8
4,1,6,60,16,4,change_speed,-10,8381,24.8,7683,18.6
4,1,6,60,16,4,change_speed,0,8381,24.8,8381,22.3
4,1,6,60,16,4,change_speed,10,8381,24.8,9079,26.0
4,1,6,60,16,5,add_lane,0,6048,23.8,6048,23.8
4,1,6,60,16,5,add_lane,1,6048,23.8,6774,26.2
4,1,6,60,16,5,add_lane,2,6048,23.8,7500,28.6
4,1,6,60,16,5,change_speed,-10,6048,23.8,5544,17.9
4,1,6,60,16,5,change_speed,0,6048,23.8,6048,21.4
4,1,6,60,16,5,change_speed,10,6048,23.8,6552,25.0
4,1,6,60,16,6,add_lane,0,5314,36.1,5314,36.1
4,1,6,60,16,6,add_lane,1,5314,36.1,5952,39.7
4,1,6,60,16,6,add_lane,2,5314,36.1,6589,43.3
4,1,6,60,16,6,change_speed,-10,5314,36.1,4871,27.1
4,1,6,60,16,6,change_speed,0,5314,36.1,5314,32.5
4,1,6,60,16,6,change_speed,10,5314,36.1,5757,37.9
4,1,6,60,17,0,add_lane,0,4782,37.8,4782,37.8
4,1,6,60,17,0,add_lane,1,4782,37.8,5356,41.6
4,1,6,60,17,0,add_lane,2,4782,37.8,5930,45.4
4,1,6,60,17,0,change_speed,-10,4782,37.8,4384,28.4
4,1,6,60,17,0,change_speed,0,4782,37.8,4782,34.0
4,1,6,60,17,0,change_speed,10,4782,37.8,5181,39.7
4,1,6,60,17,1,add_lane,0,9720,19.3,9720,19.3
4,1,6,60,17,1,add_lane,1,9720,19.3,10886,21.2
4,1,6,60,17,1,add_lane,2,9720,19.3,12053,23.2
4,1,6,60,17,1,change_speed,-10,9720,19.3,8910,14.5
4,1,6,60,17,1,change_speed,0,9720,19.3,9720,17.4
4,1,6,60,17,1,change_speed,10,9720,19.3,10530,20.3
4,1,6,60,17,2,add_lane,0,9428,20.9,9428,20.9
4,1,6,60,17,2,add_lane,1,9428,20.9,10559,23.0
4,1,6,60,17,2,add_lane,2,9428,20.9,11691,25.1
4,1,6,60,17,2,change_speed,-10,9428,20.9,8642,15.7
4,1,6,60,17,2,change_speed,0,9428,20.9,9428,18.8
4,1,6,60,17,2,change_speed,10,9428,20.9,10214,21.9
4,1,6,60,17,3,add_lane,0,9428,23.1,9428,23.1
4,1,6,60,17,3,add_lane,1,9428,23.1,10559,25.4
4,1,6,60,17,3,add_lane,2,9428,23.1,11691,27.7
4,1,6,60,17,3,change_speed,-10,9428,23.1,8642,17.3
4,1,6,60,17,3,change_speed,0,9428,23.1,9428,20.8
4,1,6,60,17,3,change_speed,10,9428,23.1,10214,24.3
4,1,6,60,17,4,add_lane,0,9428,19.7,9428,19.7
4,1,6,60,17,4,add_lane,1,9428,19.7,10559,21.7
4,1,6,60,17,4,add_lane,2,9428,19.7,11691,23.6
4,1,6,60,17,4,change_speed,-10,9428,19.7,8642,14.8
4,1,6,60,17,4,change_speed,0,9428,19.7,9428,17.7
4,1,6,60,17,4,change_speed,10,9428,19.7,10214,20.7
4,1,6,60,17,5,add_lane,0,6804,22.5,6804,22.5
4,1,6,60,17,5,add_lane,1,6804,22.5,7620,24.8
4,1,6,60,17,5,add_lane,2,6804,22.5,8437,27.0
4,1,6,60,17,5,change_speed,-10,6804,22.5,6237,16.9
4,1,6,60,17,5,change_speed,0,6804,22.5,6804,20.2
4,1,6,60,17,5,change_speed,10,6804,22.5,7371,23.6
4,1,6,60,17,6,add_lane,0,5978,29.2,5978,29.2
4,1,6,60,17,6,add_lane,1,5978,29.2,6695,32.1
4,1,6,60,17,6,add_lane,2,5978,29.2,7413,35.0
4,1,6,60,17,6,change_speed,-10,5978,29.2,5480,21.9
4,1,6,60,17,6,change_speed,0,5978,29.2,5978,26.3
4,1,6,60,17,6,change_speed,10,5978,29.2,6476,30.7
4,1,6,60,18,0,add_lane,0,4517,36.8,4517,36.8
4,1,6,60,18,0,add_lane,1,4517,36.8,5059,40.5
4,1,6,60,18,0,add_lane,2,4517,36.8,5601,44.2
4,1,6,60,18,0,change_speed,-10,4517,36.8,4141,27.6
4,1,6,60,18,0,change_speed,0,4517,36.8,4517,33.1
4,1,6,60,18,0,change_speed,10,4517,36.8,4893,38.6
4,1,6,60,18,1,add_lane,0,9180,21.8,9180,21.8
4,1,6,60,18,1,add_lane,1,9180,21.8,10282,24.0
4,1,6,60,18,1,add_lane,2,9180,21.8,11383,26.2
4,1,6,60,18,1,change_speed,-10,9180,21.8,8415,16.4
4,1,6,60,18,1,change_speed,0,9180,21.8,9180,19.6
4,1,6,60,18,1,change_speed,10,9180,21.8,9945,22.9
4,1,6,60,18,2,add_lane,0,8905,23.4,8905,23.4
4,1,6,60,18,2,add_lane,1,8905,23.4,9974,25.7
4,1,6,60,18,2,add_lane,2,8905,23.4,11042,28.1
4,1,6,60,18,2,change_speed,-10,8905,23.4,8163,17.6
4,1,6,60,18,2,change_speed,0,8905,23.4,8905,21.1
4,1,6,60,18,2,change_speed,10,8905,23.4,9647,24.6
4,1,6,60,18,3,add_lane,0,8905,23.6,8905,23.6
4,1,6,60,18,3,add_lane,1,8905,23.6,9974,26.0
4,1,6,60,18,3,add_lane,2,8905,23.6,11042,28.3
4,1,6,60,18,3,change_speed,-10,8905,23.6,8163,17.7
4,1,6,60,18,3,change_speed,0,8905,23.6,8905,21.2
4,1,6,60,18,3,change_speed,10,8905,23.6,9647,24.8
4,1,6,60,18,4,add_lane,0,8905,21.3,8905,21.3
4,1,6,60,18,4,add_lane,1,8905,21.3,9974,23.4
4,1,6,60,18,4,add_lane,2,8905,21.3,11042,25.6
4,1,6,60,18,4,change_speed,-10,8905,21.3,8163,16.0
4,1,6,60,18,4,change_speed,0,8905,21.3,8905,19.2
4,1,6,60,18,4,change_speed,10,8905,21.3,9647,22.4
4,1,6,60,18,5,add_lane,0,6426,24.8,6426,24.8
4,1,6,60,18,5,add_lane,1,6426,24.8,7197,27.3
4,1,6,60,18,5,add_lane,2,6426,24.8,7968,29.8
4,1,6,60,18,5,change_speed,-10,6426,24.8,5891,18.6
4,1,6,60,18,5,change_speed,0,6426,24.8,6426,22.3
4,1,6,60,18,5,change_speed,10,6426,24.8,6962,26.0
4,1,6,60,18,6,add_lane,0,5646,32.8,5646,32.8
4,1,6,60,18,6,add_lane,1,5646,32.8,6324,36.1
4,1,6,60,18,6,add_lane,2,5646,32.8,7001,39.4
4,1,6,60,18,6,change_speed,-10,5646,32.8,5176,24.6
4,1,6,60,18,6,change_speed,0,5646,32.8,5646,29.5
4,1,6,60,18,6,change_speed,10,5646,32.8,6117,34.4
4,1,6,60,19,0,add_lane,0,3720,44.1,3720,44.1
4,1,6,60,19,0,add_lane,1,3720,44.1,4166,48.5
4,1,6,60,19,0,add_lane,2,3720,44.1,4613,52.9
4,1,6,60,19,0,change_speed,-10,3720,44.1,3410,33.1
4,1,6,60,19,0,change_speed,0,3720,44.1,3720,39.7
4,1,6,60,19,0,change_speed,10,3720,44.1,4030,46.3
4,1,6,60,19,1,add_lane,0,7560,30.6,7560,30.6
4,1,6,60,19,1,add_lane,1,7560,30.6,8467,33.7
4,1,6,60,19,1,add_lane,2,7560,30.6,9374,36.7
4,1,6,60,19,1,change_speed,-10,7560,30.6,6930,23.0
4,1,6,60,19,1,change_speed,0,7560,30.6,7560,27.5
4,1,6,60,19,1,change_speed,10,7560,30.6,8190,32.1
4,1,6,60,19,2,add_lane,0,7333,28.2,7333,28.2
4,1,6,60,19,2,add_lane,1,7333,28.2,8213,31.0
4,1,6,60,19,2,add_lane,2,7333,28.2,9093,33.8
4,1,6,60,19,2,change_speed,-10,7333,28.2,6722,21.2
4,1,6,60,19,2,change_speed,0,7333,28.2,7333,25.4
4,1,6,60,19,2,change_speed,10,7333,28.2,7944,29.6
4,1,6,60,19,3,add_lane,0,7333,29.0,7333,29.0
4,1,6,60,19,3,add_lane,1,7333,29.0,8213,31.9
4,1,6,60,19,3,add_lane,2,7333,29.0,9093,34.8
4,1,6,60,19,3,change_speed,-10,7333,29.0,6722,21.8
4,1,6,60,19,3,change_speed,0,7333,29.0,7333,26.1
4,1,6,60,19,3,change_speed,10,7333,29.0,7944,30.5
4,1,6,60,19,4,add_lane,0,7333,29.7,7333,29.7
4,1,6,60,19,4,add_lane,1,7333,29.7,8213,32.7
4,1,6,60,19,4,add_lane,2,7333,29.7,9093,35.6
4,1,6,60,19,4,change_speed,-10,7333,29.7,6722,22.3
4,1,6,60,19,4,change_speed,0,7333,29.7,7333,26.7
4,1,6,60,19,4,change_speed,10,7333,29.7,7944,31.2
4,1,6,60,19,5,add_lane,0,5292,27.5,5292,27.5
4,1,6,60,19,5,add_lane,1,5292,27.5,5927,30.3
4,1,6,60,19,5,add_lane,2,5292,27.5,6562,33.0
4,1,6,60,19,5,change_speed,-10,5292,27.5,4851,20.6
4,1,6,60,19,5,change_speed,0,5292,27.5,5292,24.8
4,1,6,60,19,5,change_speed,10,5292,27.5,5733,28.9
4,1,6,60,19,6,add_lane,0,4649,33.0,4649,33.0
4,1,6,60,19,6,add_lane,1,4649,33.0,5207,36.3
4,1,6,60,19,6,add_lane,2,4649,33.0,5765,39.6
4,1,6,60,19,6,change_speed,-10,4649,33.0,4262,24.8
4,1,6,60,19,6,change_speed,0,4649,33.0,4649,29.7
4,1,6,60,19,6,change_speed,10,4649,33.0,5036,34.6
4,1,6,60,20,0,add_lane,0,2657,46.0,2657,46.0
4,1,6,60,20,0,add_lane,1,2657,46.0,2976,50.6
4,1,6,60,20,0,add_lane,2,2657,46.0,3295,55.2
4,1,6,60,20,0,change_speed,-10,2657,46.0,2436,34.5
4,1,6,60,20,0,change_speed,0,2657,46.0,2657,41.4
4,1,6,60,20,0,change_speed,10,2657,46.0,2878,48.3
4,1,6,60,20,1,add_lane,0,5400,41.6,5400,41.6
4,1,6,60,20,1,add_lane,1,5400,41.6,6048,45.8
4,1,6,60,20,1,add_lane,2,5400,41.6,6696,49.9
4,1,6,60,20,1,change_speed,-10,5400,41.6,4950,31.2
4,1,6,60,20,1,change_speed,0,5400,41.6,5400,37.4
4,1,6,60,20,1,change_speed,10,5400,41.6,5850,43.7
4,1,6,60,20,2,add_lane,0,5238,39.7,5238,39.7
4,1,6,60,20,2,add_lane,1,5238,39.7,5867,43.7
4,1,6,60,20,2,add_lane,2,5238,39.7,6495,47.6
4,1,6,60,20,2,change_speed,-10,5238,39.7,4802,29.8
4,1,6,60,20,2,change_speed,0,5238,39.7,5238,35.7
4,1,6,60,20,2,change_speed,10,5238,39.7,5675,41.7
4,1,6,60,20,3,add_lane,0,5238,38.0,5238,38.0
4,1,6,60,20,3,add_lane,1,5238,38.0,5867,41.8
4,1,6,60,20,3,add_lane,2,5238,38.0,6495,45.6
4,1,6,60,20,3,change_speed,-10,5238,38.0,4802,28.5
4,1,6,60,20,3,change_speed,0,5238,38.0,5238,34.2
4,1,6,60,20,3,change_speed,10,5238,38.0,5675,39.9
4,1,6,60,20,4,add_lane,0,5238,36.6,5238,36.6
4,1,6,60,20,4,add_lane,1,5238,36.6,5867,40.3
4,1,6,60,20,4,add_lane,2,5238,36.6,6495,43.9
4,1,6,60,20,4,change_speed,-10,5238,36.6,4802,27.5
4,1,6,60,20,4,change_speed,0,5238,36.6,5238,32.9
4,1,6,60,20,4,change_speed,10,5238,36.6,5675,38.4
4,1,6,60,20,5,add_lane,0,3780,31.2,3780,31.2
4,1,6,60,20,5,add_lane,1,3780,31.2,4234,34.3
4,1,6,60,20,5,add_lane,2,3780,31.2,4687,37.4
4,1,6,60,20,5,change_speed,-10,3780,31.2,3465,23.4
4,1,6,60,20,5,change_speed,0,3780,31.2,3780,28.1
4,1,6,60,20,5,change_speed,10,3780,31.2,4095,32.8
4,1,6,60,20,6,add_lane,0,3321,37.7,3321,37.7
4,1,6,60,20,6,add_lane,1,3321,37.7,3720,41.5
4,1,6,60,20,6,add_lane,2,3321,37.7,4118,45.2
4,1,6,60,20,6,change_speed,-10,3321,37.7,3044,28.3
4,1,6,60,20,6,change_speed,0,3321,37.7,3321,33.9
4,1,6,60,20,6,change_speed,10,3321,37.7,3598,39.6
4,1,6,60,21,0,add_lane,0,1860,52.6,1860,52.6
4,1,6,60,21,0,add_lane,1,1860,52.6,2083,57.9
4,1,6,60,21,0,add_lane,2,1860,52.6,2306,63.1
4,1,6,60,21,0,change_speed,-10,1860,52.6,1705,39.5
4,1,6,60,21,0,change_speed,0,1860,52.6,1860,47.3
4,1,6,60,21,0,change_speed,10,1860,52.6,2015,55.2
4,1,6,60,21,1,add_lane,0,3780,41.2,3780,41.2
4,1,6,60,21,1,add_lane,1,3780,41.2,4234,45.3
4,1,6,60,21,1,add_lane,2,3780,41.2,4687,49.4
4,1,6,60,21,1,change_speed,-10,3780,41.2,3465,30.9
4,1,6,60,21,1,change_speed,0,3780,41.2,3780,37.1
4,1,6,60,21,1,change_speed,10,3780,41.2,4095,43.3
4,1,6,60,21,2,add_lane,0,3667,50.4,3667,50.4
4,1,6,60,21,2,add_lane,1,3667,50.4,4107,55.4
4,1,6,60,21,2,add_lane,2,3667,50.4,4547,60.5
4,1,6,60,21,2,change_speed,-10,3667,50.4,3361,37.8
4,1,6,60,21,2,change_speed,0,3667,50.4,3667,45.4
4,1,6,60,21,2,change_speed,10,3667,50.4,3973,52.9
4,1,6,60,21,3,add_lane,0,3667,45.0,3667,45.0
4,1,6,60,21,3,add_lane,1,3667,45.0,4107,49.5
4,1,6,60,21,3,add_lane,2,3667,45.0,4547,54.0
4,1,6,60,21,3,change_speed,-10,3667,45.0,3361,33.8
4,1,6,60,21,3,change_speed,0,3667,45.0,3667,40.5
4,1,6,60,21,3,change_speed,10,3667,45.0,3973,47.2
4,1,6,60,21,4,add_lane,0,3667,45.9,3667,45.9
4,1,6,60,21,4,add_lane,1,3667,45.9,4107,50.5
4,1,6,60,21,4,add_lane,2,3667,45.9,4547,55.1
4,1,6,60,21,4,change_speed,-10,3667,45.9,3361,34.4
4,1,6,60,21,4,change_speed,0,3667,45.9,3667,41.3
4,1,6,60,21,4,change_speed,10,3667,45.9,3973,48.2
4,1,6,60,21,5,add_lane,0,2646,36.8,2646,36.8
4,1,6,60,21,5,add_lane,1,2646,36.8,2964,40.5
4,1,6,60,21,5,add_lane,2,2646,36.8,3281,44.2
4,1,6,60,21,5,change_speed,-10,2646,36.8,2426,27.6
4,1,6,60,21,5,change_speed,0,2646,36.8,2646,33.1
4,1,6,60,21,5,change_speed,10,2646,36.8,2867,38.6
4,1,6,60,21,6,add_lane,0,2325,46.3,2325,46.3
4,1,6,60,21,6,add_lane,1,2325,46.3,2604,50.9
4,1,6,60,21,6,add_lane,2,2325,46.3,2883,55.6
4,1,6,60,21,6,change_speed,-10,2325,46.3,2131,34.7
4,1,6,60,21,6,change_speed,0,2325,46.3,2325,41.7
4,1,6,60,21,6,change_speed,10,2325,46.3,2519,48.6
4,1,6,60,22,0,add_lane,0,1196,53.5,1196,53.5
4,1,6,60,22,0,add_lane,1,1196,53.5,1340,58.9
4,1,6,60,22,0,add_lane,2,1196,53.5,1483,64.2
4,1,6,60,22,0,change_speed,-10,1196,53.5,1096,40.1
4,1,6,60,22,0,change_speed,0,1196,53.5,1196,48.1
4,1,6,60,22,0,change_speed,10,1196,53.5,1296,56.2
4,1,6,60,22,1,add_lane,0,2430,58.1,2430,58.1
4,1,6,60,22,1,add_lane,1,2430,58.1,2722,63.9
4,1,6,60,22,1,add_lane,2,2430,58.1,3013,69.7
4,1,6,60,22,1,change_speed,-10,2430,58.1,2228,43.6
4,1,6,60,22,1,change_speed,0,2430,58.1,2430,52.3
4,1,6,60,22,1,change_speed,10,2430,58.1,2633,61.0
4,1,6,60,22,2,add_lane,0,2357,52.8,2357,52.8
4,1,6,60,22,2,add_lane,1,2357,52.8,2640,58.1
4,1,6,60,22,2,add_lane,2,2357,52.8,2923,63.4
4,1,6,60,22,2,change_speed,-10,2357,52.8,2161,39.6
4,1,6,60,22,2,change_speed,0,2357,52.8,2357,47.5
4,1,6,60,22,2,change_speed,10,2357,52.8,2553,55.4
4,1,6,60,22,3,add_lane,0,2357,56.5,2357,56.5
4,1,6,60,22,3,add_lane,1,2357,56.5,2640,62.2
4,1,6,60,22,3,add_lane,2,2357,56.5,2923,67.8
4,1,6,60,22,3,change_speed,-10,2357,56.5,2161,42.4
4,1,6,60,22,3,change_speed,0,2357,56.5,2357,50.9
4,1,6,60,22,3,change_speed,10,2357,56.5,2553,59.3
4,1,6,60,22,4,add_lane,0,2357,58.3,2357,58.3
4,1,6,60,22,4,add_lane,1,2357,58.3,2640,64.1
4,1,6,60,22,4,add_lane,2,2357,58.3,2923,70.0
4,1,6,60,22,4,change_speed,-10,2357,58.3,2161,43.7
4,1,6,60,22,4,change_speed,0,2357,58.3,2357,52.5
4,1,6,60,22,4,change_speed,10,2357,58.3,2553,61.2
4,1,6,60,22,5,add_lane,0,1701,35.6,1701,35.6
4,1,6,60,22,5,add_lane,1,1701,35.6,1905,39.2
4,1,6,60,22,5,add_lane,2,1701,35.6,2109,42.7
4,1,6,60,22,5,change_speed,-10,1701,35.6,1559,26.7
4,1,6,60,22,5,change_speed,0,1701,35.6,1701,32.0
4,1,6,60,22,5,change_speed,10,1701,35.6,1843,37.4
4,1,6,60,22,6,add_lane,0,1494,51.8,1494,51.8
4,1,6,60,22,6,add_lane,1,1494,51.8,1673,57.0
4,1,6,60,22,6,add_lane,2,1494,51.8,1853,62.2
4,1,6,60,22,6,change_speed,-10,1494,51.8,1370,38.9
4,1,6,60,22,6,change_speed,0,1494,51.8,1494,46.6
4,1,6,60,22,6,change_speed,10,1494,51.8,1619,54.4
4,1,6,60,23,0,add_lane,0,797,52.7,797,52.7
4,1,6,60,23,0,add_lane,1,797,52.7,893,58.0
4,1,6,60,23,0,add_lane,2,797,52.7,988,63.2
4,1,6,60,23,0,change_speed,-10,797,52.7,731,39.5
4,1,6,60,23,0,change_speed,0,797,52.7,797,47.4
4,1,6,60,23,0,change_speed,10,797,52.7,863,55.3
4,1,6,60,23,1,add_lane,0,1620,56.7,1620,56.7
4,1,6,60,23,1,add_lane,1,1620,56.7,1814,62.4
4,1,6,60,23,1,add_lane,2,1620,56.7,2009,68.0
4,1,6,60,23,1,change_speed,-10,1620,56.7,1485,42.5
4,1,6,60,23,1,change_speed,0,1620,56.7,1620,51.0
4,1,6,60,23,1,change_speed,10,1620,56.7,1755,59.5
4,1,6,60,23,2,add_lane,0,1571,52.9,1571,52.9
4,1,6,60,23,2,add_lane,1,1571,52.9,1760,58.2
4,1,6,60,23,2,add_lane,2,1571,52.9,1948,63.5
4,1,6,60,23,2,change_speed,-10,1571,52.9,1440,39.7
4,1,6,60,23,2,change_speed,0,1571,52.9,1571,47.6
4,1,6,60,23,2,change_speed,10,1571,52.9,1702,55.5
4,1,6,60,23,3,add_lane,0,1571,51.5,1571,51.5
4,1,6,60,23,3,add_lane,1,1571,51.5,1760,56.7
4,1,6,60,23,3,add_lane,2,1571,51.5,1948,61.8
4,1,6,60,23,3,change_speed,-10,1571,51.5,1440,38.6
4,1,6,60,23,3,change_speed,0,1571,51.5,1571,46.4
4,1,6,60,23,3,change_speed,10,1571,51.5,1702,54.1
4,1,6,60,23,4,add_lane,0,1571,58.1,1571,58.1
4,1,6,60,23,4,add_lane,1,1571,58.1,1760,63.9
4,1,6,60,23,4,add_lane,2,1571,58.1,1948,69.7
4,1,6,60,23,4,change_speed,-10,1571,58.1,1440,43.6
4,1,6,60,23,4,change_speed,0,1571,58.1,1571,52.3
4,1,6,60,23,4,change_speed,10,1571,58.1,1702,61.0
4,1,6,60,23,5,add_lane,0,1134,38.9,1134,38.9
4,1,6,60,23,5,add_lane,1,1134,38.9,1270,42.8
4,1,6,60,23,5,add_lane,2,1134,38.9,1406,46.7
4,1,6,60,23,5,change_speed,-10,1134,38.9,1040,29.2
4,1,6,60,23,5,change_speed,0,1134,38.9,1134,35.0
4,1,6,60,23,5,change_speed,10,1134,38.9,1229,40.8
4,1,6,60,23,6,add_lane,0,996,51.7,996,51.7
4,1,6,60,23,6,add_lane,1,996,51.7,1116,56.9
4,1,6,60,23,6,add_lane,2,996,51.7,1235,62.0
4,1,6,60,23,6,change_speed,-10,996,51.7,913,38.8
4,1,6,60,23,6,change_speed,0,996,51.7,996,46.5
4,1,6,60,23,6,change_speed,10,996,51.7,1079,54.3
5,2,6,80,0,0,add_lane,0,930,77.5,930,77.5
5,2,6,80,0,0,add_lane,1,930,77.5,1042,85.2
5,2,6,80,0,0,add_lane,2,930,77.5,1153,93.0
5,2,6,80,0,0,change_speed,-10,930,77.5,872,61.0
5,2,6,80,0,0,change_speed,0,930,77.5,930,69.8
5,2,6,80,0,0,change_speed,10,930,77.5,988,78.5
5,2,6,80,0,1,add_lane,0,1890,70.1,1890,70.1
5,2,6,80,0,1,add_lane,1,1890,70.1,2117,77.1
5,2,6,80,0,1,add_lane,2,1890,70.1,2344,84.1
5,2,6,80,0,1,change_speed,-10,1890,70.1,1772,55.2
5,2,6,80,0,1,change_speed,0,1890,70.1,1890,63.1
5,2,6,80,0,1,change_speed,10,1890,70.1,2008,71.0
5,2,6,80,0,2,add_lane,0,1833,79.2,1833,79.2
5,2,6,80,0,2,add_lane,1,1833,79.2,2053,87.1
5,2,6,80,0,2,add_lane,2,1833,79.2,2273,95.0
5,2,6,80,0,2,change_speed,-10,1833,79.2,1718,62.4
5,2,6,80,0,2,change_speed,0,1833,79.2,1833,71.3
5,2,6,80,0,2,change_speed,10,1833,79.2,1948,80.2
5,2,6,80,0,3,add_lane,0,1833,69.8,1833,69.8
5,2,6,80,0,3,add_lane,1,1833,69.8,2053,76.8
5,2,6,80,0,3,add_lane,2,1833,69.8,2273,83.8
5,2,6,80,0,3,change_speed,-10,1833,69.8,1718,55.0
5,2,6,80,0,3,change_speed,0,1833,69.8,1833,62.8
5,2,6,80,0,3,change_speed,10,1833,69.8,1948,70.7
5,2,6,80,0,4,add_lane,0,1833,70.3,1833,70.3
5,2,6,80,0,4,add_lane,1,1833,70.3,2053,77.3
5,2,6,80,0,4,add_lane,2,1833,70.3,2273,84.4
5,2,6,80,0,4,change_speed,-10,1833,70.3,1718,55.4
5,2,6,80,0,4,change_speed,0,1833,70.3,1833,63.3
5,2,6,80,0,4,change_speed,10,1833,70.3,1948,71.2
5,2,6,80,0,5,add_lane,0,1323,51.2,1323,51.2
5,2,6,80,0,5,add_lane,1,1323,51.2,1482,56.3
5,2,6,80,0,5,add_lane,2,1323,51.2,1641,61.4
5,2,6,80,0,5,change_speed,-10,1323,51.2,1240,40.3
5,2,6,80,0,5,change_speed,0,1323,51.2,1323,46.1
5,2,6,80,0,5,change_speed,10,1323,51.2,1406,51.8
5,2,6,80,0,6,add_lane,0,1162,56.6,1162,56.6
5,2,6,80,0,6,add_lane,1,1162,56.6,1301,62.3
5,2,6,80,0,6,add_lane,2,1162,56.6,1441,67.9
5,2,6,80,0,6,change_speed,-10,1162,56.6,1089,44.6
5,2,6,80,0,6,change_speed,0,1162,56.6,1162,50.9
5,2,6,80,0,6,change_speed,10,1162,56.6,1235,57.3
5,2,6,80,1,0,add_lane,0,797,69.6,797,69.6
5,2,6,80,1,0,add_lane,1,797,69.6,893,76.6
5,2,6,80,1,0,add_lane,2,797,69.6,988,83.5
5,2,6,80,1,0,change_speed,-10,797,69.6,747,54.8
5,2,6,80,1,0,change_speed,0,797,69.6,797,62.6
5,2,6,80,1,0,change_speed,10,797,69.6,847,70.5
5,2,6,80,1,1,add_lane,0,1620,82.3,1620,82.3
5,2,6,80,1,1,add_lane,1,1620,82.3,1814,90.5
5,2,6,80,1,1,add_lane,2,1620,82.3,2009,98.8
5,2,6,80,1,1,change_speed,-10,1620,82.3,1519,64.8
5,2,6,80,1,1,change_speed,0,1620,82.3,1620,74.1
5,2,6,80,1,1,change_speed,10,1620,82.3,1721,83.3
5,2,6,80,1,2,add_lane,0,1571,77.5,1571,77.5
5,2,6,80,1,2,add_lane,1,1571,77.5,1760,85.2
5,2,6,80,1,2,add_lane,2,1571,77.5,1948,93.0
5,2,6,80,1,2,change_speed,-10,1571,77.5,1473,61.0
5,2,6,80,1,2,change_speed,0,1571,77.5,1571,69.8
5,2,6,80,1,2,change_speed,10,1571,77.5,1669,78.5
5,2,6,80,1,3,add_lane,0,1571,71.8,1571,71.8
5,2,6,80,1,3,add_lane,1,1571,71.8,1760,79.0
5,2,6,80,1,3,add_lane,2,1571,71.8,1948,86.2
5,2,6,80,1,3,change_speed,-10,1571,71.8,1473,56.5
5,2,6,80,1,3,change_speed,0,1571,71.8,1571,64.6
5,2,6,80,1,3,change_speed,10,1571,71.8,1669,72.7
5,2,6,80,1,4,add_lane,0,1571,71.4,1571,71.4
5,2,6,80,1,4,add_lane,1,1571,71.4,1760,78.5
5,2,6,80,1,4,add_lane,2,1571,71.4,1948,85.7
5,2,6,80,1,4,change_speed,-10,1571,71.4,1473,56.2
5,2,6,80,1,4,change_speed,0,1571,71.4,1571,64.3
5,2,6,80,1,4,change_speed,10,1571,71.4,1669,72.3
5,2,6,80,1,5,add_lane,0,1134,48.7,1134,48.7
5,2,6,80,1,5,add_lane,1,1134,48.7,1270,53.6
5,2,6,80,1,5,add_lane,2,1134,48.7,1406,58.4
5,2,6,80,1,5,change_speed,-10,1134,48.7,1063,38.4
5,2,6,80,1,5,change_speed,0,1134,48.7,1134,43.8
5,2,6,80,1,5,change_speed,10,1134,48.7,1205,49.3
5,2,6,80,1,6,add_lane,0,996,63.8,996,63.8
5,2,6,80,1,6,add_lane,1,996,63.8,1116,70.2
5,2,6,80,1,6,add_lane,2,996,63.8,1235,76.6
5,2,6,80,1,6,change_speed,-10,996,63.8,934,50.2
5,2,6,80,1,6,change_speed,0,996,63.8,996,57.4
5,2,6,80,1,6,change_speed,10,996,63.8,1058,64.6
5,2,6,80,2,0,add_lane,0,744,62.7,744,62.7
5,2,6,80,2,0,add_lane,1,744,62.7,833,69.0
5,2,6,80,2,0,add_lane,2,744,62.7,923,75.2
5,2,6,80,2,0,change_speed,-10,744,62.7,698,49.4
5,2,6,80,2,0,change_speed,0,744,62.7,744,56.4
5,2,6,80,2,0,change_speed,10,744,62.7,790,63.5
5,2,6,80,2,1,add_lane,0,1512,78.5,1512,78.5
5,2,6,80,2,1,add_lane,1,1512,78.5,1693,86.4
5,2,6,80,2,1,add_lane,2,1512,78.5,1875,94.2
5,2,6,80,2,1,change_speed,-10,1512,78.5,1418,61.8
5,2,6,80,2,1,change_speed,0,1512,78.5,1512,70.7
5,2,6,80,2,1,change_speed,10,1512,78.5,1606,79.5
5,2,6,80,2,2,add_lane,0,1467,78.4,1467,78.4
5,2,6,80,2,2,add_lane,1,1467,78.4,1643,86.2
5,2,6,80,2,2,add_lane,2,1467,78.4,1819,94.1
5,2,6,80,2,2,change_speed,-10,1467,78.4,1375,61.7
5,2,6,80,2,2,change_speed,0,1467,78.4,1467,70.6
5,2,6,80,2,2,change_speed,10,1467,78.4,1559,79.4
5,2,6,80,2,3,add_lane,0,1467,74.8,1467,74.8
5,2,6,80,2,3,add_lane,1,1467,74.8,1643,82.3
5,2,6,80,2,3,add_lane,2,1467,74.8,1819,89.8
5,2,6,80,2,3,change_speed,-10,1467,74.8,1375,58.9
5,2,6,80,2,3,change_speed,0,1467,74.8,1467,67.3
5,2,6,80,2,3,change_speed,10,1467,74.8,1559,75.7
5,2,6,80,2,4,add_lane,0,1467,73.1,1467,73.1
5,2,6,80,2,4,add_lane,1,1467,73.1,1643,80.4
5,2,6,80,2,4,add_lane,2,1467,73.1,1819,87.7
5,2,6,80,2,4,change_speed,-10,1467,73.1,1375,57.6
5,2,6,80,2,4,change_speed,0,1467,73.1,1467,65.8
5,2,6,80,2,4,change_speed,10,1467,73.1,1559,74.0
5,2,6,80,2,5,add_lane,0,1058,51.6,1058,51.6
5,2,6,80,2,5,add_lane,1,1058,51.6,1185,56.8
5,2,6,80,2,5,add_lane,2,1058,51.6,1312,61.9
5,2,6,80,2,5,change_speed,-10,1058,51.6,992,40.6
5,2,6,80,2,5,change_speed,0,1058,51.6,1058,46.4
5,2,6,80,2,5,change_speed,10,1058,51.6,1124,52.2
5,2,6,80,2,6,add_lane,0,930,66.7,930,66.7
5,2,6,80,2,6,add_lane,1,930,66.7,1042,73.4
5,2,6,80,2,6,add_lane,2,930,66.7,1153,80.0
5,2,6,80,2,6,change_speed,-10,930,66.7,872,52.5
5,2,6,80,2,6,change_speed,0,930,66.7,930,60.0
5,2,6,80,2,6,change_speed,10,930,66.7,988,67.5
5,2,6,80,3,0,add_lane,0,664,76.3,664,76.3
5,2,6,80,3,0,add_lane,1,664,76.3,744,83.9
5,2,6,80,3,0,add_lane,2,664,76.3,823,91.6
5,2,6,80,3,0,change_speed,-10,664,76.3,622,60.1
5,2,6,80,3,0,change_speed,0,664,76.3,664,68.7
5,2,6,80,3,0,change_speed,10,664,76.3,706,77.3
5,2,6,80,3,1,add_lane,0,1350,85.4,1350,85.4
5,2,6,80,3,1,add_lane,1,1350,85.4,1512,93.9
5,2,6,80,3,1,add_lane,2,1350,85.4,1674,102.5
5,2,6,80,3,1,change_speed,-10,1350,85.4,1266,67.3
5,2,6,80,3,1,change_speed,0,1350,85.4,1350,76.9
5,2,6,80,3,1,change_speed,10,1350,85.4,1434,86.5
5,2,6,80,3,2,add_lane,0,1310,79.2,1310,79.2
5,2,6,80,3,2,add_lane,1,1310,79.2,1467,87.1
5,2,6,80,3,2,add_lane,2,1310,79.2,1624,95.0
5,2,6,80,3,2,change_speed,-10,1310,79.2,1228,62.4
5,2,6,80,3,2,change_speed,0,1310,79.2,1310,71.3
5,2,6,80,3,2,change_speed,10,1310,79.2,1392,80.2
5,2,6,80,3,3,add_lane,0,1310,74.6,1310,74.6
5,2,6,80,3,3,add_lane,1,1310,74.6,1467,82.1
5,2,6,80,3,3,add_lane,2,1310,74.6,1624,89.5
5,2,6,80,3,3,change_speed,-10,1310,74.6,1228,58.7
5,2,6,80,3,3,change_speed,0,1310,74.6,1310,67.1
5,2,6,80,3,3,change_speed,10,1310,74.6,1392,75.5
5,2,6,80,3,4,add_lane,0,1310,85.3,1310,85.3
5,2,6,80,3,4,add_lane,1,1310,85.3,1467,93.8
5,2,6,80,3,4,add_lane,2,1310,85.3,1624,102.4
5,2,6,80,3,4,change_speed,-10,1310,85.3,1228,67.2
5,2,6,80,3,4,change_speed,0,1310,85.3,1310,76.8
5,2,6,80,3,4,change_speed,10,1310,85.3,1392,86.4
5,2,6,80,3,5,add_lane,0,945,46.7,945,46.7
5,2,6,80,3,5,add_lane,1,945,46.7,1058,51.4
5,2,6,80,3,5,add_lane,2,945,46.7,1172,56.0
5,2,6,80,3,5,change_speed,-10,945,46.7,886,36.8
5,2,6,80,3,5,change_speed,0,945,46.7,945,42.0
5,2,6,80,3,5,change_speed,10,945,46.7,1004,47.3
5,2,6,80,3,6,add_lane,0,830,66.5,830,66.5
5,2,6,80,3,6,add_lane,1,830,66.5,930,73.2
5,2,6,80,3,6,add_lane,2,830,66.5,1029,79.8
5,2,6,80,3,6,change_speed,-10,830,66.5,778,52.4
5,2,6,80,3,6,change_speed,0,830,66.5,830,59.9
5,2,6,80,3,6,change_speed,10,830,66.5,882,67.3
5,2,6,80,4,0,add_lane,0,744,73.5,744,73.5
5,2,6,80,4,0,add_lane,1,744,73.5,833,80.9
5,2,6,80,4,0,add_lane,2,744,73.5,923,88.2
5,2,6,80,4,0,change_speed,-10,744,73.5,698,57.9
5,2,6,80,4,0,change_speed,0,744,73.5,744,66.2
5,2,6,80,4,0,change_speed,10,744,73.5,790,74.4
5,2,6,80,4,1,add_lane,0,1512,80.6,1512,80.6
5,2,6,80,4,1,add_lane,1,1512,80.6,1693,88.7
5,2,6,80,4,1,add_lane,2,1512,80.6,1875,96.7
5,2,6,80,4,1,change_speed,-10,1512,80.6,1418,63.5
5,2,6,80,4,1,change_speed,0,1512,80.6,1512,72.5
5,2,6,80,4,1,change_speed,10,1512,80.6,1606,81.6
5,2,6,80,4,2,add_lane,0,1467,69.9,1467,69.9
5,2,6,80,4,2,add_lane,1,1467,69.9,1643,76.9
5,2,6,80,4,2,add_lane,2,1467,69.9,1819,83.9
5,2,6,80,4,2,change_speed,-10,1467,69.9,1375,55.0
5,2,6,80,4,2,change_speed,0,1467,69.9,1467,62.9
5,2,6,80,4,2,change_speed,10,1467,69.9,1559,70.8
5,2,6,80,4,3,add_lane,0,1467,68.2,1467,68.2
5,2,6,80,4,3,add_lane,1,1467,68.2,1643,75.0
5,2,6,80,4,3,add_lane,2,1467,68.2,1819,81.8
5,2,6,80,4,3,change_speed,-10,1467,68.2,1375,53.7
5,2,6,80,4,3,change_speed,0,1467,68.2,1467,61.4
5,2,6,80,4,3,change_speed,10,1467,68.2,1559,69.1
5,2,6,80,4,4,add_lane,0,1467,70.0,1467,70.0
5,2,6,80,4,4,add_lane,1,1467,70.0,1643,77.0
5,2,6,80,4,4,add_lane,2,1467,70.0,1819,84.0
5,2,6,80,4,4,change_speed,-10,1467,70.0,1375,55.1
5,2,6,80,4,4,change_speed,0,1467,70.0,1467,63.0
5,2,6,80,4,4,change_speed,10,1467,70.0,1559,70.9
5,2,6,80,4,5,add_lane,0,1058,59.0,1058,59.0
5,2,6,80,4,5,add_lane,1,1058,59.0,1185,64.9
5,2,6,80,4,5,add_lane,2,1058,59.0,1312,70.8
5,2,6,80,4,5,change_speed,-10,1058,59.0,992,46.5
5,2,6,80,4,5,change_speed,0,1058,59.0,1058,53.1
5,2,6,80,4,5,change_speed,10,1058,59.0,1124,59.7
5,2,6,80,4,6,add_lane,0,930,58.2,930,58.2
5,2,6,80,4,6,add_lane,1,930,58.2,1042,64.0
5,2,6,80,4,6,add_lane,2,930,58.2,1153,69.8
5,2,6,80,4,6,change_speed,-10,930,58.2,872,45.8
5,2,6,80,4,6,change_speed,0,930,58.2,930,52.4
5,2,6,80,4,6,change_speed,10,930,58.2,988,58.9
5,2,6,80,5,0,add_lane,0,1196,75.0,1196,75.0
5,2,6,80,5,0,add_lane,1,1196,75.0,1340,82.5
5,2,6,80,5,0,add_lane,2,1196,75.0,1483,90.0
5,2,6,80,5,0,change_speed,-10,1196,75.0,1121,59.1
5,2,6,80,5,0,change_speed,0,1196,75.0,1196,67.5
5,2,6,80,5,0,change_speed,10,1196,75.0,1271,75.9
5,2,6,80,5,1,add_lane,0,2430,72.8,2430,72.8
5,2,6,80,5,1,add_lane,1,2430,72.8,2722,80.1
5,2,6,80,5,1,add_lane,2,2430,72.8,3013,87.4
5,2,6,80,5,1,change_speed,-10,2430,72.8,2278,57.3
5,2,6,80,5,1,change_speed,0,2430,72.8,2430,65.5
5,2,6,80,5,1,change_speed,10,2430,72.8,2582,73.7
5,2,6,80,5,2,add_lane,0,2357,72.3,2357,72.3
5,2,6,80,5,2,add_lane,1,2357,72.3,2640,79.5
5,2,6,80,5,2,add_lane,2,2357,72.3,2923,86.8
5,2,6,80,5,2,change_speed,-10,2357,72.3,2210,56.9
5,2,6,80,5,2,change_speed,0,2357,72.3,2357,65.1
5,2,6,80,5,2,change_speed,10,2357,72.3,2504,73.2
5,2,6,80,5,3,add_lane,0,2357,68.0,2357,68.0
5,2,6,80,5,3,add_lane,1,2357,68.0,2640,74.8
5,2,6,80,5,3,add_lane,2,2357,68.0,2923,81.6
5,2,6,80,5,3,change_speed,-10,2357,68.0,2210,53.6
5,2,6,80,5,3,change_speed,0,2357,68.0,2357,61.2
5,2,6,80,5,3,change_speed,10,2357,68.0,2504,68.9
5,2,6,80,5,4,add_lane,0,2357,69.6,2357,69.6
5,2,6,80,5,4,add_lane,1,2357,69.6,2640,76.6
5,2,6,80,5,4,add_lane,2,2357,69.6,2923,83.5
5,2,6,80,5,4,change_speed,-10,2357,69.6,2210,54.8
5,2,6,80,5,4,change_speed,0,2357,69.6,2357,62.6
5,2,6,80,5,4,change_speed,10,2357,69.6,2504,70.5
5,2,6,80,5,5,add_lane,0,1701,47.5,1701,47.5
5,2,6,80,5,5,add_lane,1,1701,47.5,1905,52.3
5,2,6,80,5,5,add_lane,2,1701,47.5,2109,57.0
5,2,6,80,5,5,change_speed,-10,1701,47.5,1595,37.4
5,2,6,80,5,5,change_speed,0,1701,47.5,1701,42.8
5,2,6,80,5,5,change_speed,10,1701,47.5,1807,48.1
5,2,6,80,5,6,add_lane,0,1494,58.1,1494,58.1
5,2,6,80,5,6,add_lane,1,1494,58.1,1673,63.9
5,2,6,80,5,6,add_lane,2,1494,58.1,1853,69.7
5,2,6,80,5,6,change_speed,-10,1494,58.1,1401,45.8
5,2,6,80,5,6,change_speed,0,1494,58.1,1494,52.3
5,2,6,80,5,6,change_speed,10,1494,58.1,1587,58.8
5,2,6,80,6,0,add_lane,0,2125,61.2,2125,61.2
5,2,6,80,6,0,add_lane,1,2125,61.2,2380,67.3
5,2,6,80,6,0,add_lane,2,2125,61.2,2635,73.4
5,2,6,80,6,0,change_speed,-10,2125,61.2,1992,48.2
5,2,6,80,6,0,change_speed,0,2125,61.2,2125,55.1
5,2,6,80,6,0,change_speed,10,2125,61.2,2258,62.0
5,2,6,80,6,1,add_lane,0,4320,60.5,4320,60.5
5,2,6,80,6,1,add_lane,1,4320,60.5,4838,66.6
5,2,6,80,6,1,add_lane,2,4320,60.5,5357,72.6
5,2,6,80,6,1,change_speed,-10,4320,60.5,4050,47.6
5,2,6,80,6,1,change_speed,0,4320,60.5,4320,54.5
5,2,6,80,6,1,change_speed,10,4320,60.5,4590,61.3
5,2,6,80,6,2,add_lane,0,4190,63.7,4190,63.7
5,2,6,80,6,2,add_lane,1,4190,63.7,4693,70.1
5,2,6,80,6,2,add_lane,2,4190,63.7,5196,76.4
5,2,6,80,6,2,change_speed,-10,4190,63.7,3928,50.2
5,2,6,80,6,2,change_speed,0,4190,63.7,4190,57.3
5,2,6,80,6,2,change_speed,10,4190,63.7,4452,64.5
5,2,6,80,6,3,add_lane,0,4190,58.4,4190,58.4
5,2,6,80,6,3,add_lane,1,4190,58.4,4693,64.2
5,2,6,80,6,3,add_lane,2,4190,58.4,5196,70.1
5,2,6,80,6,3,change_speed,-10,4190,58.4,3928,46.0
5,2,6,80,6,3,change_speed,0,4190,58.4,4190,52.6
5,2,6,80,6,3,change_speed,10,4190,58.4,4452,59.1
5,2,6,80,6,4,add_lane,0,4190,60.4,4190,60.4
5,2,6,80,6,4,add_lane,1,4190,60.4,4693,66.4
5,2,6,80,6,4,add_lane,2,4190,60.4,5196,72.5
5,2,6,80,6,4,change_speed,-10,4190,60.4,3928,47.6
5,2,6,80,6,4,change_speed,0,4190,60.4,4190,54.4
5,2,6,80,6,4,change_speed,10,4190,60.4,4452,61.2
5,2,6,80,6,5,add_lane,0,3024,49.2,3024,49.2
5,2,6,80,6,5,add_lane,1,3024,49.2,3387,54.1
5,2,6,80,6,5,add_lane,2,3024,49.2,3750,59.0
5,2,6,80,6,5,change_speed,-10,3024,49.2,2835,38.7
5,2,6,80,6,5,change_speed,0,3024,49.2,3024,44.3
5,2,6,80,6,5,change_speed,10,3024,49.2,3213,49.8
5,2,6,80,6,6,add_lane,0,2657,54.4,2657,54.4
5,2,6,80,6,6,add_lane,1,2657,54.4,2976,59.8
5,2,6,80,6,6,add_lane,2,2657,54.4,3295,65.3
5,2,6,80,6,6,change_speed,-10,2657,54.4,2491,42.8
5,2,6,80,6,6,change_speed,0,2657,54.4,2657,49.0
5,2,6,80,6,6,change_speed,10,2657,54.4,2823,55.1
5,2,6,80,7,0,add_lane,0,4782,49.5,4782,49.5
5,2,6,80,7,0,add_lane,1,4782,49.5,5356,54.5
5,2,6,80,7,0,add_lane,2,4782,49.5,5930,59.4
5,2,6,80,7,0,change_speed,-10,4782,49.5,4483,39.0
5,2,6,80,7,0,change_speed,0,4782,49.5,4782,44.6
5,2,6,80,7,0,change_speed,10,4782,49.5,5081,50.1
5,2,6,80,7,1,add_lane,0,9720,28.2,9720,28.2
5,2,6,80,7,1,add_lane,1,9720,28.2,10886,31.0
5,2,6,80,7,1,add_lane,2,9720,28.2,12053,33.8
5,2,6,80,7,1,change_speed,-10,9720,28.2,9112,22.2
5,2,6,80,7,1,change_speed,0,9720,28.2,9720,25.4
5,2,6,80,7,1,change_speed,10,9720,28.2,10328,28.6
5,2,6,80,7,2,add_lane,0,9428,27.0,9428,27.0
5,2,6,80,7,2,add_lane,1,9428,27.0,10559,29.7
5,2,6,80,7,2,add_lane,2,9428,27.0,11691,32.4
5,2,6,80,7,2,change_speed,-10,9428,27.0,8839,21.3
5,2,6,80,7,2,change_speed,0,9428,27.0,9428,24.3
5,2,6,80,7,2,change_speed,10,9428,27.0,10017,27.3
5,2,6,80,7,3,add_lane,0,9428,26.7,9428,26.7
5,2,6,80,7,3,add_lane,1,9428,26.7,10559,29.4
5,2,6,80,7,3,add_lane,2,9428,26.7,11691,32.0
5,2,6,80,7,3,change_speed,-10,9428,26.7,8839,21.0
5,2,6,80,7,3,change_speed,0,9428,26.7,9428,24.0
5,2,6,80,7,3,change_speed,10,9428,26.7,10017,27.0
5,2,6,80,7,4,add_lane,0,9428,29.8,9428,29.8
5,2,6,80,7,4,add_lane,1,9428,29.8,10559,32.8
5,2,6,80,7,4,add_lane,2,9428,29.8,11691,35.8
5,2,6,80,7,4,change_speed,-10,9428,29.8,8839,23.5
5,2,6,80,7,4,change_speed,0,9428,29.8,9428,26.8
5,2,6,80,7,4,change_speed,10,9428,29.8,10017,30.2
5,2,6,80,7,5,add_lane,0,6804,29.7,6804,29.7
5,2,6,80,7,5,add_lane,1,6804,29.7,7620,32.7
5,2,6,80,7,5,add_lane,2,6804,29.7,8437,35.6
5,2,6,80,7,5,change_speed,-10,6804,29.7,6379,23.4
5,2,6,80,7,5,change_speed,0,6804,29.7,6804,26.7
5,2,6,80,7,5,change_speed,10,6804,29.7,7229,30.1
5,2,6,80,7,6,add_lane,0,5978,40.4,5978,40.4
5,2,6,80,7,6,add_lane,1,5978,40.4,6695,44.4
5,2,6,80,7,6,add_lane,2,5978,40.4,7413,48.5
5,2,6,80,7,6,change_speed,-10,5978,40.4,5604,31.8
5,2,6,80,7,6,change_speed,0,5978,40.4,5978,36.4
5,2,6,80,7,6,change_speed,10,5978,40.4,6352,40.9
5,2,6,80,8,0,add_lane,0,5845,43.6,5845,43.6
5,2,6,80,8,0,add_lane,1,5845,43.6,6546,48.0
5,2,6,80,8,0,add_lane,2,5845,43.6,7248,52.3
5,2,6,80,8,0,change_speed,-10,5845,43.6,5480,34.3
5,2,6,80,8,0,change_speed,0,5845,43.6,5845,39.2
5,2,6,80,8,0,change_speed,10,5845,43.6,6210,44.1
5,2,6,80,8,1,add_lane,0,11880,13.6,11880,13.6
5,2,6,80,8,1,add_lane,1,11880,13.6,13306,15.0
5,2,6,80,8,1,add_lane,2,11880,13.6,14731,16.3
5,2,6,80,8,1,change_speed,-10,11880,13.6,11138,10.7
5,2,6,80,8,1,change_speed,0,11880,13.6,11880,12.2
5,2,6,80,8,1,change_speed,10,11880,13.6,12622,13.8
5,2,6,80,8,2,add_lane,0,11524,13.6,11524,13.6
5,2,6,80,8,2,add_lane,1,11524,13.6,12907,15.0
5,2,6,80,8,2,add_lane,2,11524,13.6,14290,16.3
5,2,6,80,8,2,change_speed,-10,11524,13.6,10804,10.7
5,2,6,80,8,2,change_speed,0,11524,13.6,11524,12.2
5,2,6,80,8,2,change_speed,10,11524,13.6,12244,13.8
5,2,6,80,8,3,add_lane,0,11524,16.0,11524,16.0
5,2,6,80,8,3,add_lane,1,11524,16.0,12907,17.6
5,2,6,80,8,3,add_lane,2,11524,16.0,14290,19.2
5,2,6,80,8,3,change_speed,-10,11524,16.0,10804,12.6
5,2,6,80,8,3,change_speed,0,11524,16.0,11524,14.4
5,2,6,80,8,3,change_speed,10,11524,16.0,12244,16.2
5,2,6,80,8,4,add_lane,0,11524,15.1,11524,15.1
5,2,6,80,8,4,add_lane,1,11524,15.1,12907,16.6
5,2,6,80,8,4,add_lane,2,11524,15.1,14290,18.1
5,2,6,80,8,4,change_speed,-10,11524,15.1,10804,11.9
5,2,6,80,8,4,change_speed,0,11524,15.1,11524,13.6
5,2,6,80,8,4,change_speed,10,11524,15.1,12244,15.3
5,2,6,80,8,5,add_lane,0,8316,24.3,8316,24.3
5,2,6,80,8,5,add_lane,1,8316,24.3,9314,26.7
5,2,6,80,8,5,add_lane,2,8316,24.3,10312,29.2
5,2,6,80,8,5,change_speed,-10,8316,24.3,7796,19.1
5,2,6,80,8,5,change_speed,0,8316,24.3,8316,21.9
5,2,6,80,8,5,change_speed,10,8316,24.3,8836,24.6
5,2,6,80,8,6,add_lane,0,7306,30.0,7306,30.0
5,2,6,80,8,6,add_lane,1,7306,30.0,8183,33.0
5,2,6,80,8,6,add_lane,2,7306,30.0,9059,36.0
5,2,6,80,8,6,change_speed,-10,7306,30.0,6849,23.6
5,2,6,80,8,6,change_speed,0,7306,30.0,7306,27.0
5,2,6,80,8,6,change_speed,10,7306,30.0,7763,30.4
5,2,6,80,9,0,add_lane,0,4517,54.6,4517,54.6
5,2,6,80,9,0,add_lane,1,4517,54.6,5059,60.1
5,2,6,80,9,0,add_lane,2,4517,54.6,5601,65.5
5,2,6,80,9,0,change_speed,-10,4517,54.6,4235,43.0
5,2,6,80,9,0,change_speed,0,4517,54.6,4517,49.1
5,2,6,80,9,0,change_speed,10,4517,54.6,4799,55.3
5,2,6,80,9,1,add_lane,0,9180,29.2,9180,29.2
5,2,6,80,9,1,add_lane,1,9180,29.2,10282,32.1
5,2,6,80,9,1,add_lane,2,9180,29.2,11383,35.0
5,2,6,80,9,1,change_speed,-10,9180,29.2,8606,23.0
5,2,6,80,9,1,change_speed,0,9180,29.2,9180,26.3
5,2,6,80,9,1,change_speed,10,9180,29.2,9754,29.6
5,2,6,80,9,2,add_lane,0,8905,31.5,8905,31.5
5,2,6,80,9,2,add_lane,1,8905,31.5,9974,34.7
5,2,6,80,9,2,add_lane,2,8905,31.5,11042,37.8
5,2,6,80,9,2,change_speed,-10,8905,31.5,8348,24.8
5,2,6,80,9,2,change_speed,0,8905,31.5,8905,28.4
5,2,6,80,9,2,change_speed,10,8905,31.5,9462,31.9
5,2,6,80,9,3,add_lane,0,8905,32.6,8905,32.6
5,2,6,80,9,3,add_lane,1,8905,32.6,9974,35.9
5,2,6,80,9,3,add_lane,2,8905,32.6,11042,39.1
5,2,6,80,9,3,change_speed,-10,8905,32.6,8348,25.7
5,2,6,80,9,3,change_speed,0,8905,32.6,8905,29.3
5,2,6,80,9,3,change_speed,10,8905,32.6,9462,33.0
5,2,6,80,9,4,add_lane,0,8905,29.1,8905,29.1
5,2,6,80,9,4,add_lane,1,8905,29.1,9974,32.0
5,2,6,80,9,4,add_lane,2,8905,29.1,11042,34.9
5,2,6,80,9,4,change_speed,-10,8905,29.1,8348,22.9
5,2,6,80,9,4,change_speed,0,8905,29.1,8905,26.2
5,2,6,80,9,4,change_speed,10,8905,29.1,9462,29.5
5,2,6,80,9,5,add_lane,0,6426,30.3,6426,30.3
5,2,6,80,9,5,add_lane,1,6426,30.3,7197,33.3
5,2,6,80,9,5,add_lane,2,6426,30.3,7968,36.4
5,2,6,80,9,5,change_speed,-10,6426,30.3,6024,23.9
5,2,6,80,9,5,change_speed,0,6426,30.3,6426,27.3
5,2,6,80,9,5,change_speed,10,6426,30.3,6828,30.7
5,2,6,80,9,6,add_lane,0,5646,43.8,5646,43.8
5,2,6,80,9,6,add_lane,1,5646,43.8,6324,48.2
5,2,6,80,9,6,add_lane,2,5646,43.8,7001,52.6
5,2,6,80,9,6,change_speed,-10,5646,43.8,5293,34.5
5,2,6,80,9,6,change_speed,0,5646,43.8,5646,39.4
5,2,6,80,9,6,change_speed,10,5646,43.8,5999,44.3
5,2,6,80,10,0,add_lane,0,3454,59.7,3454,59.7
5,2,6,80,10,0,add_lane,1,3454,59.7,3868,65.7
5,2,6,80,10,0,add_lane,2,3454,59.7,4283,71.6
5,2,6,80,10,0,change_speed,-10,3454,59.7,3238,47.0
5,2,6,80,10,0,change_speed,0,3454,59.7,3454,53.7
5,2,6,80,10,0,change_speed,10,3454,59.7,3670,60.4
5,2,6,80,10,1,add_lane,0,7020,45.9,7020,45.9
5,2,6,80,10,1,add_lane,1,7020,45.9,7862,50.5
5,2,6,80,10,1,add_lane,2,7020,45.9,8705,55.1
5,2,6,80,10,1,change_speed,-10,7020,45.9,6581,36.1
5,2,6,80,10,1,change_speed,0,7020,45.9,7020,41.3
5,2,6,80,10,1,change_speed,10,7020,45.9,7459,46.5
5,2,6,80,10,2,add_lane,0,6809,43.4,6809,43.4
5,2,6,80,10,2,add_lane,1,6809,43.4,7626,47.7
5,2,6,80,10,2,add_lane,2,6809,43.4,8443,52.1
5,2,6,80,10,2,change_speed,-10,6809,43.4,6383,34.2
5,2,6,80,10,2,change_speed,0,6809,43.4,6809,39.1
5,2,6,80,10,2,change_speed,10,6809,43.4,7235,43.9
5,2,6,80,10,3,add_lane,0,6809,43.1,6809,43.1
5,2,6,80,10,3,add_lane,1,6809,43.1,7626,47.4
5,2,6,80,10,3,add_lane,2,6809,43.1,8443,51.7
5,2,6,80,10,3,change_speed,-10,6809,43.1,6383,33.9
5,2,6,80,10,3,change_speed,0,6809,43.1,6809,38.8
5,2,6,80,10,3,change_speed,10,6809,43.1,7235,43.6
5,2,6,80,10,4,add_lane,0,6809,44.0,6809,44.0
5,2,6,80,10,4,add_lane,1,6809,44.0,7626,48.4
5,2,6,80,10,4,add_lane,2,6809,44.0,8443,52.8
5,2,6,80,10,4,change_speed,-10,6809,44.0,6383,34.6
5,2,6,80,10,4,change_speed,0,6809,44.0,6809,39.6
5,2,6,80,10,4,change_speed,10,6809,44.0,7235,44.6
5,2,6,80,10,5,add_lane,0,4914,37.8,4914,37.8
5,2,6,80,10,5,add_lane,1,4914,37.8,5504,41.6
5,2,6,80,10,5,add_lane,2,4914,37.8,6093,45.4
5,2,6,80,10,5,change_speed,-10,4914,37.8,4607,29.8
5,2,6,80,10,5,change_speed,0,4914,37.8,4914,34.0
5,2,6,80,10,5,change_speed,10,4914,37.8,5221,38.3
5,2,6,80,10,6,add_lane,0,4317,48.6,4317,48.6
5,2,6,80,10,6,add_lane,1,4317,48.6,4835,53.5
5,2,6,80,10,6,add_lane,2,4317,48.6,5353,58.3
5,2,6,80,10,6,change_speed,-10,4317,48.6,4047,38.3
5,2,6,80,10,6,change_speed,0,4317,48.6,4317,43.7
5,2,6,80,10,6,change_speed,10,4317,48.6,4587,49.2
5,2,6,80,11,0,add_lane,0,3188,59.6,3188,59.6
5,2,6,80,11,0,add_lane,1,3188,59.6,3571,65.6
5,2,6,80,11,0,add_lane,2,3188,59.6,3953,71.5
5,2,6,80,11,0,change_speed,-10,3188,59.6,2989,46.9
5,2,6,80,11,0,change_speed,0,3188,59.6,3188,53.6
5,2,6,80,11,0,change_speed,10,3188,59.6,3387,60.3
5,2,6,80,11,1,add_lane,0,6480,47.2,6480,47.2
5,2,6,80,11,1,add_lane,1,6480,47.2,7258,51.9
5,2,6,80,11,1,add_lane,2,6480,47.2,8035,56.6
5,2,6,80,11,1,change_speed,-10,6480,47.2,6075,37.2
5,2,6,80,11,1,change_speed,0,6480,47.2,6480,42.5
5,2,6,80,11,1,change_speed,10,6480,47.2,6885,47.8
5,2,6,80,11,2,add_lane,0,6286,42.1,6286,42.1
5,2,6,80,11,2,add_lane,1,6286,42.1,7040,46.3
5,2,6,80,11,2,add_lane,2,6286,42.1,7795,50.5
5,2,6,80,11,2,change_speed,-10,6286,42.1,5893,33.2
5,2,6,80,11,2,change_speed,0,6286,42.1,6286,37.9
5,2,6,80,11,2,change_speed,10,6286,42.1,6679,42.6
5,2,6,80,11,3,add_lane,0,6286,47.0,6286,47.0
5,2,6,80,11,3,add_lane,1,6286,47.0,7040,51.7
5,2,6,80,11,3,add_lane,2,6286,47.0,7795,56.4
5,2,6,80,11,3,change_speed,-10,6286,47.0,5893,37.0
5,2,6,80,11,3,change_speed,0,6286,47.0,6286,42.3
5,2,6,80,11,3,change_speed,10,6286,47.0,6679,47.6
5,2,6,80,11,4,add_lane,0,6286,50.0,6286,50.0
5,2,6,80,11,4,add_lane,1,6286,50.0,7040,55.0
5,2,6,80,11,4,add_lane,2,6286,50.0,7795,60.0
5,2,6,80,11,4,change_speed,-10,6286,50.0,5893,39.4
5,2,6,80,11,4,change_speed,0,6286,50.0,6286,45.0
5,2,6,80,11,4,change_speed,10,6286,50.0,6679,50.6
5,2,6,80,11,5,add_lane,0,4536,40.3,4536,40.3
5,2,6,80,11,5,add_lane,1,4536,40.3,5080,44.3
5,2,6,80,11,5,add_lane,2,4536,40.3,5625,48.4
5,2,6,80,11,5,change_speed,-10,4536,40.3,4252,31.7
5,2,6,80,11,5,change_speed,0,4536,40.3,4536,36.3
5,2,6,80,11,5,change_speed,10,4536,40.3,4820,40.8
5,2,6,80,11,6,add_lane,0,3985,47.4,3985,47.4
5,2,6,80,11,6,add_lane,1,3985,47.4,4463,52.1
5,2,6,80,11,6,add_lane,2,3985,47.4,4941,56.9
5,2,6,80,11,6,change_speed,-10,3985,47.4,3736,37.3
5,2,6,80,11,6,change_speed,0,3985,47.4,3985,42.7
5,2,6,80,11,6,change_speed,10,3985,47.4,4234,48.0
5,2,6,80,12,0,add_lane,0,2922,61.1,2922,61.1
5,2,6,80,12,0,add_lane,1,2922,61.1,3273,67.2
5,2,6,80,12,0,add_lane,2,2922,61.1,3623,73.3
5,2,6,80,12,0,change_speed,-10,2922,61.1,2739,48.1
5,2,6,80,12,0,change_speed,0,2922,61.1,2922,55.0
5,2,6,80,12,0,change_speed,10,2922,61.1,3105,61.9
5,2,6,80,12,1,add_lane,0,5940,51.1,5940,51.1
5,2,6,80,12,1,add_lane,1,5940,51.1,6653,56.2
5,2,6,80,12,1,add_lane,2,5940,51.1,7366,61.3
5,2,6,80,12,1,change_speed,-10,5940,51.1,5569,40.2
5,2,6,80,12,1,change_speed,0,5940,51.1,5940,46.0
5,2,6,80,12,1,change_speed,10,5940,51.1,6311,51.7
5,2,6,80,12,2,add_lane,0,5762,51.3,5762,51.3
5,2,6,80,12,2,add_lane,1,5762,51.3,6453,56.4
5,2,6,80,12,2,add_lane,2,5762,51.3,7145,61.6
5,2,6,80,12,2,change_speed,-10,5762,51.3,5402,40.4
5,2,6,80,12,2,change_speed,0,5762,51.3,5762,46.2
5,2,6,80,12,2,change_speed,10,5762,51.3,6122,51.9
5,2,6,80,12,3,add_lane,0,5762,43.1,5762,43.1
5,2,6,80,12,3,add_lane,1,5762,43.1,6453,47.4
5,2,6,80,12,3,add_lane,2,5762,43.1,7145,51.7
5,2,6,80,12,3,change_speed,-10,5762,43.1,5402,33.9
5,2,6,80,12,3,change_speed,0,5762,43.1,5762,38.8
5,2,6,80,12,3,change_speed,10,5762,43.1,6122,43.6
5,2,6,80,12,4,add_lane,0,5762,48.7,5762,48.7
5,2,6,80,12,4,add_lane,1,5762,48.7,6453,53.6
5,2,6,80,12,4,add_lane,2,5762,48.7,7145,58.4
5,2,6,80,12,4,change_speed,-10,5762,48.7,5402,38.4
5,2,6,80,12,4,change_speed,0,5762,48.7,5762,43.8
5,2,6,80,12,4,change_speed,10,5762,48.7,6122,49.3
5,2,6,80,12,5,add_lane,0,4158,42.0,4158,42.0
5,2,6,80,12,5,add_lane,1,4158,42.0,4657,46.2
5,2,6,80,12,5,add_lane,2,4158,42.0,5156,50.4
5,2,6,80,12,5,change_speed,-10,4158,42.0,3898,33.1
5,2,6,80,12,5,change_speed,0,4158,42.0,4158,37.8
5,2,6,80,12,5,change_speed,10,4158,42.0,4418,42.5
5,2,6,80,12,6,add_lane,0,3653,52.8,3653,52.8
5,2,6,80,12,6,add_lane,1,3653,52.8,4091,58.1
5,2,6,80,12,6,add_lane,2,3653,52.8,4530,63.4
5,2,6,80,12,6,change_speed,-10,3653,52.8,3425,41.6
5,2,6,80,12,6,change_speed,0,3653,52.8,3653,47.5
5,2,6,80,12,6,change_speed,10,3653,52.8,3881,53.5
5,2,6,80,13,0,add_lane,0,2922,56.1,2922,56.1
5,2,6,80,13,0,add_lane,1,2922,56.1,3273,61.7
5,2,6,80,13,0,add_lane,2,2922,56.1,3623,67.3
5,2,6,80,13,0,change_speed,-10,2922,56.1,2739,44.2
5,2,6,80,13,0,change_speed,0,2922,56.1,2922,50.5
5,2,6,80,13,0,change_speed,10,2922,56.1,3105,56.8
5,2,6,80,13,1,add_lane,0,5940,54.3,5940,54.3
5,2,6,80,13,1,add_lane,1,5940,54.3,6653,59.7
5,2,6,80,13,1,add_lane,2,5940,54.3,7366,65.2
5,2,6,80,13,1,change_speed,-10,5940,54.3,5569,42.8
5,2,6,80,13,1,change_speed,0,5940,54.3,5940,48.9
5,2,6,80,13,1,change_speed,10,5940,54.3,6311,55.0
5,2,6,80,13,2,add_lane,0,5762,51.1,5762,51.1
5,2,6,80,13,2,add_lane,1,5762,51.1,6453,56.2
5,2,6,80,13,2,add_lane,2,5762,51.1,7145,61.3
5,2,6,80,13,2,change_speed,-10,5762,51.1,5402,40.2
5,2,6,80,13,2,change_speed,0,5762,51.1,5762,46.0
5,2,6,80,13,2,change_speed,10,5762,51.1,6122,51.7
5,2,6,80,13,3,add_lane,0,5762,48.2,5762,48.2
5,2,6,80,13,3,add_lane,1,5762,48.2,6453,53.0
5,2,6,80,13,3,add_lane,2,5762,48.2,7145,57.8
5,2,6,80,13,3,change_speed,-10,5762,48.2,5402,38.0
5,2,6,80,13,3,change_speed,0,5762,48.2,5762,43.4
5,2,6,80,13,3,change_speed,10,5762,48.2,6122,48.8
5,2,6,80,13,4,add_lane,0,5762,47.0,5762,47.0
5,2,6,80,13,4,add_lane,1,5762,47.0,6453,51.7
5,2,6,80,13,4,add_lane,2,5762,47.0,7145,56.4
5,2,6,80,13,4,change_speed,-10,5762,47.0,5402,37.0
5,2,6,80,13,4,change_speed,0,5762,47.0,5762,42.3
5,2,6,80,13,4,change_speed,10,5762,47.0,6122,47.6
5,2,6,80,13,5,add_lane,0,4158,42.2,4158,42.2
5,2,6,80,13,5,add_lane,1,4158,42.2,4657,46.4
5,2,6,80,13,5,add_lane,2,4158,42.2,5156,50.6
5,2,6,80,13,5,change_speed,-10,4158,42.2,3898,33.2
5,2,6,80,13,5,change_speed,0,4158,42.2,4158,38.0
5,2,6,80,13,5,change_speed,10,4158,42.2,4418,42.7
5,2,6,80,13,6,add_lane,0,3653,47.7,3653,47.7
5,2,6,80,13,6,add_lane,1,3653,47.7,4091,52.5
5,2,6,80,13,6,add_lane,2,3653,47.7,4530,57.2
5,2,6,80,13,6,change_speed,-10,3653,47.7,3425,37.6
5,2,6,80,13,6,change_speed,0,3653,47.7,3653,42.9
5,2,6,80,13,6,change_speed,10,3653,47.7,3881,48.3
5,2,6,80,14,0,add_lane,0,3188,61.6,3188,61.6
5,2,6,80,14,0,add_lane,1,3188,61.6,3571,67.8
5,2,6,80,14,0,add_lane,2,3188,61.6,3953,73.9
5,2,6,80,14,0,change_speed,-10,3188,61.6,2989,48.5
5,2,6,80,14,0,change_speed,0,3188,61.6,3188,55.4
5,2,6,80,14,0,change_speed,10,3188,61.6,3387,62.4
5,2,6,80,14,1,add_lane,0,6480,47.3,6480,47.3
5,2,6,80,14,1,add_lane,1,6480,47.3,7258,52.0
5,2,6,80,14,1,add_lane,2,6480,47.3,8035,56.8
5,2,6,80,14,1,change_speed,-10,6480,47.3,6075,37.2
5,2,6,80,14,1,change_speed,0,6480,47.3,6480,42.6
5,2,6,80,14,1,change_speed,10,6480,47.3,6885,47.9
5,2,6,80,14,2,add_lane,0,6286,42.3,6286,42.3
5,2,6,80,14,2,add_lane,1,6286,42.3,7040,46.5
5,2,6,80,14,2,add_lane,2,6286,42.3,7795,50.8
5,2,6,80,14,2,change_speed,-10,6286,42.3,5893,33.3
5,2,6,80,14,2,change_speed,0,6286,42.3,6286,38.1
5,2,6,80,14,2,change_speed,10,6286,42.3,6679,42.8
5,2,6,80,14,3,add_lane,0,6286,49.2,6286,49.2
5,2,6,80,14,3,add_lane,1,6286,49.2,7040,54.1
5,2,6,80,14,3,add_lane,2,6286,49.2,7795,59.0
5,2,6,80,14,3,change_speed,-10,6286,49.2,5893,38.7
5,2,6,80,14,3,change_speed,0,6286,49.2,6286,44.3
5,2,6,80,14,3,change_speed,10,6286,49.2,6679,49.8
5,2,6,80,14,4,add_lane,0,6286,46.7,6286,46.7
5,2,6,80,14,4,add_lane,1,6286,46.7,7040,51.4
5,2,6,80,14,4,add_lane,2,6286,46.7,7795,56.0
5,2,6,80,14,4,change_speed,-10,6286,46.7,5893,36.8
5,2,6,80,14,4,change_speed,0,6286,46.7,6286,42.0
5,2,6,80,14,4,change_speed,10,6286,46.7,6679,47.3
5,2,6,80,14,5,add_lane,0,4536,38.0,4536,38.0
5,2,6,80,14,5,add_lane,1,4536,38.0,5080,41.8
5,2,6,80,14,5,add_lane,2,4536,38.0,5625,45.6
5,2,6,80,14,5,change_speed,-10,4536,38.0,4252,29.9
5,2,6,80,14,5,change_speed,0,4536,38.0,4536,34.2
5,2,6,80,14,5,change_speed,10,4536,38.0,4820,38.5
5,2,6,80,14,6,add_lane,0,3985,50.4,3985,50.4
5,2,6,80,14,6,add_lane,1,3985,50.4,4463,55.4
5,2,6,80,14,6,add_lane,2,3985,50.4,4941,60.5
5,2,6,80,14,6,change_speed,-10,3985,50.4,3736,39.7
5,2,6,80,14,6,change_speed,0,3985,50.4,3985,45.4
5,2,6,80,14,6,change_speed,10,3985,50.4,4234,51.0
5,2,6,80,15,0,add_lane,0,3985,57.2,3985,57.2
5,2,6,80,15,0,add_lane,1,3985,57.2,4463,62.9
5,2,6,80,15,0,add_lane,2,3985,57.2,4941,68.6
5,2,6,80,15,0,change_speed,-10,3985,57.2,3736,45.0
5,2,6,80,15,0,change_speed,0,3985,57.2,3985,51.5
5,2,6,80,15,0,change_speed,10,3985,57.2,4234,57.9
5,2,6,80,15,1,add_lane,0,8100,37.5,8100,37.5
5,2,6,80,15,1,add_lane,1,8100,37.5,9072,41.2
5,2,6,80,15,1,add_lane,2,8100,37.5,10044,45.0
5,2,6,80,15,1,change_speed,-10,8100,37.5,7594,29.5
5,2,6,80,15,1,change_speed,0,8100,37.5,8100,33.8
5,2,6,80,15,1,change_speed,10,8100,37.5,8606,38.0
5,2,6,80,15,2,add_lane,0,7857,41.3,7857,41.3
5,2,6,80,15,2,add_lane,1,7857,41.3,8800,45.4
5,2,6,80,15,2,add_lane,2,7857,41.3,9743,49.6
5,2,6,80,15,2,change_speed,-10,7857,41.3,7366,32.5
5,2,6,80,15,2,change_speed,0,7857,41.3,7857,37.2
5,2,6,80,15,2,change_speed,10,7857,41.3,8348,41.8
5,2,6,80,15,3,add_lane,0,7857,36.1,7857,36.1
5,2,6,80,15,3,add_lane,1,7857,36.1,8800,39.7
5,2,6,80,15,3,add_lane,2,7857,36.1,9743,43.3
5,2,6,80,15,3,change_speed,-10,7857,36.1,7366,28.4
5,2,6,80,15,3,change_speed,0,7857,36.1,7857,32.5
5,2,6,80,15,3,change_speed,10,7857,36.1,8348,36.6
5,2,6,80,15,4,add_lane,0,7857,33.5,7857,33.5
5,2,6,80,15,4,add_lane,1,7857,33.5,8800,36.9
5,2,6,80,15,4,add_lane,2,7857,33.5,9743,40.2
5,2,6,80,15,4,change_speed,-10,7857,33.5,7366,26.4
5,2,6,80,15,4,change_speed,0,7857,33.5,7857,30.2
5,2,6,80,15,4,change_speed,10,7857,33.5,8348,33.9
5,2,6,80,15,5,add_lane,0,5670,33.2,5670,33.2
5,2,6,80,15,5,add_lane,1,5670,33.2,6350,36.5
5,2,6,80,15,5,add_lane,2,5670,33.2,7031,39.8
5,2,6,80,15,5,change_speed,-10,5670,33.2,5316,26.1
5,2,6,80,15,5,change_speed,0,5670,33.2,5670,29.9
5,2,6,80,15,5,change_speed,10,5670,33.2,6024,33.6
5,2,6,80,15,6,add_lane,0,4982,40.6,4982,40.6
5,2,6,80,15,6,add_lane,1,4982,40.6,5580,44.7
5,2,6,80,15,6,add_lane,2,4982,40.6,6178,48.7
5,2,6,80,15,6,change_speed,-10,4982,40.6,4671,32.0
5,2,6,80,15,6,change_speed,0,4982,40.6,4982,36.5
5,2,6,80,15,6,change_speed,10,4982,40.6,5293,41.1
5,2,6,80,16,0,add_lane,0,5048,55.6,5048,55.6
5,2,6,80,16,0,add_lane,1,5048,55.6,5654,61.2
5,2,6,80,16,0,add_lane,2,5048,55.6,6260,66.7
5,2,6,80,16,0,change_speed,-10,5048,55.6,4732,43.8
5,2,6,80,16,0,change_speed,0,5048,55.6,5048,50.0
5,2,6,80,16,0,change_speed,10,5048,55.6,5364,56.3
5,2,6,80,16,1,add_lane,0,10260,23.2,10260,23.2
5,2,6,80,16,1,add_lane,1,10260,23.2,11491,25.5
5,2,6,80,16,1,add_lane,2,10260,23.2,12722,27.8
5,2,6,80,16,1,change_speed,-10,10260,23.2,9619,18.3
5,2,6,80,16,1,change_speed,0,10260,23.2,10260,20.9
5,2,6,80,16,1,change_speed,10,10260,23.2,10901,23.5
5,2,6,80,16,2,add_lane,0,9952,25.8,9952,25.8
5,2,6,80,16,2,add_lane,1,9952,25.8,11146,28.4
5,2,6,80,16,2,add_lane,2,9952,25.8,12340,31.0
5,2,6,80,16,2,change_speed,-10,9952,25.8,9330,20.3
5,2,6,80,16,2,change_speed,0,9952,25.8,9952,23.2
5,2,6,80,16,2,change_speed,10,9952,25.8,10574,26.1
5,2,6,80,16,3,add_lane,0,9952,23.6,9952,23.6
5,2,6,80,16,3,add_lane,1,9952,23.6,11146,26.0
5,2,6,80,16,3,add_lane,2,9952,23.6,12340,28.3
5,2,6,80,16,3,change_speed,-10,9952,23.6,9330,18.6
5,2,6,80,16,3,change_speed,0,9952,23.6,9952,21.2
5,2,6,80,16,3,change_speed,10,9952,23.6,10574,23.9
5,2,6,80,16,4,add_lane,0,9952,24.3,9952,24.3
5,2,6,80,16,4,add_lane,1,9952,24.3,11146,26.7
5,2,6,80,16,4,add_lane,2,9952,24.3,12340,29.2
5,2,6,80,16,4,change_speed,-10,9952,24.3,9330,19.1
5,2,6,80,16,4,change_speed,0,9952,24.3,9952,21.9
5,2,6,80,16,4,change_speed,10,9952,24.3,10574,24.6
5,2,6,80,16,5,add_lane,0,7182,25.4,7182,25.4
5,2,6,80,16,5,add_lane,1,7182,25.4,8044,27.9
5,2,6,80,16,5,add_lane,2,7182,25.4,8906,30.5
5,2,6,80,16,5,change_speed,-10,7182,25.4,6733,20.0
5,2,6,80,16,5,change_speed,0,7182,25.4,7182,22.9
5,2,6,80,16,5,change_speed,10,7182,25.4,7631,25.7
5,2,6,80,16,6,add_lane,0,6310,35.1,6310,35.1
5,2,6,80,16,6,add_lane,1,6310,35.1,7067,38.6
5,2,6,80,16,6,add_lane,2,6310,35.1,7824,42.1
5,2,6,80,16,6,change_speed,-10,6310,35.1,5916,27.6
5,2,6,80,16,6,change_speed,0,6310,35.1,6310,31.6
5,2,6,80,16,6,change_speed,10,6310,35.1,6704,35.5
5,2,6,80,17,0,add_lane,0,5845,45.8,5845,45.8
5,2,6,80,17,0,add_lane,1,5845,45.8,6546,50.4
5,2,6,80,17,0,add_lane,2,5845,45.8,7248,55.0
5,2,6,80,17,0,change_speed,-10,5845,45.8,5480,36.1
5,2,6,80,17,0,change_speed,0,5845,45.8,5845,41.2
5,2,6,80,17,0,change_speed,10,5845,45.8,6210,46.4
5,2,6,80,17,1,add_lane,0,11880,14.3,11880,14.3
5,2,6,80,17,1,add_lane,1,11880,14.3,13306,15.7
5,2,6,80,17,1,add_lane,2,11880,14.3,14731,17.2
5,2,6,80,17,1,change_speed,-10,11880,14.3,11138,11.3
5,2,6,80,17,1,change_speed,0,11880,14.3,11880,12.9
5,2,6,80,17,1,change_speed,10,11880,14.3,12622,14.5
5,2,6,80,17,2,add_lane,0,11524,13.6,11524,13.6
5,2,6,80,17,2,add_lane,1,11524,13.6,12907,15.0
5,2,6,80,17,2,add_lane,2,11524,13.6,14290,16.3
5,2,6,80,17,2,change_speed,-10,11524,13.6,10804,10.7
5,2,6,80,17,2,change_speed,0,11524,13.6,11524,12.2
5,2,6,80,17,2,change_speed,10,11524,13.6,12244,13.8
5,2,6,80,17,3,add_lane,0,11524,17.5,11524,17.5
5,2,6,80,17,3,add_lane,1,11524,17.5,12907,19.2
5,2,6,80,17,3,add_lane,2,11524,17.5,14290,21.0
5,2,6,80,17,3,change_speed,-10,11524,17.5,10804,13.8
5,2,6,80,17,3,change_speed,0,11524,17.5,11524,15.8
5,2,6,80,17,3,change_speed,10,11524,17.5,12244,17.7
5,2,6,80,17,4,add_lane,0,11524,16.4,11524,16.4
5,2,6,80,17,4,add_lane,1,11524,16.4,12907,18.0
5,2,6,80,17,4,add_lane,2,11524,16.4,14290,19.7
5,2,6,80,17,4,change_speed,-10,11524,16.4,10804,12.9
5,2,6,80,17,4,change_speed,0,11524,16.4,11524,14.8
5,2,6,80,17,4,change_speed,10,11524,16.4,12244,16.6
5,2,6,80,17,5,add_lane,0,8316,24.2,8316,24.2
5,2,6,80,17,5,add_lane,1,8316,24.2,9314,26.6
5,2,6,80,17,5,add_lane,2,8316,24.2,10312,29.0
5,2,6,80,17,5,change_speed,-10,8316,24.2,7796,19.1
5,2,6,80,17,5,change_speed,0,8316,24.2,8316,21.8
5,2,6,80,17,5,change_speed,10,8316,24.2,8836,24.5
5,2,6,80,17,6,add_lane,0,7306,33.0,7306,33.0
5,2,6,80,17,6,add_lane,1,7306,33.0,8183,36.3
5,2,6,80,17,6,add_lane,2,7306,33.0,9059,39.6
5,2,6,80,17,6,change_speed,-10,7306,33.0,6849,26.0
5,2,6,80,17,6,change_speed,0,7306,33.0,7306,29.7
5,2,6,80,17,6,change_speed,10,7306,33.0,7763,33.4
5,2,6,80,18,0,add_lane,0,5579,47.7,5579,47.7
5,2,6,80,18,0,add_lane,1,5579,47.7,6248,52.5
5,2,6,80,18,0,add_lane,2,5579,47.7,6918,57.2
5,2,6,80,18,0,change_speed,-10,5579,47.7,5230,37.6
5,2,6,80,18,0,change_speed,0,5579,47.7,5579,42.9
5,2,6,80,18,0,change_speed,10,5579,47.7,5928,48.3
5,2,6,80,18,1,add_lane,0,11340,17.7,11340,17.7
5,2,6,80,18,1,add_lane,1,11340,17.7,12701,19.5
5,2,6,80,18,1,add_lane,2,11340,17.7,14062,21.2
5,2,6,80,18,1,change_speed,-10,11340,17.7,10631,13.9
5,2,6,80,18,1,change_speed,0,11340,17.7,11340,15.9
5,2,6,80,18,1,change_speed,10,11340,17.7,12049,17.9
5,2,6,80,18,2,add_lane,0,11000,19.4,11000,19.4
5,2,6,80,18,2,add_lane,1,11000,19.4,12320,21.3
5,2,6,80,18,2,add_lane,2,11000,19.4,13640,23.3
5,2,6,80,18,2,change_speed,-10,11000,19.4,10312,15.3
5,2,6,80,18,2,change_speed,0,11000,19.4,11000,17.5
5,2,6,80,18,2,change_speed,10,11000,19.4,11688,19.6
5,2,6,80,18,3,add_lane,0,11000,20.5,11000,20.5
5,2,6,80,18,3,add_lane,1,11000,20.5,12320,22.6
5,2,6,80,18,3,add_lane,2,11000,20.5,13640,24.6
5,2,6,80,18,3,change_speed,-10,11000,20.5,10312,16.1
5,2,6,80,18,3,change_speed,0,11000,20.5,11000,18.4
5,2,6,80,18,3,change_speed,10,11000,20.5,11688,20.8
5,2,6,80,18,4,add_lane,0,11000,19.4,11000,19.4
5,2,6,80,18,4,add_lane,1,11000,19.4,12320,21.3
5,2,6,80,18,4,add_lane,2,11000,19.4,13640,23.3
5,2,6,80,18,4,change_speed,-10,11000,19.4,10312,15.3
5,2,6,80,18,4,change_speed,0,11000,19.4,11000,17.5
5,2,6,80,18,4,change_speed,10,11000,19.4,11688,19.6
5,2,6,80,18,5,add_lane,0,7938,26.7,7938,26.7
5,2,6,80,18,5,add_lane,1,7938,26.7,8891,29.4
5,2,6,80,18,5,add_lane,2,7938,26.7,9843,32.0
5,2,6,80,18,5,change_speed,-10,7938,26.7,7442,21.0
5,2,6,80,18,5,change_speed,0,7938,26.7,7938,24.0
5,2,6,80,18,5,change_speed,10,7938,26.7,8434,27.0
5,2,6,80,18,6,add_lane,0,6974,34.1,6974,34.1
5,2,6,80,18,6,add_lane,1,6974,34.1,7811,37.5
5,2,6,80,18,6,add_lane,2,6974,34.1,8648,40.9
5,2,6,80,18,6,change_speed,-10,6974,34.1,6538,26.9
5,2,6,80,18,6,change_speed,0,6974,34.1,6974,30.7
5,2,6,80,18,6,change_speed,10,6974,34.1,7410,34.5
5,2,6,80,19,0,add_lane,0,4782,51.7,4782,51.7
5,2,6,80,19,0,add_lane,1,4782,51.7,5356,56.9
5,2,6,80,19,0,add_lane,2,4782,51.7,5930,62.0
5,2,6,80,19,0,change_speed,-10,4782,51.7,4483,40.7
5,2,6,80,19,0,change_speed,0,4782,51.7,4782,46.5
5,2,6,80,19,0,change_speed,10,4782,51.7,5081,52.3
5,2,6,80,19,1,add_lane,0,9720,28.9,9720,28.9
5,2,6,80,19,1,add_lane,1,9720,28.9,10886,31.8
5,2,6,80,19,1,add_lane,2,9720,28.9,12053,34.7
5,2,6,80,19,1,change_speed,-10,9720,28.9,9112,22.8
5,2,6,80,19,1,change_speed,0,9720,28.9,9720,26.0
5,2,6,80,19,1,change_speed,10,9720,28.9,10328,29.3
5,2,6,80,19,2,add_lane,0,9428,29.1,9428,29.1
5,2,6,80,19,2,add_lane,1,9428,29.1,10559,32.0
5,2,6,80,19,2,add_lane,2,9428,29.1,11691,34.9
5,2,6,80,19,2,change_speed,-10,9428,29.1,8839,22.9
5,2,6,80,19,2,change_speed,0,9428,29.1,9428,26.2
5,2,6,80,19,2,change_speed,10,9428,29.1,10017,29.5
5,2,6,80,19,3,add_lane,0,9428,28.5,9428,28.5
5,2,6,80,19,3,add_lane,1,9428,28.5,10559,31.4
5,2,6,80,19,3,add_lane,2,9428,28.5,11691,34.2
5,2,6,80,19,3,change_speed,-10,9428,28.5,8839,22.4
5,2,6,80,19,3,change_speed,0,9428,28.5,9428,25.7
5,2,6,80,19,3,change_speed,10,9428,28.5,10017,28.9
5,2,6,80,19,4,add_lane,0,9428,27.5,9428,27.5
5,2,6,80,19,4,add_lane,1,9428,27.5,10559,30.3
5,2,6,80,19,4,add_lane,2,9428,27.5,11691,33.0
5,2,6,80,19,4,change_speed,-10,9428,27.5,8839,21.7
5,2,6,80,19,4,change_speed,0,9428,27.5,9428,24.8
5,2,6,80,19,4,change_speed,10,9428,27.5,10017,27.8
5,2,6,80,19,5,add_lane,0,6804,32.5,6804,32.5
5,2,6,80,19,5,add_lane,1,6804,32.5,7620,35.8
5,2,6,80,19,5,add_lane,2,6804,32.5,8437,39.0
5,2,6,80,19,5,change_speed,-10,6804,32.5,6379,25.6
5,2,6,80,19,5,change_speed,0,6804,32.5,6804,29.2
5,2,6,80,19,5,change_speed,10,6804,32.5,7229,32.9
5,2,6,80,19,6,add_lane,0,5978,41.5,5978,41.5
5,2,6,80,19,6,add_lane,1,5978,41.5,6695,45.7
5,2,6,80,19,6,add_lane,2,5978,41.5,7413,49.8
5,2,6,80,19,6,change_speed,-10,5978,41.5,5604,32.7
5,2,6,80,19,6,change_speed,0,5978,41.5,5978,37.4
5,2,6,80,19,6,change_speed,10,5978,41.5,6352,42.0
5,2,6,80,20,0,add_lane,0,3720,53.7,3720,53.7
5,2,6,80,20,0,add_lane,1,3720,53.7,4166,59.1
5,2,6,80,20,0,add_lane,2,3720,53.7,4613,64.4
5,2,6,80,20,0,change_speed,-10,3720,53.7,3488,42.3
5,2,6,80,20,0,change_speed,0,3720,53.7,3720,48.3
5,2,6,80,20,0,change_speed,10,3720,53.7,3952,54.4
5,2,6,80,20,1,add_lane,0,7560,39.5,7560,39.5
5,2,6,80,20,1,add_lane,1,7560,39.5,8467,43.5
5,2,6,80,20,1,add_lane,2,7560,39.5,9374,47.4
5,2,6,80,20,1,change_speed,-10,7560,39.5,7088,31.1
5,2,6,80,20,1,change_speed,0,7560,39.5,7560,35.6
5,2,6,80,20,1,change_speed,10,7560,39.5,8032,40.0
5,2,6,80,20,2,add_lane,0,7333,43.6,7333,43.6
5,2,6,80,20,2,add_lane,1,7333,43.6,8213,48.0
5,2,6,80,20,2,add_lane,2,7333,43.6,9093,52.3
5,2,6,80,20,2,change_speed,-10,7333,43.6,6875,34.3
5,2,6,80,20,2,change_speed,0,7333,43.6,7333,39.2
5,2,6,80,20,2,change_speed,10,7333,43.6,7791,44.1
5,2,6,80,20,3,add_lane,0,7333,42.9,7333,42.9
5,2,6,80,20,3,add_lane,1,7333,42.9,8213,47.2
5,2,6,80,20,3,add_lane,2,7333,42.9,9093,51.5
5,2,6,80,20,3,change_speed,-10,7333,42.9,6875,33.8
5,2,6,80,20,3,change_speed,0,7333,42.9,7333,38.6
5,2,6,80,20,3,change_speed,10,7333,42.9,7791,43.4
5,2,6,80,20,4,add_lane,0,7333,44.2,7333,44.2
5,2,6,80,20,4,add_lane,1,7333,44.2,8213,48.6
5,2,6,80,20,4,add_lane,2,7333,44.2,9093,53.0
5,2,6,80,20,4,change_speed,-10,7333,44.2,6875,34.8
5,2,6,80,20,4,change_speed,0,7333,44.2,7333,39.8
5,2,6,80,20,4,change_speed,10,7333,44.2,7791,44.8
5,2,6,80,20,5,add_lane,0,5292,36.4,5292,36.4
5,2,6,80,20,5,add_lane,1,5292,36.4,5927,40.0
5,2,6,80,20,5,add_lane,2,5292,36.4,6562,43.7
5,2,6,80,20,5,change_speed,-10,5292,36.4,4961,28.7
5,2,6,80,20,5,change_speed,0,5292,36.4,5292,32.8
5,2,6,80,20,5,change_speed,10,5292,36.4,5623,36.9
5,2,6,80,20,6,add_lane,0,4649,47.2,4649,47.2
5,2,6,80,20,6,add_lane,1,4649,47.2,5207,51.9
5,2,6,80,20,6,add_lane,2,4649,47.2,5765,56.6
5,2,6,80,20,6,change_speed,-10,4649,47.2,4358,37.2
5,2,6,80,20,6,change_speed,0,4649,47.2,4649,42.5
5,2,6,80,20,6,change_speed,10,4649,47.2,4940,47.8
5,2,6,80,21,0,add_lane,0,2657,66.3,2657,66.3
5,2,6,80,21,0,add_lane,1,2657,66.3,2976,72.9
5,2,6,80,21,0,add_lane,2,2657,66.3,3295,79.6
5,2,6,80,21,0,change_speed,-10,2657,66.3,2491,52.2
5,2,6,80,21,0,change_speed,0,2657,66.3,2657,59.7
5,2,6,80,21,0,change_speed,10,2657,66.3,2823,67.1
5,2,6,80,21,1,add_lane,0,5400,52.8,5400,52.8
5,2,6,80,21,1,add_lane,1,5400,52.8,6048,58.1
5,2,6,80,21,1,add_lane,2,5400,52.8,6696,63.4
5,2,6,80,21,1,change_speed,-10,5400,52.8,5062,41.6
5,2,6,80,21,1,change_speed,0,5400,52.8,5400,47.5
5,2,6,80,21,1,change_speed,10,5400,52.8,5738,53.5
5,2,6,80,21,2,add_lane,0,5238,50.6,5238,50.6
5,2,6,80,21,2,add_lane,1,5238,50.6,5867,55.7
5,2,6,80,21,2,add_lane,2,5238,50.6,6495,60.7
5,2,6,80,21,2,change_speed,-10,5238,50.6,4911,39.8
5,2,6,80,21,2,change_speed,0,5238,50.6,5238,45.5
5,2,6,80,21,2,change_speed,10,5238,50.6,5565,51.2
5,2,6,80,21,3,add_lane,0,5238,45.6,5238,45.6
5,2,6,80,21,3,add_lane,1,5238,45.6,5867,50.2
5,2,6,80,21,3,add_lane,2,5238,45.6,6495,54.7
5,2,6,80,21,3,change_speed,-10,5238,45.6,4911,35.9
5,2,6,80,21,3,change_speed,0,5238,45.6,5238,41.0
5,2,6,80,21,3,change_speed,10,5238,45.6,5565,46.2
5,2,6,80,21,4,add_lane,0,5238,58.6,5238,58.6
5,2,6,80,21,4,add_lane,1,5238,58.6,5867,64.5
5,2,6,80,21,4,add_lane,2,5238,58.6,6495,70.3
5,2,6,80,21,4,change_speed,-10,5238,58.6,4911,46.1
5,2,6,80,21,4,change_speed,0,5238,58.6,5238,52.7
5,2,6,80,21,4,change_speed,10,5238,58.6,5565,59.3
5,2,6,80,21,5,add_lane,0,3780,40.0,3780,40.0
5,2,6,80,21,5,add_lane,1,3780,40.0,4234,44.0
5,2,6,80,21,5,add_lane,2,3780,40.0,4687,48.0
5,2,6,80,21,5,change_speed,-10,3780,40.0,3544,31.5
5,2,6,80,21,5,change_speed,0,3780,40.0,3780,36.0
5,2,6,80,21,5,change_speed,10,3780,40.0,4016,40.5
5,2,6,80,21,6,add_lane,0,3321,60.6,3321,60.6
5,2,6,80,21,6,add_lane,1,3321,60.6,3720,66.7
5,2,6,80,21,6,add_lane,2,3321,60.6,4118,72.7
5,2,6,80,21,6,change_speed,-10,3321,60.6,3113,47.7
5,2,6,80,21,6,change_speed,0,3321,60.6,3321,54.5
5,2,6,80,21,6,change_speed,10,3321,60.6,3529,61.4
5,2,6,80,22,0,add_lane,0,1860,65.8,1860,65.8
5,2,6,80,22,0,add_lane,1,1860,65.8,2083,72.4
5,2,6,80,22,0,add_lane,2,1860,65.8,2306,79.0
5,2,6,80,22,0,change_speed,-10,1860,65.8,1744,51.8
5,2,6,80,22,0,change_speed,0,1860,65.8,1860,59.2
5,2,6,80,22,0,change_speed,10,1860,65.8,1976,66.6
5,2,6,80,22,1,add_lane,0,3780,67.5,3780,67.5
5,2,6,80,22,1,add_lane,1,3780,67.5,4234,74.2
5,2,6,80,22,1,add_lane,2,3780,67.5,4687,81.0
5,2,6,80,22,1,change_speed,-10,3780,67.5,3544,53.2
5,2,6,80,22,1,change_speed,0,3780,67.5,3780,60.8
5,2,6,80,22,1,change_speed,10,3780,67.5,4016,68.3
5,2,6,80,22,2,add_lane,0,3667,65.0,3667,65.0
5,2,6,80,22,2,add_lane,1,3667,65.0,4107,71.5
5,2,6,80,22,2,add_lane,2,3667,65.0,4547,78.0
5,2,6,80,22,2,change_speed,-10,3667,65.0,3438,51.2
5,2,6,80,22,2,change_speed,0,3667,65.0,3667,58.5
5,2,6,80,22,2,change_speed,10,3667,65.0,3896,65.8
5,2,6,80,22,3,add_lane,0,3667,59.0,3667,59.0
5,2,6,80,22,3,add_lane,1,3667,59.0,4107,64.9
5,2,6,80,22,3,add_lane,2,3667,59.0,4547,70.8
5,2,6,80,22,3,change_speed,-10,3667,59.0,3438,46.5
5,2,6,80,22,3,change_speed,0,3667,59.0,3667,53.1
5,2,6,80,22,3,change_speed,10,3667,59.0,3896,59.7
5,2,6,80,22,4,add_lane,0,3667,64.4,3667,64.4
5,2,6,80,22,4,add_lane,1,3667,64.4,4107,70.8
5,2,6,80,22,4,add_lane,2,3667,64.4,4547,77.3
5,2,6,80,22,4,change_speed,-10,3667,64.4,3438,50.7
5,2,6,80,22,4,change_speed,0,3667,64.4,3667,58.0
5,2,6,80,22,4,change_speed,10,3667,64.4,3896,65.2
5,2,6,80,22,5,add_lane,0,2646,41.7,2646,41.7
5,2,6,80,22,5,add_lane,1,2646,41.7,2964,45.9
5,2,6,80,22,5,add_lane,2,2646,41.7,3281,50.0
5,2,6,80,22,5,change_speed,-10,2646,41.7,2481,32.8
5,2,6,80,22,5,change_speed,0,2646,41.7,2646,37.5
5,2,6,80,22,5,change_speed,10,2646,41.7,2811,42.2
5,2,6,80,22,6,add_lane,0,2325,57.9,2325,57.9
5,2,6,80,22,6,add_lane,1,2325,57.9,2604,63.7
5,2,6,80,22,6,add_lane,2,2325,57.9,2883,69.5
5,2,6,80,22,6,change_speed,-10,2325,57.9,2180,45.6
5,2,6,80,22,6,change_speed,0,2325,57.9,2325,52.1
5,2,6,80,22,6,change_speed,10,2325,57.9,2470,58.6
5,2,6,80,23,0,add_lane,0,1328,68.1,1328,68.1
5,2,6,80,23,0,add_lane,1,1328,68.1,1487,74.9
5,2,6,80,23,0,add_lane,2,1328,68.1,1647,81.7
5,2,6,80,23,0,change_speed,-10,1328,68.1,1245,53.6
5,2,6,80,23,0,change_speed,0,1328,68.1,1328,61.3
5,2,6,80,23,0,change_speed,10,1328,68.1,1411,69.0
5,2,6,80,23,1,add_lane,0,2700,72.2,2700,72.2
5,2,6,80,23,1,add_lane,1,2700,72.2,3024,79.4
5,2,6,80,23,1,add_lane,2,2700,72.2,3348,86.6
5,2,6,80,23,1,change_speed,-10,2700,72.2,2531,56.9
5,2,6,80,23,1,change_speed,0,2700,72.2,2700,65.0
5,2,6,80,23,1,change_speed,10,2700,72.2,2869,73.1
5,2,6,80,23,2,add_lane,0,2619,67.1,2619,67.1
5,2,6,80,23,2,add_lane,1,2619,67.1,2933,73.8
5,2,6,80,23,2,add_lane,2,2619,67.1,3248,80.5
5,2,6,80,23,2,change_speed,-10,2619,67.1,2455,52.8
5,2,6,80,23,2,change_speed,0,2619,67.1,2619,60.4
5,2,6,80,23,2,change_speed,10,2619,67.1,2783,67.9
5,2,6,80,23,3,add_lane,0,2619,66.2,2619,66.2
5,2,6,80,23,3,add_lane,1,2619,66.2,2933,72.8
5,2,6,80,23,3,add_lane,2,2619,66.2,3248,79.4
5,2,6,80,23,3,change_speed,-10,2619,66.2,2455,52.1
5,2,6,80,23,3,change_speed,0,2619,66.2,2619,59.6
5,2,6,80,23,3,change_speed,10,2619,66.2,2783,67.0
5,2,6,80,23,4,add_lane,0,2619,62.1,2619,62.1
5,2,6,80,23,4,add_lane,1,2619,62.1,2933,68.3
5,2,6,80,23,4,add_lane,2,2619,62.1,3248,74.5
5,2,6,80,23,4,change_speed,-10,2619,62.1,2455,48.9
5,2,6,80,23,4,change_speed,0,2619,62.1,2619,55.9
5,2,6,80,23,4,change_speed,10,2619,62.1,2783,62.9
5,2,6,80,23,5,add_lane,0,1890,52.6,1890,52.6
5,2,6,80,23,5,add_lane,1,1890,52.6,2117,57.9
5,2,6,80,23,5,add_lane,2,1890,52.6,2344,63.1
5,2,6,80,23,5,change_speed,-10,1890,52.6,1772,41.4
5,2,6,80,23,5,change_speed,0,1890,52.6,1890,47.3
5,2,6,80,23,5,change_speed,10,1890,52.6,2008,53.3
5,2,6,80,23,6,add_lane,0,1660,49.8,1660,49.8
5,2,6,80,23,6,add_lane,1,1660,49.8,1859,54.8
5,2,6,80,23,6,add_lane,2,1660,49.8,2058,59.8
5,2,6,80,23,6,change_speed,-10,1660,49.8,1556,39.2
5,2,6,80,23,6,change_speed,0,1660,49.8,1660,44.8
5,2,6,80,23,6,change_speed,10,1660,49.8,1764,50.4
6,2,6,80,0,0,add_lane,0,930,70.4,930,70.4
6,2,6,80,0,0,add_lane,1,930,70.4,1042,77.4
6,2,6,80,0,0,add_lane,2,930,70.4,1153,84.5
6,2,6,80,0,0,change_speed,-10,930,70.4,872,55.4
6,2,6,80,0,0,change_speed,0,930,70.4,930,63.4
6,2,6,80,0,0,change_speed,10,930,70.4,988,71.3
6,2,6,80,0,1,add_lane,0,1890,72.1,1890,72.1
6,2,6,80,0,1,add_lane,1,1890,72.1,2117,79.3
6,2,6,80,0,1,add_lane,2,1890,72.1,2344,86.5
6,2,6,80,0,1,change_speed,-10,1890,72.1,1772,56.8
6,2,6,80,0,1,change_speed,0,1890,72.1,1890,64.9
6,2,6,80,0,1,change_speed,10,1890,72.1,2008,73.0
6,2,6,80,0,2,add_lane,0,1833,70.3,1833,70.3
6,2,6,80,0,2,add_lane,1,1833,70.3,2053,77.3
6,2,6,80,0,2,add_lane,2,1833,70.3,2273,84.4
6,2,6,80,0,2,change_speed,-10,1833,70.3,1718,55.4
6,2,6,80,0,2,change_speed,0,1833,70.3,1833,63.3
6,2,6,80,0,2,change_speed,10,1833,70.3,1948,71.2
6,2,6,80,0,3,add_lane,0,1833,71.7,1833,71.7
6,2,6,80,0,3,add_lane,1,1833,71.7,2053,78.9
6,2,6,80,0,3,add_lane,2,1833,71.7,2273,86.0
6,2,6,80,0,3,change_speed,-10,1833,71.7,1718,56.5
6,2,6,80,0,3,change_speed,0,1833,71.7,1833,64.5
6,2,6,80,0,3,change_speed,10,1833,71.7,1948,72.6
6,2,6,80,0,4,add_lane,0,1833,64.5,1833,64.5
6,2,6,80,0,4,add_lane,1,1833,64.5,2053,71.0
6,2,6,80,0,4,add_lane,2,1833,64.5,2273,77.4
6,2,6,80,0,4,change_speed,-10,1833,64.5,1718,50.8
6,2,6,80,0,4,change_speed,0,1833,64.5,1833,58.1
6,2,6,80,0,4,change_speed,10,1833,64.5,1948,65.3
6,2,6,80,0,5,add_lane,0,1323,46.3,1323,46.3
6,2,6,80,0,5,add_lane,1,1323,46.3,1482,50.9
6,2,6,80,0,5,add_lane,2,1323,46.3,1641,55.6
6,2,6,80,0,5,change_speed,-10,1323,46.3,1240,36.5
6,2,6,80,0,5,change_speed,0,1323,46.3,1323,41.7
6,2,6,80,0,5,change_speed,10,1323,46.3,1406,46.9
6,2,6,80,0,6,add_lane,0,1162,56.7,1162,56.7
6,2,6,80,0,6,add_lane,1,1162,56.7,1301,62.4
6,2,6,80,0,6,add_lane,2,1162,56.7,1441,68.0
6,2,6,80,0,6,change_speed,-10,1162,56.7,1089,44.7
6,2,6,80,0,6,change_speed,0,1162,56.7,1162,51.0
6,2,6,80,0,6,change_speed,10,1162,56.7,1235,57.4
6,2,6,80,1,0,add_lane,0,797,71.5,797,71.5
6,2,6,80,1,0,add_lane,1,797,71.5,893,78.7
6,2,6,80,1,0,add_lane,2,797,71.5,988,85.8
6,2,6,80,1,0,change_speed,-10,797,71.5,747,56.3
6,2,6,80,1,0,change_speed,0,797,71.5,797,64.4
6,2,6,80,1,0,change_speed,10,797,71.5,847,72.4
6,2,6,80,1,1,add_lane,0,1620,84.0,1620,84.0
6,2,6,80,1,1,add_lane,1,1620,84.0,1814,92.4
6,2,6,80,1,1,add_lane,2,1620,84.0,2009,100.8
6,2,6,80,1,1,change_speed,-10,1620,84.0,1519,66.2
6,2,6,80,1,1,change_speed,0,1620,84.0,1620,75.6
6,2,6,80,1,1,change_speed,10,1620,84.0,1721,85.0
6,2,6,80,1,2,add_lane,0,1571,70.4,1571,70.4
6,2,6,80,1,2,add_lane,1,1571,70.4,1760,77.4
6,2,6,80,1,2,add_lane,2,1571,70.4,1948,84.5
6,2,6,80,1,2,change_speed,-10,1571,70.4,1473,55.4
6,2,6,80,1,2,change_speed,0,1571,70.4,1571,63.4
6,2,6,80,1,2,change_speed,10,1571,70.4,1669,71.3
6,2,6,80,1,3,add_lane,0,1571,72.1,1571,72.1
6,2,6,80,1,3,add_lane,1,1571,72.1,1760,79.3
6,2,6,80,1,3,add_lane,2,1571,72.1,1948,86.5
6,2,6,80,1,3,change_speed,-10,1571,72.1,1473,56.8
6,2,6,80,1,3,change_speed,0,1571,72.1,1571,64.9
6,2,6,80,1,3,change_speed,10,1571,72.1,1669,73.0
6,2,6,80,1,4,add_lane,0,1571,80.5,1571,80.5
6,2,6,80,1,4,add_lane,1,1571,80.5,1760,88.6
6,2,6,80,1,4,add_lane,2,1571,80.5,1948,96.6
6,2,6,80,1,4,change_speed,-10,1571,80.5,1473,63.4
6,2,6,80,1,4,change_speed,0,1571,80.5,1571,72.5
6,2,6,80,1,4,change_speed,10,1571,80.5,1669,81.5
6,2,6,80,1,5,add_lane,0,1134,51.5,1134,51.5
6,2,6,80,1,5,add_lane,1,1134,51.5,1270,56.7
6,2,6,80,1,5,add_lane,2,1134,51.5,1406,61.8
6,2,6,80,1,5,change_speed,-10,1134,51.5,1063,40.6
6,2,6,80,1,5,change_speed,0,1134,51.5,1134,46.4
6,2,6,80,1,5,change_speed,10,1134,51.5,1205,52.1
6,2,6,80,1,6,add_lane,0,996,60.7,996,60.7
6,2,6,80,1,6,add_lane,1,996,60.7,1116,66.8
6,2,6,80,1,6,add_lane,2,996,60.7,1235,72.8
6,2,6,80,1,6,change_speed,-10,996,60.7,934,47.8
6,2,6,80,1,6,change_speed,0,996,60.7,996,54.6
6,2,6,80,1,6,change_speed,10,996,60.7,1058,61.5
6,2,6,80,2,0,add_lane,0,744,69.9,744,69.9
6,2,6,80,2,0,add_lane,1,744,69.9,833,76.9
6,2,6,80,2,0,add_lane,2,744,69.9,923,83.9
6,2,6,80,2,0,change_speed,-10,744,69.9,698,55.0
6,2,6,80,2,0,change_speed,0,744,69.9,744,62.9
6,2,6,80,2,0,change_speed,10,744,69.9,790,70.8
6,2,6,80,2,1,add_lane,0,1512,70.6,1512,70.6
6,2,6,80,2,1,add_lane,1,1512,70.6,1693,77.7
6,2,6,80,2,1,add_lane,2,1512,70.6,1875,84.7
6,2,6,80,2,1,change_speed,-10,1512,70.6,1418,55.6
6,2,6,80,2,1,change_speed,0,1512,70.6,1512,63.5
6,2,6,80,2,1,change_speed,10,1512,70.6,1606,71.5
6,2,6,80,2,2,add_lane,0,1467,66.4,1467,66.4
6,2,6,80,2,2,add_lane,1,1467,66.4,1643,73.0
6,2,6,80,2,2,add_lane,2,1467,66.4,1819,79.7
6,2,6,80,2,2,change_speed,-10,1467,66.4,1375,52.3
6,2,6,80,2,2,change_speed,0,1467,66.4,1467,59.8
6,2,6,80,2,2,change_speed,10,1467,66.4,1559,67.2
6,2,6,80,2,3,add_lane,0,1467,63.5,1467,63.5
6,2,6,80,2,3,add_lane,1,1467,63.5,1643,69.9
6,2,6,80,2,3,add_lane,2,1467,63.5,1819,76.2
6,2,6,80,2,3,change_speed,-10,1467,63.5,1375,50.0
6,2,6,80,2,3,change_speed,0,1467,63.5,1467,57.1
6,2,6,80,2,3,change_speed,10,1467,63.5,1559,64.3
6,2,6,80,2,4,add_lane,0,1467,76.0,1467,76.0
6,2,6,80,2,4,add_lane,1,1467,76.0,1643,83.6
6,2,6,80,2,4,add_lane,2,1467,76.0,1819,91.2
6,2,6,80,2,4,change_speed,-10,1467,76.0,1375,59.9
6,2,6,80,2,4,change_speed,0,1467,76.0,1467,68.4
6,2,6,80,2,4,change_speed,10,1467,76.0,1559,77.0
6,2,6,80,2,5,add_lane,0,1058,52.2,1058,52.2
6,2,6,80,2,5,add_lane,1,1058,52.2,1185,57.4
6,2,6,80,2,5,add_lane,2,1058,52.2,1312,62.6
6,2,6,80,2,5,change_speed,-10,1058,52.2,992,41.1
6,2,6,80,2,5,change_speed,0,1058,52.2,1058,47.0
6,2,6,80,2,5,change_speed,10,1058,52.2,1124,52.9
6,2,6,80,2,6,add_lane,0,930,79.1,930,79.1
6,2,6,80,2,6,add_lane,1,930,79.1,1042,87.0
6,2,6,80,2,6,add_lane,2,930,79.1,1153,94.9
6,2,6,80,2,6,change_speed,-10,930,79.1,872,62.3
6,2,6,80,2,6,change_speed,0,930,79.1,930,71.2
6,2,6,80,2,6,change_speed,10,930,79.1,988,80.1
6,2,6,80,3,0,add_lane,0,664,73.4,664,73.4
6,2,6,80,3,0,add_lane,1,664,73.4,744,80.7
6,2,6,80,3,0,add_lane,2,664,73.4,823,88.1
6,2,6,80,3,0,change_speed,-10,664,73.4,622,57.8
6,2,6,80,3,0,change_speed,0,664,73.4,664,66.1
6,2,6,80,3,0,change_speed,10,664,73.4,706,74.3
6,2,6,80,3,1,add_lane,0,1350,83.3,1350,83.3
6,2,6,80,3,1,add_lane,1,1350,83.3,1512,91.6
6,2,6,80,3,1,add_lane,2,1350,83.3,1674,100.0
6,2,6,80,3,1,change_speed,-10,1350,83.3,1266,65.6
6,2,6,80,3,1,change_speed,0,1350,83.3,1350,75.0
6,2,6,80,3,1,change_speed,10,1350,83.3,1434,84.3
6,2,6,80,3,2,add_lane,0,1310,78.3,1310,78.3
6,2,6,80,3,2,add_lane,1,1310,78.3,1467,86.1
6,2,6,80,3,2,add_lane,2,1310,78.3,1624,94.0
6,2,6,80,3,2,change_speed,-10,1310,78.3,1228,61.7
6,2,6,80,3,2,change_speed,0,1310,78.3,1310,70.5
6,2,6,80,3,2,change_speed,10,1310,78.3,1392,79.3
6,2,6,80,3,3,add_lane,0,1310,77.6,1310,77.6
6,2,6,80,3,3,add_lane,1,1310,77.6,1467,85.4
6,2,6,80,3,3,add_lane,2,1310,77.6,1624,93.1
6,2,6,80,3,3,change_speed,-10,1310,77.6,1228,61.1
6,2,6,80,3,3,change_speed,0,1310,77.6,1310,69.8
6,2,6,80,3,3,change_speed,10,1310,77.6,1392,78.6
6,2,6,80,3,4,add_lane,0,1310,83.3,1310,83.3
6,2,6,80,3,4,add_lane,1,1310,83.3,1467,91.6
6,2,6,80,3,4,add_lane,2,1310,83.3,1624,100.0
6,2,6,80,3,4,change_speed,-10,1310,83.3,1228,65.6
6,2,6,80,3,4,change_speed,0,1310,83.3,1310,75.0
6,2,6,80,3,4,change_speed,10,1310,83.3,1392,84.3
6,2,6,80,3,5,add_lane,0,945,53.1,945,53.1
6,2,6,80,3,5,add_lane,1,945,53.1,1058,58.4
6,2,6,80,3,5,add_lane,2,945,53.1,1172,63.7
6,2,6,80,3,5,change_speed,-10,945,53.1,886,41.8
6,2,6,80,3,5,change_speed,0,945,53.1,945,47.8
6,2,6,80,3,5,change_speed,10,945,53.1,1004,53.8
6,2,6,80,3,6,add_lane,0,830,66.1,830,66.1
6,2,6,80,3,6,add_lane,1,830,66.1,930,72.7
6,2,6,80,3,6,add_lane,2,830,66.1,1029,79.3
6,2,6,80,3,6,change_speed,-10,830,66.1,778,52.1
6,2,6,80,3,6,change_speed,0,830,66.1,830,59.5
6,2,6,80,3,6,change_speed,10,830,66.1,882,66.9
6,2,6,80,4,0,add_lane,0,744,71.6,744,71.6
6,2,6,80,4,0,add_lane,1,744,71.6,833,78.8
6,2,6,80,4,0,add_lane,2,744,71.6,923,85.9
6,2,6,80,4,0,change_speed,-10,744,71.6,698,56.4
6,2,6,80,4,0,change_speed,0,744,71.6,744,64.4
6,2,6,80,4,0,change_speed,10,744,71.6,790,72.5
6,2,6,80,4,1,add_lane,0,1512,72.6,1512,72.6
6,2,6,80,4,1,add_lane,1,1512,72.6,1693,79.9
6,2,6,80,4,1,add_lane,2,1512,72.6,1875,87.1
6,2,6,80,4,1,change_speed,-10,1512,72.6,1418,57.2
6,2,6,80,4,1,change_speed,0,1512,72.6,1512,65.3
6,2,6,80,4,1,change_speed,10,1512,72.6,1606,73.5
6,2,6,80,4,2,add_lane,0,1467,73.7,1467,73.7
6,2,6,80,4,2,add_lane,1,1467,73.7,1643,81.1
6,2,6,80,4,2,add_lane,2,1467,73.7,1819,88.4
6,2,6,80,4,2,change_speed,-10,1467,73.7,1375,58.0
6,2,6,80,4,2,change_speed,0,1467,73.7,1467,66.3
6,2,6,80,4,2,change_speed,10,1467,73.7,1559,74.6
6,2,6,80,4,3,add_lane,0,1467,77.4,1467,77.4
6,2,6,80,4,3,add_lane,1,1467,77.4,1643,85.1
6,2,6,80,4,3,add_lane,2,1467,77.4,1819,92.9
6,2,6,80,4,3,change_speed,-10,1467,77.4,1375,61.0
6,2,6,80,4,3,change_speed,0,1467,77.4,1467,69.7
6,2,6,80,4,3,change_speed,10,1467,77.4,1559,78.4
6,2,6,80,4,4,add_lane,0,1467,68.9,1467,68.9
6,2,6,80,4,4,add_lane,1,1467,68.9,1643,75.8
6,2,6,80,4,4,add_lane,2,1467,68.9,1819,82.7
6,2,6,80,4,4,change_speed,-10,1467,68.9,1375,54.3
6,2,6,80,4,4,change_speed,0,1467,68.9,1467,62.0
6,2,6,80,4,4,change_speed,10,1467,68.9,1559,69.8
6,2,6,80,4,5,add_lane,0,1058,53.0,1058,53.0
6,2,6,80,4,5,add_lane,1,1058,53.0,1185,58.3
6,2,6,80,4,5,add_lane,2,1058,53.0,1312,63.6
6,2,6,80,4,5,change_speed,-10,1058,53.0,992,41.7
6,2,6,80,4,5,change_speed,0,1058,53.0,1058,47.7
6,2,6,80,4,5,change_speed,10,1058,53.0,1124,53.7
6,2,6,80,4,6,add_lane,0,930,70.1,930,70.1
6,2,6,80,4,6,add_lane,1,930,70.1,1042,77.1
6,2,6,80,4,6,add_lane,2,930,70.1,1153,84.1
6,2,6,80,4,6,change_speed,-10,930,70.1,872,55.2
6,2,6,80,4,6,change_speed,0,930,70.1,930,63.1
6,2,6,80,4,6,change_speed,10,930,70.1,988,71.0
6,2,6,80,5,0,add_lane,0,1196,68.8,1196,68.8
6,2,6,80,5,0,add_lane,1,1196,68.8,1340,75.7
6,2,6,80,5,0,add_lane,2,1196,68.8,1483,82.6
6,2,6,80,5,0,change_speed,-10,1196,68.8,1121,54.2
6,2,6,80,5,0,change_speed,0,1196,68.8,1196,61.9
6,2,6,80,5,0,change_speed,10,1196,68.8,1271,69.7
6,2,6,80,5,1,add_lane,0,2430,81.1,2430,81.1
6,2,6,80,5,1,add_lane,1,2430,81.1,2722,89.2
6,2,6,80,5,1,add_lane,2,2430,81.1,3013,97.3
6,2,6,80,5,1,change_speed,-10,2430,81.1,2278,63.9
6,2,6,80,5,1,change_speed,0,2430,81.1,2430,73.0
6,2,6,80,5,1,change_speed,10,2430,81.1,2582,82.1
6,2,6,80,5,2,add_lane,0,2357,58.2,2357,58.2
6,2,6,80,5,2,add_lane,1,2357,58.2,2640,64.0
6,2,6,80,5,2,add_lane,2,2357,58.2,2923,69.8
6,2,6,80,5,2,change_speed,-10,2357,58.2,2210,45.8
6,2,6,80,5,2,change_speed,0,2357,58.2,2357,52.4
6,2,6,80,5,2,change_speed,10,2357,58.2,2504,58.9
6,2,6,80,5,3,add_lane,0,2357,76.3,2357,76.3
6,2,6,80,5,3,add_lane,1,2357,76.3,2640,83.9
6,2,6,80,5,3,add_lane,2,2357,76.3,2923,91.6
6,2,6,80,5,3,change_speed,-10,2357,76.3,2210,60.1
6,2,6,80,5,3,change_speed,0,2357,76.3,2357,68.7
6,2,6,80,5,3,change_speed,10,2357,76.3,2504,77.3
6,2,6,80,5,4,add_lane,0,2357,69.0,2357,69.0
6,2,6,80,5,4,add_lane,1,2357,69.0,2640,75.9
6,2,6,80,5,4,add_lane,2,2357,69.0,2923,82.8
6,2,6,80,5,4,change_speed,-10,2357,69.0,2210,54.3
6,2,6,80,5,4,change_speed,0,2357,69.0,2357,62.1
6,2,6,80,5,4,change_speed,10,2357,69.0,2504,69.9
6,2,6,80,5,5,add_lane,0,1701,50.7,1701,50.7
6,2,6,80,5,5,add_lane,1,1701,50.7,1905,55.8
6,2,6,80,5,5,add_lane,2,1701,50.7,2109,60.8
6,2,6,80,5,5,change_speed,-10,1701,50.7,1595,39.9
6,2,6,80,5,5,change_speed,0,1701,50.7,1701,45.6
6,2,6,80,5,5,change_speed,10,1701,50.7,1807,51.3
6,2,6,80,5,6,add_lane,0,1494,66.8,1494,66.8
6,2,6,80,5,6,add_lane,1,1494,66.8,1673,73.5
6,2,6,80,5,6,add_lane,2,1494,66.8,1853,80.2
6,2,6,80,5,6,change_speed,-10,1494,66.8,1401,52.6
6,2,6,80,5,6,change_speed,0,1494,66.8,1494,60.1
6,2,6,80,5,6,change_speed,10,1494,66.8,1587,67.6
6,2,6,80,6,0,add_lane,0,2125,66.5,2125,66.5
6,2,6,80,6,0,add_lane,1,2125,66.5,2380,73.2
6,2,6,80,6,0,add_lane,2,2125,66.5,2635,79.8
6,2,6,80,6,0,change_speed,-10,2125,66.5,1992,52.4
6,2,6,80,6,0,change_speed,0,2125,66.5,2125,59.9
6,2,6,80,6,0,change_speed,10,2125,66.5,2258,67.3
6,2,6,80,6,1,add_lane,0,4320,55.4,4320,55.4
6,2,6,80,6,1,add_lane,1,4320,55.4,4838,60.9
6,2,6,80,6,1,add_lane,2,4320,55.4,5357,66.5
6,2,6,80,6,1,change_speed,-10,4320,55.4,4050,43.6
6,2,6,80,6,1,change_speed,0,4320,55.4,4320,49.9
6,2,6,80,6,1,change_speed,10,4320,55.4,4590,56.1
6,2,6,80,6,2,add_lane,0,4190,59.1,4190,59.1
6,2,6,80,6,2,add_lane,1,4190,59.1,4693,65.0
6,2,6,80,6,2,add_lane,2,4190,59.1,5196,70.9
6,2,6,80,6,2,change_speed,-10,4190,59.1,3928,46.5
6,2,6,80,6,2,change_speed,0,4190,59.1,4190,53.2
6,2,6,80,6,2,change_speed,10,4190,59.1,4452,59.8
6,2,6,80,6,3,add_lane,0,4190,56.0,4190,56.0
6,2,6,80,6,3,add_lane,1,4190,56.0,4693,61.6
6,2,6,80,6,3,add_lane,2,4190,56.0,5196,67.2
6,2,6,80,6,3,change_speed,-10,4190,56.0,3928,44.1
6,2,6,80,6,3,change_speed,0,4190,56.0,4190,50.4
6,2,6,80,6,3,change_speed,10,4190,56.0,4452,56.7
6,2,6,80,6,4,add_lane,0,4190,62.4,4190,62.4
6,2,6,80,6,4,add_lane,1,4190,62.4,4693,68.6
6,2,6,80,6,4,add_lane,2,4190,62.4,5196,74.9
6,2,6,80,6,4,change_speed,-10,4190,62.4,3928,49.1
6,2,6,80,6,4,change_speed,0,4190,62.4,4190,56.2
6,2,6,80,6,4,change_speed,10,4190,62.4,4452,63.2
6,2,6,80,6,5,add_lane,0,3024,38.4,3024,38.4
6,2,6,80,6,5,add_lane,1,3024,38.4,3387,42.2
6,2,6,80,6,5,add_lane,2,3024,38.4,3750,46.1
6,2,6,80,6,5,change_speed,-10,3024,38.4,2835,30.2
6,2,6,80,6,5,change_speed,0,3024,38.4,3024,34.6
6,2,6,80,6,5,change_speed,10,3024,38.4,3213,38.9
6,2,6,80,6,6,add_lane,0,2657,52.8,2657,52.8
6,2,6,80,6,6,add_lane,1,2657,52.8,2976,58.1
6,2,6,80,6,6,add_lane,2,2657,52.8,3295,63.4
6,2,6,80,6,6,change_speed,-10,2657,52.8,2491,41.6
6,2,6,80,6,6,change_speed,0,2657,52.8,2657,47.5
6,2,6,80,6,6,change_speed,10,2657,52.8,2823,53.5
6,2,6,80,7,0,add_lane,0,4782,50.5,4782,50.5
6,2,6,80,7,0,add_lane,1,4782,50.5,5356,55.6
6,2,6,80,7,0,add_lane,2,4782,50.5,5930,60.6
6,2,6,80,7,0,change_speed,-10,4782,50.5,4483,39.8
6,2,6,80,7,0,change_speed,0,4782,50.5,4782,45.5
6,2,6,80,7,0,change_speed,10,4782,50.5,5081,51.1
6,2,6,80,7,1,add_lane,0,9720,29.3,9720,29.3
6,2,6,80,7,1,add_lane,1,9720,29.3,10886,32.2
6,2,6,80,7,1,add_lane,2,9720,29.3,12053,35.2
6,2,6,80,7,1,change_speed,-10,9720,29.3,9112,23.1
6,2,6,80,7,1,change_speed,0,9720,29.3,9720,26.4
6,2,6,80,7,1,change_speed,10,9720,29.3,10328,29.7
6,2,6,80,7,2,add_lane,0,9428,29.7,9428,29.7
6,2,6,80,7,2,add_lane,1,9428,29.7,10559,32.7
6,2,6,80,7,2,add_lane,2,9428,29.7,11691,35.6
6,2,6,80,7,2,change_speed,-10,9428,29.7,8839,23.4
6,2,6,80,7,2,change_speed,0,9428,29.7,9428,26.7
6,2,6,80,7,2,change_speed,10,9428,29.7,10017,30.1
6,2,6,80,7,3,add_lane,0,9428,26.3,9428,26.3
6,2,6,80,7,3,add_lane,1,9428,26.3,10559,28.9
6,2,6,80,7,3,add_lane,2,9428,26.3,11691,31.6
6,2,6,80,7,3,change_speed,-10,9428,26.3,8839,20.7
6,2,6,80,7,3,change_speed,0,9428,26.3,9428,23.7
6,2,6,80,7,3,change_speed,10,9428,26.3,10017,26.6
6,2,6,80,7,4,add_lane,0,9428,26.6,9428,26.6
6,2,6,80,7,4,add_lane,1,9428,26.6,10559,29.3
6,2,6,80,7,4,add_lane,2,9428,26.6,11691,31.9
6,2,6,80,7,4,change_speed,-10,9428,26.6,8839,20.9
6,2,6,80,7,4,change_speed,0,9428,26.6,9428,23.9
6,2,6,80,7,4,change_speed,10,9428,26.6,10017,26.9
6,2,6,80,7,5,add_lane,0,6804,29.7,6804,29.7
6,2,6,80,7,5,add_lane,1,6804,29.7,7620,32.7
6,2,6,80,7,5,add_lane,2,6804,29.7,8437,35.6
6,2,6,80,7,5,change_speed,-10,6804,29.7,6379,23.4
6,2,6,80,7,5,change_speed,0,6804,29.7,6804,26.7
6,2,6,80,7,5,change_speed,10,6804,29.7,7229,30.1
6,2,6,80,7,6,add_lane,0,5978,36.2,5978,36.2
6,2,6,80,7,6,add_lane,1,5978,36.2,6695,39.8
6,2,6,80,7,6,add_lane,2,5978,36.2,7413,43.4
6,2,6,80,7,6,change_speed,-10,5978,36.2,5604,28.5
6,2,6,80,7,6,change_speed,0,5978,36.2,5978,32.6
6,2,6,80,7,6,change_speed,10,5978,36.2,6352,36.7
6,2,6,80,8,0,add_lane,0,5845,43.1,5845,43.1
6,2,6,80,8,0,add_lane,1,5845,43.1,6546,47.4
6,2,6,80,8,0,add_lane,2,5845,43.1,7248,51.7
6,2,6,80,8,0,change_speed,-10,5845,43.1,5480,33.9
6,2,6,80,8,0,change_speed,0,5845,43.1,5845,38.8
6,2,6,80,8,0,change_speed,10,5845,43.1,6210,43.6
6,2,6,80,8,1,add_lane,0,11880,13.9,11880,13.9
6,2,6,80,8,1,add_lane,1,11880,13.9,13306,15.3
6,2,6,80,8,1,add_lane,2,11880,13.9,14731,16.7
6,2,6,80,8,1,change_speed,-10,11880,13.9,11138,10.9
6,2,6,80,8,1,change_speed,0,11880,13.9,11880,12.5
6,2,6,80,8,1,change_speed,10,11880,13.9,12622,14.1
6,2,6,80,8,2,add_lane,0,11524,14.2,11524,14.2
6,2,6,80,8,2,add_lane,1,11524,14.2,12907,15.6
6,2,6,80,8,2,add_lane,2,11524,14.2,14290,17.0
6,2,6,80,8,2,change_speed,-10,11524,14.2,10804,11.2
6,2,6,80,8,2,change_speed,0,11524,14.2,11524,12.8
6,2,6,80,8,2,change_speed,10,11524,14.2,12244,14.4
6,2,6,80,8,3,add_lane,0,11524,12.9,11524,12.9
6,2,6,80,8,3,add_lane,1,11524,12.9,12907,14.2
6,2,6,80,8,3,add_lane,2,11524,12.9,14290,15.5
6,2,6,80,8,3,change_speed,-10,11524,12.9,10804,10.2
6,2,6,80,8,3,change_speed,0,11524,12.9,11524,11.6
6,2,6,80,8,3,change_speed,10,11524,12.9,12244,13.1
6,2,6,80,8,4,add_lane,0,11524,16.3,11524,16.3
6,2,6,80,8,4,add_lane,1,11524,16.3,12907,17.9
6,2,6,80,8,4,add_lane,2,11524,16.3,14290,19.6
6,2,6,80,8,4,change_speed,-10,11524,16.3,10804,12.8
6,2,6,80,8,4,change_speed,0,11524,16.3,11524,14.7
6,2,6,80,8,4,change_speed,10,11524,16.3,12244,16.5
6,2,6,80,8,5,add_lane,0,8316,20.4,8316,20.4
6,2,6,80,8,5,add_lane,1,8316,20.4,9314,22.4
6,2,6,80,8,5,add_lane,2,8316,20.4,10312,24.5
6,2,6,80,8,5,change_speed,-10,8316,20.4,7796,16.1
6,2,6,80,8,5,change_speed,0,8316,20.4,8316,18.4
6,2,6,80,8,5,change_speed,10,8316,20.4,8836,20.7
6,2,6,80,8,6,add_lane,0,7306,35.3,7306,35.3
6,2,6,80,8,6,add_lane,1,7306,35.3,8183,38.8
6,2,6,80,8,6,add_lane,2,7306,35.3,9059,42.4
6,2,6,80,8,6,change_speed,-10,7306,35.3,6849,27.8
6,2,6,80,8,6,change_speed,0,7306,35.3,7306,31.8
6,2,6,80,8,6,change_speed,10,7306,35.3,7763,35.7
6,2,6,80,9,0,add_lane,0,4517,49.3,4517,49.3
6,2,6,80,9,0,add_lane,1,4517,49.3,5059,54.2
6,2,6,80,9,0,add_lane,2,4517,49.3,5601,59.2
6,2,6,80,9,0,change_speed,-10,4517,49.3,4235,38.8
6,2,6,80,9,0,change_speed,0,4517,49.3,4517,44.4
6,2,6,80,9,0,change_speed,10,4517,49.3,4799,49.9
6,2,6,80,9,1,add_lane,0,9180,30.1,9180,30.1
6,2,6,80,9,1,add_lane,1,9180,30.1,10282,33.1
6,2,6,80,9,1,add_lane,2,9180,30.1,11383,36.1
6,2,6,80,9,1,change_speed,-10,9180,30.1,8606,23.7
6,2,6,80,9,1,change_speed,0,9180,30.1,9180,27.1
6,2,6,80,9,1,change_speed,10,9180,30.1,9754,30.5
6,2,6,80,9,2,add_lane,0,8905,29.5,8905,29.5
6,2,6,80,9,2,add_lane,1,8905,29.5,9974,32.5
6,2,6,80,9,2,add_lane,2,8905,29.5,11042,35.4
6,2,6,80,9,2,change_speed,-10,8905,29.5,8348,23.2
6,2,6,80,9,2,change_speed,0,8905,29.5,8905,26.6
6,2,6,80,9,2,change_speed,10,8905,29.5,9462,29.9
6,2,6,80,9,3,add_lane,0,8905,30.3,8905,30.3
6,2,6,80,9,3,add_lane,1,8905,30.3,9974,33.3
6,2,6,80,9,3,add_lane,2,8905,30.3,11042,36.4
6,2,6,80,9,3,change_speed,-10,8905,30.3,8348,23.9
6,2,6,80,9,3,change_speed,0,8905,30.3,8905,27.3
6,2,6,80,9,3,change_speed,10,8905,30.3,9462,30.7
6,2,6,80,9,4,add_lane,0,8905,30.6,8905,30.6
6,2,6,80,9,4,add_lane,1,8905,30.6,9974,33.7
6,2,6,80,9,4,add_lane,2,8905,30.6,11042,36.7
6,2,6,80,9,4,change_speed,-10,8905,30.6,8348,24.1
6,2,6,80,9,4,change_speed,0,8905,30.6,8905,27.5
6,2,6,80,9,4,change_speed,10,8905,30.6,9462,31.0
6,2,6,80,9,5,add_lane,0,6426,32.5,6426,32.5
6,2,6,80,9,5,add_lane,1,6426,32.5,7197,35.8
6,2,6,80,9,5,add_lane,2,6426,32.5,7968,39.0
6,2,6,80,9,5,change_speed,-10,6426,32.5,6024,25.6
6,2,6,80,9,5,change_speed,0,6426,32.5,6426,29.2
6,2,6,80,9,5,change_speed,10,6426,32.5,6828,32.9
6,2,6,80,9,6,add_lane,0,5646,36.6,5646,36.6
6,2,6,80,9,6,add_lane,1,5646,36.6,6324,40.3
6,2,6,80,9,6,add_lane,2,5646,36.6,7001,43.9
6,2,6,80,9,6,change_speed,-10,5646,36.6,5293,28.8
6,2,6,80,9,6,change_speed,0,5646,36.6,5646,32.9
6,2,6,80,9,6,change_speed,10,5646,36.6,5999,37.1
6,2,6,80,10,0,add_lane,0,3454,57.8,3454,57.8
6,2,6,80,10,0,add_lane,1,3454,57.8,3868,63.6
6,2,6,80,10,0,add_lane,2,3454,57.8,4283,69.4
6,2,6,80,10,0,change_speed,-10,3454,57.8,3238,45.5
6,2,6,80,10,0,change_speed,0,3454,57.8,3454,52.0
6,2,6,80,10,0,change_speed,10,3454,57.8,3670,58.5
6,2,6,80,10,1,add_lane,0,7020,44.7,7020,44.7
6,2,6,80,10,1,add_lane,1,7020,44.7,7862,49.2
6,2,6,80,10,1,add_lane,2,7020,44.7,8705,53.6
6,2,6,80,10,1,change_speed,-10,7020,44.7,6581,35.2
6,2,6,80,10,1,change_speed,0,7020,44.7,7020,40.2
6,2,6,80,10,1,change_speed,10,7020,44.7,7459,45.3
6,2,6,80,10,2,add_lane,0,6809,44.4,6809,44.4
6,2,6,80,10,2,add_lane,1,6809,44.4,7626,48.8
6,2,6,80,10,2,add_lane,2,6809,44.4,8443,53.3
6,2,6,80,10,2,change_speed,-10,6809,44.4,6383,35.0
6,2,6,80,10,2,change_speed,0,6809,44.4,6809,40.0
6,2,6,80,10,2,change_speed,10,6809,44.4,7235,45.0
6,2,6,80,10,3,add_lane,0,6809,45.6,6809,45.6
6,2,6,80,10,3,add_lane,1,6809,45.6,7626,50.2
6,2,6,80,10,3,add_lane,2,6809,45.6,8443,54.7
6,2,6,80,10,3,change_speed,-10,6809,45.6,6383,35.9
6,2,6,80,10,3,change_speed,0,6809,45.6,6809,41.0
6,2,6,80,10,3,change_speed,10,6809,45.6,7235,46.2
6,2,6,80,10,4,add_lane,0,6809,43.4,6809,43.4
6,2,6,80,10,4,add_lane,1,6809,43.4,7626,47.7
6,2,6,80,10,4,add_lane,2,6809,43.4,8443,52.1
6,2,6,80,10,4,change_speed,-10,6809,43.4,6383,34.2
6,2,6,80,10,4,change_speed,0,6809,43.4,6809,39.1
6,2,6,80,10,4,change_speed,10,6809,43.4,7235,43.9
6,2,6,80,10,5,add_lane,0,4914,36.0,4914,36.0
6,2,6,80,10,5,add_lane,1,4914,36.0,5504,39.6
6,2,6,80,10,5,add_lane,2,4914,36.0,6093,43.2
6,2,6,80,10,5,change_speed,-10,4914,36.0,4607,28.4
6,2,6,80,10,5,change_speed,0,4914,36.0,4914,32.4
6,2,6,80,10,5,change_speed,10,4914,36.0,5221,36.5
6,2,6,80,10,6,add_lane,0,4317,51.7,4317,51.7
6,2,6,80,10,6,add_lane,1,4317,51.7,4835,56.9
6,2,6,80,10,6,add_lane,2,4317,51.7,5353,62.0
6,2,6,80,10,6,change_speed,-10,4317,51.7,4047,40.7
6,2,6,80,10,6,change_speed,0,4317,51.7,4317,46.5
6,2,6,80,10,6,change_speed,10,4317,51.7,4587,52.3
6,2,6,80,11,0,add_lane,0,3188,56.2,3188,56.2
6,2,6,80,11,0,add_lane,1,3188,56.2,3571,61.8
6,2,6,80,11,0,add_lane,2,3188,56.2,3953,67.4
6,2,6,80,11,0,change_speed,-10,3188,56.2,2989,44.3
6,2,6,80,11,0,change_speed,0,3188,56.2,3188,50.6
6,2,6,80,11,0,change_speed,10,3188,56.2,3387,56.9
6,2,6,80,11,1,add_lane,0,6480,49.4,6480,49.4
6,2,6,80,11,1,add_lane,1,6480,49.4,7258,54.3
6,2,6,80,11,1,add_lane,2,6480,49.4,8035,59.3
6,2,6,80,11,1,change_speed,-10,6480,49.4,6075,38.9
6,2,6,80,11,1,change_speed,0,6480,49.4,6480,44.5
6,2,6,80,11,1,change_speed,10,6480,49.4,6885,50.0
6,2,6,80,11,2,add_lane,0,6286,39.3,6286,39.3
6,2,6,80,11,2,add_lane,1,6286,39.3,7040,43.2
6,2,6,80,11,2,add_lane,2,6286,39.3,7795,47.2
6,2,6,80,11,2,change_speed,-10,6286,39.3,5893,30.9
6,2,6,80,11,2,change_speed,0,6286,39.3,6286,35.4
6,2,6,80,11,2,change_speed,10,6286,39.3,6679,39.8
6,2,6,80,11,3,add_lane,0,6286,44.7,6286,44.7
6,2,6,80,11,3,add_lane,1,6286,44.7,7040,49.2
6,2,6,80,11,3,add_lane,2,6286,44.7,7795,53.6
6,2,6,80,11,3,change_speed,-10,6286,44.7,5893,35.2
6,2,6,80,11,3,change_speed,0,6286,44.7,6286,40.2
6,2,6,80,11,3,change_speed,10,6286,44.7,6679,45.3
6,2,6,80,11,4,add_lane,0,6286,43.1,6286,43.1
6,2,6,80,11,4,add_lane,1,6286,43.1,7040,47.4
6,2,6,80,11,4,add_lane,2,6286,43.1,7795,51.7
6,2,6,80,11,4,change_speed,-10,6286,43.1,5893,33.9
6,2,6,80,11,4,change_speed,0,6286,43.1,6286,38.8
6,2,6,80,11,4,change_speed,10,6286,43.1,6679,43.6
6,2,6,80,11,5,add_lane,0,4536,33.8,4536,33.8
6,2,6,80,11,5,add_lane,1,4536,33.8,5080,37.2
6,2,6,80,11,5,add_lane,2,4536,33.8,5625,40.6
6,2,6,80,11,5,change_speed,-10,4536,33.8,4252,26.6
6,2,6,80,11,5,change_speed,0,4536,33.8,4536,30.4
6,2,6,80,11,5,change_speed,10,4536,33.8,4820,34.2
6,2,6,80,11,6,add_lane,0,3985,50.2,3985,50.2
6,2,6,80,11,6,add_lane,1,3985,50.2,4463,55.2
6,2,6,80,11,6,add_lane,2,3985,50.2,4941,60.2
6,2,6,80,11,6,change_speed,-10,3985,50.2,3736,39.5
6,2,6,80,11,6,change_speed,0,3985,50.2,3985,45.2
6,2,6,80,11,6,change_speed,10,3985,50.2,4234,50.8
6,2,6,80,12,0,add_lane,0,2922,57.3,2922,57.3
6,2,6,80,12,0,add_lane,1,2922,57.3,3273,63.0
6,2,6,80,12,0,add_lane,2,2922,57.3,3623,68.8
6,2,6,80,12,0,change_speed,-10,2922,57.3,2739,45.1
6,2,6,80,12,0,change_speed,0,2922,57.3,2922,51.6
6,2,6,80,12,0,change_speed,10,2922,57.3,3105,58.0
6,2,6,80,12,1,add_lane,0,5940,48.2,5940,48.2
6,2,6,80,12,1,add_lane,1,5940,48.2,6653,53.0
6,2,6,80,12,1,add_lane,2,5940,48.2,7366,57.8
6,2,6,80,12,1,change_speed,-10,5940,48.2,5569,38.0
6,2,6,80,12,1,change_speed,0,5940,48.2,5940,43.4
6,2,6,80,12,1,change_speed,10,5940,48.2,6311,48.8
6,2,6,80,12,2,add_lane,0,5762,47.9,5762,47.9
6,2,6,80,12,2,add_lane,1,5762,47.9,6453,52.7
6,2,6,80,12,2,add_lane,2,5762,47.9,7145,57.5
6,2,6,80,12,2,change_speed,-10,5762,47.9,5402,37.7
6,2,6,80,12,2,change_speed,0,5762,47.9,5762,43.1
6,2,6,80,12,2,change_speed,10,5762,47.9,6122,48.5
6,2,6,80,12,3,add_lane,0,5762,55.8,5762,55.8
6,2,6,80,12,3,add_lane,1,5762,55.8,6453,61.4
6,2,6,80,12,3,add_lane,2,5762,55.8,7145,67.0
6,2,6,80,12,3,change_speed,-10,5762,55.8,5402,43.9
6,2,6,80,12,3,change_speed,0,5762,55.8,5762,50.2
6,2,6,80,12,3,change_speed,10,5762,55.8,6122,56.5
6,2,6,80,12,4,add_lane,0,5762,50.2,5762,50.2
6,2,6,80,12,4,add_lane,1,5762,50.2,6453,55.2
6,2,6,80,12,4,add_lane,2,5762,50.2,7145,60.2
6,2,6,80,12,4,change_speed,-10,5762,50.2,5402,39.5
6,2,6,80,12,4,change_speed,0,5762,50.2,5762,45.2
6,2,6,80,12,4,change_speed,10,5762,50.2,6122,50.8
6,2,6,80,12,5,add_lane,0,4158,38.4,4158,38.4
6,2,6,80,12,5,add_lane,1,4158,38.4,4657,42.2
6,2,6,80,12,5,add_lane,2,4158,38.4,5156,46.1
6,2,6,80,12,5,change_speed,-10,4158,38.4,3898,30.2
6,2,6,80,12,5,change_speed,0,4158,38.4,4158,34.6
6,2,6,80,12,5,change_speed,10,4158,38.4,4418,38.9
6,2,6,80,12,6,add_lane,0,3653,54.1,3653,54.1
6,2,6,80,12,6,add_lane,1,3653,54.1,4091,59.5
6,2,6,80,12,6,add_lane,2,3653,54.1,4530,64.9
6,2,6,80,12,6,change_speed,-10,3653,54.1,3425,42.6
6,2,6,80,12,6,change_speed,0,3653,54.1,3653,48.7
6,2,6,80,12,6,change_speed,10,3653,54.1,3881,54.8
6,2,6,80,13,0,add_lane,0,2922,57.4,2922,57.4
6,2,6,80,13,0,add_lane,1,2922,57.4,3273,63.1
6,2,6,80,13,0,add_lane,2,2922,57.4,3623,68.9
6,2,6,80,13,0,change_speed,-10,2922,57.4,2739,45.2
6,2,6,80,13,0,change_speed,0,2922,57.4,2922,51.7
6,2,6,80,13,0,change_speed,10,2922,57.4,3105,58.1
6,2,6,80,13,1,add_lane,0,5940,48.5,5940,48.5
6,2,6,80,13,1,add_lane,1,5940,48.5,6653,53.4
6,2,6,80,13,1,add_lane,2,5940,48.5,7366,58.2
6,2,6,80,13,1,change_speed,-10,5940,48.5,5569,38.2
6,2,6,80,13,1,change_speed,0,5940,48.5,5940,43.6
6,2,6,80,13,1,change_speed,10,5940,48.5,6311,49.1
6,2,6,80,13,2,add_lane,0,5762,50.5,5762,50.5
6,2,6,80,13,2,add_lane,1,5762,50.5,6453,55.6
6,2,6,80,13,2,add_lane,2,5762,50.5,7145,60.6
6,2,6,80,13,2,change_speed,-10,5762,50.5,5402,39.8
6,2,6,80,13,2,change_speed,0,5762,50.5,5762,45.5
6,2,6,80,13,2,change_speed,10,5762,50.5,6122,51.1
6,2,6,80,13,3,add_lane,0,5762,48.7,5762,48.7
6,2,6,80,13,3,add_lane,1,5762,48.7,6453,53.6
6,2,6,80,13,3,add_lane,2,5762,48.7,7145,58.4
6,2,6,80,13,3,change_speed,-10,5762,48.7,5402,38.4
6,2,6,80,13,3,change_speed,0,5762,48.7,5762,43.8
6,2,6,80,13,3,change_speed,10,5762,48.7,6122,49.3
6,2,6,80,13,4,add_lane,0,5762,56.0,5762,56.0
6,2,6,80,13,4,add_lane,1,5762,56.0,6453,61.6
6,2,6,80,13,4,add_lane,2,5762,56.0,7145,67.2
6,2,6,80,13,4,change_speed,-10,5762,56.0,5402,44.1
6,2,6,80,13,4,change_speed,0,5762,56.0,5762,50.4
6,2,6,80,13,4,change_speed,10,5762,56.0,6122,56.7
6,2,6,80,13,5,add_lane,0,4158,39.0,4158,39.0
6,2,6,80,13,5,add_lane,1,4158,39.0,4657,42.9
6,2,6,80,13,5,add_lane,2,4158,39.0,5156,46.8
6,2,6,80,13,5,change_speed,-10,4158,39.0,3898,30.7
6,2,6,80,13,5,change_speed,0,4158,39.0,4158,35.1
6,2,6,80,13,5,change_speed,10,4158,39.0,4418,39.5
6,2,6,80,13,6,add_lane,0,3653,53.1,3653,53.1
6,2,6,80,13,6,add_lane,1,3653,53.1,4091,58.4
6,2,6,80,13,6,add_lane,2,3653,53.1,4530,63.7
6,2,6,80,13,6,change_speed,-10,3653,53.1,3425,41.8
6,2,6,80,13,6,change_speed,0,3653,53.1,3653,47.8
6,2,6,80,13,6,change_speed,10,3653,53.1,3881,53.8
6,2,6,80,14,0,add_lane,0,3188,59.8,3188,59.8
6,2,6,80,14,0,add_lane,1,3188,59.8,3571,65.8
6,2,6,80,14,0,add_lane,2,3188,59.8,3953,71.8
6,2,6,80,14,0,change_speed,-10,3188,59.8,2989,47.1
6,2,6,80,14,0,change_speed,0,3188,59.8,3188,53.8
6,2,6,80,14,0,change_speed,10,3188,59.8,3387,60.5
6,2,6,80,14,1,add_lane,0,6480,49.5,6480,49.5
6,2,6,80,14,1,add_lane,1,6480,49.5,7258,54.5
6,2,6,80,14,1,add_lane,2,6480,49.5,8035,59.4
6,2,6,80,14,1,change_speed,-10,6480,49.5,6075,39.0
6,2,6,80,14,1,change_speed,0,6480,49.5,6480,44.6
6,2,6,80,14,1,change_speed,10,6480,49.5,6885,50.1
6,2,6,80,14,2,add_lane,0,6286,44.8,6286,44.8
6,2,6,80,14,2,add_lane,1,6286,44.8,7040,49.3
6,2,6,80,14,2,add_lane,2,6286,44.8,7795,53.8
6,2,6,80,14,2,change_speed,-10,6286,44.8,5893,35.3
6,2,6,80,14,2,change_speed,0,6286,44.8,6286,40.3
6,2,6,80,14,2,change_speed,10,6286,44.8,6679,45.4
6,2,6,80,14,3,add_lane,0,6286,46.8,6286,46.8
6,2,6,80,14,3,add_lane,1,6286,46.8,7040,51.5
6,2,6,80,14,3,add_lane,2,6286,46.8,7795,56.2
6,2,6,80,14,3,change_speed,-10,6286,46.8,5893,36.9
6,2,6,80,14,3,change_speed,0,6286,46.8,6286,42.1
6,2,6,80,14,3,change_speed,10,6286,46.8,6679,47.4
6,2,6,80,14,4,add_lane,0,6286,47.5,6286,47.5
6,2,6,80,14,4,add_lane,1,6286,47.5,7040,52.3
6,2,6,80,14,4,add_lane,2,6286,47.5,7795,57.0
6,2,6,80,14,4,change_speed,-10,6286,47.5,5893,37.4
6,2,6,80,14,4,change_speed,0,6286,47.5,6286,42.8
6,2,6,80,14,4,change_speed,10,6286,47.5,6679,48.1
6,2,6,80,14,5,add_lane,0,4536,41.6,4536,41.6
6,2,6,80,14,5,add_lane,1,4536,41.6,5080,45.8
6,2,6,80,14,5,add_lane,2,4536,41.6,5625,49.9
6,2,6,80,14,5,change_speed,-10,4536,41.6,4252,32.8
6,2,6,80,14,5,change_speed,0,4536,41.6,4536,37.4
6,2,6,80,14,5,change_speed,10,4536,41.6,4820,42.1
6,2,6,80,14,6,add_lane,0,3985,51.6,3985,51.6
6,2,6,80,14,6,add_lane,1,3985,51.6,4463,56.8
6,2,6,80,14,6,add_lane,2,3985,51.6,4941,61.9
6,2,6,80,14,6,change_speed,-10,3985,51.6,3736,40.6
6,2,6,80,14,6,change_speed,0,3985,51.6,3985,46.4
6,2,6,80,14,6,change_speed,10,3985,51.6,4234,52.2
6,2,6,80,15,0,add_lane,0,3985,58.5,3985,58.5
6,2,6,80,15,0,add_lane,1,3985,58.5,4463,64.4
6,2,6,80,15,0,add_lane,2,3985,58.5,4941,70.2
6,2,6,80,15,0,change_speed,-10,3985,58.5,3736,46.1
6,2,6,80,15,0,change_speed,0,3985,58.5,3985,52.6
6,2,6,80,15,0,change_speed,10,3985,58.5,4234,59.2
6,2,6,80,15,1,add_lane,0,8100,33.7,8100,33.7
6,2,6,80,15,1,add_lane,1,8100,33.7,9072,37.1
6,2,6,80,15,1,add_lane,2,8100,33.7,10044,40.4
6,2,6,80,15,1,change_speed,-10,8100,33.7,7594,26.5
6,2,6,80,15,1,change_speed,0,8100,33.7,8100,30.3
6,2,6,80,15,1,change_speed,10,8100,33.7,8606,34.1
6,2,6,80,15,2,add_lane,0,7857,34.2,7857,34.2
6,2,6,80,15,2,add_lane,1,7857,34.2,8800,37.6
6,2,6,80,15,2,add_lane,2,7857,34.2,9743,41.0
6,2,6,80,15,2,change_speed,-10,7857,34.2,7366,26.9
6,2,6,80,15,2,change_speed,0,7857,34.2,7857,30.8
6,2,6,80,15,2,change_speed,10,7857,34.2,8348,34.6
6,2,6,80,15,3,add_lane,0,7857,34.0,7857,34.0
6,2,6,80,15,3,add_lane,1,7857,34.0,8800,37.4
6,2,6,80,15,3,add_lane,2,7857,34.0,9743,40.8
6,2,6,80,15,3,change_speed,-10,7857,34.0,7366,26.8
6,2,6,80,15,3,change_speed,0,7857,34.0,7857,30.6
6,2,6,80,15,3,change_speed,10,7857,34.0,8348,34.4
6,2,6,80,15,4,add_lane,0,7857,35.3,7857,35.3
6,2,6,80,15,4,add_lane,1,7857,35.3,8800,38.8
6,2,6,80,15,4,add_lane,2,7857,35.3,9743,42.4
6,2,6,80,15,4,change_speed,-10,7857,35.3,7366,27.8
6,2,6,80,15,4,change_speed,0,7857,35.3,7857,31.8
6,2,6,80,15,4,change_speed,10,7857,35.3,8348,35.7
6,2,6,80,15,5,add_lane,0,5670,34.6,5670,34.6
6,2,6,80,15,5,add_lane,1,5670,34.6,6350,38.1
6,2,6,80,15,5,add_lane,2,5670,34.6,7031,41.5
6,2,6,80,15,5,change_speed,-10,5670,34.6,5316,27.2
6,2,6,80,15,5,change_speed,0,5670,34.6,5670,31.1
6,2,6,80,15,5,change_speed,10,5670,34.6,6024,35.0
6,2,6,80,15,6,add_lane,0,4982,45.8,4982,45.8
6,2,6,80,15,6,add_lane,1,4982,45.8,5580,50.4
6,2,6,80,15,6,add_lane,2,4982,45.8,6178,55.0
6,2,6,80,15,6,change_speed,-10,4982,45.8,4671,36.1
6,2,6,80,15,6,change_speed,0,4982,45.8,4982,41.2
6,2,6,80,15,6,change_speed,10,4982,45.8,5293,46.4
6,2,6,80,16,0,add_lane,0,5048,49.9,5048,49.9
6,2,6,80,16,0,add_lane,1,5048,49.9,5654,54.9
6,2,6,80,16,0,add_lane,2,5048,49.9,6260,59.9
6,2,6,80,16,0,change_speed,-10,5048,49.9,4732,39.3
6,2,6,80,16,0,change_speed,0,5048,49.9,5048,44.9
6,2,6,80,16,0,change_speed,10,5048,49.9,5364,50.5
6,2,6,80,16,1,add_lane,0,10260,23.2,10260,23.2
6,2,6,80,16,1,add_lane,1,10260,23.2,11491,25.5
6,2,6,80,16,1,add_lane,2,10260,23.2,12722,27.8
6,2,6,80,16,1,change_speed,-10,10260,23.2,9619,18.3
6,2,6,80,16,1,change_speed,0,10260,23.2,10260,20.9
6,2,6,80,16,1,change_speed,10,10260,23.2,10901,23.5
6,2,6,80,16,2,add_lane,0,9952,22.8,9952,22.8
6,2,6,80,16,2,add_lane,1,9952,22.8,11146,25.1
6,2,6,80,16,2,add_lane,2,9952,22.8,12340,27.4
6,2,6,80,16,2,change_speed,-10,9952,22.8,9330,18.0
6,2,6,80,16,2,change_speed,0,9952,22.8,9952,20.5
6,2,6,80,16,2,change_speed,10,9952,22.8,10574,23.1
6,2,6,80,16,3,add_lane,0,9952,25.1,9952,25.1
6,2,6,80,16,3,add_lane,1,9952,25.1,11146,27.6
6,2,6,80,16,3,add_lane,2,9952,25.1,12340,30.1
6,2,6,80,16,3,change_speed,-10,9952,25.1,9330,19.8
6,2,6,80,16,3,change_speed,0,9952,25.1,9952,22.6
6,2,6,80,16,3,change_speed,10,9952,25.1,10574,25.4
6,2,6,80,16,4,add_lane,0,9952,26.7,9952,26.7
6,2,6,80,16,4,add_lane,1,9952,26.7,11146,29.4
6,2,6,80,16,4,add_lane,2,9952,26.7,12340,32.0
6,2,6,80,16,4,change_speed,-10,9952,26.7,9330,21.0
6,2,6,80,16,4,change_speed,0,9952,26.7,9952,24.0
6,2,6,80,16,4,change_speed,10,9952,26.7,10574,27.0
6,2,6,80,16,5,add_lane,0,7182,28.7,7182,28.7
6,2,6,80,16,5,add_lane,1,7182,28.7,8044,31.6
6,2,6,80,16,5,add_lane,2,7182,28.7,8906,34.4
6,2,6,80,16,5,change_speed,-10,7182,28.7,6733,22.6
6,2,6,80,16,5,change_speed,0,7182,28.7,7182,25.8
6,2,6,80,16,5,change_speed,10,7182,28.7,7631,29.1
6,2,6,80,16,6,add_lane,0,6310,39.6,6310,39.6
6,2,6,80,16,6,add_lane,1,6310,39.6,7067,43.6
6,2,6,80,16,6,add_lane,2,6310,39.6,7824,47.5
6,2,6,80,16,6,change_speed,-10,6310,39.6,5916,31.2
6,2,6,80,16,6,change_speed,0,6310,39.6,6310,35.6
6,2,6,80,16,6,change_speed,10,6310,39.6,6704,40.1
6,2,6,80,17,0,add_lane,0,5845,46.9,5845,46.9
6,2,6,80,17,0,add_lane,1,5845,46.9,6546,51.6
6,2,6,80,17,0,add_lane,2,5845,46.9,7248,56.3
6,2,6,80,17,0,change_speed,-10,5845,46.9,5480,36.9
6,2,6,80,17,0,change_speed,0,5845,46.9,5845,42.2
6,2,6,80,17,0,change_speed,10,5845,46.9,6210,47.5
6,2,6,80,17,1,add_lane,0,11880,16.5,11880,16.5
6,2,6,80,17,1,add_lane,1,11880,16.5,13306,18.2
6,2,6,80,17,1,add_lane,2,11880,16.5,14731,19.8
6,2,6,80,17,1,change_speed,-10,11880,16.5,11138,13.0
6,2,6,80,17,1,change_speed,0,11880,16.5,11880,14.8
6,2,6,80,17,1,change_speed,10,11880,16.5,12622,16.7
6,2,6,80,17,2,add_lane,0,11524,13.9,11524,13.9
6,2,6,80,17,2,add_lane,1,11524,13.9,12907,15.3
6,2,6,80,17,2,add_lane,2,11524,13.9,14290,16.7
6,2,6,80,17,2,change_speed,-10,11524,13.9,10804,10.9
6,2,6,80,17,2,change_speed,0,11524,13.9,11524,12.5
6,2,6,80,17,2,change_speed,10,11524,13.9,12244,14.1
6,2,6,80,17,3,add_lane,0,11524,13.5,11524,13.5
6,2,6,80,17,3,add_lane,1,11524,13.5,12907,14.9
6,2,6,80,17,3,add_lane,2,11524,13.5,14290,16.2
6,2,6,80,17,3,change_speed,-10,11524,13.5,10804,10.6
6,2,6,80,17,3,change_speed,0,11524,13.5,11524,12.2
6,2,6,80,17,3,change_speed,10,11524,13.5,12244,13.7
6,2,6,80,17,4,add_lane,0,11524,14.7,11524,14.7
6,2,6,80,17,4,add_lane,1,11524,14.7,12907,16.2
6,2,6,80,17,4,add_lane,2,11524,14.7,14290,17.6
6,2,6,80,17,4,change_speed,-10,11524,14.7,10804,11.6
6,2,6,80,17,4,change_speed,0,11524,14.7,11524,13.2
6,2,6,80,17,4,change_speed,10,11524,14.7,12244,14.9
6,2,6,80,17,5,add_lane,0,8316,25.2,8316,25.2
6,2,6,80,17,5,add_lane,1,8316,25.2,9314,27.7
6,2,6,80,17,5,add_lane,2,8316,25.2,10312,30.2
6,2,6,80,17,5,change_speed,-10,8316,25.2,7796,19.8
6,2,6,80,17,5,change_speed,0,8316,25.2,8316,22.7
6,2,6,80,17,5,change_speed,10,8316,25.2,8836,25.5
6,2,6,80,17,6,add_lane,0,7306,34.1,7306,34.1
6,2,6,80,17,6,add_lane,1,7306,34.1,8183,37.5
6,2,6,80,17,6,add_lane,2,7306,34.1,9059,40.9
6,2,6,80,17,6,change_speed,-10,7306,34.1,6849,26.9
6,2,6,80,17,6,change_speed,0,7306,34.1,7306,30.7
6,2,6,80,17,6,change_speed,10,7306,34.1,7763,34.5
6,2,6,80,18,0,add_lane,0,5579,45.8,5579,45.8
6,2,6,80,18,0,add_lane,1,5579,45.8,6248,50.4
6,2,6,80,18,0,add_lane,2,5579,45.8,6918,55.0
6,2,6,80,18,0,change_speed,-10,5579,45.8,5230,36.1
6,2,6,80,18,0,change_speed,0,5579,45.8,5579,41.2
6,2,6,80,18,0,change_speed,10,5579,45.8,5928,46.4
6,2,6,80,18,1,add_lane,0,11340,16.3,11340,16.3
6,2,6,80,18,1,add_lane,1,11340,16.3,12701,17.9
6,2,6,80,18,1,add_lane,2,11340,16.3,14062,19.6
6,2,6,80,18,1,change_speed,-10,11340,16.3,10631,12.8
6,2,6,80,18,1,change_speed,0,11340,16.3,11340,14.7
6,2,6,80,18,1,change_speed,10,11340,16.3,12049,16.5
6,2,6,80,18,2,add_lane,0,11000,17.8,11000,17.8
6,2,6,80,18,2,add_lane,1,11000,17.8,12320,19.6
6,2,6,80,18,2,add_lane,2,11000,17.8,13640,21.4
6,2,6,80,18,2,change_speed,-10,11000,17.8,10312,14.0
6,2,6,80,18,2,change_speed,0,11000,17.8,11000,16.0
6,2,6,80,18,2,change_speed,10,11000,17.8,11688,18.0
6,2,6,80,18,3,add_lane,0,11000,19.2,11000,19.2
6,2,6,80,18,3,add_lane,1,11000,19.2,12320,21.1
6,2,6,80,18,3,add_lane,2,11000,19.2,13640,23.0
6,2,6,80,18,3,change_speed,-10,11000,19.2,10312,15.1
6,2,6,80,18,3,change_speed,0,11000,19.2,11000,17.3
6,2,6,80,18,3,change_speed,10,11000,19.2,11688,19.4
6,2,6,80,18,4,add_lane,0,11000,20.4,11000,20.4
6,2,6,80,18,4,add_lane,1,11000,20.4,12320,22.4
6,2,6,80,18,4,add_lane,2,11000,20.4,13640,24.5
6,2,6,80,18,4,change_speed,-10,11000,20.4,10312,16.1
6,2,6,80,18,4,change_speed,0,11000,20.4,11000,18.4
6,2,6,80,18,4,change_speed,10,11000,20.4,11688,20.7
6,2,6,80,18,5,add_lane,0,7938,24.9,7938,24.9
6,2,6,80,18,5,add_lane,1,7938,24.9,8891,27.4
6,2,6,80,18,5,add_lane,2,7938,24.9,9843,29.9
6,2,6,80,18,5,change_speed,-10,7938,24.9,7442,19.6
6,2,6,80,18,5,change_speed,0,7938,24.9,7938,22.4
6,2,6,80,18,5,change_speed,10,7938,24.9,8434,25.2
6,2,6,80,18,6,add_lane,0,6974,32.7,6974,32.7
6,2,6,80,18,6,add_lane,1,6974,32.7,7811,36.0
6,2,6,80,18,6,add_lane,2,6974,32.7,8648,39.2
6,2,6,80,18,6,change_speed,-10,6974,32.7,6538,25.8
6,2,6,80,18,6,change_speed,0,6974,32.7,6974,29.4
6,2,6,80,18,6,change_speed,10,6974,32.7,7410,33.1
6,2,6,80,19,0,add_lane,0,4782,50.7,4782,50.7
6,2,6,80,19,0,add_lane,1,4782,50.7,5356,55.8
6,2,6,80,19,0,add_lane,2,4782,50.7,5930,60.8
6,2,6,80,19,0,change_speed,-10,4782,50.7,4483,39.9
6,2,6,80,19,0,change_speed,0,4782,50.7,4782,45.6
6,2,6,80,19,0,change_speed,10,4782,50.7,5081,51.3
6,2,6,80,19,1,add_lane,0,9720,29.3,9720,29.3
6,2,6,80,19,1,add_lane,1,9720,29.3,10886,32.2
6,2,6,80,19,1,add_lane,2,9720,29.3,12053,35.2
6,2,6,80,19,1,change_speed,-10,9720,29.3,9112,23.1
6,2,6,80,19,1,change_speed,0,9720,29.3,9720,26.4
6,2,6,80,19,1,change_speed,10,9720,29.3,10328,29.7
6,2,6,80,19,2,add_lane,0,9428,29.5,9428,29.5
6,2,6,80,19,2,add_lane,1,9428,29.5,10559,32.5
6,2,6,80,19,2,add_lane,2,9428,29.5,11691,35.4
6,2,6,80,19,2,change_speed,-10,9428,29.5,8839,23.2
6,2,6,80,19,2,change_speed,0,9428,29.5,9428,26.6
6,2,6,80,19,2,change_speed,10,9428,29.5,10017,29.9
6,2,6,80,19,3,add_lane,0,9428,29.0,9428,29.0
6,2,6,80,19,3,add_lane,1,9428,29.0,10559,31.9
6,2,6,80,19,3,add_lane,2,9428,29.0,11691,34.8
6,2,6,80,19,3,change_speed,-10,9428,29.0,8839,22.8
6,2,6,80,19,3,change_speed,0,9428,29.0,9428,26.1
6,2,6,80,19,3,change_speed,10,9428,29.0,10017,29.4
6,2,6,80,19,4,add_lane,0,9428,25.6,9428,25.6
6,2,6,80,19,4,add_lane,1,9428,25.6,10559,28.2
6,2,6,80,19,4,add_lane,2,9428,25.6,11691,30.7
6,2,6,80,19,4,change_speed,-10,9428,25.6,8839,20.2
6,2,6,80,19,4,change_speed,0,9428,25.6,9428,23.0
6,2,6,80,19,4,change_speed,10,9428,25.6,10017,25.9
6,2,6,80,19,5,add_lane,0,6804,31.0,6804,31.0
6,2,6,80,19,5,add_lane,1,6804,31.0,7620,34.1
6,2,6,80,19,5,add_lane,2,6804,31.0,8437,37.2
6,2,6,80,19,5,change_speed,-10,6804,31.0,6379,24.4
6,2,6,80,19,5,change_speed,0,6804,31.0,6804,27.9
6,2,6,80,19,5,change_speed,10,6804,31.0,7229,31.4
6,2,6,80,19,6,add_lane,0,5978,39.6,5978,39.6
6,2,6,80,19,6,add_lane,1,5978,39.6,6695,43.6
6,2,6,80,19,6,add_lane,2,5978,39.6,7413,47.5
6,2,6,80,19,6,change_speed,-10,5978,39.6,5604,31.2
6,2,6,80,19,6,change_speed,0,5978,39.6,5978,35.6
6,2,6,80,19,6,change_speed,10,5978,39.6,6352,40.1
6,2,6,80,20,0,add_lane,0,3720,61.6,3720,61.6
6,2,6,80,20,0,add_lane,1,3720,61.6,4166,67.8
6,2,6,80,20,0,add_lane,2,3720,61.6,4613,73.9
6,2,6,80,20,0,change_speed,-10,3720,61.6,3488,48.5
6,2,6,80,20,0,change_speed,0,3720,61.6,3720,55.4
6,2,6,80,20,0,change_speed,10,3720,61.6,3952,62.4
6,2,6,80,20,1,add_lane,0,7560,39.4,7560,39.4
6,2,6,80,20,1,add_lane,1,7560,39.4,8467,43.3
6,2,6,80,20,1,add_lane,2,7560,39.4,9374,47.3
6,2,6,80,20,1,change_speed,-10,7560,39.4,7088,31.0
6,2,6,80,20,1,change_speed,0,7560,39.4,7560,35.5
6,2,6,80,20,1,change_speed,10,7560,39.4,8032,39.9
6,2,6,80,20,2,add_lane,0,7333,45.9,7333,45.9
6,2,6,80,20,2,add_lane,1,7333,45.9,8213,50.5
6,2,6,80,20,2,add_lane,2,7333,45.9,9093,55.1
6,2,6,80,20,2,change_speed,-10,7333,45.9,6875,36.1
6,2,6,80,20,2,change_speed,0,7333,45.9,7333,41.3
6,2,6,80,20,2,change_speed,10,7333,45.9,7791,46.5
6,2,6,80,20,3,add_lane,0,7333,43.5,7333,43.5
6,2,6,80,20,3,add_lane,1,7333,43.5,8213,47.9
6,2,6,80,20,3,add_lane,2,7333,43.5,9093,52.2
6,2,6,80,20,3,change_speed,-10,7333,43.5,6875,34.3
6,2,6,80,20,3,change_speed,0,7333,43.5,7333,39.1
6,2,6,80,20,3,change_speed,10,7333,43.5,7791,44.0
6,2,6,80,20,4,add_lane,0,7333,40.8,7333,40.8
6,2,6,80,20,4,add_lane,1,7333,40.8,8213,44.9
6,2,6,80,20,4,add_lane,2,7333,40.8,9093,49.0
6,2,6,80,20,4,change_speed,-10,7333,40.8,6875,32.1
6,2,6,80,20,4,change_speed,0,7333,40.8,7333,36.7
6,2,6,80,20,4,change_speed,10,7333,40.8,7791,41.3
6,2,6,80,20,5,add_lane,0,5292,37.2,5292,37.2
6,2,6,80,20,5,add_lane,1,5292,37.2,5927,40.9
6,2,6,80,20,5,add_lane,2,5292,37.2,6562,44.6
6,2,6,80,20,5,change_speed,-10,5292,37.2,4961,29.3
6,2,6,80,20,5,change_speed,0,5292,37.2,5292,33.5
6,2,6,80,20,5,change_speed,10,5292,37.2,5623,37.7
6,2,6,80,20,6,add_lane,0,4649,53.4,4649,53.4
6,2,6,80,20,6,add_lane,1,4649,53.4,5207,58.7
6,2,6,80,20,6,add_lane,2,4649,53.4,5765,64.1
6,2,6,80,20,6,change_speed,-10,4649,53.4,4358,42.1
6,2,6,80,20,6,change_speed,0,4649,53.4,4649,48.1
6,2,6,80,20,6,change_speed,10,4649,53.4,4940,54.1
6,2,6,80,21,0,add_lane,0,2657,64.8,2657,64.8
6,2,6,80,21,0,add_lane,1,2657,64.8,2976,71.3
6,2,6,80,21,0,add_lane,2,2657,64.8,3295,77.8
6,2,6,80,21,0,change_speed,-10,2657,64.8,2491,51.0
6,2,6,80,21,0,change_speed,0,2657,64.8,2657,58.3
6,2,6,80,21,0,change_speed,10,2657,64.8,2823,65.6
6,2,6,80,21,1,add_lane,0,5400,56.0,5400,56.0
6,2,6,80,21,1,add_lane,1,5400,56.0,6048,61.6
6,2,6,80,21,1,add_lane,2,5400,56.0,6696,67.2
6,2,6,80,21,1,change_speed,-10,5400,56.0,5062,44.1
6,2,6,80,21,1,change_speed,0,5400,56.0,5400,50.4
6,2,6,80,21,1,change_speed,10,5400,56.0,5738,56.7
6,2,6,80,21,2,add_lane,0,5238,52.7,5238,52.7
6,2,6,80,21,2,add_lane,1,5238,52.7,5867,58.0
6,2,6,80,21,2,add_lane,2,5238,52.7,6495,63.2
6,2,6,80,21,2,change_speed,-10,5238,52.7,4911,41.5
6,2,6,80,21,2,change_speed,0,5238,52.7,5238,47.4
6,2,6,80,21,2,change_speed,10,5238,52.7,5565,53.4
6,2,6,80,21,3,add_lane,0,5238,49.4,5238,49.4
6,2,6,80,21,3,add_lane,1,5238,49.4,5867,54.3
6,2,6,80,21,3,add_lane,2,5238,49.4,6495,59.3
6,2,6,80,21,3,change_speed,-10,5238,49.4,4911,38.9
6,2,6,80,21,3,change_speed,0,5238,49.4,5238,44.5
6,2,6,80,21,3,change_speed,10,5238,49.4,5565,50.0
6,2,6,80,21,4,add_lane,0,5238,57.4,5238,57.4
6,2,6,80,21,4,add_lane,1,5238,57.4,5867,63.1
6,2,6,80,21,4,add_lane,2,5238,57.4,6495,68.9
6,2,6,80,21,4,change_speed,-10,5238,57.4,4911,45.2
6,2,6,80,21,4,change_speed,0,5238,57.4,5238,51.7
6,2,6,80,21,4,change_speed,10,5238,57.4,5565,58.1
6,2,6,80,21,5,add_lane,0,3780,38.7,3780,38.7
6,2,6,80,21,5,add_lane,1,3780,38.7,4234,42.6
6,2,6,80,21,5,add_lane,2,3780,38.7,4687,46.4
6,2,6,80,21,5,change_speed,-10,3780,38.7,3544,30.5
6,2,6,80,21,5,change_speed,0,3780,38.7,3780,34.8
6,2,6,80,21,5,change_speed,10,3780,38.7,4016,39.2
6,2,6,80,21,6,add_lane,0,3321,54.9,3321,54.9
6,2,6,80,21,6,add_lane,1,3321,54.9,3720,60.4
6,2,6,80,21,6,add_lane,2,3321,54.9,4118,65.9
6,2,6,80,21,6,change_speed,-10,3321,54.9,3113,43.2
6,2,6,80,21,6,change_speed,0,3321,54.9,3321,49.4
6,2,6,80,21,6,change_speed,10,3321,54.9,3529,55.6
6,2,6,80,22,0,add_lane,0,1860,69.7,1860,69.7
6,2,6,80,22,0,add_lane,1,1860,69.7,2083,76.7
6,2,6,80,22,0,add_lane,2,1860,69.7,2306,83.6
6,2,6,80,22,0,change_speed,-10,1860,69.7,1744,54.9
6,2,6,80,22,0,change_speed,0,1860,69.7,1860,62.7
6,2,6,80,22,0,change_speed,10,1860,69.7,1976,70.6
6,2,6,80,22,1,add_lane,0,3780,67.0,3780,67.0
6,2,6,80,22,1,add_lane,1,3780,67.0,4234,73.7
6,2,6,80,22,1,add_lane,2,3780,67.0,4687,80.4
6,2,6,80,22,1,change_speed,-10,3780,67.0,3544,52.8
6,2,6,80,22,1,change_speed,0,3780,67.0,3780,60.3
6,2,6,80,22,1,change_speed,10,3780,67.0,4016,67.8
6,2,6,80,22,2,add_lane,0,3667,64.7,3667,64.7
6,2,6,80,22,2,add_lane,1,3667,64.7,4107,71.2
6,2,6,80,22,2,add_lane,2,3667,64.7,4547,77.6
6,2,6,80,22,2,change_speed,-10,3667,64.7,3438,51.0
6,2,6,80,22,2,change_speed,0,3667,64.7,3667,58.2
6,2,6,80,22,2,change_speed,10,3667,64.7,3896,65.5
6,2,6,80,22,3,add_lane,0,3667,62.5,3667,62.5
6,2,6,80,22,3,add_lane,1,3667,62.5,4107,68.8
6,2,6,80,22,3,add_lane,2,3667,62.5,4547,75.0
6,2,6,80,22,3,change_speed,-10,3667,62.5,3438,49.2
6,2,6,80,22,3,change_speed,0,3667,62.5,3667,56.2
6,2,6,80,22,3,change_speed,10,3667,62.5,3896,63.3
6,2,6,80,22,4,add_lane,0,3667,58.7,3667,58.7
6,2,6,80,22,4,add_lane,1,3667,58.7,4107,64.6
6,2,6,80,22,4,add_lane,2,3667,58.7,4547,70.4
6,2,6,80,22,4,change_speed,-10,3667,58.7,3438,46.2
6,2,6,80,22,4,change_speed,0,3667,58.7,3667,52.8
6,2,6,80,22,4,change_speed,10,3667,58.7,3896,59.4
6,2,6,80,22,5,add_lane,0,2646,50.6,2646,50.6
6,2,6,80,22,5,add_lane,1,2646,50.6,2964,55.7
6,2,6,80,22,5,add_lane,2,2646,50.6,3281,60.7
6,2,6,80,22,5,change_speed,-10,2646,50.6,2481,39.8
6,2,6,80,22,5,change_speed,0,2646,50.6,2646,45.5
6,2,6,80,22,5,change_speed,10,2646,50.6,2811,51.2
6,2,6,80,22,6,add_lane,0,2325,62.8,2325,62.8
6,2,6,80,22,6,add_lane,1,2325,62.8,2604,69.1
6,2,6,80,22,6,add_lane,2,2325,62.8,2883,75.4
6,2,6,80,22,6,change_speed,-10,2325,62.8,2180,49.5
6,2,6,80,22,6,change_speed,0,2325,62.8,2325,56.5
6,2,6,80,22,6,change_speed,10,2325,62.8,2470,63.6
6,2,6,80,23,0,add_lane,0,1328,67.8,1328,67.8
6,2,6,80,23,0,add_lane,1,1328,67.8,1487,74.6
6,2,6,80,23,0,add_lane,2,1328,67.8,1647,81.4
6,2,6,80,23,0,change_speed,-10,1328,67.8,1245,53.4
6,2,6,80,23,0,change_speed,0,1328,67.8,1328,61.0
6,2,6,80,23,0,change_speed,10,1328,67.8,1411,68.6
6,2,6,80,23,1,add_lane,0,2700,76.0,2700,76.0
6,2,6,80,23,1,add_lane,1,2700,76.0,3024,83.6
6,2,6,80,23,1,add_lane,2,2700,76.0,3348,91.2
6,2,6,80,23,1,change_speed,-10,2700,76.0,2531,59.9
6,2,6,80,23,1,change_speed,0,2700,76.0,2700,68.4
6,2,6,80,23,1,change_speed,10,2700,76.0,2869,77.0
6,2,6,80,23,2,add_lane,0,2619,64.2,2619,64.2
6,2,6,80,23,2,add_lane,1,2619,64.2,2933,70.6
6,2,6,80,23,2,add_lane,2,2619,64.2,3248,77.0
6,2,6,80,23,2,change_speed,-10,2619,64.2,2455,50.6
6,2,6,80,23,2,change_speed,0,2619,64.2,2619,57.8
6,2,6,80,23,2,change_speed,10,2619,64.2,2783,65.0
6,2,6,80,23,3,add_lane,0,2619,70.4,2619,70.4
6,2,6,80,23,3,add_lane,1,2619,70.4,2933,77.4
6,2,6,80,23,3,add_lane,2,2619,70.4,3248,84.5
6,2,6,80,23,3,change_speed,-10,2619,70.4,2455,55.4
6,2,6,80,23,3,change_speed,0,2619,70.4,2619,63.4
6,2,6,80,23,3,change_speed,10,2619,70.4,2783,71.3
6,2,6,80,23,4,add_lane,0,2619,68.4,2619,68.4
6,2,6,80,23,4,add_lane,1,2619,68.4,2933,75.2
6,2,6,80,23,4,add_lane,2,2619,68.4,3248,82.1
6,2,6,80,23,4,change_speed,-10,2619,68.4,2455,53.9
6,2,6,80,23,4,change_speed,0,2619,68.4,2619,61.6
6,2,6,80,23,4,change_speed,10,2619,68.4,2783,69.3
6,2,6,80,23,5,add_lane,0,1890,45.3,1890,45.3
6,2,6,80,23,5,add_lane,1,1890,45.3,2117,49.8
6,2,6,80,23,5,add_lane,2,1890,45.3,2344,54.4
6,2,6,80,23,5,change_speed,-10,1890,45.3,1772,35.7
6,2,6,80,23,5,change_speed,0,1890,45.3,1890,40.8
6,2,6,80,23,5,change_speed,10,1890,45.3,2008,45.9
6,2,6,80,23,6,add_lane,0,1660,58.5,1660,58.5
6,2,6,80,23,6,add_lane,1,1660,58.5,1859,64.4
6,2,6,80,23,6,add_lane,2,1660,58.5,2058,70.2
6,2,6,80,23,6,change_speed,-10,1660,58.5,1556,46.1
6,2,6,80,23,6,change_speed,0,1660,58.5,1660,52.6
6,2,6,80,23,6,change_speed,10,1660,58.5,1764,59.2
7,0,4,50,0,0,add_lane,0,266,46.2,266,46.2
7,0,4,50,0,0,add_lane,1,266,46.2,298,50.8
7,0,4,50,0,0,add_lane,2,266,46.2,330,55.4
7,0,4,50,0,0,change_speed,-10,266,46.2,239,33.3
7,0,4,50,0,0,change_speed,0,266,46.2,266,41.6
7,0,4,50,0,0,change_speed,10,266,46.2,293,49.9
7,0,4,50,0,1,add_lane,0,540,51.2,540,51.2
7,0,4,50,0,1,add_lane,1,540,51.2,605,56.3
7,0,4,50,0,1,add_lane,2,540,51.2,670,61.4
7,0,4,50,0,1,change_speed,-10,540,51.2,486,36.9
7,0,4,50,0,1,change_speed,0,540,51.2,540,46.1
7,0,4,50,0,1,change_speed,10,540,51.2,594,55.3
7,0,4,50,0,2,add_lane,0,524,43.1,524,43.1
7,0,4,50,0,2,add_lane,1,524,43.1,587,47.4
7,0,4,50,0,2,add_lane,2,524,43.1,650,51.7
7,0,4,50,0,2,change_speed,-10,524,43.1,472,31.0
7,0,4,50,0,2,change_speed,0,524,43.1,524,38.8
7,0,4,50,0,2,change_speed,10,524,43.1,576,46.5
7,0,4,50,0,3,add_lane,0,524,50.7,524,50.7
7,0,4,50,0,3,add_lane,1,524,50.7,587,55.8
7,0,4,50,0,3,add_lane,2,524,50.7,650,60.8
7,0,4,50,0,3,change_speed,-10,524,50.7,472,36.5
7,0,4,50,0,3,change_speed,0,524,50.7,524,45.6
7,0,4,50,0,3,change_speed,10,524,50.7,576,54.8
7,0,4,50,0,4,add_lane,0,524,52.8,524,52.8
7,0,4,50,0,4,add_lane,1,524,52.8,587,58.1
7,0,4,50,0,4,add_lane,2,524,52.8,650,63.4
7,0,4,50,0,4,change_speed,-10,524,52.8,472,38.0
7,0,4,50,0,4,change_speed,0,524,52.8,524,47.5
7,0,4,50,0,4,change_speed,10,524,52.8,576,57.0
7,0,4,50,0,5,add_lane,0,378,36.2,378,36.2
7,0,4,50,0,5,add_lane,1,378,36.2,423,39.8
7,0,4,50,0,5,add_lane,2,378,36.2,469,43.4
7,0,4,50,0,5,change_speed,-10,378,36.2,340,26.1
7,0,4,50,0,5,change_speed,0,378,36.2,378,32.6
7,0,4,50,0,5,change_speed,10,378,36.2,416,39.1
7,0,4,50,0,6,add_lane,0,332,39.9,332,39.9
7,0,4,50,0,6,add_lane,1,332,39.9,372,43.9
7,0,4,50,0,6,add_lane,2,332,39.9,412,47.9
7,0,4,50,0,6,change_speed,-10,332,39.9,299,28.7
7,0,4,50,0,6,change_speed,0,332,39.9,332,35.9
7,0,4,50,0,6,change_speed,10,332,39.9,365,43.1
7,0,4,50,1,0,add_lane,0,213,47.6,213,47.6
7,0,4,50,1,0,add_lane,1,213,47.6,239,52.4
7,0,4,50,1,0,add_lane,2,213,47.6,264,57.1
7,0,4,50,1,0,change_speed,-10,213,47.6,192,34.3
7,0,4,50,1,0,change_speed,0,213,47.6,213,42.8
7,0,4,50,1,0,change_speed,10,213,47.6,234,51.4
7,0,4,50,1,1,add_lane,0,432,57.5,432,57.5
7,0,4,50,1,1,add_lane,1,432,57.5,484,63.3
7,0,4,50,1,1,add_lane,2,432,57.5,536,69.0
7,0,4,50,1,1,change_speed,-10,432,57.5,389,41.4
7,0,4,50,1,1,change_speed,0,432,57.5,432,51.8
7,0,4,50,1,1,change_speed,10,432,57.5,475,62.1
7,0,4,50,1,2,add_lane,0,419,55.5,419,55.5
7,0,4,50,1,2,add_lane,1,419,55.5,469,61.1
7,0,4,50,1,2,add_lane,2,419,55.5,520,66.6
7,0,4,50,1,2,change_speed,-10,419,55.5,377,40.0
7,0,4,50,1,2,change_speed,0,419,55.5,419,50.0
7,0,4,50,1,2,change_speed,10,419,55.5,461,59.9
7,0,4,50,1,3,add_lane,0,419,47.3,419,47.3
7,0,4,50,1,3,add_lane,1,419,47.3,469,52.0
7,0,4,50,1,3,add_lane,2,419,47.3,520,56.8
7,0,4,50,1,3,change_speed,-10,419,47.3,377,34.1
7,0,4,50,1,3,change_speed,0,419,47.3,419,42.6
7,0,4,50,1,3,change_speed,10,419,47.3,461,51.1
7,0,4,50,1,4,add_lane,0,419,43.2,419,43.2
7,0,4,50,1,4,add_lane,1,419,43.2,469,47.5
7,0,4,50,1,4,add_lane,2,419,43.2,520,51.8
7,0,4,50,1,4,change_speed,-10,419,43.2,377,31.1
7,0,4,50,1,4,change_speed,0,419,43.2,419,38.9
7,0,4,50,1,4,change_speed,10,419,43.2,461,46.7
7,0,4,50,1,5,add_lane,0,302,31.5,302,31.5
7,0,4,50,1,5,add_lane,1,302,31.5,338,34.7
7,0,4,50,1,5,add_lane,2,302,31.5,374,37.8
7,0,4,50,1,5,change_speed,-10,302,31.5,272,22.7
7,0,4,50,1,5,change_speed,0,302,31.5,302,28.4
7,0,4,50,1,5,change_speed,10,302,31.5,332,34.0
7,0,4,50,1,6,add_lane,0,266,39.7,266,39.7
7,0,4,50,1,6,add_lane,1,266,39.7,298,43.7
7,0,4,50,1,6,add_lane,2,266,39.7,330,47.6
7,0,4,50,1,6,change_speed,-10,266,39.7,239,28.6
7,0,4,50,1,6,change_speed,0,266,39.7,266,35.7
7,0,4,50,1,6,change_speed,10,266,39.7,293,42.9
7,0,4,50,2,0,add_lane,0,177,44.9,177,44.9
7,0,4,50,2,0,add_lane,1,177,44.9,198,49.4
7,0,4,50,2,0,add_lane,2,177,44.9,219,53.9
7,0,4,50,2,0,change_speed,-10,177,44.9,159,32.3
7,0,4,50,2,0,change_speed,0,177,44.9,177,40.4
7,0,4,50,2,0,change_speed,10,177,44.9,195,48.5
7,0,4,50,2,1,add_lane,0,360,51.0,360,51.0
7,0,4,50,2,1,add_lane,1,360,51.0,403,56.1
7,0,4,50,2,1,add_lane,2,360,51.0,446,61.2
7,0,4,50,2,1,change_speed,-10,360,51.0,324,36.7
7,0,4,50,2,1,change_speed,0,360,51.0,360,45.9
7,0,4,50,2,1,change_speed,10,360,51.0,396,55.1
7,0,4,50,2,2,add_lane,0,349,48.5,349,48.5
7,0,4,50,2,2,add_lane,1,349,48.5,391,53.4
7,0,4,50,2,2,add_lane,2,349,48.5,433,58.2
7,0,4,50,2,2,change_speed,-10,349,48.5,314,34.9
7,0,4,50,2,2,change_speed,0,349,48.5,349,43.6
7,0,4,50,2,2,change_speed,10,349,48.5,384,52.4
7,0,4,50,2,3,add_lane,0,349,43.1,349,43.1
7,0,4,50,2,3,add_lane,1,349,43.1,391,47.4
7,0,4,50,2,3,add_lane,2,349,43.1,433,51.7
7,0,4,50,2,3,change_speed,-10,349,43.1,314,31.0
7,0,4,50,2,3,change_speed,0,349,43.1,349,38.8
7,0,4,50,2,3,change_speed,10,349,43.1,384,46.5
7,0,4,50,2,4,add_lane,0,349,53.1,349,53.1
7,0,4,50,2,4,add_lane,1,349,53.1,391,58.4
7,0,4,50,2,4,add_lane,2,349,53.1,433,63.7
7,0,4,50,2,4,change_speed,-10,349,53.1,314,38.2
7,0,4,50,2,4,change_speed,0,349,53.1,349,47.8
7,0,4,50,2,4,change_speed,10,349,53.1,384,57.3
7,0,4,50,2,5,add_lane,0,252,36.0,252,36.0
7,0,4,50,2,5,add_lane,1,252,36.0,282,39.6
7,0,4,50,2,5,add_lane,2,252,36.0,312,43.2
7,0,4,50,2,5,change_speed,-10,252,36.0,227,25.9
7,0,4,50,2,5,change_speed,0,252,36.0,252,32.4
7,0,4,50,2,5,change_speed,10,252,36.0,277,38.9
7,0,4,50,2,6,add_lane,0,221,39.5,221,39.5
7,0,4,50,2,6,add_lane,1,221,39.5,248,43.5
7,0,4,50,2,6,add_lane,2,221,39.5,274,47.4
7,0,4,50,2,6,change_speed,-10,221,39.5,199,28.4
7,0,4,50,2,6,change_speed,0,221,39.5,221,35.6
7,0,4,50,2,6,change_speed,10,221,39.5,243,42.7
7,0,4,50,3,0,add_lane,0,142,40.2,142,40.2
7,0,4,50,3,0,add_lane,1,142,40.2,159,44.2
7,0,4,50,3,0,add_lane,2,142,40.2,176,48.2
7,0,4,50,3,0,change_speed,-10,142,40.2,128,28.9
7,0,4,50,3,0,change_speed,0,142,40.2,142,36.2
7,0,4,50,3,0,change_speed,10,142,40.2,156,43.4
7,0,4,50,3,1,add_lane,0,288,54.1,288,54.1
7,0,4,50,3,1,add_lane,1,288,54.1,323,59.5
7,0,4,50,3,1,add_lane,2,288,54.1,357,64.9
7,0,4,50,3,1,change_speed,-10,288,54.1,259,39.0
7,0,4,50,3,1,change_speed,0,288,54.1,288,48.7
7,0,4,50,3,1,change_speed,10,288,54.1,317,58.4
7,0,4,50,3,2,add_lane,0,279,52.9,279,52.9
7,0,4,50,3,2,add_lane,1,279,52.9,312,58.2
7,0,4,50,3,2,add_lane,2,279,52.9,346,63.5
7,0,4,50,3,2,change_speed,-10,279,52.9,251,38.1
7,0,4,50,3,2,change_speed,0,279,52.9,279,47.6
7,0,4,50,3,2,change_speed,10,279,52.9,307,57.1
7,0,4,50,3,3,add_lane,0,279,51.8,279,51.8
7,0,4,50,3,3,add_lane,1,279,51.8,312,57.0
7,0,4,50,3,3,add_lane,2,279,51.8,346,62.2
7,0,4,50,3,3,change_speed,-10,279,51.8,251,37.3
7,0,4,50,3,3,change_speed,0,279,51.8,279,46.6
7,0,4,50,3,3,change_speed,10,279,51.8,307,55.9
7,0,4,50,3,4,add_lane,0,279,50.4,279,50.4
7,0,4,50,3,4,add_lane,1,279,50.4,312,55.4
7,0,4,50,3,4,add_lane,2,279,50.4,346,60.5
7,0,4,50,3,4,change_speed,-10,279,50.4,251,36.3
7,0,4,50,3,4,change_speed,0,279,50.4,279,45.4
7,0,4,50,3,4,change_speed,10,279,50.4,307,54.4
7,0,4,50,3,5,add_lane,0,202,38.9,202,38.9
7,0,4,50,3,5,add_lane,1,202,38.9,226,42.8
7,0,4,50,3,5,add_lane,2,202,38.9,250,46.7
7,0,4,50,3,5,change_speed,-10,202,38.9,182,28.0
7,0,4,50,3,5,change_speed,0,202,38.9,202,35.0
7,0,4,50,3,5,change_speed,10,202,38.9,222,42.0
7,0,4,50,3,6,add_lane,0,177,39.0,177,39.0
7,0,4,50,3,6,add_lane,1,177,39.0,198,42.9
7,0,4,50,3,6,add_lane,2,177,39.0,219,46.8
7,0,4,50,3,6,change_speed,-10,177,39.0,159,28.1
7,0,4,50,3,6,change_speed,0,177,39.0,177,35.1
7,0,4,50,3,6,change_speed,10,177,39.0,195,42.1
7,0,4,50,4,0,add_lane,0,177,47.7,177,47.7
7,0,4,50,4,0,add_lane,1,177,47.7,198,52.5
7,0,4,50,4,0,add_lane,2,177,47.7,219,57.2
7,0,4,50,4,0,change_speed,-10,177,47.7,159,34.3
7,0,4,50,4,0,change_speed,0,177,47.7,177,42.9
7,0,4,50,4,0,change_speed,10,177,47.7,195,51.5
7,0,4,50,4,1,add_lane,0,360,53.7,360,53.7
7,0,4,50,4,1,add_lane,1,360,53.7,403,59.1
7,0,4,50,4,1,add_lane,2,360,53.7,446,64.4
7,0,4,50,4,1,change_speed,-10,360,53.7,324,38.7
7,0,4,50,4,1,change_speed,0,360,53.7,360,48.3
7,0,4,50,4,1,change_speed,10,360,53.7,396,58.0
7,0,4,50,4,2,add_lane,0,349,50.8,349,50.8
7,0,4,50,4,2,add_lane,1,349,50.8,391,55.9
7,0,4,50,4,2,add_lane,2,349,50.8,433,61.0
7,0,4,50,4,2,change_speed,-10,349,50.8,314,36.6
7,0,4,50,4,2,change_speed,0,349,50.8,349,45.7
7,0,4,50,4,2,change_speed,10,349,50.8,384,54.9
7,0,4,50,4,3,add_lane,0,349,49.9,349,49.9
7,0,4,50,4,3,add_lane,1,349,49.9,391,54.9
7,0,4,50,4,3,add_lane,2,349,49.9,433,59.9
7,0,4,50,4,3,change_speed,-10,349,49.9,314,35.9
7,0,4,50,4,3,change_speed,0,349,49.9,349,44.9
7,0,4,50,4,3,change_speed,10,349,49.9,384,53.9
7,0,4,50,4,4,add_lane,0,349,54.7,349,54.7
7,0,4,50,4,4,add_lane,1,349,54.7,391,60.2
7,0,4,50,4,4,add_lane,2,349,54.7,433,65.6
7,0,4,50,4,4,change_speed,-10,349,54.7,314,39.4
7,0,4,50,4,4,change_speed,0,349,54.7,349,49.2
7,0,4,50,4,4,change_speed,10,349,54.7,384,59.1
7,0,4,50,4,5,add_lane,0,252,34.3,252,34.3
7,0,4,50,4,5,add_lane,1,252,34.3,282,37.7
7,0,4,50,4,5,add_lane,2,252,34.3,312,41.2
7,0,4,50,4,5,change_speed,-10,252,34.3,227,24.7
7,0,4,50,4,5,change_speed,0,252,34.3,252,30.9
7,0,4,50,4,5,change_speed,10,252,34.3,277,37.0
7,0,4,50,4,6,add_lane,0,221,43.6,221,43.6
7,0,4,50,4,6,add_lane,1,221,43.6,248,48.0
7,0,4,50,4,6,add_lane,2,221,43.6,274,52.3
7,0,4,50,4,6,change_speed,-10,221,43.6,199,31.4
7,0,4,50,4,6,change_speed,0,221,43.6,221,39.2
7,0,4,50,4,6,change_speed,10,221,43.6,243,47.1
7,0,4,50,5,0,add_lane,0,354,48.4,354,48.4
7,0,4,50,5,0,add_lane,1,354,48.4,396,53.2
7,0,4,50,5,0,add_lane,2,354,48.4,439,58.1
7,0,4,50,5,0,change_speed,-10,354,48.4,319,34.8
7,0,4,50,5,0,change_speed,0,354,48.4,354,43.6
7,0,4,50,5,0,change_speed,10,354,48.4,389,52.3
7,0,4,50,5,1,add_lane,0,720,47.4,720,47.4
7,0,4,50,5,1,add_lane,1,720,47.4,806,52.1
7,0,4,50,5,1,add_lane,2,720,47.4,893,56.9
7,0,4,50,5,1,change_speed,-10,720,47.4,648,34.1
7,0,4,50,5,1,change_speed,0,720,47.4,720,42.7
7,0,4,50,5,1,change_speed,10,720,47.4,792,51.2
7,0,4,50,5,2,add_lane,0,698,51.3,698,51.3
7,0,4,50,5,2,add_lane,1,698,51.3,782,56.4
7,0,4,50,5,2,add_lane,2,698,51.3,866,61.6
7,0,4,50,5,2,change_speed,-10,698,51.3,628,36.9
7,0,4,50,5,2,change_speed,0,698,51.3,698,46.2
7,0,4,50,5,2,change_speed,10,698,51.3,768,55.4
7,0,4,50,5,3,add_lane,0,698,46.7,698,46.7
7,0,4,50,5,3,add_lane,1,698,46.7,782,51.4
7,0,4,50,5,3,add_lane,2,698,46.7,866,56.0
7,0,4,50,5,3,change_speed,-10,698,46.7,628,33.6
7,0,4,50,5,3,change_speed,0,698,46.7,698,42.0
7,0,4,50,5,3,change_speed,10,698,46.7,768,50.4
7,0,4,50,5,4,add_lane,0,698,46.0,698,46.0
7,0,4,50,5,4,add_lane,1,698,46.0,782,50.6
7,0,4,50,5,4,add_lane,2,698,46.0,866,55.2
7,0,4,50,5,4,change_speed,-10,698,46.0,628,33.1
7,0,4,50,5,4,change_speed,0,698,46.0,698,41.4
7,0,4,50,5,4,change_speed,10,698,46.0,768,49.7
7,0,4,50,5,5,add_lane,0,504,33.3,504,33.3
7,0,4,50,5,5,add_lane,1,504,33.3,564,36.6
7,0,4,50,5,5,add_lane,2,504,33.3,625,40.0
7,0,4,50,5,5,change_speed,-10,504,33.3,454,24.0
7,0,4,50,5,5,change_speed,0,504,33.3,504,30.0
7,0,4,50,5,5,change_speed,10,504,33.3,554,36.0
7,0,4,50,5,6,add_lane,0,443,41.0,443,41.0
7,0,4,50,5,6,add_lane,1,443,41.0,496,45.1
7,0,4,50,5,6,add_lane,2,443,41.0,549,49.2
7,0,4,50,5,6,change_speed,-10,443,41.0,399,29.5
7,0,4,50,5,6,change_speed,0,443,41.0,443,36.9
7,0,4,50,5,6,change_speed,10,443,41.0,487,44.3
7,0,4,50,6,0,add_lane,0,708,44.1,708,44.1
7,0,4,50,6,0,add_lane,1,708,44.1,793,48.5
7,0,4,50,6,0,add_lane,2,708,44.1,878,52.9
7,0,4,50,6,0,change_speed,-10,708,44.1,637,31.8
7,0,4,50,6,0,change_speed,0,708,44.1,708,39.7
7,0,4,50,6,0,change_speed,10,708,44.1,779,47.6
7,0,4,50,6,1,add_lane,0,1440,45.8,1440,45.8
7,0,4,50,6,1,add_lane,1,1440,45.8,1613,50.4
7,0,4,50,6,1,add_lane,2,1440,45.8,1786,55.0
7,0,4,50,6,1,change_speed,-10,1440,45.8,1296,33.0
7,0,4,50,6,1,change_speed,0,1440,45.8,1440,41.2
7,0,4,50,6,1,change_speed,10,1440,45.8,1584,49.5
7,0,4,50,6,2,add_lane,0,1397,47.0,1397,47.0
7,0,4,50,6,2,add_lane,1,1397,47.0,1565,51.7
7,0,4,50,6,2,add_lane,2,1397,47.0,1732,56.4
7,0,4,50,6,2,change_speed,-10,1397,47.0,1257,33.8
7,0,4,50,6,2,change_speed,0,1397,47.0,1397,42.3
7,0,4,50,6,2,change_speed,10,1397,47.0,1537,50.8
7,0,4,50,6,3,add_lane,0,1397,46.5,1397,46.5
7,0,4,50,6,3,add_lane,1,1397,46.5,1565,51.2
7,0,4,50,6,3,add_lane,2,1397,46.5,1732,55.8
7,0,4,50,6,3,change_speed,-10,1397,46.5,1257,33.5
7,0,4,50,6,3,change_speed,0,1397,46.5,1397,41.9
7,0,4,50,6,3,change_speed,10,1397,46.5,1537,50.2
7,0,4,50,6,4,add_lane,0,1397,40.8,1397,40.8
7,0,4,50,6,4,add_lane,1,1397,40.8,1565,44.9
7,0,4,50,6,4,add_lane,2,1397,40.8,1732,49.0
7,0,4,50,6,4,change_speed,-10,1397,40.8,1257,29.4
7,0,4,50,6,4,change_speed,0,1397,40.8,1397,36.7
7,0,4,50,6,4,change_speed,10,1397,40.8,1537,44.1
7,0,4,50,6,5,add_lane,0,1008,33.1,1008,33.1
7,0,4,50,6,5,add_lane,1,1008,33.1,1129,36.4
7,0,4,50,6,5,add_lane,2,1008,33.1,1250,39.7
7,0,4,50,6,5,change_speed,-10,1008,33.1,907,23.8
7,0,4,50,6,5,change_speed,0,1008,33.1,1008,29.8
7,0,4,50,6,5,change_speed,10,1008,33.1,1109,35.7
7,0,4,50,6,6,add_lane,0,886,42.0,886,42.0
7,0,4,50,6,6,add_lane,1,886,42.0,992,46.2
7,0,4,50,6,6,add_lane,2,886,42.0,1099,50.4
7,0,4,50,6,6,change_speed,-10,886,42.0,797,30.2
7,0,4,50,6,6,change_speed,0,886,42.0,886,37.8
7,0,4,50,6,6,change_speed,10,886,42.0,975,45.4
7,0,4,50,7,0,add_lane,0,1594,38.1,1594,38.1
7,0,4,50,7,0,add_lane,1,1594,38.1,1785,41.9
7,0,4,50,7,0,add_lane,2,1594,38.1,1977,45.7
7,0,4,50,7,0,change_speed,-10,1594,38.1,1435,27.4
7,0,4,50,7,0,change_speed,0,1594,38.1,1594,34.3
7,0,4,50,7,0,change_speed,10,1594,38.1,1753,41.1
7,0,4,50,7,1,add_lane,0,3240,36.4,3240,36.4
7,0,4,50,7,1,add_lane,1,3240,36.4,3629,40.0
7,0,4,50,7,1,add_lane,2,3240,36.4,4018,43.7
7,0,4,50,7,1,change_speed,-10,3240,36.4,2916,26.2
7,0,4,50,7,1,change_speed,0,3240,36.4,3240,32.8
7,0,4,50,7,1,change_speed,10,3240,36.4,3564,39.3
7,0,4,50,7,2,add_lane,0,3143,35.4,3143,35.4
7,0,4,50,7,2,add_lane,1,3143,35.4,3520,38.9
7,0,4,50,7,2,add_lane,2,3143,35.4,3897,42.5
7,0,4,50,7,2,change_speed,-10,3143,35.4,2829,25.5
7,0,4,50,7,2,change_speed,0,3143,35.4,3143,31.9
7,0,4,50,7,2,change_speed,10,3143,35.4,3457,38.2
7,0,4,50,7,3,add_lane,0,3143,34.7,3143,34.7
7,0,4,50,7,3,add_lane,1,3143,34.7,3520,38.2
7,0,4,50,7,3,add_lane,2,3143,34.7,3897,41.6
7,0,4,50,7,3,change_speed,-10,3143,34.7,2829,25.0
7,0,4,50,7,3,change_speed,0,3143,34.7,3143,31.2
7,0,4,50,7,3,change_speed,10,3143,34.7,3457,37.5
7,0,4,50,7,4,add_lane,0,3143,33.7,3143,33.7
7,0,4,50,7,4,add_lane,1,3143,33.7,3520,37.1
7,0,4,50,7,4,add_lane,2,3143,33.7,3897,40.4
7,0,4,50,7,4,change_speed,-10,3143,33.7,2829,24.3
7,0,4,50,7,4,change_speed,0,3143,33.7,3143,30.3
7,0,4,50,7,4,change_speed,10,3143,33.7,3457,36.4
7,0,4,50,7,5,add_lane,0,2268,26.6,2268,26.6
7,0,4,50,7,5,add_lane,1,2268,26.6,2540,29.3
7,0,4,50,7,5,add_lane,2,2268,26.6,2812,31.9
7,0,4,50,7,5,change_speed,-10,2268,26.6,2041,19.2
7,0,4,50,7,5,change_speed,0,2268,26.6,2268,23.9
7,0,4,50,7,5,change_speed,10,2268,26.6,2495,28.7
7,0,4,50,7,6,add_lane,0,1993,34.0,1993,34.0
7,0,4,50,7,6,add_lane,1,1993,34.0,2232,37.4
7,0,4,50,7,6,add_lane,2,1993,34.0,2471,40.8
7,0,4,50,7,6,change_speed,-10,1993,34.0,1794,24.5
7,0,4,50,7,6,change_speed,0,1993,34.0,1993,30.6
7,0,4,50,7,6,change_speed,10,1993,34.0,2192,36.7
7,0,4,50,8,0,add_lane,0,2125,36.1,2125,36.1
7,0,4,50,8,0,add_lane,1,2125,36.1,2380,39.7
7,0,4,50,8,0,add_lane,2,2125,36.1,2635,43.3
7,0,4,50,8,0,change_speed,-10,2125,36.1,1912,26.0
7,0,4,50,8,0,change_speed,0,2125,36.1,2125,32.5
7,0,4,50,8,0,change_speed,10,2125,36.1,2338,39.0
7,0,4,50,8,1,add_lane,0,4320,29.0,4320,29.0
7,0,4,50,8,1,add_lane,1,4320,29.0,4838,31.9
7,0,4,50,8,1,add_lane,2,4320,29.0,5357,34.8
7,0,4,50,8,1,change_speed,-10,4320,29.0,3888,20.9
7,0,4,50,8,1,change_speed,0,4320,29.0,4320,26.1
7,0,4,50,8,1,change_speed,10,4320,29.0,4752,31.3
7,0,4,50,8,2,add_lane,0,4190,29.7,4190,29.7
7,0,4,50,8,2,add_lane,1,4190,29.7,4693,32.7
7,0,4,50,8,2,add_lane,2,4190,29.7,5196,35.6
7,0,4,50,8,2,change_speed,-10,4190,29.7,3771,21.4
7,0,4,50,8,2,change_speed,0,4190,29.7,4190,26.7
7,0,4,50,8,2,change_speed,10,4190,29.7,4609,32.1
7,0,4,50,8,3,add_lane,0,4190,26.7,4190,26.7
7,0,4,50,8,3,add_lane,1,4190,26.7,4693,29.4
7,0,4,50,8,3,add_lane,2,4190,26.7,5196,32.0
7,0,4,50,8,3,change_speed,-10,4190,26.7,3771,19.2
7,0,4,50,8,3,change_speed,0,4190,26.7,4190,24.0
7,0,4,50,8,3,change_speed,10,4190,26.7,4609,28.8
7,0,4,50,8,4,add_lane,0,4190,28.0,4190,28.0
7,0,4,50,8,4,add_lane,1,4190,28.0,4693,30.8
7,0,4,50,8,4,add_lane,2,4190,28.0,5196,33.6
7,0,4,50,8,4,change_speed,-10,4190,28.0,3771,20.2
7,0,4,50,8,4,change_speed,0,4190,28.0,4190,25.2
7,0,4,50,8,4,change_speed,10,4190,28.0,4609,30.2
7,0,4,50,8,5,add_lane,0,3024,26.9,3024,26.9
7,0,4,50,8,5,add_lane,1,3024,26.9,3387,29.6
7,0,4,50,8,5,add_lane,2,3024,26.9,3750,32.3
7,0,4,50,8,5,change_speed,-10,3024,26.9,2722,19.4
7,0,4,50,8,5,change_speed,0,3024,26.9,3024,24.2
7,0,4,50,8,5,change_speed,10,3024,26.9,3326,29.1
7,0,4,50,8,6,add_lane,0,2657,27.0,2657,27.0
7,0,4,50,8,6,add_lane,1,2657,27.0,2976,29.7
7,0,4,50,8,6,add_lane,2,2657,27.0,3295,32.4
7,0,4,50,8,6,change_speed,-10,2657,27.0,2391,19.4
7,0,4,50,8,6,change_speed,0,2657,27.0,2657,24.3
7,0,4,50,8,6,change_speed,10,2657,27.0,2923,29.2
7,0,4,50,9,0,add_lane,0,1594,34.7,1594,34.7
7,0,4,50,9,0,add_lane,1,1594,34.7,1785,38.2
7,0,4,50,9,0,add_lane,2,1594,34.7,1977,41.6
7,0,4,50,9,0,change_speed,-10,1594,34.7,1435,25.0
7,0,4,50,9,0,change_speed,0,1594,34.7,1594,31.2
7,0,4,50,9,0,change_speed,10,1594,34.7,1753,37.5
7,0,4,50,9,1,add_lane,0,3240,41.3,3240,41.3
7,0,4,50,9,1,add_lane,1,3240,41.3,3629,45.4
7,0,4,50,9,1,add_lane,2,3240,41.3,4018,49.6
7,0,4,50,9,1,change_speed,-10,3240,41.3,2916,29.7
7,0,4,50,9,1,change_speed,0,3240,41.3,3240,37.2
7,0,4,50,9,1,change_speed,10,3240,41.3,3564,44.6
7,0,4,50,9,2,add_lane,0,3143,37.3,3143,37.3
7,0,4,50,9,2,add_lane,1,3143,37.3,3520,41.0
7,0,4,50,9,2,add_lane,2,3143,37.3,3897,44.8
7,0,4,50,9,2,change_speed,-10,3143,37.3,2829,26.9
7,0,4,50,9,2,change_speed,0,3143,37.3,3143,33.6
7,0,4,50,9,2,change_speed,10,3143,37.3,3457,40.3
7,0,4,50,9,3,add_lane,0,3143,30.8,3143,30.8
7,0,4,50,9,3,add_lane,1,3143,30.8,3520,33.9
7,0,4,50,9,3,add_lane,2,3143,30.8,3897,37.0
7,0,4,50,9,3,change_speed,-10,3143,30.8,2829,22.2
7,0,4,50,9,3,change_speed,0,3143,30.8,3143,27.7
7,0,4,50,9,3,change_speed,10,3143,30.8,3457,33.3
7,0,4,50,9,4,add_lane,0,3143,34.4,3143,34.4
7,0,4,50,9,4,add_lane,1,3143,34.4,3520,37.8
7,0,4,50,9,4,add_lane,2,3143,34.4,3897,41.3
7,0,4,50,9,4,change_speed,-10,3143,34.4,2829,24.8
7,0,4,50,9,4,change_speed,0,3143,34.4,3143,31.0
7,0,4,50,9,4,change_speed,10,3143,34.4,3457,37.2
7,0,4,50,9,5,add_lane,0,2268,27.4,2268,27.4
7,0,4,50,9,5,add_lane,1,2268,27.4,2540,30.1
7,0,4,50,9,5,add_lane,2,2268,27.4,2812,32.9
7,0,4,50,9,5,change_speed,-10,2268,27.4,2041,19.7
7,0,4,50,9,5,change_speed,0,2268,27.4,2268,24.7
7,0,4,50,9,5,change_speed,10,2268,27.4,2495,29.6
7,0,4,50,9,6,add_lane,0,1993,35.6,1993,35.6
7,0,4,50,9,6,add_lane,1,1993,35.6,2232,39.2
7,0,4,50,9,6,add_lane,2,1993,35.6,2471,42.7
7,0,4,50,9,6,change_speed,-10,1993,35.6,1794,25.6
7,0,4,50,9,6,change_speed,0,1993,35.6,1993,32.0
7,0,4,50,9,6,change_speed,10,1993,35.6,2192,38.4
7,0,4,50,10,0,add_lane,0,1240,40.4,1240,40.4
7,0,4,50,10,0,add_lane,1,1240,40.4,1389,44.4
7,0,4,50,10,0,add_lane,2,1240,40.4,1538,48.5
7,0,4,50,10,0,change_speed,-10,1240,40.4,1116,29.1
7,0,4,50,10,0,change_speed,0,1240,40.4,1240,36.4
7,0,4,50,10,0,change_speed,10,1240,40.4,1364,43.6
7,0,4,50,10,1,add_lane,0,2520,38.2,2520,38.2
7,0,4,50,10,1,add_lane,1,2520,38.2,2822,42.0
7,0,4,50,10,1,add_lane,2,2520,38.2,3125,45.8
7,0,4,50,10,1,change_speed,-10,2520,38.2,2268,27.5
7,0,4,50,10,1,change_speed,0,2520,38.2,2520,34.4
7,0,4,50,10,1,change_speed,10,2520,38.2,2772,41.3
7,0,4,50,10,2,add_lane,0,2444,37.7,2444,37.7
7,0,4,50,10,2,add_lane,1,2444,37.7,2737,41.5
7,0,4,50,10,2,add_lane,2,2444,37.7,3031,45.2
7,0,4,50,10,2,change_speed,-10,2444,37.7,2200,27.1
7,0,4,50,10,2,change_speed,0,2444,37.7,2444,33.9
7,0,4,50,10,2,change_speed,10,2444,37.7,2688,40.7
7,0,4,50,10,3,add_lane,0,2444,36.1,2444,36.1
7,0,4,50,10,3,add_lane,1,2444,36.1,2737,39.7
7,0,4,50,10,3,add_lane,2,2444,36.1,3031,43.3
7,0,4,50,10,3,change_speed,-10,2444,36.1,2200,26.0
7,0,4,50,10,3,change_speed,0,2444,36.1,2444,32.5
7,0,4,50,10,3,change_speed,10,2444,36.1,2688,39.0
7,0,4,50,10,4,add_lane,0,2444,37.6,2444,37.6
7,0,4,50,10,4,add_lane,1,2444,37.6,2737,41.4
7,0,4,50,10,4,add_lane,2,2444,37.6,3031,45.1
7,0,4,50,10,4,change_speed,-10,2444,37.6,2200,27.1
7,0,4,50,10,4,change_speed,0,2444,37.6,2444,33.8
7,0,4,50,10,4,change_speed,10,2444,37.6,2688,40.6
7,0,4,50,10,5,add_lane,0,1764,28.5,1764,28.5
7,0,4,50,10,5,add_lane,1,1764,28.5,1976,31.4
7,0,4,50,10,5,add_lane,2,1764,28.5,2187,34.2
7,0,4,50,10,5,change_speed,-10,1764,28.5,1588,20.5
7,0,4,50,10,5,change_speed,0,1764,28.5,1764,25.7
7,0,4,50,10,5,change_speed,10,1764,28.5,1940,30.8
7,0,4,50,10,6,add_lane,0,1550,32.3,1550,32.3
7,0,4,50,10,6,add_lane,1,1550,32.3,1736,35.5
7,0,4,50,10,6,add_lane,2,1550,32.3,1922,38.8
7,0,4,50,10,6,change_speed,-10,1550,32.3,1395,23.3
7,0,4,50,10,6,change_speed,0,1550,32.3,1550,29.1
7,0,4,50,10,6,change_speed,10,1550,32.3,1705,34.9
7,0,4,50,11,0,add_lane,0,1063,39.3,1063,39.3
7,0,4,50,11,0,add_lane,1,1063,39.3,1191,43.2
7,0,4,50,11,0,add_lane,2,1063,39.3,1318,47.2
7,0,4,50,11,0,change_speed,-10,1063,39.3,957,28.3
7,0,4,50,11,0,change_speed,0,1063,39.3,1063,35.4
7,0,4,50,11,0,change_speed,10,1063,39.3,1169,42.4
7,0,4,50,11,1,add_lane,0,2160,45.4,2160,45.4
7,0,4,50,11,1,add_lane,1,2160,45.4,2419,49.9
7,0,4,50,11,1,add_lane,2,2160,45.4,2678,54.5
7,0,4,50,11,1,change_speed,-10,2160,45.4,1944,32.7
7,0,4,50,11,1,change_speed,0,2160,45.4,2160,40.9
7,0,4,50,11,1,change_speed,10,2160,45.4,2376,49.0
7,0,4,50,11,2,add_lane,0,2095,44.4,2095,44.4
7,0,4,50,11,2,add_lane,1,2095,44.4,2346,48.8
7,0,4,50,11,2,add_lane,2,2095,44.4,2598,53.3
7,0,4,50,11,2,change_speed,-10,2095,44.4,1886,32.0
7,0,4,50,11,2,change_speed,0,2095,44.4,2095,40.0
7,0,4,50,11,2,change_speed,10,2095,44.4,2304,48.0
7,0,4,50,11,3,add_lane,0,2095,46.5,2095,46.5
7,0,4,50,11,3,add_lane,1,2095,46.5,2346,51.2
7,0,4,50,11,3,add_lane,2,2095,46.5,2598,55.8
7,0,4,50,11,3,change_speed,-10,2095,46.5,1886,33.5
7,0,4,50,11,3,change_speed,0,2095,46.5,2095,41.9
7,0,4,50,11,3,change_speed,10,2095,46.5,2304,50.2
7,0,4,50,11,4,add_lane,0,2095,35.7,2095,35.7
7,0,4,50,11,4,add_lane,1,2095,35.7,2346,39.3
7,0,4,50,11,4,add_lane,2,2095,35.7,2598,42.8
7,0,4,50,11,4,change_speed,-10,2095,35.7,1886,25.7
7,0,4,50,11,4,change_speed,0,2095,35.7,2095,32.1
7,0,4,50,11,4,change_speed,10,2095,35.7,2304,38.6
7,0,4,50,11,5,add_lane,0,1512,29.0,1512,29.0
7,0,4,50,11,5,add_lane,1,1512,29.0,1693,31.9
7,0,4,50,11,5,add_lane,2,1512,29.0,1875,34.8
7,0,4,50,11,5,change_speed,-10,1512,29.0,1361,20.9
7,0,4,50,11,5,change_speed,0,1512,29.0,1512,26.1
7,0,4,50,11,5,change_speed,10,1512,29.0,1663,31.3
7,0,4,50,11,6,add_lane,0,1328,38.3,1328,38.3
7,0,4,50,11,6,add_lane,1,1328,38.3,1487,42.1
7,0,4,50,11,6,add_lane,2,1328,38.3,1647,46.0
7,0,4,50,11,6,change_speed,-10,1328,38.3,1195,27.6
7,0,4,50,11,6,change_speed,0,1328,38.3,1328,34.5
7,0,4,50,11,6,change_speed,10,1328,38.3,1461,41.4
7,0,4,50,12,0,add_lane,0,974,40.8,974,40.8
7,0,4,50,12,0,add_lane,1,974,40.8,1091,44.9
7,0,4,50,12,0,add_lane,2,974,40.8,1208,49.0
7,0,4,50,12,0,change_speed,-10,974,40.8,877,29.4
7,0,4,50,12,0,change_speed,0,974,40.8,974,36.7
7,0,4,50,12,0,change_speed,10,974,40.8,1071,44.1
7,0,4,50,12,1,add_lane,0,1980,45.7,1980,45.7
7,0,4,50,12,1,add_lane,1,1980,45.7,2218,50.3
7,0,4,50,12,1,add_lane,2,1980,45.7,2455,54.8
7,0,4,50,12,1,change_speed,-10,1980,45.7,1782,32.9
7,0,4,50,12,1,change_speed,0,1980,45.7,1980,41.1
7,0,4,50,12,1,change_speed,10,1980,45.7,2178,49.4
7,0,4,50,12,2,add_lane,0,1921,39.8,1921,39.8
7,0,4,50,12,2,add_lane,1,1921,39.8,2152,43.8
7,0,4,50,12,2,add_lane,2,1921,39.8,2382,47.8
7,0,4,50,12,2,change_speed,-10,1921,39.8,1729,28.7
7,0,4,50,12,2,change_speed,0,1921,39.8,1921,35.8
7,0,4,50,12,2,change_speed,10,1921,39.8,2113,43.0
7,0,4,50,12,3,add_lane,0,1921,43.4,1921,43.4
7,0,4,50,12,3,add_lane,1,1921,43.4,2152,47.7
7,0,4,50,12,3,add_lane,2,1921,43.4,2382,52.1
7,0,4,50,12,3,change_speed,-10,1921,43.4,1729,31.2
7,0,4,50,12,3,change_speed,0,1921,43.4,1921,39.1
7,0,4,50,12,3,change_speed,10,1921,43.4,2113,46.9
7,0,4,50,12,4,add_lane,0,1921,41.3,1921,41.3
7,0,4,50,12,4,add_lane,1,1921,41.3,2152,45.4
7,0,4,50,12,4,add_lane,2,1921,41.3,2382,49.6
7,0,4,50,12,4,change_speed,-10,1921,41.3,1729,29.7
7,0,4,50,12,4,change_speed,0,1921,41.3,1921,37.2
7,0,4,50,12,4,change_speed,10,1921,41.3,2113,44.6
7,0,4,50,12,5,add_lane,0,1386,28.8,1386,28.8
7,0,4,50,12,5,add_lane,1,1386,28.8,1552,31.7
7,0,4,50,12,5,add_lane,2,1386,28.8,1719,34.6
7,0,4,50,12,5,change_speed,-10,1386,28.8,1247,20.7
7,0,4,50,12,5,change_speed,0,1386,28.8,1386,25.9
7,0,4,50,12,5,change_speed,10,1386,28.8,1525,31.1
7,0,4,50,12,6,add_lane,0,1218,36.5,1218,36.5
7,0,4,50,12,6,add_lane,1,1218,36.5,1364,40.2
7,0,4,50,12,6,add_lane,2,1218,36.5,1510,43.8
7,0,4,50,12,6,change_speed,-10,1218,36.5,1096,26.3
7,0,4,50,12,6,change_speed,0,1218,36.5,1218,32.9
7,0,4,50,12,6,change_speed,10,1218,36.5,1340,39.4
7,0,4,50,13,0,add_lane,0,974,39.6,974,39.6
7,0,4,50,13,0,add_lane,1,974,39.6,1091,43.6
7,0,4,50,13,0,add_lane,2,974,39.6,1208,47.5
7,0,4,50,13,0,change_speed,-10,974,39.6,877,28.5
7,0,4,50,13,0,change_speed,0,974,39.6,974,35.6
7,0,4,50,13,0,change_speed,10,974,39.6,1071,42.8
7,0,4,50,13,1,add_lane,0,1980,43.4,1980,43.4
7,0,4,50,13,1,add_lane,1,1980,43.4,2218,47.7
7,0,4,50,13,1,add_lane,2,1980,43.4,2455,52.1
7,0,4,50,13,1,change_speed,-10,1980,43.4,1782,31.2
7,0,4,50,13,1,change_speed,0,1980,43.4,1980,39.1
7,0,4,50,13,1,change_speed,10,1980,43.4,2178,46.9
7,0,4,50,13,2,add_lane,0,1921,41.8,1921,41.8
7,0,4,50,13,2,add_lane,1,1921,41.8,2152,46.0
7,0,4,50,13,2,add_lane,2,1921,41.8,2382,50.2
7,0,4,50,13,2,change_speed,-10,1921,41.8,1729,30.1
7,0,4,50,13,2,change_speed,0,1921,41.8,1921,37.6
7,0,4,50,13,2,change_speed,10,1921,41.8,2113,45.1
7,0,4,50,13,3,add_lane,0,1921,42.1,1921,42.1
7,0,4,50,13,3,add_lane,1,1921,42.1,2152,46.3
7,0,4,50,13,3,add_lane,2,1921,42.1,2382,50.5
7,0,4,50,13,3,change_speed,-10,1921,42.1,1729,30.3
7,0,4,50,13,3,change_speed,0,1921,42.1,1921,37.9
7,0,4,50,13,3,change_speed,10,1921,42.1,2113,45.5
7,0,4,50,13,4,add_lane,0,1921,42.2,1921,42.2
7,0,4,50,13,4,add_lane,1,1921,42.2,2152,46.4
7,0,4,50,13,4,add_lane,2,1921,42.2,2382,50.6
7,0,4,50,13,4,change_speed,-10,1921,42.2,1729,30.4
7,0,4,50,13,4,change_speed,0,1921,42.2,1921,38.0
7,0,4,50,13,4,change_speed,10,1921,42.2,2113,45.6
7,0,4,50,13,5,add_lane,0,1386,29.3,1386,29.3
7,0,4,50,13,5,add_lane,1,1386,29.3,1552,32.2
7,0,4,50,13,5,add_lane,2,1386,29.3,1719,35.2
7,0,4,50,13,5,change_speed,-10,1386,29.3,1247,21.1
7,0,4,50,13,5,change_speed,0,1386,29.3,1386,26.4
7,0,4,50,13,5,change_speed,10,1386,29.3,1525,31.6
7,0,4,50,13,6,add_lane,0,1218,38.8,1218,38.8
7,0,4,50,13,6,add_lane,1,1218,38.8,1364,42.7
7,0,4,50,13,6,add_lane,2,1218,38.8,1510,46.6
7,0,4,50,13,6,change_speed,-10,1218,38.8,1096,27.9
7,0,4,50,13,6,change_speed,0,1218,38.8,1218,34.9
7,0,4,50,13,6,change_speed,10,1218,38.8,1340,41.9
7,0,4,50,14,0,add_lane,0,1063,38.9,1063,38.9
7,0,4,50,14,0,add_lane,1,1063,38.9,1191,42.8
7,0,4,50,14,0,add_lane,2,1063,38.9,1318,46.7
7,0,4,50,14,0,change_speed,-10,1063,38.9,957,28.0
7,0,4,50,14,0,change_speed,0,1063,38.9,1063,35.0
7,0,4,50,14,0,change_speed,10,1063,38.9,1169,42.0
7,0,4,50,14,1,add_lane,0,2160,40.2,2160,40.2
7,0,4,50,14,1,add_lane,1,2160,40.2,2419,44.2
7,0,4,50,14,1,add_lane,2,2160,40.2,2678,48.2
7,0,4,50,14,1,change_speed,-10,2160,40.2,1944,28.9
7,0,4,50,14,1,change_speed,0,2160,40.2,2160,36.2
7,0,4,50,14,1,change_speed,10,2160,40.2,2376,43.4
7,0,4,50,14,2,add_lane,0,2095,42.2,2095,42.2
7,0,4,50,14,2,add_lane,1,2095,42.2,2346,46.4
7,0,4,50,14,2,add_lane,2,2095,42.2,2598,50.6
7,0,4,50,14,2,change_speed,-10,2095,42.2,1886,30.4
7,0,4,50,14,2,change_speed,0,2095,42.2,2095,38.0
7,0,4,50,14,2,change_speed,10,2095,42.2,2304,45.6
7,0,4,50,14,3,add_lane,0,2095,40.2,2095,40.2
7,0,4,50,14,3,add_lane,1,2095,40.2,2346,44.2
7,0,4,50,14,3,add_lane,2,2095,40.2,2598,48.2
7,0,4,50,14,3,change_speed,-10,2095,40.2,1886,28.9
7,0,4,50,14,3,change_speed,0,2095,40.2,2095,36.2
7,0,4,50,14,3,change_speed,10,2095,40.2,2304,43.4
7,0,4,50,14,4,add_lane,0,2095,40.1,2095,40.1
7,0,4,50,14,4,add_lane,1,2095,40.1,2346,44.1
7,0,4,50,14,4,add_lane,2,2095,40.1,2598,48.1
7,0,4,50,14,4,change_speed,-10,2095,40.1,1886,28.9
7,0,4,50,14,4,change_speed,0,2095,40.1,2095,36.1
7,0,4,50,14,4,change_speed,10,2095,40.1,2304,43.3
7,0,4,50,14,5,add_lane,0,1512,29.4,1512,29.4
7,0,4,50,14,5,add_lane,1,1512,29.4,1693,32.3
7,0,4,50,14,5,add_lane,2,1512,29.4,1875,35.3
7,0,4,50,14,5,change_speed,-10,1512,29.4,1361,21.2
7,0,4,50,14,5,change_speed,0,1512,29.4,1512,26.5
7,0,4,50,14,5,change_speed,10,1512,29.4,1663,31.8
7,0,4,50,14,6,add_lane,0,1328,34.5,1328,34.5
7,0,4,50,14,6,add_lane,1,1328,34.5,1487,38.0
7,0,4,50,14,6,add_lane,2,1328,34.5,1647,41.4
7,0,4,50,14,6,change_speed,-10,1328,34.5,1195,24.8
7,0,4,50,14,6,change_speed,0,1328,34.5,1328,31.1
7,0,4,50,14,6,change_speed,10,1328,34.5,1461,37.3
7,0,4,50,15,0,add_lane,0,1417,37.9,1417,37.9
7,0,4,50,15,0,add_lane,1,1417,37.9,1587,41.7
7,0,4,50,15,0,add_lane,2,1417,37.9,1757,45.5
7,0,4,50,15,0,change_speed,-10,1417,37.9,1275,27.3
7,0,4,50,15,0,change_speed,0,1417,37.9,1417,34.1
7,0,4,50,15,0,change_speed,10,1417,37.9,1559,40.9
7,0,4,50,15,1,add_lane,0,2880,36.4,2880,36.4
7,0,4,50,15,1,add_lane,1,2880,36.4,3226,40.0
7,0,4,50,15,1,add_lane,2,2880,36.4,3571,43.7
7,0,4,50,15,1,change_speed,-10,2880,36.4,2592,26.2
7,0,4,50,15,1,change_speed,0,2880,36.4,2880,32.8
7,0,4,50,15,1,change_speed,10,2880,36.4,3168,39.3
7,0,4,50,15,2,add_lane,0,2794,33.1,2794,33.1
7,0,4,50,15,2,add_lane,1,2794,33.1,3129,36.4
7,0,4,50,15,2,add_lane,2,2794,33.1,3465,39.7
7,0,4,50,15,2,change_speed,-10,2794,33.1,2515,23.8
7,0,4,50,15,2,change_speed,0,2794,33.1,2794,29.8
7,0,4,50,15,2,change_speed,10,2794,33.1,3073,35.7
7,0,4,50,15,3,add_lane,0,2794,36.2,2794,36.2
7,0,4,50,15,3,add_lane,1,2794,36.2,3129,39.8
7,0,4,50,15,3,add_lane,2,2794,36.2,3465,43.4
7,0,4,50,15,3,change_speed,-10,2794,36.2,2515,26.1
7,0,4,50,15,3,change_speed,0,2794,36.2,2794,32.6
7,0,4,50,15,3,change_speed,10,2794,36.2,3073,39.1
7,0,4,50,15,4,add_lane,0,2794,37.4,2794,37.4
7,0,4,50,15,4,add_lane,1,2794,37.4,3129,41.1
7,0,4,50,15,4,add_lane,2,2794,37.4,3465,44.9
7,0,4,50,15,4,change_speed,-10,2794,37.4,2515,26.9
7,0,4,50,15,4,change_speed,0,2794,37.4,2794,33.7
7,0,4,50,15,4,change_speed,10,2794,37.4,3073,40.4
7,0,4,50,15,5,add_lane,0,2016,27.3,2016,27.3
7,0,4,50,15,5,add_lane,1,2016,27.3,2258,30.0
7,0,4,50,15,5,add_lane,2,2016,27.3,2500,32.8
7,0,4,50,15,5,change_speed,-10,2016,27.3,1814,19.7
7,0,4,50,15,5,change_speed,0,2016,27.3,2016,24.6
7,0,4,50,15,5,change_speed,10,2016,27.3,2218,29.5
7,0,4,50,15,6,add_lane,0,1771,37.4,1771,37.4
7,0,4,50,15,6,add_lane,1,1771,37.4,1984,41.1
7,0,4,50,15,6,add_lane,2,1771,37.4,2196,44.9
7,0,4,50,15,6,change_speed,-10,1771,37.4,1594,26.9
7,0,4,50,15,6,change_speed,0,1771,37.4,1771,33.7
7,0,4,50,15,6,change_speed,10,1771,37.4,1948,40.4
7,0,4,50,16,0,add_lane,0,1771,40.0,1771,40.0
7,0,4,50,16,0,add_lane,1,1771,40.0,1984,44.0
7,0,4,50,16,0,add_lane,2,1771,40.0,2196,48.0
7,0,4,50,16,0,change_speed,-10,1771,40.0,1594,28.8
7,0,4,50,16,0,change_speed,0,1771,40.0,1771,36.0
7,0,4,50,16,0,change_speed,10,1771,40.0,1948,43.2
7,0,4,50,16,1,add_lane,0,3600,32.9,3600,32.9
7,0,4,50,16,1,add_lane,1,3600,32.9,4032,36.2
7,0,4,50,16,1,add_lane,2,3600,32.9,4464,39.5
7,0,4,50,16,1,change_speed,-10,3600,32.9,3240,23.7
7,0,4,50,16,1,change_speed,0,3600,32.9,3600,29.6
7,0,4,50,16,1,change_speed,10,3600,32.9,3960,35.5
7,0,4,50,16,2,add_lane,0,3492,35.6,3492,35.6
7,0,4,50,16,2,add_lane,1,3492,35.6,3911,39.2
7,0,4,50,16,2,add_lane,2,3492,35.6,4330,42.7
7,0,4,50,16,2,change_speed,-10,3492,35.6,3143,25.6
7,0,4,50,16,2,change_speed,0,3492,35.6,3492,32.0
7,0,4,50,16,2,change_speed,10,3492,35.6,3841,38.4
7,0,4,50,16,3,add_lane,0,3492,35.2,3492,35.2
7,0,4,50,16,3,add_lane,1,3492,35.2,3911,38.7
7,0,4,50,16,3,add_lane,2,3492,35.2,4330,42.2
7,0,4,50,16,3,change_speed,-10,3492,35.2,3143,25.3
7,0,4,50,16,3,change_speed,0,3492,35.2,3492,31.7
7,0,4,50,16,3,change_speed,10,3492,35.2,3841,38.0
7,0,4,50,16,4,add_lane,0,3492,33.0,3492,33.0
7,0,4,50,16,4,add_lane,1,3492,33.0,3911,36.3
7,0,4,50,16,4,add_lane,2,3492,33.0,4330,39.6
7,0,4,50,16,4,change_speed,-10,3492,33.0,3143,23.8
7,0,4,50,16,4,change_speed,0,3492,33.0,3492,29.7
7,0,4,50,16,4,change_speed,10,3492,33.0,3841,35.6
7,0,4,50,16,5,add_lane,0,2520,25.1,2520,25.1
7,0,4,50,16,5,add_lane,1,2520,25.1,2822,27.6
7,0,4,50,16,5,add_lane,2,2520,25.1,3125,30.1
7,0,4,50,16,5,change_speed,-10,2520,25.1,2268,18.1
7,0,4,50,16,5,change_speed,0,2520,25.1,2520,22.6
7,0,4,50,16,5,change_speed,10,2520,25.1,2772,27.1
7,0,4,50,16,6,add_lane,0,2214,33.7,2214,33.7
7,0,4,50,16,6,add_lane,1,2214,33.7,2480,37.1
7,0,4,50,16,6,add_lane,2,2214,33.7,2745,40.4
7,0,4,50,16,6,change_speed,-10,2214,33.7,1993,24.3
7,0,4,50,16,6,change_speed,0,2214,33.7,2214,30.3
7,0,4,50,16,6,change_speed,10,2214,33.7,2435,36.4
7,0,4,50,17,0,add_lane,0,2125,35.7,2125,35.7
7,0,4,50,17,0,add_lane,1,2125,35.7,2380,39.3
7,0,4,50,17,0,add_lane,2,2125,35.7,2635,42.8
7,0,4,50,17,0,change_speed,-10,2125,35.7,1912,25.7
7,0,4,50,17,0,change_speed,0,2125,35.7,2125,32.1
7,0,4,50,17,0,change_speed,10,2125,35.7,2338,38.6
7,0,4,50,17,1,add_lane,0,4320,26.6,4320,26.6
7,0,4,50,17,1,add_lane,1,4320,26.6,4838,29.3
7,0,4,50,17,1,add_lane,2,4320,26.6,5357,31.9
7,0,4,50,17,1,change_speed,-10,4320,26.6,3888,19.2
7,0,4,50,17,1,change_speed,0,4320,26.6,4320,23.9
7,0,4,50,17,1,change_speed,10,4320,26.6,4752,28.7
7,0,4,50,17,2,add_lane,0,4190,29.8,4190,29.8
7,0,4,50,17,2,add_lane,1,4190,29.8,4693,32.8
7,0,4,50,17,2,add_lane,2,4190,29.8,5196,35.8
7,0,4,50,17,2,change_speed,-10,4190,29.8,3771,21.5
7,0,4,50,17,2,change_speed,0,4190,29.8,4190,26.8
7,0,4,50,17,2,change_speed,10,4190,29.8,4609,32.2
7,0,4,50,17,3,add_lane,0,4190,28.1,4190,28.1
7,0,4,50,17,3,add_lane,1,4190,28.1,4693,30.9
7,0,4,50,17,3,add_lane,2,4190,28.1,5196,33.7
7,0,4,50,17,3,change_speed,-10,4190,28.1,3771,20.2
7,0,4,50,17,3,change_speed,0,4190,28.1,4190,25.3
7,0,4,50,17,3,change_speed,10,4190,28.1,4609,30.3
7,0,4,50,17,4,add_lane,0,4190,26.6,4190,26.6
7,0,4,50,17,4,add_lane,1,4190,26.6,4693,29.3
7,0,4,50,17,4,add_lane,2,4190,26.6,5196,31.9
7,0,4,50,17,4,change_speed,-10,4190,26.6,3771,19.2
7,0,4,50,17,4,change_speed,0,4190,26.6,4190,23.9
7,0,4,50,17,4,change_speed,10,4190,26.6,4609,28.7
7,0,4,50,17,5,add_lane,0,3024,27.3,3024,27.3
7,0,4,50,17,5,add_lane,1,3024,27.3,3387,30.0
7,0,4,50,17,5,add_lane,2,3024,27.3,3750,32.8
7,0,4,50,17,5,change_speed,-10,3024,27.3,2722,19.7
7,0,4,50,17,5,change_speed,0,3024,27.3,3024,24.6
7,0,4,50,17,5,change_speed,10,3024,27.3,3326,29.5
7,0,4,50,17,6,add_lane,0,2657,30.9,2657,30.9
7,0,4,50,17,6,add_lane,1,2657,30.9,2976,34.0
7,0,4,50,17,6,add_lane,2,2657,30.9,3295,37.1
7,0,4,50,17,6,change_speed,-10,2657,30.9,2391,22.2
7,0,4,50,17,6,change_speed,0,2657,30.9,2657,27.8
7,0,4,50,17,6,change_speed,10,2657,30.9,2923,33.4
7,0,4,50,18,0,add_lane,0,1948,35.2,1948,35.2
7,0,4,50,18,0,add_lane,1,1948,35.2,2182,38.7
7,0,4,50,18,0,add_lane,2,1948,35.2,2416,42.2
7,0,4,50,18,0,change_speed,-10,1948,35.2,1753,25.3
7,0,4,50,18,0,change_speed,0,1948,35.2,1948,31.7
7,0,4,50,18,0,change_speed,10,1948,35.2,2143,38.0
7,0,4,50,18,1,add_lane,0,3960,29.9,3960,29.9
7,0,4,50,18,1,add_lane,1,3960,29.9,4435,32.9
7,0,4,50,18,1,add_lane,2,3960,29.9,4910,35.9
7,0,4,50,18,1,change_speed,-10,3960,29.9,3564,21.5
7,0,4,50,18,1,change_speed,0,3960,29.9,3960,26.9
7,0,4,50,18,1,change_speed,10,3960,29.9,4356,32.3
7,0,4,50,18,2,add_lane,0,3841,37.1,3841,37.1
7,0,4,50,18,2,add_lane,1,3841,37.1,4302,40.8
7,0,4,50,18,2,add_lane,2,3841,37.1,4763,44.5
7,0,4,50,18,2,change_speed,-10,3841,37.1,3457,26.7
7,0,4,50,18,2,change_speed,0,3841,37.1,3841,33.4
7,0,4,50,18,2,change_speed,10,3841,37.1,4225,40.1
7,0,4,50,18,3,add_lane,0,3841,32.0,3841,32.0
7,0,4,50,18,3,add_lane,1,3841,32.0,4302,35.2
7,0,4,50,18,3,add_lane,2,3841,32.0,4763,38.4
7,0,4,50,18,3,change_speed,-10,3841,32.0,3457,23.0
7,0,4,50,18,3,change_speed,0,3841,32.0,3841,28.8
7,0,4,50,18,3,change_speed,10,3841,32.0,4225,34.6
7,0,4,50,18,4,add_lane,0,3841,30.4,3841,30.4
7,0,4,50,18,4,add_lane,1,3841,30.4,4302,33.4
7,0,4,50,18,4,add_lane,2,3841,30.4,4763,36.5
7,0,4,50,18,4,change_speed,-10,3841,30.4,3457,21.9
7,0,4,50,18,4,change_speed,0,3841,30.4,3841,27.4
7,0,4,50,18,4,change_speed,10,3841,30.4,4225,32.8
7,0,4,50,18,5,add_lane,0,2772,23.7,2772,23.7
7,0,4,50,18,5,add_lane,1,2772,23.7,3105,26.1
7,0,4,50,18,5,add_lane,2,2772,23.7,3437,28.4
7,0,4,50,18,5,change_speed,-10,2772,23.7,2495,17.1
7,0,4,50,18,5,change_speed,0,2772,23.7,2772,21.3
7,0,4,50,18,5,change_speed,10,2772,23.7,3049,25.6
7,0,4,50,18,6,add_lane,0,2435,29.3,2435,29.3
7,0,4,50,18,6,add_lane,1,2435,29.3,2727,32.2
7,0,4,50,18,6,add_lane,2,2435,29.3,3019,35.2
7,0,4,50,18,6,change_speed,-10,2435,29.3,2192,21.1
7,0,4,50,18,6,change_speed,0,2435,29.3,2435,26.4
7,0,4,50,18,6,change_speed,10,2435,29.3,2678,31.6
7,0,4,50,19,0,add_lane,0,1594,41.3,1594,41.3
7,0,4,50,19,0,add_lane,1,1594,41.3,1785,45.4
7,0,4,50,19,0,add_lane,2,1594,41.3,1977,49.6
7,0,4,50,19,0,change_speed,-10,1594,41.3,1435,29.7
7,0,4,50,19,0,change_speed,0,1594,41.3,1594,37.2
7,0,4,50,19,0,change_speed,10,1594,41.3,1753,44.6
7,0,4,50,19,1,add_lane,0,3240,32.9,3240,32.9
7,0,4,50,19,1,add_lane,1,3240,32.9,3629,36.2
7,0,4,50,19,1,add_lane,2,3240,32.9,4018,39.5
7,0,4,50,19,1,change_speed,-10,3240,32.9,2916,23.7
7,0,4,50,19,1,change_speed,0,3240,32.9,3240,29.6
7,0,4,50,19,1,change_speed,10,3240,32.9,3564,35.5
7,0,4,50,19,2,add_lane,0,3143,39.1,3143,39.1
7,0,4,50,19,2,add_lane,1,3143,39.1,3520,43.0
7,0,4,50,19,2,add_lane,2,3143,39.1,3897,46.9
7,0,4,50,19,2,change_speed,-10,3143,39.1,2829,28.2
7,0,4,50,19,2,change_speed,0,3143,39.1,3143,35.2
7,0,4,50,19,2,change_speed,10,3143,39.1,3457,42.2
7,0,4,50,19,3,add_lane,0,3143,34.1,3143,34.1
7,0,4,50,19,3,add_lane,1,3143,34.1,3520,37.5
7,0,4,50,19,3,add_lane,2,3143,34.1,3897,40.9
7,0,4,50,19,3,change_speed,-10,3143,34.1,2829,24.6
7,0,4,50,19,3,change_speed,0,3143,34.1,3143,30.7
7,0,4,50,19,3,change_speed,10,3143,34.1,3457,36.8
7,0,4,50,19,4,add_lane,0,3143,35.0,3143,35.0
7,0,4,50,19,4,add_lane,1,3143,35.0,3520,38.5
7,0,4,50,19,4,add_lane,2,3143,35.0,3897,42.0
7,0,4,50,19,4,change_speed,-10,3143,35.0,2829,25.2
7,0,4,50,19,4,change_speed,0,3143,35.0,3143,31.5
7,0,4,50,19,4,change_speed,10,3143,35.0,3457,37.8
7,0,4,50,19,5,add_lane,0,2268,27.4,2268,27.4
7,0,4,50,19,5,add_lane,1,2268,27.4,2540,30.1
7,0,4,50,19,5,add_lane,2,2268,27.4,2812,32.9
7,0,4,50,19,5,change_speed,-10,2268,27.4,2041,19.7
7,0,4,50,19,5,change_speed,0,2268,27.4,2268,24.7
7,0,4,50,19,5,change_speed,10,2268,27.4,2495,29.6
7,0,4,50,19,6,add_lane,0,1993,38.5,1993,38.5
7,0,4,50,19,6,add_lane,1,1993,38.5,2232,42.4
7,0,4,50,19,6,add_lane,2,1993,38.5,2471,46.2
7,0,4,50,19,6,change_speed,-10,1993,38.5,1794,27.7
7,0,4,50,19,6,change_speed,0,1993,38.5,1993,34.6
7,0,4,50,19,6,change_speed,10,1993,38.5,2192,41.6
7,0,4,50,20,0,add_lane,0,1151,42.0,1151,42.0
7,0,4,50,20,0,add_lane,1,1151,42.0,1289,46.2
7,0,4,50,20,0,add_lane,2,1151,42.0,1427,50.4
7,0,4,50,20,0,change_speed,-10,1151,42.0,1036,30.2
7,0,4,50,20,0,change_speed,0,1151,42.0,1151,37.8
7,0,4,50,20,0,change_speed,10,1151,42.0,1266,45.4
7,0,4,50,20,1,add_lane,0,2340,44.7,2340,44.7
7,0,4,50,20,1,add_lane,1,2340,44.7,2621,49.2
7,0,4,50,20,1,add_lane,2,2340,44.7,2902,53.6
7,0,4,50,20,1,change_speed,-10,2340,44.7,2106,32.2
7,0,4,50,20,1,change_speed,0,2340,44.7,2340,40.2
7,0,4,50,20,1,change_speed,10,2340,44.7,2574,48.3
7,0,4,50,20,2,add_lane,0,2270,39.6,2270,39.6
7,0,4,50,20,2,add_lane,1,2270,39.6,2542,43.6
7,0,4,50,20,2,add_lane,2,2270,39.6,2815,47.5
7,0,4,50,20,2,change_speed,-10,2270,39.6,2043,28.5
7,0,4,50,20,2,change_speed,0,2270,39.6,2270,35.6
7,0,4,50,20,2,change_speed,10,2270,39.6,2497,42.8
7,0,4,50,20,3,add_lane,0,2270,44.3,2270,44.3
7,0,4,50,20,3,add_lane,1,2270,44.3,2542,48.7
7,0,4,50,20,3,add_lane,2,2270,44.3,2815,53.2
7,0,4,50,20,3,change_speed,-10,2270,44.3,2043,31.9
7,0,4,50,20,3,change_speed,0,2270,44.3,2270,39.9
7,0,4,50,20,3,change_speed,10,2270,44.3,2497,47.8
7,0,4,50,20,4,add_lane,0,2270,39.1,2270,39.1
7,0,4,50,20,4,add_lane,1,2270,39.1,2542,43.0
7,0,4,50,20,4,add_lane,2,2270,39.1,2815,46.9
7,0,4,50,20,4,change_speed,-10,2270,39.1,2043,28.2
7,0,4,50,20,4,change_speed,0,2270,39.1,2270,35.2
7,0,4,50,20,4,change_speed,10,2270,39.1,2497,42.2
7,0,4,50,20,5,add_lane,0,1638,30.6,1638,30.6
7,0,4,50,20,5,add_lane,1,1638,30.6,1835,33.7
7,0,4,50,20,5,add_lane,2,1638,30.6,2031,36.7
7,0,4,50,20,5,change_speed,-10,1638,30.6,1474,22.0
7,0,4,50,20,5,change_speed,0,1638,30.6,1638,27.5
7,0,4,50,20,5,change_speed,10,1638,30.6,1802,33.0
7,0,4,50,20,6,add_lane,0,1439,35.2,1439,35.2
7,0,4,50,20,6,add_lane,1,1439,35.2,1612,38.7
7,0,4,50,20,6,add_lane,2,1439,35.2,1784,42.2
7,0,4,50,20,6,change_speed,-10,1439,35.2,1295,25.3
7,0,4,50,20,6,change_speed,0,1439,35.2,1439,31.7
7,0,4,50,20,6,change_speed,10,1439,35.2,1583,38.0
7,0,4,50,21,0,add_lane,0,797,37.3,797,37.3
7,0,4,50,21,0,add_lane,1,797,37.3,893,41.0
7,0,4,50,21,0,add_lane,2,797,37.3,988,44.8
7,0,4,50,21,0,change_speed,-10,797,37.3,717,26.9
7,0,4,50,21,0,change_speed,0,797,37.3,797,33.6
7,0,4,50,21,0,change_speed,10,797,37.3,877,40.3
7,0,4,50,21,1,add_lane,0,1620,47.2,1620,47.2
7,0,4,50,21,1,add_lane,1,1620,47.2,1814,51.9
7,0,4,50,21,1,add_lane,2,1620,47.2,2009,56.6
7,0,4,50,21,1,change_speed,-10,1620,47.2,1458,34.0
7,0,4,50,21,1,change_speed,0,1620,47.2,1620,42.5
7,0,4,50,21,1,change_speed,10,1620,47.2,1782,51.0
7,0,4,50,21,2,add_lane,0,1571,48.2,1571,48.2
7,0,4,50,21,2,add_lane,1,1571,48.2,1760,53.0
7,0,4,50,21,2,add_lane,2,1571,48.2,1948,57.8
7,0,4,50,21,2,change_speed,-10,1571,48.2,1414,34.7
7,0,4,50,21,2,change_speed,0,1571,48.2,1571,43.4
7,0,4,50,21,2,change_speed,10,1571,48.2,1728,52.1
7,0,4,50,21,3,add_lane,0,1571,45.5,1571,45.5
7,0,4,50,21,3,add_lane,1,1571,45.5,1760,50.1
7,0,4,50,21,3,add_lane,2,1571,45.5,1948,54.6
7,0,4,50,21,3,change_speed,-10,1571,45.5,1414,32.8
7,0,4,50,21,3,change_speed,0,1571,45.5,1571,41.0
7,0,4,50,21,3,change_speed,10,1571,45.5,1728,49.1
7,0,4,50,21,4,add_lane,0,1571,39.6,1571,39.6
7,0,4,50,21,4,add_lane,1,1571,39.6,1760,43.6
7,0,4,50,21,4,add_lane,2,1571,39.6,1948,47.5
7,0,4,50,21,4,change_speed,-10,1571,39.6,1414,28.5
7,0,4,50,21,4,change_speed,0,1571,39.6,1571,35.6
7,0,4,50,21,4,change_speed,10,1571,39.6,1728,42.8
7,0,4,50,21,5,add_lane,0,1134,32.6,1134,32.6
7,0,4,50,21,5,add_lane,1,1134,32.6,1270,35.9
7,0,4,50,21,5,add_lane,2,1134,32.6,1406,39.1
7,0,4,50,21,5,change_speed,-10,1134,32.6,1021,23.5
7,0,4,50,21,5,change_speed,0,1134,32.6,1134,29.3
7,0,4,50,21,5,change_speed,10,1134,32.6,1247,35.2
7,0,4,50,21,6,add_lane,0,996,40.0,996,40.0
7,0,4,50,21,6,add_lane,1,996,40.0,1116,44.0
7,0,4,50,21,6,add_lane,2,996,40.0,1235,48.0
7,0,4,50,21,6,change_speed,-10,996,40.0,896,28.8
7,0,4,50,21,6,change_speed,0,996,40.0,996,36.0
7,0,4,50,21,6,change_speed,10,996,40.0,1096,43.2
7,0,4,50,22,0,add_lane,0,531,47.5,531,47.5
7,0,4,50,22,0,add_lane,1,531,47.5,595,52.3
7,0,4,50,22,0,add_lane,2,531,47.5,658,57.0
7,0,4,50,22,0,change_speed,-10,531,47.5,478,34.2
7,0,4,50,22,0,change_speed,0,531,47.5,531,42.8
7,0,4,50,22,0,change_speed,10,531,47.5,584,51.3
7,0,4,50,22,1,add_lane,0,1080,51.0,1080,51.0
7,0,4,50,22,1,add_lane,1,1080,51.0,1210,56.1
7,0,4,50,22,1,add_lane,2,1080,51.0,1339,61.2
7,0,4,50,22,1,change_speed,-10,1080,51.0,972,36.7
7,0,4,50,22,1,change_speed,0,1080,51.0,1080,45.9
7,0,4,50,22,1,change_speed,10,1080,51.0,1188,55.1
7,0,4,50,22,2,add_lane,0,1048,48.8,1048,48.8
7,0,4,50,22,2,add_lane,1,1048,48.8,1174,53.7
7,0,4,50,22,2,add_lane,2,1048,48.8,1300,58.6
7,0,4,50,22,2,change_speed,-10,1048,48.8,943,35.1
7,0,4,50,22,2,change_speed,0,1048,48.8,1048,43.9
7,0,4,50,22,2,change_speed,10,1048,48.8,1153,52.7
7,0,4,50,22,3,add_lane,0,1048,49.9,1048,49.9
7,0,4,50,22,3,add_lane,1,1048,49.9,1174,54.9
7,0,4,50,22,3,add_lane,2,1048,49.9,1300,59.9
7,0,4,50,22,3,change_speed,-10,1048,49.9,943,35.9
7,0,4,50,22,3,change_speed,0,1048,49.9,1048,44.9
7,0,4,50,22,3,change_speed,10,1048,49.9,1153,53.9
7,0,4,50,22,4,add_lane,0,1048,49.8,1048,49.8
7,0,4,50,22,4,add_lane,1,1048,49.8,1174,54.8
7,0,4,50,22,4,add_lane,2,1048,49.8,1300,59.8
7,0,4,50,22,4,change_speed,-10,1048,49.8,943,35.9
7,0,4,50,22,4,change_speed,0,1048,49.8,1048,44.8
7,0,4,50,22,4,change_speed,10,1048,49.8,1153,53.8
7,0,4,50,22,5,add_lane,0,756,32.8,756,32.8
7,0,4,50,22,5,add_lane,1,756,32.8,847,36.1
7,0,4,50,22,5,add_lane,2,756,32.8,937,39.4
7,0,4,50,22,5,change_speed,-10,756,32.8,680,23.6
7,0,4,50,22,5,change_speed,0,756,32.8,756,29.5
7,0,4,50,22,5,change_speed,10,756,32.8,832,35.4
7,0,4,50,22,6,add_lane,0,664,38.6,664,38.6
7,0,4,50,22,6,add_lane,1,664,38.6,744,42.5
7,0,4,50,22,6,add_lane,2,664,38.6,823,46.3
7,0,4,50,22,6,change_speed,-10,664,38.6,598,27.8
7,0,4,50,22,6,change_speed,0,664,38.6,664,34.7
7,0,4,50,22,6,change_speed,10,664,38.6,730,41.7
7,0,4,50,23,0,add_lane,0,354,45.9,354,45.9
7,0,4,50,23,0,add_lane,1,354,45.9,396,50.5
7,0,4,50,23,0,add_lane,2,354,45.9,439,55.1
7,0,4,50,23,0,change_speed,-10,354,45.9,319,33.0
7,0,4,50,23,0,change_speed,0,354,45.9,354,41.3
7,0,4,50,23,0,change_speed,10,354,45.9,389,49.6
7,0,4,50,23,1,add_lane,0,720,52.6,720,52.6
7,0,4,50,23,1,add_lane,1,720,52.6,806,57.9
7,0,4,50,23,1,add_lane,2,720,52.6,893,63.1
7,0,4,50,23,1,change_speed,-10,720,52.6,648,37.9
7,0,4,50,23,1,change_speed,0,720,52.6,720,47.3
7,0,4,50,23,1,change_speed,10,720,52.6,792,56.8
7,0,4,50,23,2,add_lane,0,698,49.0,698,49.0
7,0,4,50,23,2,add_lane,1,698,49.0,782,53.9
7,0,4,50,23,2,add_lane,2,698,49.0,866,58.8
7,0,4,50,23,2,change_speed,-10,698,49.0,628,35.3
7,0,4,50,23,2,change_speed,0,698,49.0,698,44.1
7,0,4,50,23,2,change_speed,10,698,49.0,768,52.9
7,0,4,50,23,3,add_lane,0,698,46.7,698,46.7
7,0,4,50,23,3,add_lane,1,698,46.7,782,51.4
7,0,4,50,23,3,add_lane,2,698,46.7,866,56.0
7,0,4,50,23,3,change_speed,-10,698,46.7,628,33.6
7,0,4,50,23,3,change_speed,0,698,46.7,698,42.0
7,0,4,50,23,3,change_speed,10,698,46.7,768,50.4
7,0,4,50,23,4,add_lane,0,698,45.6,698,45.6
7,0,4,50,23,4,add_lane,1,698,45.6,782,50.2
7,0,4,50,23,4,add_lane,2,698,45.6,866,54.7
7,0,4,50,23,4,change_speed,-10,698,45.6,628,32.8
7,0,4,50,23,4,change_speed,0,698,45.6,698,41.0
7,0,4,50,23,4,change_speed,10,698,45.6,768,49.2
7,0,4,50,23,5,add_lane,0,504,33.3,504,33.3
7,0,4,50,23,5,add_lane,1,504,33.3,564,36.6
7,0,4,50,23,5,add_lane,2,504,33.3,625,40.0
7,0,4,50,23,5,change_speed,-10,504,33.3,454,24.0
7,0,4,50,23,5,change_speed,0,504,33.3,504,30.0
7,0,4,50,23,5,change_speed,10,504,33.3,554,36.0
7,0,4,50,23,6,add_lane,0,443,51.4,443,51.4
7,0,4,50,23,6,add_lane,1,443,51.4,496,56.5
7,0,4,50,23,6,add_lane,2,443,51.4,549,61.7
7,0,4,50,23,6,change_speed,-10,443,51.4,399,37.0
7,0,4,50,23,6,change_speed,0,443,51.4,443,46.3
7,0,4,50,23,6,change_speed,10,443,51.4,487,55.5
8,1,6,60,0,0,add_lane,0,664,56.9,664,56.9
8,1,6,60,0,0,add_lane,1,664,56.9,744,62.6
8,1,6,60,0,0,add_lane,2,664,56.9,823,68.3
8,1,6,60,0,0,change_speed,-10,664,56.9,609,42.7
8,1,6,60,0,0,change_speed,0,664,56.9,664,51.2
8,1,6,60,0,0,change_speed,10,664,56.9,719,59.7
8,1,6,60,0,1,add_lane,0,1350,60.3,1350,60.3
8,1,6,60,0,1,add_lane,1,1350,60.3,1512,66.3
8,1,6,60,0,1,add_lane,2,1350,60.3,1674,72.4
8,1,6,60,0,1,change_speed,-10,1350,60.3,1238,45.2
8,1,6,60,0,1,change_speed,0,1350,60.3,1350,54.3
8,1,6,60,0,1,change_speed,10,1350,60.3,1463,63.3
8,1,6,60,0,2,add_lane,0,1310,51.2,1310,51.2
8,1,6,60,0,2,add_lane,1,1310,51.2,1467,56.3
8,1,6,60,0,2,add_lane,2,1310,51.2,1624,61.4
8,1,6,60,0,2,change_speed,-10,1310,51.2,1201,38.4
8,1,6,60,0,2,change_speed,0,1310,51.2,1310,46.1
8,1,6,60,0,2,change_speed,10,1310,51.2,1419,53.8
8,1,6,60,0,3,add_lane,0,1310,60.5,1310,60.5
8,1,6,60,0,3,add_lane,1,1310,60.5,1467,66.6
8,1,6,60,0,3,add_lane,2,1310,60.5,1624,72.6
8,1,6,60,0,3,change_speed,-10,1310,60.5,1201,45.4
8,1,6,60,0,3,change_speed,0,1310,60.5,1310,54.5
8,1,6,60,0,3,change_speed,10,1310,60.5,1419,63.5
8,1,6,60,0,4,add_lane,0,1310,52.6,1310,52.6
8,1,6,60,0,4,add_lane,1,1310,52.6,1467,57.9
8,1,6,60,0,4,add_lane,2,1310,52.6,1624,63.1
8,1,6,60,0,4,change_speed,-10,1310,52.6,1201,39.5
8,1,6,60,0,4,change_speed,0,1310,52.6,1310,47.3
8,1,6,60,0,4,change_speed,10,1310,52.6,1419,55.2
8,1,6,60,0,5,add_lane,0,945,41.1,945,41.1
8,1,6,60,0,5,add_lane,1,945,41.1,1058,45.2
8,1,6,60,0,5,add_lane,2,945,41.1,1172,49.3
8,1,6,60,0,5,change_speed,-10,945,41.1,866,30.8
8,1,6,60,0,5,change_speed,0,945,41.1,945,37.0
8,1,6,60,0,5,change_speed,10,945,41.1,1024,43.2
8,1,6,60,0,6,add_lane,0,830,50.1,830,50.1
8,1,6,60,0,6,add_lane,1,830,50.1,930,55.1
8,1,6,60,0,6,add_lane,2,830,50.1,1029,60.1
8,1,6,60,0,6,change_speed,-10,830,50.1,761,37.6
8,1,6,60,0,6,change_speed,0,830,50.1,830,45.1
8,1,6,60,0,6,change_speed,10,830,50.1,899,52.6
8,1,6,60,1,0,add_lane,0,531,54.1,531,54.1
8,1,6,60,1,0,add_lane,1,531,54.1,595,59.5
8,1,6,60,1,0,add_lane,2,531,54.1,658,64.9
8,1,6,60,1,0,change_speed,-10,531,54.1,487,40.6
8,1,6,60,1,0,change_speed,0,531,54.1,531,48.7
8,1,6,60,1,0,change_speed,10,531,54.1,575,56.8
8,1,6,60,1,1,add_lane,0,1080,66.3,1080,66.3
8,1,6,60,1,1,add_lane,1,1080,66.3,1210,72.9
8,1,6,60,1,1,add_lane,2,1080,66.3,1339,79.6
8,1,6,60,1,1,change_speed,-10,1080,66.3,990,49.7
8,1,6,60,1,1,change_speed,0,1080,66.3,1080,59.7
8,1,6,60,1,1,change_speed,10,1080,66.3,1170,69.6
8,1,6,60,1,2,add_lane,0,1048,53.1,1048,53.1
8,1,6,60,1,2,add_lane,1,1048,53.1,1174,58.4
8,1,6,60,1,2,add_lane,2,1048,53.1,1300,63.7
8,1,6,60,1,2,change_speed,-10,1048,53.1,961,39.8
8,1,6,60,1,2,change_speed,0,1048,53.1,1048,47.8
8,1,6,60,1,2,change_speed,10,1048,53.1,1135,55.8
8,1,6,60,1,3,add_lane,0,1048,57.0,1048,57.0
8,1,6,60,1,3,add_lane,1,1048,57.0,1174,62.7
8,1,6,60,1,3,add_lane,2,1048,57.0,1300,68.4
8,1,6,60,1,3,change_speed,-10,1048,57.0,961,42.8
8,1,6,60,1,3,change_speed,0,1048,57.0,1048,51.3
8,1,6,60,1,3,change_speed,10,1048,57.0,1135,59.9
8,1,6,60,1,4,add_lane,0,1048,58.2,1048,58.2
8,1,6,60,1,4,add_lane,1,1048,58.2,1174,64.0
8,1,6,60,1,4,add_lane,2,1048,58.2,1300,69.8
8,1,6,60,1,4,change_speed,-10,1048,58.2,961,43.7
8,1,6,60,1,4,change_speed,0,1048,58.2,1048,52.4
8,1,6,60,1,4,change_speed,10,1048,58.2,1135,61.1
8,1,6,60,1,5,add_lane,0,756,41.3,756,41.3
8,1,6,60,1,5,add_lane,1,756,41.3,847,45.4
8,1,6,60,1,5,add_lane,2,756,41.3,937,49.6
8,1,6,60,1,5,change_speed,-10,756,41.3,693,31.0
8,1,6,60,1,5,change_speed,0,756,41.3,756,37.2
8,1,6,60,1,5,change_speed,10,756,41.3,819,43.4
8,1,6,60,1,6,add_lane,0,664,48.5,664,48.5
8,1,6,60,1,6,add_lane,1,664,48.5,744,53.4
8,1,6,60,1,6,add_lane,2,664,48.5,823,58.2
8,1,6,60,1,6,change_speed,-10,664,48.5,609,36.4
8,1,6,60,1,6,change_speed,0,664,48.5,664,43.6
8,1,6,60,1,6,change_speed,10,664,48.5,719,50.9
8,1,6,60,2,0,add_lane,0,478,60.4,478,60.4
8,1,6,60,2,0,add_lane,1,478,60.4,535,66.4
8,1,6,60,2,0,add_lane,2,478,60.4,593,72.5
8,1,6,60,2,0,change_speed,-10,478,60.4,438,45.3
8,1,6,60,2,0,change_speed,0,478,60.4,478,54.4
8,1,6,60,2,0,change_speed,10,478,60.4,518,63.4
8,1,6,60,2,1,add_lane,0,972,59.2,972,59.2
8,1,6,60,2,1,add_lane,1,972,59.2,1089,65.1
8,1,6,60,2,1,add_lane,2,972,59.2,1205,71.0
8,1,6,60,2,1,change_speed,-10,972,59.2,891,44.4
8,1,6,60,2,1,change_speed,0,972,59.2,972,53.3
8,1,6,60,2,1,change_speed,10,972,59.2,1053,62.2
8,1,6,60,2,2,add_lane,0,943,58.5,943,58.5
8,1,6,60,2,2,add_lane,1,943,58.5,1056,64.4
8,1,6,60,2,2,add_lane,2,943,58.5,1169,70.2
8,1,6,60,2,2,change_speed,-10,943,58.5,864,43.9
8,1,6,60,2,2,change_speed,0,943,58.5,943,52.6
8,1,6,60,2,2,change_speed,10,943,58.5,1022,61.4
8,1,6,60,2,3,add_lane,0,943,58.9,943,58.9
8,1,6,60,2,3,add_lane,1,943,58.9,1056,64.8
8,1,6,60,2,3,add_lane,2,943,58.9,1169,70.7
8,1,6,60,2,3,change_speed,-10,943,58.9,864,44.2
8,1,6,60,2,3,change_speed,0,943,58.9,943,53.0
8,1,6,60,2,3,change_speed,10,943,58.9,1022,61.8
8,1,6,60,2,4,add_lane,0,943,57.4,943,57.4
8,1,6,60,2,4,add_lane,1,943,57.4,1056,63.1
8,1,6,60,2,4,add_lane,2,943,57.4,1169,68.9
8,1,6,60,2,4,change_speed,-10,943,57.4,864,43.1
8,1,6,60,2,4,change_speed,0,943,57.4,943,51.7
8,1,6,60,2,4,change_speed,10,943,57.4,1022,60.3
8,1,6,60,2,5,add_lane,0,680,40.2,680,40.2
8,1,6,60,2,5,add_lane,1,680,40.2,762,44.2
8,1,6,60,2,5,add_lane,2,680,40.2,843,48.2
8,1,6,60,2,5,change_speed,-10,680,40.2,623,30.2
8,1,6,60,2,5,change_speed,0,680,40.2,680,36.2
8,1,6,60,2,5,change_speed,10,680,40.2,737,42.2
8,1,6,60,2,6,add_lane,0,598,52.4,598,52.4
8,1,6,60,2,6,add_lane,1,598,52.4,670,57.6
8,1,6,60,2,6,add_lane,2,598,52.4,742,62.9
8,1,6,60,2,6,change_speed,-10,598,52.4,548,39.3
8,1,6,60,2,6,change_speed,0,598,52.4,598,47.2
8,1,6,60,2,6,change_speed,10,598,52.4,648,55.0
8,1,6,60,3,0,add_lane,0,399,54.1,399,54.1
8,1,6,60,3,0,add_lane,1,399,54.1,447,59.5
8,1,6,60,3,0,add_lane,2,399,54.1,495,64.9
8,1,6,60,3,0,change_speed,-10,399,54.1,366,40.6
8,1,6,60,3,0,change_speed,0,399,54.1,399,48.7
8,1,6,60,3,0,change_speed,10,399,54.1,432,56.8
8,1,6,60,3,1,add_lane,0,810,62.6,810,62.6
8,1,6,60,3,1,add_lane,1,810,62.6,907,68.9
8,1,6,60,3,1,add_lane,2,810,62.6,1004,75.1
8,1,6,60,3,1,change_speed,-10,810,62.6,743,47.0
8,1,6,60,3,1,change_speed,0,810,62.6,810,56.3
8,1,6,60,3,1,change_speed,10,810,62.6,878,65.7
8,1,6,60,3,2,add_lane,0,786,57.4,786,57.4
8,1,6,60,3,2,add_lane,1,786,57.4,880,63.1
8,1,6,60,3,2,add_lane,2,786,57.4,975,68.9
8,1,6,60,3,2,change_speed,-10,786,57.4,721,43.1
8,1,6,60,3,2,change_speed,0,786,57.4,786,51.7
8,1,6,60,3,2,change_speed,10,786,57.4,852,60.3
8,1,6,60,3,3,add_lane,0,786,65.0,786,65.0
8,1,6,60,3,3,add_lane,1,786,65.0,880,71.5
8,1,6,60,3,3,add_lane,2,786,65.0,975,78.0
8,1,6,60,3,3,change_speed,-10,786,65.0,721,48.8
8,1,6,60,3,3,change_speed,0,786,65.0,786,58.5
8,1,6,60,3,3,change_speed,10,786,65.0,852,68.3
8,1,6,60,3,4,add_lane,0,786,61.3,786,61.3
8,1,6,60,3,4,add_lane,1,786,61.3,880,67.4
8,1,6,60,3,4,add_lane,2,786,61.3,975,73.6
8,1,6,60,3,4,change_speed,-10,786,61.3,721,46.0
8,1,6,60,3,4,change_speed,0,786,61.3,786,55.2
8,1,6,60,3,4,change_speed,10,786,61.3,852,64.4
8,1,6,60,3,5,add_lane,0,567,37.3,567,37.3
8,1,6,60,3,5,add_lane,1,567,37.3,635,41.0
8,1,6,60,3,5,add_lane,2,567,37.3,703,44.8
8,1,6,60,3,5,change_speed,-10,567,37.3,520,28.0
8,1,6,60,3,5,change_speed,0,567,37.3,567,33.6
8,1,6,60,3,5,change_speed,10,567,37.3,614,39.2
8,1,6,60,3,6,add_lane,0,498,53.2,498,53.2
8,1,6,60,3,6,add_lane,1,498,53.2,558,58.5
8,1,6,60,3,6,add_lane,2,498,53.2,618,63.8
8,1,6,60,3,6,change_speed,-10,498,53.2,457,39.9
8,1,6,60,3,6,change_speed,0,498,53.2,498,47.9
8,1,6,60,3,6,change_speed,10,498,53.2,540,55.9
8,1,6,60,4,0,add_lane,0,531,46.2,531,46.2
8,1,6,60,4,0,add_lane,1,531,46.2,595,50.8
8,1,6,60,4,0,add_lane,2,531,46.2,658,55.4
8,1,6,60,4,0,change_speed,-10,531,46.2,487,34.7
8,1,6,60,4,0,change_speed,0,531,46.2,531,41.6
8,1,6,60,4,0,change_speed,10,531,46.2,575,48.5
8,1,6,60,4,1,add_lane,0,1080,63.7,1080,63.7
8,1,6,60,4,1,add_lane,1,1080,63.7,1210,70.1
8,1,6,60,4,1,add_lane,2,1080,63.7,1339,76.4
8,1,6,60,4,1,change_speed,-10,1080,63.7,990,47.8
8,1,6,60,4,1,change_speed,0,1080,63.7,1080,57.3
8,1,6,60,4,1,change_speed,10,1080,63.7,1170,66.9
8,1,6,60,4,2,add_lane,0,1048,58.8,1048,58.8
8,1,6,60,4,2,add_lane,1,1048,58.8,1174,64.7
8,1,6,60,4,2,add_lane,2,1048,58.8,1300,70.6
8,1,6,60,4,2,change_speed,-10,1048,58.8,961,44.1
8,1,6,60,4,2,change_speed,0,1048,58.8,1048,52.9
8,1,6,60,4,2,change_speed,10,1048,58.8,1135,61.7
8,1,6,60,4,3,add_lane,0,1048,54.4,1048,54.4
8,1,6,60,4,3,add_lane,1,1048,54.4,1174,59.8
8,1,6,60,4,3,add_lane,2,1048,54.4,1300,65.3
8,1,6,60,4,3,change_speed,-10,1048,54.4,961,40.8
8,1,6,60,4,3,change_speed,0,1048,54.4,1048,49.0
8,1,6,60,4,3,change_speed,10,1048,54.4,1135,57.1
8,1,6,60,4,4,add_lane,0,1048,61.1,1048,61.1
8,1,6,60,4,4,add_lane,1,1048,61.1,1174,67.2
8,1,6,60,4,4,add_lane,2,1048,61.1,1300,73.3
8,1,6,60,4,4,change_speed,-10,1048,61.1,961,45.8
8,1,6,60,4,4,change_speed,0,1048,61.1,1048,55.0
8,1,6,60,4,4,change_speed,10,1048,61.1,1135,64.2
8,1,6,60,4,5,add_lane,0,756,39.5,756,39.5
8,1,6,60,4,5,add_lane,1,756,39.5,847,43.5
8,1,6,60,4,5,add_lane,2,756,39.5,937,47.4
8,1,6,60,4,5,change_speed,-10,756,39.5,693,29.6
8,1,6,60,4,5,change_speed,0,756,39.5,756,35.6
8,1,6,60,4,5,change_speed,10,756,39.5,819,41.5
8,1,6,60,4,6,add_lane,0,664,51.5,664,51.5
8,1,6,60,4,6,add_lane,1,664,51.5,744,56.7
8,1,6,60,4,6,add_lane,2,664,51.5,823,61.8
8,1,6,60,4,6,change_speed,-10,664,51.5,609,38.6
8,1,6,60,4,6,change_speed,0,664,51.5,664,46.4
8,1,6,60,4,6,change_speed,10,664,51.5,719,54.1
8,1,6,60,5,0,add_lane,0,930,50.4,930,50.4
8,1,6,60,5,0,add_lane,1,930,50.4,1042,55.4
8,1,6,60,5,0,add_lane,2,930,50.4,1153,60.5
8,1,6,60,5,0,change_speed,-10,930,50.4,853,37.8
8,1,6,60,5,0,change_speed,0,930,50.4,930,45.4
8,1,6,60,5,0,change_speed,10,930,50.4,1008,52.9
8,1,6,60,5,1,add_lane,0,1890,52.6,1890,52.6
8,1,6,60,5,1,add_lane,1,1890,52.6,2117,57.9
8,1,6,60,5,1,add_lane,2,1890,52.6,2344,63.1
8,1,6,60,5,1,change_speed,-10,1890,52.6,1733,39.5
8,1,6,60,5,1,change_speed,0,1890,52.6,1890,47.3
8,1,6,60,5,1,change_speed,10,1890,52.6,2048,55.2
8,1,6,60,5,2,add_lane,0,1833,59.1,1833,59.1
8,1,6,60,5,2,add_lane,1,1833,59.1,2053,65.0
8,1,6,60,5,2,add_lane,2,1833,59.1,2273,70.9
8,1,6,60,5,2,change_speed,-10,1833,59.1,1680,44.3
8,1,6,60,5,2,change_speed,0,1833,59.1,1833,53.2
8,1,6,60,5,2,change_speed,10,1833,59.1,1986,62.1
8,1,6,60,5,3,add_lane,0,1833,55.2,1833,55.2
8,1,6,60,5,3,add_lane,1,1833,55.2,2053,60.7
8,1,6,60,5,3,add_lane,2,1833,55.2,2273,66.2
8,1,6,60,5,3,change_speed,-10,1833,55.2,1680,41.4
8,1,6,60,5,3,change_speed,0,1833,55.2,1833,49.7
8,1,6,60,5,3,change_speed,10,1833,55.2,1986,58.0
8,1,6,60,5,4,add_lane,0,1833,56.9,1833,56.9
8,1,6,60,5,4,add_lane,1,1833,56.9,2053,62.6
8,1,6,60,5,4,add_lane,2,1833,56.9,2273,68.3
8,1,6,60,5,4,change_speed,-10,1833,56.9,1680,42.7
8,1,6,60,5,4,change_speed,0,1833,56.9,1833,51.2
8,1,6,60,5,4,change_speed,10,1833,56.9,1986,59.7
8,1,6,60,5,5,add_lane,0,1323,36.2,1323,36.2
8,1,6,60,5,5,add_lane,1,1323,36.2,1482,39.8
8,1,6,60,5,5,add_lane,2,1323,36.2,1641,43.4
8,1,6,60,5,5,change_speed,-10,1323,36.2,1213,27.2
8,1,6,60,5,5,change_speed,0,1323,36.2,1323,32.6
8,1,6,60,5,5,change_speed,10,1323,36.2,1433,38.0
8,1,6,60,5,6,add_lane,0,1162,47.5,1162,47.5
8,1,6,60,5,6,add_lane,1,1162,47.5,1301,52.3
8,1,6,60,5,6,add_lane,2,1162,47.5,1441,57.0
8,1,6,60,5,6,change_speed,-10,1162,47.5,1065,35.6
8,1,6,60,5,6,change_speed,0,1162,47.5,1162,42.8
8,1,6,60,5,6,change_speed,10,1162,47.5,1259,49.9
8,1,6,60,6,0,add_lane,0,1727,51.6,1727,51.6
8,1,6,60,6,0,add_lane,1,1727,51.6,1934,56.8
8,1,6,60,6,0,add_lane,2,1727,51.6,2141,61.9
8,1,6,60,6,0,change_speed,-10,1727,51.6,1583,38.7
8,1,6,60,6,0,change_speed,0,1727,51.6,1727,46.4
8,1,6,60,6,0,change_speed,10,1727,51.6,1871,54.2
8,1,6,60,6,1,add_lane,0,3510,58.8,3510,58.8
8,1,6,60,6,1,add_lane,1,3510,58.8,3931,64.7
8,1,6,60,6,1,add_lane,2,3510,58.8,4352,70.6
8,1,6,60,6,1,change_speed,-10,3510,58.8,3218,44.1
8,1,6,60,6,1,change_speed,0,3510,58.8,3510,52.9
8,1,6,60,6,1,change_speed,10,3510,58.8,3803,61.7
8,1,6,60,6,2,add_lane,0,3405,50.0,3405,50.0
8,1,6,60,6,2,add_lane,1,3405,50.0,3814,55.0
8,1,6,60,6,2,add_lane,2,3405,50.0,4222,60.0
8,1,6,60,6,2,change_speed,-10,3405,50.0,3121,37.5
8,1,6,60,6,2,change_speed,0,3405,50.0,3405,45.0
8,1,6,60,6,2,change_speed,10,3405,50.0,3689,52.5
8,1,6,60,6,3,add_lane,0,3405,48.8,3405,48.8
8,1,6,60,6,3,add_lane,1,3405,48.8,3814,53.7
8,1,6,60,6,3,add_lane,2,3405,48.8,4222,58.6
8,1,6,60,6,3,change_speed,-10,3405,48.8,3121,36.6
8,1,6,60,6,3,change_speed,0,3405,48.8,3405,43.9
8,1,6,60,6,3,change_speed,10,3405,48.8,3689,51.2
8,1,6,60,6,4,add_lane,0,3405,47.6,3405,47.6
8,1,6,60,6,4,add_lane,1,3405,47.6,3814,52.4
8,1,6,60,6,4,add_lane,2,3405,47.6,4222,57.1
8,1,6,60,6,4,change_speed,-10,3405,47.6,3121,35.7
8,1,6,60,6,4,change_speed,0,3405,47.6,3405,42.8
8,1,6,60,6,4,change_speed,10,3405,47.6,3689,50.0
8,1,6,60,6,5,add_lane,0,2457,34.0,2457,34.0
8,1,6,60,6,5,add_lane,1,2457,34.0,2752,37.4
8,1,6,60,6,5,add_lane,2,2457,34.0,3047,40.8
8,1,6,60,6,5,change_speed,-10,2457,34.0,2252,25.5
8,1,6,60,6,5,change_speed,0,2457,34.0,2457,30.6
8,1,6,60,6,5,change_speed,10,2457,34.0,2662,35.7
8,1,6,60,6,6,add_lane,0,2159,45.9,2159,45.9
8,1,6,60,6,6,add_lane,1,2159,45.9,2418,50.5
8,1,6,60,6,6,add_lane,2,2159,45.9,2677,55.1
8,1,6,60,6,6,change_speed,-10,2159,45.9,1979,34.4
8,1,6,60,6,6,change_speed,0,2159,45.9,2159,41.3
8,1,6,60,6,6,change_speed,10,2159,45.9,2339,48.2
8,1,6,60,7,0,add_lane,0,3985,41.3,3985,41.3
8,1,6,60,7,0,add_lane,1,3985,41.3,4463,45.4
8,1,6,60,7,0,add_lane,2,3985,41.3,4941,49.6
8,1,6,60,7,0,change_speed,-10,3985,41.3,3653,31.0
8,1,6,60,7,0,change_speed,0,3985,41.3,3985,37.2
8,1,6,60,7,0,change_speed,10,3985,41.3,4317,43.4
8,1,6,60,7,1,add_lane,0,8100,28.2,8100,28.2
8,1,6,60,7,1,add_lane,1,8100,28.2,9072,31.0
8,1,6,60,7,1,add_lane,2,8100,28.2,10044,33.8
8,1,6,60,7,1,change_speed,-10,8100,28.2,7425,21.2
8,1,6,60,7,1,change_speed,0,8100,28.2,8100,25.4
8,1,6,60,7,1,change_speed,10,8100,28.2,8775,29.6
8,1,6,60,7,2,add_lane,0,7857,26.6,7857,26.6
8,1,6,60,7,2,add_lane,1,7857,26.6,8800,29.3
8,1,6,60,7,2,add_lane,2,7857,26.6,9743,31.9
8,1,6,60,7,2,change_speed,-10,7857,26.6,7202,20.0
8,1,6,60,7,2,change_speed,0,7857,26.6,7857,23.9
8,1,6,60,7,2,change_speed,10,7857,26.6,8512,27.9
8,1,6,60,7,3,add_lane,0,7857,28.7,7857,28.7
8,1,6,60,7,3,add_lane,1,7857,28.7,8800,31.6
8,1,6,60,7,3,add_lane,2,7857,28.7,9743,34.4
8,1,6,60,7,3,change_speed,-10,7857,28.7,7202,21.5
8,1,6,60,7,3,change_speed,0,7857,28.7,7857,25.8
8,1,6,60,7,3,change_speed,10,7857,28.7,8512,30.1
8,1,6,60,7,4,add_lane,0,7857,28.7,7857,28.7
8,1,6,60,7,4,add_lane,1,7857,28.7,8800,31.6
8,1,6,60,7,4,add_lane,2,7857,28.7,9743,34.4
8,1,6,60,7,4,change_speed,-10,7857,28.7,7202,21.5
8,1,6,60,7,4,change_speed,0,7857,28.7,7857,25.8
8,1,6,60,7,4,change_speed,10,7857,28.7,8512,30.1
8,1,6,60,7,5,add_lane,0,5670,25.7,5670,25.7
8,1,6,60,7,5,add_lane,1,5670,25.7,6350,28.3
8,1,6,60,7,5,add_lane,2,5670,25.7,7031,30.8
8,1,6,60,7,5,change_speed,-10,5670,25.7,5198,19.3
8,1,6,60,7,5,change_speed,0,5670,25.7,5670,23.1
8,1,6,60,7,5,change_speed,10,5670,25.7,6143,27.0
8,1,6,60,7,6,add_lane,0,4982,33.8,4982,33.8
8,1,6,60,7,6,add_lane,1,4982,33.8,5580,37.2
8,1,6,60,7,6,add_lane,2,4982,33.8,6178,40.6
8,1,6,60,7,6,change_speed,-10,4982,33.8,4567,25.3
8,1,6,60,7,6,change_speed,0,4982,33.8,4982,30.4
8,1,6,60,7,6,change_speed,10,4982,33.8,5397,35.5
8,1,6,60,8,0,add_lane,0,4782,37.4,4782,37.4
8,1,6,60,8,0,add_lane,1,4782,37.4,5356,41.1
8,1,6,60,8,0,add_lane,2,4782,37.4,5930,44.9
8,1,6,60,8,0,change_speed,-10,4782,37.4,4384,28.1
8,1,6,60,8,0,change_speed,0,4782,37.4,4782,33.7
8,1,6,60,8,0,change_speed,10,4782,37.4,5181,39.3
8,1,6,60,8,1,add_lane,0,9720,20.7,9720,20.7
8,1,6,60,8,1,add_lane,1,9720,20.7,10886,22.8
8,1,6,60,8,1,add_lane,2,9720,20.7,12053,24.8
8,1,6,60,8,1,change_speed,-10,9720,20.7,8910,15.5
8,1,6,60,8,1,change_speed,0,9720,20.7,9720,18.6
8,1,6,60,8,1,change_speed,10,9720,20.7,10530,21.7
8,1,6,60,8,2,add_lane,0,9428,22.0,9428,22.0
8,1,6,60,8,2,add_lane,1,9428,22.0,10559,24.2
8,1,6,60,8,2,add_lane,2,9428,22.0,11691,26.4
8,1,6,60,8,2,change_speed,-10,9428,22.0,8642,16.5
8,1,6,60,8,2,change_speed,0,9428,22.0,9428,19.8
8,1,6,60,8,2,change_speed,10,9428,22.0,10214,23.1
8,1,6,60,8,3,add_lane,0,9428,20.3,9428,20.3
8,1,6,60,8,3,add_lane,1,9428,20.3,10559,22.3
8,1,6,60,8,3,add_lane,2,9428,20.3,11691,24.4
8,1,6,60,8,3,change_speed,-10,9428,20.3,8642,15.2
8,1,6,60,8,3,change_speed,0,9428,20.3,9428,18.3
8,1,6,60,8,3,change_speed,10,9428,20.3,10214,21.3
8,1,6,60,8,4,add_lane,0,9428,18.9,9428,18.9
8,1,6,60,8,4,add_lane,1,9428,18.9,10559,20.8
8,1,6,60,8,4,add_lane,2,9428,18.9,11691,22.7
8,1,6,60,8,4,change_speed,-10,9428,18.9,8642,14.2
8,1,6,60,8,4,change_speed,0,9428,18.9,9428,17.0
8,1,6,60,8,4,change_speed,10,9428,18.9,10214,19.8
8,1,6,60,8,5,add_lane,0,6804,22.7,6804,22.7
8,1,6,60,8,5,add_lane,1,6804,22.7,7620,25.0
8,1,6,60,8,5,add_lane,2,6804,22.7,8437,27.2
8,1,6,60,8,5,change_speed,-10,6804,22.7,6237,17.0
8,1,6,60,8,5,change_speed,0,6804,22.7,6804,20.4
8,1,6,60,8,5,change_speed,10,6804,22.7,7371,23.8
8,1,6,60,8,6,add_lane,0,5978,30.4,5978,30.4
8,1,6,60,8,6,add_lane,1,5978,30.4,6695,33.4
8,1,6,60,8,6,add_lane,2,5978,30.4,7413,36.5
8,1,6,60,8,6,change_speed,-10,5978,30.4,5480,22.8
8,1,6,60,8,6,change_speed,0,5978,30.4,5978,27.4
8,1,6,60,8,6,change_speed,10,5978,30.4,6476,31.9
8,1,6,60,9,0,add_lane,0,3720,39.5,3720,39.5
8,1,6,60,9,0,add_lane,1,3720,39.5,4166,43.5
8,1,6,60,9,0,add_lane,2,3720,39.5,4613,47.4
8,1,6,60,9,0,change_speed,-10,3720,39.5,3410,29.6
8,1,6,60,9,0,change_speed,0,3720,39.5,3720,35.6
8,1,6,60,9,0,change_speed,10,3720,39.5,4030,41.5
8,1,6,60,9,1,add_lane,0,7560,33.0,7560,33.0
8,1,6,60,9,1,add_lane,1,7560,33.0,8467,36.3
8,1,6,60,9,1,add_lane,2,7560,33.0,9374,39.6
8,1,6,60,9,1,change_speed,-10,7560,33.0,6930,24.8
8,1,6,60,9,1,change_speed,0,7560,33.0,7560,29.7
8,1,6,60,9,1,change_speed,10,7560,33.0,8190,34.6
8,1,6,60,9,2,add_lane,0,7333,28.5,7333,28.5
8,1,6,60,9,2,add_lane,1,7333,28.5,8213,31.4
8,1,6,60,9,2,add_lane,2,7333,28.5,9093,34.2
8,1,6,60,9,2,change_speed,-10,7333,28.5,6722,21.4
8,1,6,60,9,2,change_speed,0,7333,28.5,7333,25.7
8,1,6,60,9,2,change_speed,10,7333,28.5,7944,29.9
8,1,6,60,9,3,add_lane,0,7333,33.9,7333,33.9
8,1,6,60,9,3,add_lane,1,7333,33.9,8213,37.3
8,1,6,60,9,3,add_lane,2,7333,33.9,9093,40.7
8,1,6,60,9,3,change_speed,-10,7333,33.9,6722,25.4
8,1,6,60,9,3,change_speed,0,7333,33.9,7333,30.5
8,1,6,60,9,3,change_speed,10,7333,33.9,7944,35.6
8,1,6,60,9,4,add_lane,0,7333,32.1,7333,32.1
8,1,6,60,9,4,add_lane,1,7333,32.1,8213,35.3
8,1,6,60,9,4,add_lane,2,7333,32.1,9093,38.5
8,1,6,60,9,4,change_speed,-10,7333,32.1,6722,24.1
8,1,6,60,9,4,change_speed,0,7333,32.1,7333,28.9
8,1,6,60,9,4,change_speed,10,7333,32.1,7944,33.7
8,1,6,60,9,5,add_lane,0,5292,29.7,5292,29.7
8,1,6,60,9,5,add_lane,1,5292,29.7,5927,32.7
8,1,6,60,9,5,add_lane,2,5292,29.7,6562,35.6
8,1,6,60,9,5,change_speed,-10,5292,29.7,4851,22.3
8,1,6,60,9,5,change_speed,0,5292,29.7,5292,26.7
8,1,6,60,9,5,change_speed,10,5292,29.7,5733,31.2
8,1,6,60,9,6,add_lane,0,4649,33.7,4649,33.7
8,1,6,60,9,6,add_lane,1,4649,33.7,5207,37.1
8,1,6,60,9,6,add_lane,2,4649,33.7,5765,40.4
8,1,6,60,9,6,change_speed,-10,4649,33.7,4262,25.3
8,1,6,60,9,6,change_speed,0,4649,33.7,4649,30.3
8,1,6,60,9,6,change_speed,10,4649,33.7,5036,35.4
8,1,6,60,10,0,add_lane,0,2657,46.3,2657,46.3
8,1,6,60,10,0,add_lane,1,2657,46.3,2976,50.9
8,1,6,60,10,0,add_lane,2,2657,46.3,3295,55.6
8,1,6,60,10,0,change_speed,-10,2657,46.3,2436,34.7
8,1,6,60,10,0,change_speed,0,2657,46.3,2657,41.7
8,1,6,60,10,0,change_speed,10,2657,46.3,2878,48.6
8,1,6,60,10,1,add_lane,0,5400,43.0,5400,43.0
8,1,6,60,10,1,add_lane,1,5400,43.0,6048,47.3
8,1,6,60,10,1,add_lane,2,5400,43.0,6696,51.6
8,1,6,60,10,1,change_speed,-10,5400,43.0,4950,32.2
8,1,6,60,10,1,change_speed,0,5400,43.0,5400,38.7
8,1,6,60,10,1,change_speed,10,5400,43.0,5850,45.2
8,1,6,60,10,2,add_lane,0,5238,36.7,5238,36.7
8,1,6,60,10,2,add_lane,1,5238,36.7,5867,40.4
8,1,6,60,10,2,add_lane,2,5238,36.7,6495,44.0
8,1,6,60,10,2,change_speed,-10,5238,36.7,4802,27.5
8,1,6,60,10,2,change_speed,0,5238,36.7,5238,33.0
8,1,6,60,10,2,change_speed,10,5238,36.7,5675,38.5
8,1,6,60,10,3,add_lane,0,5238,36.4,5238,36.4
8,1,6,60,10,3,add_lane,1,5238,36.4,5867,40.0
8,1,6,60,10,3,add_lane,2,5238,36.4,6495,43.7
8,1,6,60,10,3,change_speed,-10,5238,36.4,4802,27.3
8,1,6,60,10,3,change_speed,0,5238,36.4,5238,32.8
8,1,6,60,10,3,change_speed,10,5238,36.4,5675,38.2
8,1,6,60,10,4,add_lane,0,5238,38.5,5238,38.5
8,1,6,60,10,4,add_lane,1,5238,38.5,5867,42.4
8,1,6,60,10,4,add_lane,2,5238,38.5,6495,46.2
8,1,6,60,10,4,change_speed,-10,5238,38.5,4802,28.9
8,1,6,60,10,4,change_speed,0,5238,38.5,5238,34.6
8,1,6,60,10,4,change_speed,10,5238,38.5,5675,40.4
8,1,6,60,10,5,add_lane,0,3780,30.4,3780,30.4
8,1,6,60,10,5,add_lane,1,3780,30.4,4234,33.4
8,1,6,60,10,5,add_lane,2,3780,30.4,4687,36.5
8,1,6,60,10,5,change_speed,-10,3780,30.4,3465,22.8
8,1,6,60,10,5,change_speed,0,3780,30.4,3780,27.4
8,1,6,60,10,5,change_speed,10,3780,30.4,4095,31.9
8,1,6,60,10,6,add_lane,0,3321,36.8,3321,36.8
8,1,6,60,10,6,add_lane,1,3321,36.8,3720,40.5
8,1,6,60,10,6,add_lane,2,3321,36.8,4118,44.2
8,1,6,60,10,6,change_speed,-10,3321,36.8,3044,27.6
8,1,6,60,10,6,change_speed,0,3321,36.8,3321,33.1
8,1,6,60,10,6,change_speed,10,3321,36.8,3598,38.6
8,1,6,60,11,0,add_lane,0,2391,47.3,2391,47.3
8,1,6,60,11,0,add_lane,1,2391,47.3,2678,52.0
8,1,6,60,11,0,add_lane,2,2391,47.3,2965,56.8
8,1,6,60,11,0,change_speed,-10,2391,47.3,2192,35.5
8,1,6,60,11,0,change_speed,0,2391,47.3,2391,42.6
8,1,6,60,11,0,change_speed,10,2391,47.3,2590,49.7
8,1,6,60,11,1,add_lane,0,4860,43.4,4860,43.4
8,1,6,60,11,1,add_lane,1,4860,43.4,5443,47.7
8,1,6,60,11,1,add_lane,2,4860,43.4,6026,52.1
8,1,6,60,11,1,change_speed,-10,4860,43.4,4455,32.5
8,1,6,60,11,1,change_speed,0,4860,43.4,4860,39.1
8,1,6,60,11,1,change_speed,10,4860,43.4,5265,45.6
8,1,6,60,11,2,add_lane,0,4714,42.7,4714,42.7
8,1,6,60,11,2,add_lane,1,4714,42.7,5280,47.0
8,1,6,60,11,2,add_lane,2,4714,42.7,5845,51.2
8,1,6,60,11,2,change_speed,-10,4714,42.7,4321,32.0
8,1,6,60,11,2,change_speed,0,4714,42.7,4714,38.4
8,1,6,60,11,2,change_speed,10,4714,42.7,5107,44.8
8,1,6,60,11,3,add_lane,0,4714,45.4,4714,45.4
8,1,6,60,11,3,add_lane,1,4714,45.4,5280,49.9
8,1,6,60,11,3,add_lane,2,4714,45.4,5845,54.5
8,1,6,60,11,3,change_speed,-10,4714,45.4,4321,34.1
8,1,6,60,11,3,change_speed,0,4714,45.4,4714,40.9
8,1,6,60,11,3,change_speed,10,4714,45.4,5107,47.7
8,1,6,60,11,4,add_lane,0,4714,46.7,4714,46.7
8,1,6,60,11,4,add_lane,1,4714,46.7,5280,51.4
8,1,6,60,11,4,add_lane,2,4714,46.7,5845,56.0
8,1,6,60,11,4,change_speed,-10,4714,46.7,4321,35.0
8,1,6,60,11,4,change_speed,0,4714,46.7,4714,42.0
8,1,6,60,11,4,change_speed,10,4714,46.7,5107,49.0
8,1,6,60,11,5,add_lane,0,3402,34.1,3402,34.1
8,1,6,60,11,5,add_lane,1,3402,34.1,3810,37.5
8,1,6,60,11,5,add_lane,2,3402,34.1,4218,40.9
8,1,6,60,11,5,change_speed,-10,3402,34.1,3119,25.6
8,1,6,60,11,5,change_speed,0,3402,34.1,3402,30.7
8,1,6,60,11,5,change_speed,10,3402,34.1,3686,35.8
8,1,6,60,11,6,add_lane,0,2989,43.0,2989,43.0
8,1,6,60,11,6,add_lane,1,2989,43.0,3348,47.3
8,1,6,60,11,6,add_lane,2,2989,43.0,3706,51.6
8,1,6,60,11,6,change_speed,-10,2989,43.0,2740,32.2
8,1,6,60,11,6,change_speed,0,2989,43.0,2989,38.7
8,1,6,60,11,6,change_speed,10,2989,43.0,3238,45.2
8,1,6,60,12,0,add_lane,0,2258,47.8,2258,47.8
8,1,6,60,12,0,add_lane,1,2258,47.8,2529,52.6
8,1,6,60,12,0,add_lane,2,2258,47.8,2800,57.4
8,1,6,60,12,0,change_speed,-10,2258,47.8,2070,35.9
8,1,6,60,12,0,change_speed,0,2258,47.8,2258,43.0
8,1,6,60,12,0,change_speed,10,2258,47.8,2446,50.2
8,1,6,60,12,1,add_lane,0,4590,44.9,4590,44.9
8,1,6,60,12,1,add_lane,1,4590,44.9,5141,49.4
8,1,6,60,12,1,add_lane,2,4590,44.9,5692,53.9
8,1,6,60,12,1,change_speed,-10,4590,44.9,4208,33.7
8,1,6,60,12,1,change_speed,0,4590,44.9,4590,40.4
8,1,6,60,12,1,change_speed,10,4590,44.9,4973,47.1
8,1,6,60,12,2,add_lane,0,4452,40.8,4452,40.8
8,1,6,60,12,2,add_lane,1,4452,40.8,4986,44.9
8,1,6,60,12,2,add_lane,2,4452,40.8,5520,49.0
8,1,6,60,12,2,change_speed,-10,4452,40.8,4081,30.6
8,1,6,60,12,2,change_speed,0,4452,40.8,4452,36.7
8,1,6,60,12,2,change_speed,10,4452,40.8,4823,42.8
8,1,6,60,12,3,add_lane,0,4452,46.1,4452,46.1
8,1,6,60,12,3,add_lane,1,4452,46.1,4986,50.7
8,1,6,60,12,3,add_lane,2,4452,46.1,5520,55.3
8,1,6,60,12,3,change_speed,-10,4452,46.1,4081,34.6
8,1,6,60,12,3,change_speed,0,4452,46.1,4452,41.5
8,1,6,60,12,3,change_speed,10,4452,46.1,4823,48.4
8,1,6,60,12,4,add_lane,0,4452,45.8,4452,45.8
8,1,6,60,12,4,add_lane,1,4452,45.8,4986,50.4
8,1,6,60,12,4,add_lane,2,4452,45.8,5520,55.0
8,1,6,60,12,4,change_speed,-10,4452,45.8,4081,34.4
8,1,6,60,12,4,change_speed,0,4452,45.8,4452,41.2
8,1,6,60,12,4,change_speed,10,4452,45.8,4823,48.1
8,1,6,60,12,5,add_lane,0,3213,33.7,3213,33.7
8,1,6,60,12,5,add_lane,1,3213,33.7,3599,37.1
8,1,6,60,12,5,add_lane,2,3213,33.7,3984,40.4
8,1,6,60,12,5,change_speed,-10,3213,33.7,2945,25.3
8,1,6,60,12,5,change_speed,0,3213,33.7,3213,30.3
8,1,6,60,12,5,change_speed,10,3213,33.7,3481,35.4
8,1,6,60,12,6,add_lane,0,2823,43.8,2823,43.8
8,1,6,60,12,6,add_lane,1,2823,43.8,3162,48.2
8,1,6,60,12,6,add_lane,2,2823,43.8,3501,52.6
8,1,6,60,12,6,change_speed,-10,2823,43.8,2588,32.9
8,1,6,60,12,6,change_speed,0,2823,43.8,2823,39.4
8,1,6,60,12,6,change_speed,10,2823,43.8,3058,46.0
8,1,6,60,13,0,add_lane,0,2258,49.4,2258,49.4
8,1,6,60,13,0,add_lane,1,2258,49.4,2529,54.3
8,1,6,60,13,0,add_lane,2,2258,49.4,2800,59.3
8,1,6,60,13,0,change_speed,-10,2258,49.4,2070,37.0
8,1,6,60,13,0,change_speed,0,2258,49.4,2258,44.5
8,1,6,60,13,0,change_speed,10,2258,49.4,2446,51.9
8,1,6,60,13,1,add_lane,0,4590,40.5,4590,40.5
8,1,6,60,13,1,add_lane,1,4590,40.5,5141,44.6
8,1,6,60,13,1,add_lane,2,4590,40.5,5692,48.6
8,1,6,60,13,1,change_speed,-10,4590,40.5,4208,30.4
8,1,6,60,13,1,change_speed,0,4590,40.5,4590,36.5
8,1,6,60,13,1,change_speed,10,4590,40.5,4973,42.5
8,1,6,60,13,2,add_lane,0,4452,41.3,4452,41.3
8,1,6,60,13,2,add_lane,1,4452,41.3,4986,45.4
8,1,6,60,13,2,add_lane,2,4452,41.3,5520,49.6
8,1,6,60,13,2,change_speed,-10,4452,41.3,4081,31.0
8,1,6,60,13,2,change_speed,0,4452,41.3,4452,37.2
8,1,6,60,13,2,change_speed,10,4452,41.3,4823,43.4
8,1,6,60,13,3,add_lane,0,4452,47.8,4452,47.8
8,1,6,60,13,3,add_lane,1,4452,47.8,4986,52.6
8,1,6,60,13,3,add_lane,2,4452,47.8,5520,57.4
8,1,6,60,13,3,change_speed,-10,4452,47.8,4081,35.9
8,1,6,60,13,3,change_speed,0,4452,47.8,4452,43.0
8,1,6,60,13,3,change_speed,10,4452,47.8,4823,50.2
8,1,6,60,13,4,add_lane,0,4452,42.4,4452,42.4
8,1,6,60,13,4,add_lane,1,4452,42.4,4986,46.6
8,1,6,60,13,4,add_lane,2,4452,42.4,5520,50.9
8,1,6,60,13,4,change_speed,-10,4452,42.4,4081,31.8
8,1,6,60,13,4,change_speed,0,4452,42.4,4452,38.2
8,1,6,60,13,4,change_speed,10,4452,42.4,4823,44.5
8,1,6,60,13,5,add_lane,0,3213,35.7,3213,35.7
8,1,6,60,13,5,add_lane,1,3213,35.7,3599,39.3
8,1,6,60,13,5,add_lane,2,3213,35.7,3984,42.8
8,1,6,60,13,5,change_speed,-10,3213,35.7,2945,26.8
8,1,6,60,13,5,change_speed,0,3213,35.7,3213,32.1
8,1,6,60,13,5,change_speed,10,3213,35.7,3481,37.5
8,1,6,60,13,6,add_lane,0,2823,45.5,2823,45.5
8,1,6,60,13,6,add_lane,1,2823,45.5,3162,50.1
8,1,6,60,13,6,add_lane,2,2823,45.5,3501,54.6
8,1,6,60,13,6,change_speed,-10,2823,45.5,2588,34.1
8,1,6,60,13,6,change_speed,0,2823,45.5,2823,41.0
8,1,6,60,13,6,change_speed,10,2823,45.5,3058,47.8
8,1,6,60,14,0,add_lane,0,2524,47.3,2524,47.3
8,1,6,60,14,0,add_lane,1,2524,47.3,2827,52.0
8,1,6,60,14,0,add_lane,2,2524,47.3,3130,56.8
8,1,6,60,14,0,change_speed,-10,2524,47.3,2314,35.5
8,1,6,60,14,0,change_speed,0,2524,47.3,2524,42.6
8,1,6,60,14,0,change_speed,10,2524,47.3,2734,49.7
8,1,6,60,14,1,add_lane,0,5130,40.6,5130,40.6
8,1,6,60,14,1,add_lane,1,5130,40.6,5746,44.7
8,1,6,60,14,1,add_lane,2,5130,40.6,6361,48.7
8,1,6,60,14,1,change_speed,-10,5130,40.6,4702,30.5
8,1,6,60,14,1,change_speed,0,5130,40.6,5130,36.5
8,1,6,60,14,1,change_speed,10,5130,40.6,5558,42.6
8,1,6,60,14,2,add_lane,0,4976,43.0,4976,43.0
8,1,6,60,14,2,add_lane,1,4976,43.0,5573,47.3
8,1,6,60,14,2,add_lane,2,4976,43.0,6170,51.6
8,1,6,60,14,2,change_speed,-10,4976,43.0,4561,32.2
8,1,6,60,14,2,change_speed,0,4976,43.0,4976,38.7
8,1,6,60,14,2,change_speed,10,4976,43.0,5391,45.2
8,1,6,60,14,3,add_lane,0,4976,36.7,4976,36.7
8,1,6,60,14,3,add_lane,1,4976,36.7,5573,40.4
8,1,6,60,14,3,add_lane,2,4976,36.7,6170,44.0
8,1,6,60,14,3,change_speed,-10,4976,36.7,4561,27.5
8,1,6,60,14,3,change_speed,0,4976,36.7,4976,33.0
8,1,6,60,14,3,change_speed,10,4976,36.7,5391,38.5
8,1,6,60,14,4,add_lane,0,4976,40.7,4976,40.7
8,1,6,60,14,4,add_lane,1,4976,40.7,5573,44.8
8,1,6,60,14,4,add_lane,2,4976,40.7,6170,48.8
8,1,6,60,14,4,change_speed,-10,4976,40.7,4561,30.5
8,1,6,60,14,4,change_speed,0,4976,40.7,4976,36.6
8,1,6,60,14,4,change_speed,10,4976,40.7,5391,42.7
8,1,6,60,14,5,add_lane,0,3591,33.1,3591,33.1
8,1,6,60,14,5,add_lane,1,3591,33.1,4022,36.4
8,1,6,60,14,5,add_lane,2,3591,33.1,4453,39.7
8,1,6,60,14,5,change_speed,-10,3591,33.1,3292,24.8
8,1,6,60,14,5,change_speed,0,3591,33.1,3591,29.8
8,1,6,60,14,5,change_speed,10,3591,33.1,3890,34.8
8,1,6,60,14,6,add_lane,0,3155,41.1,3155,41.1
8,1,6,60,14,6,add_lane,1,3155,41.1,3534,45.2
8,1,6,60,14,6,add_lane,2,3155,41.1,3912,49.3
8,1,6,60,14,6,change_speed,-10,3155,41.1,2892,30.8
8,1,6,60,14,6,change_speed,0,3155,41.1,3155,37.0
8,1,6,60,14,6,change_speed,10,3155,41.1,3418,43.2
8,1,6,60,15,0,add_lane,0,3188,43.5,3188,43.5
8,1,6,60,15,0,add_lane,1,3188,43.5,3571,47.9
8,1,6,60,15,0,add_lane,2,3188,43.5,3953,52.2
8,1,6,60,15,0,change_speed,-10,3188,43.5,2922,32.6
8,1,6,60,15,0,change_speed,0,3188,43.5,3188,39.1
8,1,6,60,15,0,change_speed,10,3188,43.5,3454,45.7
8,1,6,60,15,1,add_lane,0,6480,36.8,6480,36.8
8,1,6,60,15,1,add_lane,1,6480,36.8,7258,40.5
8,1,6,60,15,1,add_lane,2,6480,36.8,8035,44.2
8,1,6,60,15,1,change_speed,-10,6480,36.8,5940,27.6
8,1,6,60,15,1,change_speed,0,6480,36.8,6480,33.1
8,1,6,60,15,1,change_speed,10,6480,36.8,7020,38.6
8,1,6,60,15,2,add_lane,0,6286,36.2,6286,36.2
8,1,6,60,15,2,add_lane,1,6286,36.2,7040,39.8
8,1,6,60,15,2,add_lane,2,6286,36.2,7795,43.4
8,1,6,60,15,2,change_speed,-10,6286,36.2,5762,27.2
8,1,6,60,15,2,change_speed,0,6286,36.2,6286,32.6
8,1,6,60,15,2,change_speed,10,6286,36.2,6810,38.0
8,1,6,60,15,3,add_lane,0,6286,33.0,6286,33.0
8,1,6,60,15,3,add_lane,1,6286,33.0,7040,36.3
8,1,6,60,15,3,add_lane,2,6286,33.0,7795,39.6
8,1,6,60,15,3,change_speed,-10,6286,33.0,5762,24.8
8,1,6,60,15,3,change_speed,0,6286,33.0,6286,29.7
8,1,6,60,15,3,change_speed,10,6286,33.0,6810,34.6
8,1,6,60,15,4,add_lane,0,6286,37.3,6286,37.3
8,1,6,60,15,4,add_lane,1,6286,37.3,7040,41.0
8,1,6,60,15,4,add_lane,2,6286,37.3,7795,44.8
8,1,6,60,15,4,change_speed,-10,6286,37.3,5762,28.0
8,1,6,60,15,4,change_speed,0,6286,37.3,6286,33.6
8,1,6,60,15,4,change_speed,10,6286,37.3,6810,39.2
8,1,6,60,15,5,add_lane,0,4536,27.4,4536,27.4
8,1,6,60,15,5,add_lane,1,4536,27.4,5080,30.1
8,1,6,60,15,5,add_lane,2,4536,27.4,5625,32.9
8,1,6,60,15,5,change_speed,-10,4536,27.4,4158,20.6
8,1,6,60,15,5,change_speed,0,4536,27.4,4536,24.7
8,1,6,60,15,5,change_speed,10,4536,27.4,4914,28.8
8,1,6,60,15,6,add_lane,0,3985,37.4,3985,37.4
8,1,6,60,15,6,add_lane,1,3985,37.4,4463,41.1
8,1,6,60,15,6,add_lane,2,3985,37.4,4941,44.9
8,1,6,60,15,6,change_speed,-10,3985,37.4,3653,28.1
8,1,6,60,15,6,change_speed,0,3985,37.4,3985,33.7
8,1,6,60,15,6,change_speed,10,3985,37.4,4317,39.3
8,1,6,60,16,0,add_lane,0,4251,37.5,4251,37.5
8,1,6,60,16,0,add_lane,1,4251,37.5,4761,41.2
8,1,6,60,16,0,add_lane,2,4251,37.5,5271,45.0
8,1,6,60,16,0,change_speed,-10,4251,37.5,3897,28.1
8,1,6,60,16,0,change_speed,0,4251,37.5,4251,33.8
8,1,6,60,16,0,change_speed,10,4251,37.5,4605,39.4
8,1,6,60,16,1,add_lane,0,8640,26.3,8640,26.3
8,1,6,60,16,1,add_lane,1,8640,26.3,9677,28.9
8,1,6,60,16,1,add_lane,2,8640,26.3,10714,31.6
8,1,6,60,16,1,change_speed,-10,8640,26.3,7920,19.7
8,1,6,60,16,1,change_speed,0,8640,26.3,8640,23.7
8,1,6,60,16,1,change_speed,10,8640,26.3,9360,27.6
8,1,6,60,16,2,add_lane,0,8381,24.9,8381,24.9
8,1,6,60,16,2,add_lane,1,8381,24.9,9387,27.4
8,1,6,60,16,2,add_lane,2,8381,24.9,10392,29.9
8,1,6,60,16,2,change_speed,-10,8381,24.9,7683,18.7
8,1,6,60,16,2,change_speed,0,8381,24.9,8381,22.4
8,1,6,60,16,2,change_speed,10,8381,24.9,9079,26.1
8,1,6,60,16,3,add_lane,0,8381,27.8,8381,27.8
8,1,6,60,16,3,add_lane,1,8381,27.8,9387,30.6
8,1,6,60,16,3,add_lane,2,8381,27.8,10392,33.4
8,1,6,60,16,3,change_speed,-10,8381,27.8,7683,20.9
8,1,6,60,16,3,change_speed,0,8381,27.8,8381,25.0
8,1,6,60,16,3,change_speed,10,8381,27.8,9079,29.2
8,1,6,60,16,4,add_lane,0,8381,22.0,8381,22.0
8,1,6,60,16,4,add_lane,1,8381,22.0,9387,24.2
8,1,6,60,16,4,add_lane,2,8381,22.0,10392,26.4
8,1,6,60,16,4,change_speed,-10,8381,22.0,7683,16.5
8,1,6,60,16,4,change_speed,0,8381,22.0,8381,19.8
8,1,6,60,16,4,change_speed,10,8381,22.0,9079,23.1
8,1,6,60,16,5,add_lane,0,6048,22.0,6048,22.0
8,1,6,60,16,5,add_lane,1,6048,22.0,6774,24.2
8,1,6,60,16,5,add_lane,2,6048,22.0,7500,26.4
8,1,6,60,16,5,change_speed,-10,6048,22.0,5544,16.5
8,1,6,60,16,5,change_speed,0,6048,22.0,6048,19.8
8,1,6,60,16,5,change_speed,10,6048,22.0,6552,23.1
8,1,6,60,16,6,add_lane,0,5314,30.1,5314,30.1
8,1,6,60,16,6,add_lane,1,5314,30.1,5952,33.1
8,1,6,60,16,6,add_lane,2,5314,30.1,6589,36.1
8,1,6,60,16,6,change_speed,-10,5314,30.1,4871,22.6
8,1,6,60,16,6,change_speed,0,5314,30.1,5314,27.1
8,1,6,60,16,6,change_speed,10,5314,30.1,5757,31.6
8,1,6,60,17,0,add_lane,0,4782,40.8,4782,40.8
8,1,6,60,17,0,add_lane,1,4782,40.8,5356,44.9
8,1,6,60,17,0,add_lane,2,4782,40.8,5930,49.0
8,1,6,60,17,0,change_speed,-10,4782,40.8,4384,30.6
8,1,6,60,17,0,change_speed,0,4782,40.8,4782,36.7
8,1,6,60,17,0,change_speed,10,4782,40.8,5181,42.8
8,1,6,60,17,1,add_lane,0,9720,22.1,9720,22.1
8,1,6,60,17,1,add_lane,1,9720,22.1,10886,24.3
8,1,6,60,17,1,add_lane,2,9720,22.1,12053,26.5
8,1,6,60,17,1,change_speed,-10,9720,22.1,8910,16.6
8,1,6,60,17,1,change_speed,0,9720,22.1,9720,19.9
8,1,6,60,17,1,change_speed,10,9720,22.1,10530,23.2
8,1,6,60,17,2,add_lane,0,9428,18.8,9428,18.8
8,1,6,60,17,2,add_lane,1,9428,18.8,10559,20.7
8,1,6,60,17,2,add_lane,2,9428,18.8,11691,22.6
8,1,6,60,17,2,change_speed,-10,9428,18.8,8642,14.1
8,1,6,60,17,2,change_speed,0,9428,18.8,9428,16.9
8,1,6,60,17,2,change_speed,10,9428,18.8,10214,19.7
8,1,6,60,17,3,add_lane,0,9428,18.5,9428,18.5
8,1,6,60,17,3,add_lane,1,9428,18.5,10559,20.4
8,1,6,60,17,3,add_lane,2,9428,18.5,11691,22.2
8,1,6,60,17,3,change_speed,-10,9428,18.5,8642,13.9
8,1,6,60,17,3,change_speed,0,9428,18.5,9428,16.7
8,1,6,60,17,3,change_speed,10,9428,18.5,10214,19.4
8,1,6,60,17,4,add_lane,0,9428,20.6,9428,20.6
8,1,6,60,17,4,add_lane,1,9428,20.6,10559,22.7
8,1,6,60,17,4,add_lane,2,9428,20.6,11691,24.7
8,1,6,60,17,4,change_speed,-10,9428,20.6,8642,15.5
8,1,6,60,17,4,change_speed,0,9428,20.6,9428,18.5
8,1,6,60,17,4,change_speed,10,9428,20.6,10214,21.6
8,1,6,60,17,5,add_lane,0,6804,22.6,6804,22.6
8,1,6,60,17,5,add_lane,1,6804,22.6,7620,24.9
8,1,6,60,17,5,add_lane,2,6804,22.6,8437,27.1
8,1,6,60,17,5,change_speed,-10,6804,22.6,6237,17.0
8,1,6,60,17,5,change_speed,0,6804,22.6,6804,20.3
8,1,6,60,17,5,change_speed,10,6804,22.6,7371,23.7
8,1,6,60,17,6,add_lane,0,5978,30.4,5978,30.4
8,1,6,60,17,6,add_lane,1,5978,30.4,6695,33.4
8,1,6,60,17,6,add_lane,2,5978,30.4,7413,36.5
8,1,6,60,17,6,change_speed,-10,5978,30.4,5480,22.8
8,1,6,60,17,6,change_speed,0,5978,30.4,5978,27.4
8,1,6,60,17,6,change_speed,10,5978,30.4,6476,31.9
8,1,6,60,18,0,add_lane,0,4517,43.4,4517,43.4
8,1,6,60,18,0,add_lane,1,4517,43.4,5059,47.7
8,1,6,60,18,0,add_lane,2,4517,43.4,5601,52.1
8,1,6,60,18,0,change_speed,-10,4517,43.4,4141,32.5
8,1,6,60,18,0,change_speed,0,4517,43.4,4517,39.1
8,1,6,60,18,0,change_speed,10,4517,43.4,4893,45.6
8,1,6,60,18,1,add_lane,0,9180,22.9,9180,22.9
8,1,6,60,18,1,add_lane,1,9180,22.9,10282,25.2
8,1,6,60,18,1,add_lane,2,9180,22.9,11383,27.5
8,1,6,60,18,1,change_speed,-10,9180,22.9,8415,17.2
8,1,6,60,18,1,change_speed,0,9180,22.9,9180,20.6
8,1,6,60,18,1,change_speed,10,9180,22.9,9945,24.0
8,1,6,60,18,2,add_lane,0,8905,22.1,8905,22.1
8,1,6,60,18,2,add_lane,1,8905,22.1,9974,24.3
8,1,6,60,18,2,add_lane,2,8905,22.1,11042,26.5
8,1,6,60,18,2,change_speed,-10,8905,22.1,8163,16.6
8,1,6,60,18,2,change_speed,0,8905,22.1,8905,19.9
8,1,6,60,18,2,change_speed,10,8905,22.1,9647,23.2
8,1,6,60,18,3,add_lane,0,8905,20.9,8905,20.9
8,1,6,60,18,3,add_lane,1,8905,20.9,9974,23.0
8,1,6,60,18,3,add_lane,2,8905,20.9,11042,25.1
8,1,6,60,18,3,change_speed,-10,8905,20.9,8163,15.7
8,1,6,60,18,3,change_speed,0,8905,20.9,8905,18.8
8,1,6,60,18,3,change_speed,10,8905,20.9,9647,21.9
8,1,6,60,18,4,add_lane,0,8905,25.5,8905,25.5
8,1,6,60,18,4,add_lane,1,8905,25.5,9974,28.1
8,1,6,60,18,4,add_lane,2,8905,25.5,11042,30.6
8,1,6,60,18,4,change_speed,-10,8905,25.5,8163,19.1
8,1,6,60,18,4,change_speed,0,8905,25.5,8905,22.9
8,1,6,60,18,4,change_speed,10,8905,25.5,9647,26.8
8,1,6,60,18,5,add_lane,0,6426,22.6,6426,22.6
8,1,6,60,18,5,add_lane,1,6426,22.6,7197,24.9
8,1,6,60,18,5,add_lane,2,6426,22.6,7968,27.1
8,1,6,60,18,5,change_speed,-10,6426,22.6,5891,17.0
8,1,6,60,18,5,change_speed,0,6426,22.6,6426,20.3
8,1,6,60,18,5,change_speed,10,6426,22.6,6962,23.7
8,1,6,60,18,6,add_lane,0,5646,32.4,5646,32.4
8,1,6,60,18,6,add_lane,1,5646,32.4,6324,35.6
8,1,6,60,18,6,add_lane,2,5646,32.4,7001,38.9
8,1,6,60,18,6,change_speed,-10,5646,32.4,5176,24.3
8,1,6,60,18,6,change_speed,0,5646,32.4,5646,29.2
8,1,6,60,18,6,change_speed,10,5646,32.4,6117,34.0
8,1,6,60,19,0,add_lane,0,3720,46.4,3720,46.4
8,1,6,60,19,0,add_lane,1,3720,46.4,4166,51.0
8,1,6,60,19,0,add_lane,2,3720,46.4,4613,55.7
8,1,6,60,19,0,change_speed,-10,3720,46.4,3410,34.8
8,1,6,60,19,0,change_speed,0,3720,46.4,3720,41.8
8,1,6,60,19,0,change_speed,10,3720,46.4,4030,48.7
8,1,6,60,19,1,add_lane,0,7560,28.1,7560,28.1
8,1,6,60,19,1,add_lane,1,7560,28.1,8467,30.9
8,1,6,60,19,1,add_lane,2,7560,28.1,9374,33.7
8,1,6,60,19,1,change_speed,-10,7560,28.1,6930,21.1
8,1,6,60,19,1,change_speed,0,7560,28.1,7560,25.3
8,1,6,60,19,1,change_speed,10,7560,28.1,8190,29.5
8,1,6,60,19,2,add_lane,0,7333,33.6,7333,33.6
8,1,6,60,19,2,add_lane,1,7333,33.6,8213,37.0
8,1,6,60,19,2,add_lane,2,7333,33.6,9093,40.3
8,1,6,60,19,2,change_speed,-10,7333,33.6,6722,25.2
8,1,6,60,19,2,change_speed,0,7333,33.6,7333,30.2
8,1,6,60,19,2,change_speed,10,7333,33.6,7944,35.3
8,1,6,60,19,3,add_lane,0,7333,29.2,7333,29.2
8,1,6,60,19,3,add_lane,1,7333,29.2,8213,32.1
8,1,6,60,19,3,add_lane,2,7333,29.2,9093,35.0
8,1,6,60,19,3,change_speed,-10,7333,29.2,6722,21.9
8,1,6,60,19,3,change_speed,0,7333,29.2,7333,26.3
8,1,6,60,19,3,change_speed,10,7333,29.2,7944,30.7
8,1,6,60,19,4,add_lane,0,7333,31.7,7333,31.7
8,1,6,60,19,4,add_lane,1,7333,31.7,8213,34.9
8,1,6,60,19,4,add_lane,2,7333,31.7,9093,38.0
8,1,6,60,19,4,change_speed,-10,7333,31.7,6722,23.8
8,1,6,60,19,4,change_speed,0,7333,31.7,7333,28.5
8,1,6,60,19,4,change_speed,10,7333,31.7,7944,33.3
8,1,6,60,19,5,add_lane,0,5292,25.2,5292,25.2
8,1,6,60,19,5,add_lane,1,5292,25.2,5927,27.7
8,1,6,60,19,5,add_lane,2,5292,25.2,6562,30.2
8,1,6,60,19,5,change_speed,-10,5292,25.2,4851,18.9
8,1,6,60,19,5,change_speed,0,5292,25.2,5292,22.7
8,1,6,60,19,5,change_speed,10,5292,25.2,5733,26.5
8,1,6,60,19,6,add_lane,0,4649,31.5,4649,31.5
8,1,6,60,19,6,add_lane,1,4649,31.5,5207,34.7
8,1,6,60,19,6,add_lane,2,4649,31.5,5765,37.8
8,1,6,60,19,6,change_speed,-10,4649,31.5,4262,23.6
8,1,6,60,19,6,change_speed,0,4649,31.5,4649,28.4
8,1,6,60,19,6,change_speed,10,4649,31.5,5036,33.1
8,1,6,60,20,0,add_lane,0,2657,48.2,2657,48.2
8,1,6,60,20,0,add_lane,1,2657,48.2,2976,53.0
8,1,6,60,20,0,add_lane,2,2657,48.2,3295,57.8
8,1,6,60,20,0,change_speed,-10,2657,48.2,2436,36.2
8,1,6,60,20,0,change_speed,0,2657,48.2,2657,43.4
8,1,6,60,20,0,change_speed,10,2657,48.2,2878,50.6
8,1,6,60,20,1,add_lane,0,5400,43.3,5400,43.3
8,1,6,60,20,1,add_lane,1,5400,43.3,6048,47.6
8,1,6,60,20,1,add_lane,2,5400,43.3,6696,52.0
8,1,6,60,20,1,change_speed,-10,5400,43.3,4950,32.5
8,1,6,60,20,1,change_speed,0,5400,43.3,5400,39.0
8,1,6,60,20,1,change_speed,10,5400,43.3,5850,45.5
8,1,6,60,20,2,add_lane,0,5238,41.7,5238,41.7
8,1,6,60,20,2,add_lane,1,5238,41.7,5867,45.9
8,1,6,60,20,2,add_lane,2,5238,41.7,6495,50.0
8,1,6,60,20,2,change_speed,-10,5238,41.7,4802,31.3
8,1,6,60,20,2,change_speed,0,5238,41.7,5238,37.5
8,1,6,60,20,2,change_speed,10,5238,41.7,5675,43.8
8,1,6,60,20,3,add_lane,0,5238,39.9,5238,39.9
8,1,6,60,20,3,add_lane,1,5238,39.9,5867,43.9
8,1,6,60,20,3,add_lane,2,5238,39.9,6495,47.9
8,1,6,60,20,3,change_speed,-10,5238,39.9,4802,29.9
8,1,6,60,20,3,change_speed,0,5238,39.9,5238,35.9
8,1,6,60,20,3,change_speed,10,5238,39.9,5675,41.9
8,1,6,60,20,4,add_lane,0,5238,37.5,5238,37.5
8,1,6,60,20,4,add_lane,1,5238,37.5,5867,41.2
8,1,6,60,20,4,add_lane,2,5238,37.5,6495,45.0
8,1,6,60,20,4,change_speed,-10,5238,37.5,4802,28.1
8,1,6,60,20,4,change_speed,0,5238,37.5,5238,33.8
8,1,6,60,20,4,change_speed,10,5238,37.5,5675,39.4
8,1,6,60,20,5,add_lane,0,3780,29.0,3780,29.0
8,1,6,60,20,5,add_lane,1,3780,29.0,4234,31.9
8,1,6,60,20,5,add_lane,2,3780,29.0,4687,34.8
8,1,6,60,20,5,change_speed,-10,3780,29.0,3465,21.8
8,1,6,60,20,5,change_speed,0,3780,29.0,3780,26.1
8,1,6,60,20,5,change_speed,10,3780,29.0,4095,30.5
8,1,6,60,20,6,add_lane,0,3321,43.0,3321,43.0
8,1,6,60,20,6,add_lane,1,3321,43.0,3720,47.3
8,1,6,60,20,6,add_lane,2,3321,43.0,4118,51.6
8,1,6,60,20,6,change_speed,-10,3321,43.0,3044,32.2
8,1,6,60,20,6,change_speed,0,3321,43.0,3321,38.7
8,1,6,60,20,6,change_speed,10,3321,43.0,3598,45.2
8,1,6,60,21,0,add_lane,0,1860,44.5,1860,44.5
8,1,6,60,21,0,add_lane,1,1860,44.5,2083,49.0
8,1,6,60,21,0,add_lane,2,1860,44.5,2306,53.4
8,1,6,60,21,0,change_speed,-10,1860,44.5,1705,33.4
8,1,6,60,21,0,change_speed,0,1860,44.5,1860,40.1
8,1,6,60,21,0,change_speed,10,1860,44.5,2015,46.7
8,1,6,60,21,1,add_lane,0,3780,52.5,3780,52.5
8,1,6,60,21,1,add_lane,1,3780,52.5,4234,57.8
8,1,6,60,21,1,add_lane,2,3780,52.5,4687,63.0
8,1,6,60,21,1,change_speed,-10,3780,52.5,3465,39.4
8,1,6,60,21,1,change_speed,0,3780,52.5,3780,47.2
8,1,6,60,21,1,change_speed,10,3780,52.5,4095,55.1
8,1,6,60,21,2,add_lane,0,3667,50.4,3667,50.4
8,1,6,60,21,2,add_lane,1,3667,50.4,4107,55.4
8,1,6,60,21,2,add_lane,2,3667,50.4,4547,60.5
8,1,6,60,21,2,change_speed,-10,3667,50.4,3361,37.8
8,1,6,60,21,2,change_speed,0,3667,50.4,3667,45.4
8,1,6,60,21,2,change_speed,10,3667,50.4,3973,52.9
8,1,6,60,21,3,add_lane,0,3667,50.8,3667,50.8
8,1,6,60,21,3,add_lane,1,3667,50.8,4107,55.9
8,1,6,60,21,3,add_lane,2,3667,50.8,4547,61.0
8,1,6,60,21,3,change_speed,-10,3667,50.8,3361,38.1
8,1,6,60,21,3,change_speed,0,3667,50.8,3667,45.7
8,1,6,60,21,3,change_speed,10,3667,50.8,3973,53.3
8,1,6,60,21,4,add_lane,0,3667,47.3,3667,47.3
8,1,6,60,21,4,add_lane,1,3667,47.3,4107,52.0
8,1,6,60,21,4,add_lane,2,3667,47.3,4547,56.8
8,1,6,60,21,4,change_speed,-10,3667,47.3,3361,35.5
8,1,6,60,21,4,change_speed,0,3667,47.3,3667,42.6
8,1,6,60,21,4,change_speed,10,3667,47.3,3973,49.7
8,1,6,60,21,5,add_lane,0,2646,35.2,2646,35.2
8,1,6,60,21,5,add_lane,1,2646,35.2,2964,38.7
8,1,6,60,21,5,add_lane,2,2646,35.2,3281,42.2
8,1,6,60,21,5,change_speed,-10,2646,35.2,2426,26.4
8,1,6,60,21,5,change_speed,0,2646,35.2,2646,31.7
8,1,6,60,21,5,change_speed,10,2646,35.2,2867,37.0
8,1,6,60,21,6,add_lane,0,2325,42.2,2325,42.2
8,1,6,60,21,6,add_lane,1,2325,42.2,2604,46.4
8,1,6,60,21,6,add_lane,2,2325,42.2,2883,50.6
8,1,6,60,21,6,change_speed,-10,2325,42.2,2131,31.7
8,1,6,60,21,6,change_speed,0,2325,42.2,2325,38.0
8,1,6,60,21,6,change_speed,10,2325,42.2,2519,44.3
8,1,6,60,22,0,add_lane,0,1196,46.6,1196,46.6
8,1,6,60,22,0,add_lane,1,1196,46.6,1340,51.3
8,1,6,60,22,0,add_lane,2,1196,46.6,1483,55.9
8,1,6,60,22,0,change_speed,-10,1196,46.6,1096,35.0
8,1,6,60,22,0,change_speed,0,1196,46.6,1196,41.9
8,1,6,60,22,0,change_speed,10,1196,46.6,1296,48.9
8,1,6,60,22,1,add_lane,0,2430,57.6,2430,57.6
8,1,6,60,22,1,add_lane,1,2430,57.6,2722,63.4
8,1,6,60,22,1,add_lane,2,2430,57.6,3013,69.1
8,1,6,60,22,1,change_speed,-10,2430,57.6,2228,43.2
8,1,6,60,22,1,change_speed,0,2430,57.6,2430,51.8
8,1,6,60,22,1,change_speed,10,2430,57.6,2633,60.5
8,1,6,60,22,2,add_lane,0,2357,53.0,2357,53.0
8,1,6,60,22,2,add_lane,1,2357,53.0,2640,58.3
8,1,6,60,22,2,add_lane,2,2357,53.0,2923,63.6
8,1,6,60,22,2,change_speed,-10,2357,53.0,2161,39.8
8,1,6,60,22,2,change_speed,0,2357,53.0,2357,47.7
8,1,6,60,22,2,change_speed,10,2357,53.0,2553,55.7
8,1,6,60,22,3,add_lane,0,2357,51.7,2357,51.7
8,1,6,60,22,3,add_lane,1,2357,51.7,2640,56.9
8,1,6,60,22,3,add_lane,2,2357,51.7,2923,62.0
8,1,6,60,22,3,change_speed,-10,2357,51.7,2161,38.8
8,1,6,60,22,3,change_speed,0,2357,51.7,2357,46.5
8,1,6,60,22,3,change_speed,10,2357,51.7,2553,54.3
8,1,6,60,22,4,add_lane,0,2357,49.2,2357,49.2
8,1,6,60,22,4,add_lane,1,2357,49.2,2640,54.1
8,1,6,60,22,4,add_lane,2,2357,49.2,2923,59.0
8,1,6,60,22,4,change_speed,-10,2357,49.2,2161,36.9
8,1,6,60,22,4,change_speed,0,2357,49.2,2357,44.3
8,1,6,60,22,4,change_speed,10,2357,49.2,2553,51.7
8,1,6,60,22,5,add_lane,0,1701,41.1,1701,41.1
8,1,6,60,22,5,add_lane,1,1701,41.1,1905,45.2
8,1,6,60,22,5,add_lane,2,1701,41.1,2109,49.3
8,1,6,60,22,5,change_speed,-10,1701,41.1,1559,30.8
8,1,6,60,22,5,change_speed,0,1701,41.1,1701,37.0
8,1,6,60,22,5,change_speed,10,1701,41.1,1843,43.2
8,1,6,60,22,6,add_lane,0,1494,46.7,1494,46.7
8,1,6,60,22,6,add_lane,1,1494,46.7,1673,51.4
8,1,6,60,22,6,add_lane,2,1494,46.7,1853,56.0
8,1,6,60,22,6,change_speed,-10,1494,46.7,1370,35.0
8,1,6,60,22,6,change_speed,0,1494,46.7,1494,42.0
8,1,6,60,22,6,change_speed,10,1494,46.7,1619,49.0
8,1,6,60,23,0,add_lane,0,797,52.0,797,52.0
8,1,6,60,23,0,add_lane,1,797,52.0,893,57.2
8,1,6,60,23,0,add_lane,2,797,52.0,988,62.4
8,1,6,60,23,0,change_speed,-10,797,52.0,731,39.0
8,1,6,60,23,0,change_speed,0,797,52.0,797,46.8
8,1,6,60,23,0,change_speed,10,797,52.0,863,54.6
8,1,6,60,23,1,add_lane,0,1620,57.9,1620,57.9
8,1,6,60,23,1,add_lane,1,1620,57.9,1814,63.7
8,1,6,60,23,1,add_lane,2,1620,57.9,2009,69.5
8,1,6,60,23,1,change_speed,-10,1620,57.9,1485,43.4
8,1,6,60,23,1,change_speed,0,1620,57.9,1620,52.1
8,1,6,60,23,1,change_speed,10,1620,57.9,1755,60.8
8,1,6,60,23,2,add_lane,0,1571,54.5,1571,54.5
8,1,6,60,23,2,add_lane,1,1571,54.5,1760,60.0
8,1,6,60,23,2,add_lane,2,1571,54.5,1948,65.4
8,1,6,60,23,2,change_speed,-10,1571,54.5,1440,40.9
8,1,6,60,23,2,change_speed,0,1571,54.5,1571,49.1
8,1,6,60,23,2,change_speed,10,1571,54.5,1702,57.2
8,1,6,60,23,3,add_lane,0,1571,53.7,1571,53.7
8,1,6,60,23,3,add_lane,1,1571,53.7,1760,59.1
8,1,6,60,23,3,add_lane,2,1571,53.7,1948,64.4
8,1,6,60,23,3,change_speed,-10,1571,53.7,1440,40.3
8,1,6,60,23,3,change_speed,0,1571,53.7,1571,48.3
8,1,6,60,23,3,change_speed,10,1571,53.7,1702,56.4
8,1,6,60,23,4,add_lane,0,1571,54.6,1571,54.6
8,1,6,60,23,4,add_lane,1,1571,54.6,1760,60.1
8,1,6,60,23,4,add_lane,2,1571,54.6,1948,65.5
8,1,6,60,23,4,change_speed,-10,1571,54.6,1440,41.0
8,1,6,60,23,4,change_speed,0,1571,54.6,1571,49.1
8,1,6,60,23,4,change_speed,10,1571,54.6,1702,57.3
8,1,6,60,23,5,add_lane,0,1134,38.5,1134,38.5
8,1,6,60,23,5,add_lane,1,1134,38.5,1270,42.4
8,1,6,60,23,5,add_lane,2,1134,38.5,1406,46.2
8,1,6,60,23,5,change_speed,-10,1134,38.5,1040,28.9
8,1,6,60,23,5,change_speed,0,1134,38.5,1134,34.6
8,1,6,60,23,5,change_speed,10,1134,38.5,1229,40.4
8,1,6,60,23,6,add_lane,0,996,50.8,996,50.8
8,1,6,60,23,6,add_lane,1,996,50.8,1116,55.9
8,1,6,60,23,6,add_lane,2,996,50.8,1235,61.0
8,1,6,60,23,6,change_speed,-10,996,50.8,913,38.1
8,1,6,60,23,6,change_speed,0,996,50.8,996,45.7
8,1,6,60,23,6,change_speed,10,996,50.8,1079,53.3
9,1,6,60,0,0,add_lane,0,664,54.2,664,54.2
9,1,6,60,0,0,add_lane,1,664,54.2,744,59.6
9,1,6,60,0,0,add_lane,2,664,54.2,823,65.0
9,1,6,60,0,0,change_speed,-10,664,54.2,609,40.7
9,1,6,60,0,0,change_speed,0,664,54.2,664,48.8
9,1,6,60,0,0,change_speed,10,664,54.2,719,56.9
9,1,6,60,0,1,add_lane,0,1350,63.4,1350,63.4
9,1,6,60,0,1,add_lane,1,1350,63.4,1512,69.7
9,1,6,60,0,1,add_lane,2,1350,63.4,1674,76.1
9,1,6,60,0,1,change_speed,-10,1350,63.4,1238,47.6
9,1,6,60,0,1,change_speed,0,1350,63.4,1350,57.1
9,1,6,60,0,1,change_speed,10,1350,63.4,1463,66.6
9,1,6,60,0,2,add_lane,0,1310,60.0,1310,60.0
9,1,6,60,0,2,add_lane,1,1310,60.0,1467,66.0
9,1,6,60,0,2,add_lane,2,1310,60.0,1624,72.0
9,1,6,60,0,2,change_speed,-10,1310,60.0,1201,45.0
9,1,6,60,0,2,change_speed,0,1310,60.0,1310,54.0
9,1,6,60,0,2,change_speed,10,1310,60.0,1419,63.0
9,1,6,60,0,3,add_lane,0,1310,57.9,1310,57.9
9,1,6,60,0,3,add_lane,1,1310,57.9,1467,63.7
9,1,6,60,0,3,add_lane,2,1310,57.9,1624,69.5
9,1,6,60,0,3,change_speed,-10,1310,57.9,1201,43.4
9,1,6,60,0,3,change_speed,0,1310,57.9,1310,52.1
9,1,6,60,0,3,change_speed,10,1310,57.9,1419,60.8
9,1,6,60,0,4,add_lane,0,1310,58.0,1310,58.0
9,1,6,60,0,4,add_lane,1,1310,58.0,1467,63.8
9,1,6,60,0,4,add_lane,2,1310,58.0,1624,69.6
9,1,6,60,0,4,change_speed,-10,1310,58.0,1201,43.5
9,1,6,60,0,4,change_speed,0,1310,58.0,1310,52.2
9,1,6,60,0,4,change_speed,10,1310,58.0,1419,60.9
9,1,6,60,0,5,add_lane,0,945,41.4,945,41.4
9,1,6,60,0,5,add_lane,1,945,41.4,1058,45.5
9,1,6,60,0,5,add_lane,2,945,41.4,1172,49.7
9,1,6,60,0,5,change_speed,-10,945,41.4,866,31.1
9,1,6,60,0,5,change_speed,0,945,41.4,945,37.3
9,1,6,60,0,5,change_speed,10,945,41.4,1024,43.5
9,1,6,60,0,6,add_lane,0,830,49.7,830,49.7
9,1,6,60,0,6,add_lane,1,830,49.7,930,54.7
9,1,6,60,0,6,add_lane,2,830,49.7,1029,59.6
9,1,6,60,0,6,change_speed,-10,830,49.7,761,37.3
9,1,6,60,0,6,change_speed,0,830,49.7,830,44.7
9,1,6,60,0,6,change_speed,10,830,49.7,899,52.2
9,1,6,60,1,0,add_lane,0,531,54.6,531,54.6
9,1,6,60,1,0,add_lane,1,531,54.6,595,60.1
9,1,6,60,1,0,add_lane,2,531,54.6,658,65.5
9,1,6,60,1,0,change_speed,-10,531,54.6,487,41.0
9,1,6,60,1,0,change_speed,0,531,54.6,531,49.1
9,1,6,60,1,0,change_speed,10,531,54.6,575,57.3
9,1,6,60,1,1,add_lane,0,1080,69.0,1080,69.0
9,1,6,60,1,1,add_lane,1,1080,69.0,1210,75.9
9,1,6,60,1,1,add_lane,2,1080,69.0,1339,82.8
9,1,6,60,1,1,change_speed,-10,1080,69.0,990,51.8
9,1,6,60,1,1,change_speed,0,1080,69.0,1080,62.1
9,1,6,60,1,1,change_speed,10,1080,69.0,1170,72.5
9,1,6,60,1,2,add_lane,0,1048,62.5,1048,62.5
9,1,6,60,1,2,add_lane,1,1048,62.5,1174,68.8
9,1,6,60,1,2,add_lane,2,1048,62.5,1300,75.0
9,1,6,60,1,2,change_speed,-10,1048,62.5,961,46.9
9,1,6,60,1,2,change_speed,0,1048,62.5,1048,56.2
9,1,6,60,1,2,change_speed,10,1048,62.5,1135,65.6
9,1,6,60,1,3,add_lane,0,1048,59.7,1048,59.7
9,1,6,60,1,3,add_lane,1,1048,59.7,1174,65.7
9,1,6,60,1,3,add_lane,2,1048,59.7,1300,71.6
9,1,6,60,1,3,change_speed,-10,1048,59.7,961,44.8
9,1,6,60,1,3,change_speed,0,1048,59.7,1048,53.7
9,1,6,60,1,3,change_speed,10,1048,59.7,1135,62.7
9,1,6,60,1,4,add_lane,0,1048,59.8,1048,59.8
9,1,6,60,1,4,add_lane,1,1048,59.8,1174,65.8
9,1,6,60,1,4,add_lane,2,1048,59.8,1300,71.8
9,1,6,60,1,4,change_speed,-10,1048,59.8,961,44.9
9,1,6,60,1,4,change_speed,0,1048,59.8,1048,53.8
9,1,6,60,1,4,change_speed,10,1048,59.8,1135,62.8
9,1,6,60,1,5,add_lane,0,756,40.4,756,40.4
9,1,6,60,1,5,add_lane,1,756,40.4,847,44.4
9,1,6,60,1,5,add_lane,2,756,40.4,937,48.5
9,1,6,60,1,5,change_speed,-10,756,40.4,693,30.3
9,1,6,60,1,5,change_speed,0,756,40.4,756,36.4
9,1,6,60,1,5,change_speed,10,756,40.4,819,42.4
9,1,6,60,1,6,add_lane,0,664,54.6,664,54.6
9,1,6,60,1,6,add_lane,1,664,54.6,744,60.1
9,1,6,60,1,6,add_lane,2,664,54.6,823,65.5
9,1,6,60,1,6,change_speed,-10,664,54.6,609,41.0
9,1,6,60,1,6,change_speed,0,664,54.6,664,49.1
9,1,6,60,1,6,change_speed,10,664,54.6,719,57.3
9,1,6,60,2,0,add_lane,0,478,55.7,478,55.7
9,1,6,60,2,0,add_lane,1,478,55.7,535,61.3
9,1,6,60,2,0,add_lane,2,478,55.7,593,66.8
9,1,6,60,2,0,change_speed,-10,478,55.7,438,41.8
9,1,6,60,2,0,change_speed,0,478,55.7,478,50.1
9,1,6,60,2,0,change_speed,10,478,55.7,518,58.5
9,1,6,60,2,1,add_lane,0,972,61.9,972,61.9
9,1,6,60,2,1,add_lane,1,972,61.9,1089,68.1
9,1,6,60,2,1,add_lane,2,972,61.9,1205,74.3
9,1,6,60,2,1,change_speed,-10,972,61.9,891,46.4
9,1,6,60,2,1,change_speed,0,972,61.9,972,55.7
9,1,6,60,2,1,change_speed,10,972,61.9,1053,65.0
9,1,6,60,2,2,add_lane,0,943,56.8,943,56.8
9,1,6,60,2,2,add_lane,1,943,56.8,1056,62.5
9,1,6,60,2,2,add_lane,2,943,56.8,1169,68.2
9,1,6,60,2,2,change_speed,-10,943,56.8,864,42.6
9,1,6,60,2,2,change_speed,0,943,56.8,943,51.1
9,1,6,60,2,2,change_speed,10,943,56.8,1022,59.6
9,1,6,60,2,3,add_lane,0,943,60.1,943,60.1
9,1,6,60,2,3,add_lane,1,943,60.1,1056,66.1
9,1,6,60,2,3,add_lane,2,943,60.1,1169,72.1
9,1,6,60,2,3,change_speed,-10,943,60.1,864,45.1
9,1,6,60,2,3,change_speed,0,943,60.1,943,54.1
9,1,6,60,2,3,change_speed,10,943,60.1,1022,63.1
9,1,6,60,2,4,add_lane,0,943,61.1,943,61.1
9,1,6,60,2,4,add_lane,1,943,61.1,1056,67.2
9,1,6,60,2,4,add_lane,2,943,61.1,1169,73.3
9,1,6,60,2,4,change_speed,-10,943,61.1,864,45.8
9,1,6,60,2,4,change_speed,0,943,61.1,943,55.0
9,1,6,60,2,4,change_speed,10,943,61.1,1022,64.2
9,1,6,60,2,5,add_lane,0,680,37.7,680,37.7
9,1,6,60,2,5,add_lane,1,680,37.7,762,41.5
9,1,6,60,2,5,add_lane,2,680,37.7,843,45.2
9,1,6,60,2,5,change_speed,-10,680,37.7,623,28.3
9,1,6,60,2,5,change_speed,0,680,37.7,680,33.9
9,1,6,60,2,5,change_speed,10,680,37.7,737,39.6
9,1,6,60,2,6,add_lane,0,598,52.5,598,52.5
9,1,6,60,2,6,add_lane,1,598,52.5,670,57.8
9,1,6,60,2,6,add_lane,2,598,52.5,742,63.0
9,1,6,60,2,6,change_speed,-10,598,52.5,548,39.4
9,1,6,60,2,6,change_speed,0,598,52.5,598,47.2
9,1,6,60,2,6,change_speed,10,598,52.5,648,55.1
9,1,6,60,3,0,add_lane,0,399,50.8,399,50.8
9,1,6,60,3,0,add_lane,1,399,50.8,447,55.9
9,1,6,60,3,0,add_lane,2,399,50.8,495,61.0
9,1,6,60,3,0,change_speed,-10,399,50.8,366,38.1
9,1,6,60,3,0,change_speed,0,399,50.8,399,45.7
9,1,6,60,3,0,change_speed,10,399,50.8,432,53.3
9,1,6,60,3,1,add_lane,0,810,57.3,810,57.3
9,1,6,60,3,1,add_lane,1,810,57.3,907,63.0
9,1,6,60,3,1,add_lane,2,810,57.3,1004,68.8
9,1,6,60,3,1,change_speed,-10,810,57.3,743,43.0
9,1,6,60,3,1,change_speed,0,810,57.3,810,51.6
9,1,6,60,3,1,change_speed,10,810,57.3,878,60.2
9,1,6,60,3,2,add_lane,0,786,56.7,786,56.7
9,1,6,60,3,2,add_lane,1,786,56.7,880,62.4
9,1,6,60,3,2,add_lane,2,786,56.7,975,68.0
9,1,6,60,3,2,change_speed,-10,786,56.7,721,42.5
9,1,6,60,3,2,change_speed,0,786,56.7,786,51.0
9,1,6,60,3,2,change_speed,10,786,56.7,852,59.5
9,1,6,60,3,3,add_lane,0,786,58.6,786,58.6
9,1,6,60,3,3,add_lane,1,786,58.6,880,64.5
9,1,6,60,3,3,add_lane,2,786,58.6,975,70.3
9,1,6,60,3,3,change_speed,-10,786,58.6,721,44.0
9,1,6,60,3,3,change_speed,0,786,58.6,786,52.7
9,1,6,60,3,3,change_speed,10,786,58.6,852,61.5
9,1,6,60,3,4,add_lane,0,786,63.6,786,63.6
9,1,6,60,3,4,add_lane,1,786,63.6,880,70.0
9,1,6,60,3,4,add_lane,2,786,63.6,975,76.3
9,1,6,60,3,4,change_speed,-10,786,63.6,721,47.7
9,1,6,60,3,4,change_speed,0,786,63.6,786,57.2
9,1,6,60,3,4,change_speed,10,786,63.6,852,66.8
9,1,6,60,3,5,add_lane,0,567,43.0,567,43.0
9,1,6,60,3,5,add_lane,1,567,43.0,635,47.3
9,1,6,60,3,5,add_lane,2,567,43.0,703,51.6
9,1,6,60,3,5,change_speed,-10,567,43.0,520,32.2
9,1,6,60,3,5,change_speed,0,567,43.0,567,38.7
9,1,6,60,3,5,change_speed,10,567,43.0,614,45.2
9,1,6,60,3,6,add_lane,0,498,50.5,498,50.5
9,1,6,60,3,6,add_lane,1,498,50.5,558,55.6
9,1,6,60,3,6,add_lane,2,498,50.5,618,60.6
9,1,6,60,3,6,change_speed,-10,498,50.5,457,37.9
9,1,6,60,3,6,change_speed,0,498,50.5,498,45.5
9,1,6,60,3,6,change_speed,10,498,50.5,540,53.0
9,1,6,60,4,0,add_lane,0,531,60.2,531,60.2
9,1,6,60,4,0,add_lane,1,531,60.2,595,66.2
9,1,6,60,4,0,add_lane,2,531,60.2,658,72.2
9,1,6,60,4,0,change_speed,-10,531,60.2,487,45.2
9,1,6,60,4,0,change_speed,0,531,60.2,531,54.2
9,1,6,60,4,0,change_speed,10,531,60.2,575,63.2
9,1,6,60,4,1,add_lane,0,1080,58.8,1080,58.8
9,1,6,60,4,1,add_lane,1,1080,58.8,1210,64.7
9,1,6,60,4,1,add_lane,2,1080,58.8,1339,70.6
9,1,6,60,4,1,change_speed,-10,1080,58.8,990,44.1
9,1,6,60,4,1,change_speed,0,1080,58.8,1080,52.9
9,1,6,60,4,1,change_speed,10,1080,58.8,1170,61.7
9,1,6,60,4,2,add_lane,0,1048,52.7,1048,52.7
9,1,6,60,4,2,add_lane,1,1048,52.7,1174,58.0
9,1,6,60,4,2,add_lane,2,1048,52.7,1300,63.2
9,1,6,60,4,2,change_speed,-10,1048,52.7,961,39.5
9,1,6,60,4,2,change_speed,0,1048,52.7,1048,47.4
9,1,6,60,4,2,change_speed,10,1048,52.7,1135,55.3
9,1,6,60,4,3,add_lane,0,1048,51.2,1048,51.2
9,1,6,60,4,3,add_lane,1,1048,51.2,1174,56.3
9,1,6,60,4,3,add_lane,2,1048,51.2,1300,61.4
9,1,6,60,4,3,change_speed,-10,1048,51.2,961,38.4
9,1,6,60,4,3,change_speed,0,1048,51.2,1048,46.1
9,1,6,60,4,3,change_speed,10,1048,51.2,1135,53.8
9,1,6,60,4,4,add_lane,0,1048,53.9,1048,53.9
9,1,6,60,4,4,add_lane,1,1048,53.9,1174,59.3
9,1,6,60,4,4,add_lane,2,1048,53.9,1300,64.7
9,1,6,60,4,4,change_speed,-10,1048,53.9,961,40.4
9,1,6,60,4,4,change_speed,0,1048,53.9,1048,48.5
9,1,6,60,4,4,change_speed,10,1048,53.9,1135,56.6
9,1,6,60,4,5,add_lane,0,756,37.9,756,37.9
9,1,6,60,4,5,add_lane,1,756,37.9,847,41.7
9,1,6,60,4,5,add_lane,2,756,37.9,937,45.5
9,1,6,60,4,5,change_speed,-10,756,37.9,693,28.4
9,1,6,60,4,5,change_speed,0,756,37.9,756,34.1
9,1,6,60,4,5,change_speed,10,756,37.9,819,39.8
9,1,6,60,4,6,add_lane,0,664,40.9,664,40.9
9,1,6,60,4,6,add_lane,1,664,40.9,744,45.0
9,1,6,60,4,6,add_lane,2,664,40.9,823,49.1
9,1,6,60,4,6,change_speed,-10,664,40.9,609,30.7
9,1,6,60,4,6,change_speed,0,664,40.9,664,36.8
9,1,6,60,4,6,change_speed,10,664,40.9,719,42.9
9,1,6,60,5,0,add_lane,0,930,58.1,930,58.1
9,1,6,60,5,0,add_lane,1,930,58.1,1042,63.9
9,1,6,60,5,0,add_lane,2,930,58.1,1153,69.7
9,1,6,60,5,0,change_speed,-10,930,58.1,853,43.6
9,1,6,60,5,0,change_speed,0,930,58.1,930,52.3
9,1,6,60,5,0,change_speed,10,930,58.1,1008,61.0
9,1,6,60,5,1,add_lane,0,1890,59.3,1890,59.3
9,1,6,60,5,1,add_lane,1,1890,59.3,2117,65.2
9,1,6,60,5,1,add_lane,2,1890,59.3,2344,71.2
9,1,6,60,5,1,change_speed,-10,1890,59.3,1733,44.5
9,1,6,60,5,1,change_speed,0,1890,59.3,1890,53.4
9,1,6,60,5,1,change_speed,10,1890,59.3,2048,62.3
9,1,6,60,5,2,add_lane,0,1833,52.1,1833,52.1
9,1,6,60,5,2,add_lane,1,1833,52.1,2053,57.3
9,1,6,60,5,2,add_lane,2,1833,52.1,2273,62.5
9,1,6,60,5,2,change_speed,-10,1833,52.1,1680,39.1
9,1,6,60,5,2,change_speed,0,1833,52.1,1833,46.9
9,1,6,60,5,2,change_speed,10,1833,52.1,1986,54.7
9,1,6,60,5,3,add_lane,0,1833,51.6,1833,51.6
9,1,6,60,5,3,add_lane,1,1833,51.6,2053,56.8
9,1,6,60,5,3,add_lane,2,1833,51.6,2273,61.9
9,1,6,60,5,3,change_speed,-10,1833,51.6,1680,38.7
9,1,6,60,5,3,change_speed,0,1833,51.6,1833,46.4
9,1,6,60,5,3,change_speed,10,1833,51.6,1986,54.2
9,1,6,60,5,4,add_lane,0,1833,54.6,1833,54.6
9,1,6,60,5,4,add_lane,1,1833,54.6,2053,60.1
9,1,6,60,5,4,add_lane,2,1833,54.6,2273,65.5
9,1,6,60,5,4,change_speed,-10,1833,54.6,1680,41.0
9,1,6,60,5,4,change_speed,0,1833,54.6,1833,49.1
9,1,6,60,5,4,change_speed,10,1833,54.6,1986,57.3
9,1,6,60,5,5,add_lane,0,1323,38.9,1323,38.9
9,1,6,60,5,5,add_lane,1,1323,38.9,1482,42.8
9,1,6,60,5,5,add_lane,2,1323,38.9,1641,46.7
9,1,6,60,5,5,change_speed,-10,1323,38.9,1213,29.2
9,1,6,60,5,5,change_speed,0,1323,38.9,1323,35.0
9,1,6,60,5,5,change_speed,10,1323,38.9,1433,40.8
9,1,6,60,5,6,add_lane,0,1162,51.4,1162,51.4
9,1,6,60,5,6,add_lane,1,1162,51.4,1301,56.5
9,1,6,60,5,6,add_lane,2,1162,51.4,1441,61.7
9,1,6,60,5,6,change_speed,-10,1162,51.4,1065,38.6
9,1,6,60,5,6,change_speed,0,1162,51.4,1162,46.3
9,1,6,60,5,6,change_speed,10,1162,51.4,1259,54.0
9,1,6,60,6,0,add_lane,0,1727,46.1,1727,46.1
9,1,6,60,6,0,add_lane,1,1727,46.1,1934,50.7
9,1,6,60,6,0,add_lane,2,1727,46.1,2141,55.3
9,1,6,60,6,0,change_speed,-10,1727,46.1,1583,34.6
9,1,6,60,6,0,change_speed,0,1727,46.1,1727,41.5
9,1,6,60,6,0,change_speed,10,1727,46.1,1871,48.4
9,1,6,60,6,1,add_lane,0,3510,44.8,3510,44.8
9,1,6,60,6,1,add_lane,1,3510,44.8,3931,49.3
9,1,6,60,6,1,add_lane,2,3510,44.8,4352,53.8
9,1,6,60,6,1,change_speed,-10,3510,44.8,3218,33.6
9,1,6,60,6,1,change_speed,0,3510,44.8,3510,40.3
9,1,6,60,6,1,change_speed,10,3510,44.8,3803,47.0
9,1,6,60,6,2,add_lane,0,3405,49.5,3405,49.5
9,1,6,60,6,2,add_lane,1,3405,49.5,3814,54.5
9,1,6,60,6,2,add_lane,2,3405,49.5,4222,59.4
9,1,6,60,6,2,change_speed,-10,3405,49.5,3121,37.1
9,1,6,60,6,2,change_speed,0,3405,49.5,3405,44.6
9,1,6,60,6,2,change_speed,10,3405,49.5,3689,52.0
9,1,6,60,6,3,add_lane,0,3405,51.6,3405,51.6
9,1,6,60,6,3,add_lane,1,3405,51.6,3814,56.8
9,1,6,60,6,3,add_lane,2,3405,51.6,4222,61.9
9,1,6,60,6,3,change_speed,-10,3405,51.6,3121,38.7
9,1,6,60,6,3,change_speed,0,3405,51.6,3405,46.4
9,1,6,60,6,3,change_speed,10,3405,51.6,3689,54.2
9,1,6,60,6,4,add_lane,0,3405,45.2,3405,45.2
9,1,6,60,6,4,add_lane,1,3405,45.2,3814,49.7
9,1,6,60,6,4,add_lane,2,3405,45.2,4222,54.2
9,1,6,60,6,4,change_speed,-10,3405,45.2,3121,33.9
9,1,6,60,6,4,change_speed,0,3405,45.2,3405,40.7
9,1,6,60,6,4,change_speed,10,3405,45.2,3689,47.5
9,1,6,60,6,5,add_lane,0,2457,34.7,2457,34.7
9,1,6,60,6,5,add_lane,1,2457,34.7,2752,38.2
9,1,6,60,6,5,add_lane,2,2457,34.7,3047,41.6
9,1,6,60,6,5,change_speed,-10,2457,34.7,2252,26.0
9,1,6,60,6,5,change_speed,0,2457,34.7,2457,31.2
9,1,6,60,6,5,change_speed,10,2457,34.7,2662,36.4
9,1,6,60,6,6,add_lane,0,2159,41.6,2159,41.6
9,1,6,60,6,6,add_lane,1,2159,41.6,2418,45.8
9,1,6,60,6,6,add_lane,2,2159,41.6,2677,49.9
9,1,6,60,6,6,change_speed,-10,2159,41.6,1979,31.2
9,1,6,60,6,6,change_speed,0,2159,41.6,2159,37.4
9,1,6,60,6,6,change_speed,10,2159,41.6,2339,43.7
9,1,6,60,7,0,add_lane,0,3985,36.4,3985,36.4
9,1,6,60,7,0,add_lane,1,3985,36.4,4463,40.0
9,1,6,60,7,0,add_lane,2,3985,36.4,4941,43.7
9,1,6,60,7,0,change_speed,-10,3985,36.4,3653,27.3
9,1,6,60,7,0,change_speed,0,3985,36.4,3985,32.8
9,1,6,60,7,0,change_speed,10,3985,36.4,4317,38.2
9,1,6,60,7,1,add_lane,0,8100,28.4,8100,28.4
9,1,6,60,7,1,add_lane,1,8100,28.4,9072,31.2
9,1,6,60,7,1,add_lane,2,8100,28.4,10044,34.1
9,1,6,60,7,1,change_speed,-10,8100,28.4,7425,21.3
9,1,6,60,7,1,change_speed,0,8100,28.4,8100,25.6
9,1,6,60,7,1,change_speed,10,8100,28.4,8775,29.8
9,1,6,60,7,2,add_lane,0,7857,26.8,7857,26.8
9,1,6,60,7,2,add_lane,1,7857,26.8,8800,29.5
9,1,6,60,7,2,add_lane,2,7857,26.8,9743,32.2
9,1,6,60,7,2,change_speed,-10,7857,26.8,7202,20.1
9,1,6,60,7,2,change_speed,0,7857,26.8,7857,24.1
9,1,6,60,7,2,change_speed,10,7857,26.8,8512,28.1
9,1,6,60,7,3,add_lane,0,7857,28.1,7857,28.1
9,1,6,60,7,3,add_lane,1,7857,28.1,8800,30.9
9,1,6,60,7,3,add_lane,2,7857,28.1,9743,33.7
9,1,6,60,7,3,change_speed,-10,7857,28.1,7202,21.1
9,1,6,60,7,3,change_speed,0,7857,28.1,7857,25.3
9,1,6,60,7,3,change_speed,10,7857,28.1,8512,29.5
9,1,6,60,7,4,add_lane,0,7857,27.1,7857,27.1
9,1,6,60,7,4,add_lane,1,7857,27.1,8800,29.8
9,1,6,60,7,4,add_lane,2,7857,27.1,9743,32.5
9,1,6,60,7,4,change_speed,-10,7857,27.1,7202,20.3
9,1,6,60,7,4,change_speed,0,7857,27.1,7857,24.4
9,1,6,60,7,4,change_speed,10,7857,27.1,8512,28.5
9,1,6,60,7,5,add_lane,0,5670,27.0,5670,27.0
9,1,6,60,7,5,add_lane,1,5670,27.0,6350,29.7
9,1,6,60,7,5,add_lane,2,5670,27.0,7031,32.4
9,1,6,60,7,5,change_speed,-10,5670,27.0,5198,20.2
9,1,6,60,7,5,change_speed,0,5670,27.0,5670,24.3
9,1,6,60,7,5,change_speed,10,5670,27.0,6143,28.4
9,1,6,60,7,6,add_lane,0,4982,35.9,4982,35.9
9,1,6,60,7,6,add_lane,1,4982,35.9,5580,39.5
9,1,6,60,7,6,add_lane,2,4982,35.9,6178,43.1
9,1,6,60,7,6,change_speed,-10,4982,35.9,4567,26.9
9,1,6,60,7,6,change_speed,0,4982,35.9,4982,32.3
9,1,6,60,7,6,change_speed,10,4982,35.9,5397,37.7
9,1,6,60,8,0,add_lane,0,4782,37.5,4782,37.5
9,1,6,60,8,0,add_lane,1,4782,37.5,5356,41.2
9,1,6,60,8,0,add_lane,2,4782,37.5,5930,45.0
9,1,6,60,8,0,change_speed,-10,4782,37.5,4384,28.1
9,1,6,60,8,0,change_speed,0,4782,37.5,4782,33.8
9,1,6,60,8,0,change_speed,10,4782,37.5,5181,39.4
9,1,6,60,8,1,add_lane,0,9720,21.0,9720,21.0
9,1,6,60,8,1,add_lane,1,9720,21.0,10886,23.1
9,1,6,60,8,1,add_lane,2,9720,21.0,12053,25.2
9,1,6,60,8,1,change_speed,-10,9720,21.0,8910,15.8
9,1,6,60,8,1,change_speed,0,9720,21.0,9720,18.9
9,1,6,60,8,1,change_speed,10,9720,21.0,10530,22.1
9,1,6,60,8,2,add_lane,0,9428,22.0,9428,22.0
9,1,6,60,8,2,add_lane,1,9428,22.0,10559,24.2
9,1,6,60,8,2,add_lane,2,9428,22.0,11691,26.4
9,1,6,60,8,2,change_speed,-10,9428,22.0,8642,16.5
9,1,6,60,8,2,change_speed,0,9428,22.0,9428,19.8
9,1,6,60,8,2,change_speed,10,9428,22.0,10214,23.1
9,1,6,60,8,3,add_lane,0,9428,20.4,9428,20.4
9,1,6,60,8,3,add_lane,1,9428,20.4,10559,22.4
9,1,6,60,8,3,add_lane,2,9428,20.4,11691,24.5
9,1,6,60,8,3,change_speed,-10,9428,20.4,8642,15.3
9,1,6,60,8,3,change_speed,0,9428,20.4,9428,18.4
9,1,6,60,8,3,change_speed,10,9428,20.4,10214,21.4
9,1,6,60,8,4,add_lane,0,9428,19.9,9428,19.9
9,1,6,60,8,4,add_lane,1,9428,19.9,10559,21.9
9,1,6,60,8,4,add_lane,2,9428,19.9,11691,23.9
9,1,6,60,8,4,change_speed,-10,9428,19.9,8642,14.9
9,1,6,60,8,4,change_speed,0,9428,19.9,9428,17.9
9,1,6,60,8,4,change_speed,10,9428,19.9,10214,20.9
9,1,6,60,8,5,add_lane,0,6804,20.8,6804,20.8
9,1,6,60,8,5,add_lane,1,6804,20.8,7620,22.9
9,1,6,60,8,5,add_lane,2,6804,20.8,8437,25.0
9,1,6,60,8,5,change_speed,-10,6804,20.8,6237,15.6
9,1,6,60,8,5,change_speed,0,6804,20.8,6804,18.7
9,1,6,60,8,5,change_speed,10,6804,20.8,7371,21.8
9,1,6,60,8,6,add_lane,0,5978,31.3,5978,31.3
9,1,6,60,8,6,add_lane,1,5978,31.3,6695,34.4
9,1,6,60,8,6,add_lane,2,5978,31.3,7413,37.6
9,1,6,60,8,6,change_speed,-10,5978,31.3,5480,23.5
9,1,6,60,8,6,change_speed,0,5978,31.3,5978,28.2
9,1,6,60,8,6,change_speed,10,5978,31.3,6476,32.9
9,1,6,60,9,0,add_lane,0,3720,45.2,3720,45.2
9,1,6,60,9,0,add_lane,1,3720,45.2,4166,49.7
9,1,6,60,9,0,add_lane,2,3720,45.2,4613,54.2
9,1,6,60,9,0,change_speed,-10,3720,45.2,3410,33.9
9,1,6,60,9,0,change_speed,0,3720,45.2,3720,40.7
9,1,6,60,9,0,change_speed,10,3720,45.2,4030,47.5
9,1,6,60,9,1,add_lane,0,7560,33.5,7560,33.5
9,1,6,60,9,1,add_lane,1,7560,33.5,8467,36.9
9,1,6,60,9,1,add_lane,2,7560,33.5,9374,40.2
9,1,6,60,9,1,change_speed,-10,7560,33.5,6930,25.1
9,1,6,60,9,1,change_speed,0,7560,33.5,7560,30.2
9,1,6,60,9,1,change_speed,10,7560,33.5,8190,35.2
9,1,6,60,9,2,add_lane,0,7333,33.7,7333,33.7
9,1,6,60,9,2,add_lane,1,7333,33.7,8213,37.1
9,1,6,60,9,2,add_lane,2,7333,33.7,9093,40.4
9,1,6,60,9,2,change_speed,-10,7333,33.7,6722,25.3
9,1,6,60,9,2,change_speed,0,7333,33.7,7333,30.3
9,1,6,60,9,2,change_speed,10,7333,33.7,7944,35.4
9,1,6,60,9,3,add_lane,0,7333,32.2,7333,32.2
9,1,6,60,9,3,add_lane,1,7333,32.2,8213,35.4
9,1,6,60,9,3,add_lane,2,7333,32.2,9093,38.6
9,1,6,60,9,3,change_speed,-10,7333,32.2,6722,24.2
9,1,6,60,9,3,change_speed,0,7333,32.2,7333,29.0
9,1,6,60,9,3,change_speed,10,7333,32.2,7944,33.8
9,1,6,60,9,4,add_lane,0,7333,31.0,7333,31.0
9,1,6,60,9,4,add_lane,1,7333,31.0,8213,34.1
9,1,6,60,9,4,add_lane,2,7333,31.0,9093,37.2
9,1,6,60,9,4,change_speed,-10,7333,31.0,6722,23.3
9,1,6,60,9,4,change_speed,0,7333,31.0,7333,27.9
9,1,6,60,9,4,change_speed,10,7333,31.0,7944,32.6
9,1,6,60,9,5,add_lane,0,5292,27.4,5292,27.4
9,1,6,60,9,5,add_lane,1,5292,27.4,5927,30.1
9,1,6,60,9,5,add_lane,2,5292,27.4,6562,32.9
9,1,6,60,9,5,change_speed,-10,5292,27.4,4851,20.6
9,1,6,60,9,5,change_speed,0,5292,27.4,5292,24.7
9,1,6,60,9,5,change_speed,10,5292,27.4,5733,28.8
9,1,6,60,9,6,add_lane,0,4649,35.0,4649,35.0
9,1,6,60,9,6,add_lane,1,4649,35.0,5207,38.5
9,1,6,60,9,6,add_lane,2,4649,35.0,5765,42.0
9,1,6,60,9,6,change_speed,-10,4649,35.0,4262,26.2
9,1,6,60,9,6,change_speed,0,4649,35.0,4649,31.5
9,1,6,60,9,6,change_speed,10,4649,35.0,5036,36.8
9,1,6,60,10,0,add_lane,0,2657,46.2,2657,46.2
9,1,6,60,10,0,add_lane,1,2657,46.2,2976,50.8
9,1,6,60,10,0,add_lane,2,2657,46.2,3295,55.4
9,1,6,60,10,0,change_speed,-10,2657,46.2,2436,34.7
9,1,6,60,10,0,change_speed,0,2657,46.2,2657,41.6
9,1,6,60,10,0,change_speed,10,2657,46.2,2878,48.5
9,1,6,60,10,1,add_lane,0,5400,44.0,5400,44.0
9,1,6,60,10,1,add_lane,1,5400,44.0,6048,48.4
9,1,6,60,10,1,add_lane,2,5400,44.0,6696,52.8
9,1,6,60,10,1,change_speed,-10,5400,44.0,4950,33.0
9,1,6,60,10,1,change_speed,0,5400,44.0,5400,39.6
9,1,6,60,10,1,change_speed,10,5400,44.0,5850,46.2
9,1,6,60,10,2,add_lane,0,5238,39.5,5238,39.5
9,1,6,60,10,2,add_lane,1,5238,39.5,5867,43.5
9,1,6,60,10,2,add_lane,2,5238,39.5,6495,47.4
9,1,6,60,10,2,change_speed,-10,5238,39.5,4802,29.6
9,1,6,60,10,2,change_speed,0,5238,39.5,5238,35.6
9,1,6,60,10,2,change_speed,10,5238,39.5,5675,41.5
9,1,6,60,10,3,add_lane,0,5238,36.8,5238,36.8
9,1,6,60,10,3,add_lane,1,5238,36.8,5867,40.5
9,1,6,60,10,3,add_lane,2,5238,36.8,6495,44.2
9,1,6,60,10,3,change_speed,-10,5238,36.8,4802,27.6
9,1,6,60,10,3,change_speed,0,5238,36.8,5238,33.1
9,1,6,60,10,3,change_speed,10,5238,36.8,5675,38.6
9,1,6,60,10,4,add_lane,0,5238,41.9,5238,41.9
9,1,6,60,10,4,add_lane,1,5238,41.9,5867,46.1
9,1,6,60,10,4,add_lane,2,5238,41.9,6495,50.3
9,1,6,60,10,4,change_speed,-10,5238,41.9,4802,31.4
9,1,6,60,10,4,change_speed,0,5238,41.9,5238,37.7
9,1,6,60,10,4,change_speed,10,5238,41.9,5675,44.0
9,1,6,60,10,5,add_lane,0,3780,29.8,3780,29.8
9,1,6,60,10,5,add_lane,1,3780,29.8,4234,32.8
9,1,6,60,10,5,add_lane,2,3780,29.8,4687,35.8
9,1,6,60,10,5,change_speed,-10,3780,29.8,3465,22.4
9,1,6,60,10,5,change_speed,0,3780,29.8,3780,26.8
9,1,6,60,10,5,change_speed,10,3780,29.8,4095,31.3
9,1,6,60,10,6,add_lane,0,3321,42.7,3321,42.7
9,1,6,60,10,6,add_lane,1,3321,42.7,3720,47.0
9,1,6,60,10,6,add_lane,2,3321,42.7,4118,51.2
9,1,6,60,10,6,change_speed,-10,3321,42.7,3044,32.0
9,1,6,60,10,6,change_speed,0,3321,42.7,3321,38.4
9,1,6,60,10,6,change_speed,10,3321,42.7,3598,44.8
9,1,6,60,11,0,add_lane,0,2391,48.1,2391,48.1
9,1,6,60,11,0,add_lane,1,2391,48.1,2678,52.9
9,1,6,60,11,0,add_lane,2,2391,48.1,2965,57.7
9,1,6,60,11,0,change_speed,-10,2391,48.1,2192,36.1
9,1,6,60,11,0,change_speed,0,2391,48.1,2391,43.3
9,1,6,60,11,0,change_speed,10,2391,48.1,2590,50.5
9,1,6,60,11,1,add_lane,0,4860,45.5,4860,45.5
9,1,6,60,11,1,add_lane,1,4860,45.5,5443,50.1
9,1,6,60,11,1,add_lane,2,4860,45.5,6026,54.6
9,1,6,60,11,1,change_speed,-10,4860,45.5,4455,34.1
9,1,6,60,11,1,change_speed,0,4860,45.5,4860,41.0
9,1,6,60,11,1,change_speed,10,4860,45.5,5265,47.8
9,1,6,60,11,2,add_lane,0,4714,41.7,4714,41.7
9,1,6,60,11,2,add_lane,1,4714,41.7,5280,45.9
9,1,6,60,11,2,add_lane,2,4714,41.7,5845,50.0
9,1,6,60,11,2,change_speed,-10,4714,41.7,4321,31.3
9,1,6,60,11,2,change_speed,0,4714,41.7,4714,37.5
9,1,6,60,11,2,change_speed,10,4714,41.7,5107,43.8
9,1,6,60,11,3,add_lane,0,4714,41.2,4714,41.2
9,1,6,60,11,3,add_lane,1,4714,41.2,5280,45.3
9,1,6,60,11,3,add_lane,2,4714,41.2,5845,49.4
9,1,6,60,11,3,change_speed,-10,4714,41.2,4321,30.9
9,1,6,60,11,3,change_speed,0,4714,41.2,4714,37.1
9,1,6,60,11,3,change_speed,10,4714,41.2,5107,43.3
9,1,6,60,11,4,add_lane,0,4714,44.5,4714,44.5
9,1,6,60,11,4,add_lane,1,4714,44.5,5280,49.0
9,1,6,60,11,4,add_lane,2,4714,44.5,5845,53.4
9,1,6,60,11,4,change_speed,-10,4714,44.5,4321,33.4
9,1,6,60,11,4,change_speed,0,4714,44.5,4714,40.1
9,1,6,60,11,4,change_speed,10,4714,44.5,5107,46.7
9,1,6,60,11,5,add_lane,0,3402,31.6,3402,31.6
9,1,6,60,11,5,add_lane,1,3402,31.6,3810,34.8
9,1,6,60,11,5,add_lane,2,3402,31.6,4218,37.9
9,1,6,60,11,5,change_speed,-10,3402,31.6,3119,23.7
9,1,6,60,11,5,change_speed,0,3402,31.6,3402,28.4
9,1,6,60,11,5,change_speed,10,3402,31.6,3686,33.2
9,1,6,60,11,6,add_lane,0,2989,42.9,2989,42.9
9,1,6,60,11,6,add_lane,1,2989,42.9,3348,47.2
9,1,6,60,11,6,add_lane,2,2989,42.9,3706,51.5
9,1,6,60,11,6,change_speed,-10,2989,42.9,2740,32.2
9,1,6,60,11,6,change_speed,0,2989,42.9,2989,38.6
9,1,6,60,11,6,change_speed,10,2989,42.9,3238,45.0
9,1,6,60,12,0,add_lane,0,2258,46.6,2258,46.6
9,1,6,60,12,0,add_lane,1,2258,46.6,2529,51.3
9,1,6,60,12,0,add_lane,2,2258,46.6,2800,55.9
9,1,6,60,12,0,change_speed,-10,2258,46.6,2070,35.0
9,1,6,60,12,0,change_speed,0,2258,46.6,2258,41.9
9,1,6,60,12,0,change_speed,10,2258,46.6,2446,48.9
9,1,6,60,12,1,add_lane,0,4590,38.8,4590,38.8
9,1,6,60,12,1,add_lane,1,4590,38.8,5141,42.7
9,1,6,60,12,1,add_lane,2,4590,38.8,5692,46.6
9,1,6,60,12,1,change_speed,-10,4590,38.8,4208,29.1
9,1,6,60,12,1,change_speed,0,4590,38.8,4590,34.9
9,1,6,60,12,1,change_speed,10,4590,38.8,4973,40.7
9,1,6,60,12,2,add_lane,0,4452,44.3,4452,44.3
9,1,6,60,12,2,add_lane,1,4452,44.3,4986,48.7
9,1,6,60,12,2,add_lane,2,4452,44.3,5520,53.2
9,1,6,60,12,2,change_speed,-10,4452,44.3,4081,33.2
9,1,6,60,12,2,change_speed,0,4452,44.3,4452,39.9
9,1,6,60,12,2,change_speed,10,4452,44.3,4823,46.5
9,1,6,60,12,3,add_lane,0,4452,43.3,4452,43.3
9,1,6,60,12,3,add_lane,1,4452,43.3,4986,47.6
9,1,6,60,12,3,add_lane,2,4452,43.3,5520,52.0
9,1,6,60,12,3,change_speed,-10,4452,43.3,4081,32.5
9,1,6,60,12,3,change_speed,0,4452,43.3,4452,39.0
9,1,6,60,12,3,change_speed,10,4452,43.3,4823,45.5
9,1,6,60,12,4,add_lane,0,4452,40.1,4452,40.1
9,1,6,60,12,4,add_lane,1,4452,40.1,4986,44.1
9,1,6,60,12,4,add_lane,2,4452,40.1,5520,48.1
9,1,6,60,12,4,change_speed,-10,4452,40.1,4081,30.1
9,1,6,60,12,4,change_speed,0,4452,40.1,4452,36.1
9,1,6,60,12,4,change_speed,10,4452,40.1,4823,42.1
9,1,6,60,12,5,add_lane,0,3213,25.9,3213,25.9
9,1,6,60,12,5,add_lane,1,3213,25.9,3599,28.5
9,1,6,60,12,5,add_lane,2,3213,25.9,3984,31.1
9,1,6,60,12,5,change_speed,-10,3213,25.9,2945,19.4
9,1,6,60,12,5,change_speed,0,3213,25.9,3213,23.3
9,1,6,60,12,5,change_speed,10,3213,25.9,3481,27.2
9,1,6,60,12,6,add_lane,0,2823,43.1,2823,43.1
9,1,6,60,12,6,add_lane,1,2823,43.1,3162,47.4
9,1,6,60,12,6,add_lane,2,2823,43.1,3501,51.7
9,1,6,60,12,6,change_speed,-10,2823,43.1,2588,32.3
9,1,6,60,12,6,change_speed,0,2823,43.1,2823,38.8
9,1,6,60,12,6,change_speed,10,2823,43.1,3058,45.3
9,1,6,60,13,0,add_lane,0,2258,48.3,2258,48.3
9,1,6,60,13,0,add_lane,1,2258,48.3,2529,53.1
9,1,6,60,13,0,add_lane,2,2258,48.3,2800,58.0
9,1,6,60,13,0,change_speed,-10,2258,48.3,2070,36.2
9,1,6,60,13,0,change_speed,0,2258,48.3,2258,43.5
9,1,6,60,13,0,change_speed,10,2258,48.3,2446,50.7
9,1,6,60,13,1,add_lane,0,4590,47.0,4590,47.0
9,1,6,60,13,1,add_lane,1,4590,47.0,5141,51.7
9,1,6,60,13,1,add_lane,2,4590,47.0,5692,56.4
9,1,6,60,13,1,change_speed,-10,4590,47.0,4208,35.3
9,1,6,60,13,1,change_speed,0,4590,47.0,4590,42.3
9,1,6,60,13,1,change_speed,10,4590,47.0,4973,49.4
9,1,6,60,13,2,add_lane,0,4452,41.4,4452,41.4
9,1,6,60,13,2,add_lane,1,4452,41.4,4986,45.5
9,1,6,60,13,2,add_lane,2,4452,41.4,5520,49.7
9,1,6,60,13,2,change_speed,-10,4452,41.4,4081,31.1
9,1,6,60,13,2,change_speed,0,4452,41.4,4452,37.3
9,1,6,60,13,2,change_speed,10,4452,41.4,4823,43.5
9,1,6,60,13,3,add_lane,0,4452,41.8,4452,41.8
9,1,6,60,13,3,add_lane,1,4452,41.8,4986,46.0
9,1,6,60,13,3,add_lane,2,4452,41.8,5520,50.2
9,1,6,60,13,3,change_speed,-10,4452,41.8,4081,31.4
9,1,6,60,13,3,change_speed,0,4452,41.8,4452,37.6
9,1,6,60,13,3,change_speed,10,4452,41.8,4823,43.9
9,1,6,60,13,4,add_lane,0,4452,42.6,4452,42.6
9,1,6,60,13,4,add_lane,1,4452,42.6,4986,46.9
9,1,6,60,13,4,add_lane,2,4452,42.6,5520,51.1
9,1,6,60,13,4,change_speed,-10,4452,42.6,4081,31.9
9,1,6,60,13,4,change_speed,0,4452,42.6,4452,38.3
9,1,6,60,13,4,change_speed,10,4452,42.6,4823,44.7
9,1,6,60,13,5,add_lane,0,3213,37.3,3213,37.3
9,1,6,60,13,5,add_lane,1,3213,37.3,3599,41.0
9,1,6,60,13,5,add_lane,2,3213,37.3,3984,44.8
9,1,6,60,13,5,change_speed,-10,3213,37.3,2945,28.0
9,1,6,60,13,5,change_speed,0,3213,37.3,3213,33.6
9,1,6,60,13,5,change_speed,10,3213,37.3,3481,39.2
9,1,6,60,13,6,add_lane,0,2823,37.9,2823,37.9
9,1,6,60,13,6,add_lane,1,2823,37.9,3162,41.7
9,1,6,60,13,6,add_lane,2,2823,37.9,3501,45.5
9,1,6,60,13,6,change_speed,-10,2823,37.9,2588,28.4
9,1,6,60,13,6,change_speed,0,2823,37.9,2823,34.1
9,1,6,60,13,6,change_speed,10,2823,37.9,3058,39.8
9,1,6,60,14,0,add_lane,0,2524,49.5,2524,49.5
9,1,6,60,14,0,add_lane,1,2524,49.5,2827,54.5
9,1,6,60,14,0,add_lane,2,2524,49.5,3130,59.4
9,1,6,60,14,0,change_speed,-10,2524,49.5,2314,37.1
9,1,6,60,14,0,change_speed,0,2524,49.5,2524,44.6
9,1,6,60,14,0,change_speed,10,2524,49.5,2734,52.0
9,1,6,60,14,1,add_lane,0,5130,43.8,5130,43.8
9,1,6,60,14,1,add_lane,1,5130,43.8,5746,48.2
9,1,6,60,14,1,add_lane,2,5130,43.8,6361,52.6
9,1,6,60,14,1,change_speed,-10,5130,43.8,4702,32.9
9,1,6,60,14,1,change_speed,0,5130,43.8,5130,39.4
9,1,6,60,14,1,change_speed,10,5130,43.8,5558,46.0
9,1,6,60,14,2,add_lane,0,4976,39.0,4976,39.0
9,1,6,60,14,2,add_lane,1,4976,39.0,5573,42.9
9,1,6,60,14,2,add_lane,2,4976,39.0,6170,46.8
9,1,6,60,14,2,change_speed,-10,4976,39.0,4561,29.2
9,1,6,60,14,2,change_speed,0,4976,39.0,4976,35.1
9,1,6,60,14,2,change_speed,10,4976,39.0,5391,41.0
9,1,6,60,14,3,add_lane,0,4976,40.8,4976,40.8
9,1,6,60,14,3,add_lane,1,4976,40.8,5573,44.9
9,1,6,60,14,3,add_lane,2,4976,40.8,6170,49.0
9,1,6,60,14,3,change_speed,-10,4976,40.8,4561,30.6
9,1,6,60,14,3,change_speed,0,4976,40.8,4976,36.7
9,1,6,60,14,3,change_speed,10,4976,40.8,5391,42.8
9,1,6,60,14,4,add_lane,0,4976,37.8,4976,37.8
9,1,6,60,14,4,add_lane,1,4976,37.8,5573,41.6
9,1,6,60,14,4,add_lane,2,4976,37.8,6170,45.4
9,1,6,60,14,4,change_speed,-10,4976,37.8,4561,28.4
9,1,6,60,14,4,change_speed,0,4976,37.8,4976,34.0
9,1,6,60,14,4,change_speed,10,4976,37.8,5391,39.7
9,1,6,60,14,5,add_lane,0,3591,33.0,3591,33.0
9,1,6,60,14,5,add_lane,1,3591,33.0,4022,36.3
9,1,6,60,14,5,add_lane,2,3591,33.0,4453,39.6
9,1,6,60,14,5,change_speed,-10,3591,33.0,3292,24.8
9,1,6,60,14,5,change_speed,0,3591,33.0,3591,29.7
9,1,6,60,14,5,change_speed,10,3591,33.0,3890,34.6
9,1,6,60,14,6,add_lane,0,3155,41.1,3155,41.1
9,1,6,60,14,6,add_lane,1,3155,41.1,3534,45.2
9,1,6,60,14,6,add_lane,2,3155,41.1,3912,49.3
9,1,6,60,14,6,change_speed,-10,3155,41.1,2892,30.8
9,1,6,60,14,6,change_speed,0,3155,41.1,3155,37.0
9,1,6,60,14,6,change_speed,10,3155,41.1,3418,43.2
9,1,6,60,15,0,add_lane,0,3188,45.2,3188,45.2
9,1,6,60,15,0,add_lane,1,3188,45.2,3571,49.7
9,1,6,60,15,0,add_lane,2,3188,45.2,3953,54.2
9,1,6,60,15,0,change_speed,-10,3188,45.2,2922,33.9
9,1,6,60,15,0,change_speed,0,3188,45.2,3188,40.7
9,1,6,60,15,0,change_speed,10,3188,45.2,3454,47.5
9,1,6,60,15,1,add_lane,0,6480,36.3,6480,36.3
9,1,6,60,15,1,add_lane,1,6480,36.3,7258,39.9
9,1,6,60,15,1,add_lane,2,6480,36.3,8035,43.6
9,1,6,60,15,1,change_speed,-10,6480,36.3,5940,27.2
9,1,6,60,15,1,change_speed,0,6480,36.3,6480,32.7
9,1,6,60,15,1,change_speed,10,6480,36.3,7020,38.1
9,1,6,60,15,2,add_lane,0,6286,33.5,6286,33.5
9,1,6,60,15,2,add_lane,1,6286,33.5,7040,36.9
9,1,6,60,15,2,add_lane,2,6286,33.5,7795,40.2
9,1,6,60,15,2,change_speed,-10,6286,33.5,5762,25.1
9,1,6,60,15,2,change_speed,0,6286,33.5,6286,30.2
9,1,6,60,15,2,change_speed,10,6286,33.5,6810,35.2
9,1,6,60,15,3,add_lane,0,6286,34.4,6286,34.4
9,1,6,60,15,3,add_lane,1,6286,34.4,7040,37.8
9,1,6,60,15,3,add_lane,2,6286,34.4,7795,41.3
9,1,6,60,15,3,change_speed,-10,6286,34.4,5762,25.8
9,1,6,60,15,3,change_speed,0,6286,34.4,6286,31.0
9,1,6,60,15,3,change_speed,10,6286,34.4,6810,36.1
9,1,6,60,15,4,add_lane,0,6286,32.3,6286,32.3
9,1,6,60,15,4,add_lane,1,6286,32.3,7040,35.5
9,1,6,60,15,4,add_lane,2,6286,32.3,7795,38.8
9,1,6,60,15,4,change_speed,-10,6286,32.3,5762,24.2
9,1,6,60,15,4,change_speed,0,6286,32.3,6286,29.1
9,1,6,60,15,4,change_speed,10,6286,32.3,6810,33.9
9,1,6,60,15,5,add_lane,0,4536,27.8,4536,27.8
9,1,6,60,15,5,add_lane,1,4536,27.8,5080,30.6
9,1,6,60,15,5,add_lane,2,4536,27.8,5625,33.4
9,1,6,60,15,5,change_speed,-10,4536,27.8,4158,20.9
9,1,6,60,15,5,change_speed,0,4536,27.8,4536,25.0
9,1,6,60,15,5,change_speed,10,4536,27.8,4914,29.2
9,1,6,60,15,6,add_lane,0,3985,35.1,3985,35.1
9,1,6,60,15,6,add_lane,1,3985,35.1,4463,38.6
9,1,6,60,15,6,add_lane,2,3985,35.1,4941,42.1
9,1,6,60,15,6,change_speed,-10,3985,35.1,3653,26.3
9,1,6,60,15,6,change_speed,0,3985,35.1,3985,31.6
9,1,6,60,15,6,change_speed,10,3985,35.1,4317,36.9
9,1,6,60,16,0,add_lane,0,4251,41.2,4251,41.2
9,1,6,60,16,0,add_lane,1,4251,41.2,4761,45.3
9,1,6,60,16,0,add_lane,2,4251,41.2,5271,49.4
9,1,6,60,16,0,change_speed,-10,4251,41.2,3897,30.9
9,1,6,60,16,0,change_speed,0,4251,41.2,4251,37.1
9,1,6,60,16,0,change_speed,10,4251,41.2,4605,43.3
9,1,6,60,16,1,add_lane,0,8640,22.9,8640,22.9
9,1,6,60,16,1,add_lane,1,8640,22.9,9677,25.2
9,1,6,60,16,1,add_lane,2,8640,22.9,10714,27.5
9,1,6,60,16,1,change_speed,-10,8640,22.9,7920,17.2
9,1,6,60,16,1,change_speed,0,8640,22.9,8640,20.6
9,1,6,60,16,1,change_speed,10,8640,22.9,9360,24.0
9,1,6,60,16,2,add_lane,0,8381,23.7,8381,23.7
9,1,6,60,16,2,add_lane,1,8381,23.7,9387,26.1
9,1,6,60,16,2,add_lane,2,8381,23.7,10392,28.4
9,1,6,60,16,2,change_speed,-10,8381,23.7,7683,17.8
9,1,6,60,16,2,change_speed,0,8381,23.7,8381,21.3
9,1,6,60,16,2,change_speed,10,8381,23.7,9079,24.9
9,1,6,60,16,3,add_lane,0,8381,23.3,8381,23.3
9,1,6,60,16,3,add_lane,1,8381,23.3,9387,25.6
9,1,6,60,16,3,add_lane,2,8381,23.3,10392,28.0
9,1,6,60,16,3,change_speed,-10,8381,23.3,7683,17.5
9,1,6,60,16,3,change_speed,0,8381,23.3,8381,21.0
9,1,6,60,16,3,change_speed,10,8381,23.3,9079,24.5
9,1,6,60,16,4,add_lane,0,8381,24.5,8381,24.5
9,1,6,60,16,4,add_lane,1,8381,24.5,9387,27.0
9,1,6,60,16,4,add_lane,2,8381,24.5,10392,29.4
9,1,6,60,16,4,change_speed,-10,8381,24.5,7683,18.4
9,1,6,60,16,4,change_speed,0,8381,24.5,8381,22.1
9,1,6,60,16,4,change_speed,10,8381,24.5,9079,25.7
9,1,6,60,16,5,add_lane,0,6048,22.9,6048,22.9
9,1,6,60,16,5,add_lane,1,6048,22.9,6774,25.2
9,1,6,60,16,5,add_lane,2,6048,22.9,7500,27.5
9,1,6,60,16,5,change_speed,-10,6048,22.9,5544,17.2
9,1,6,60,16,5,change_speed,0,6048,22.9,6048,20.6
9,1,6,60,16,5,change_speed,10,6048,22.9,6552,24.0
9,1,6,60,16,6,add_lane,0,5314,30.8,5314,30.8
9,1,6,60,16,6,add_lane,1,5314,30.8,5952,33.9
9,1,6,60,16,6,add_lane,2,5314,30.8,6589,37.0
9,1,6,60,16,6,change_speed,-10,5314,30.8,4871,23.1
9,1,6,60,16,6,change_speed,0,5314,30.8,5314,27.7
9,1,6,60,16,6,change_speed,10,5314,30.8,5757,32.3
9,1,6,60,17,0,add_lane,0,4782,33.9,4782,33.9
9,1,6,60,17,0,add_lane,1,4782,33.9,5356,37.3
9,1,6,60,17,0,add_lane,2,4782,33.9,5930,40.7
9,1,6,60,17,0,change_speed,-10,4782,33.9,4384,25.4
9,1,6,60,17,0,change_speed,0,4782,33.9,4782,30.5
9,1,6,60,17,0,change_speed,10,4782,33.9,5181,35.6
9,1,6,60,17,1,add_lane,0,9720,19.6,9720,19.6
9,1,6,60,17,1,add_lane,1,9720,19.6,10886,21.6
9,1,6,60,17,1,add_lane,2,9720,19.6,12053,23.5
9,1,6,60,17,1,change_speed,-10,9720,19.6,8910,14.7
9,1,6,60,17,1,change_speed,0,9720,19.6,9720,17.6
9,1,6,60,17,1,change_speed,10,9720,19.6,10530,20.6
9,1,6,60,17,2,add_lane,0,9428,22.0,9428,22.0
9,1,6,60,17,2,add_lane,1,9428,22.0,10559,24.2
9,1,6,60,17,2,add_lane,2,9428,22.0,11691,26.4
9,1,6,60,17,2,change_speed,-10,9428,22.0,8642,16.5
9,1,6,60,17,2,change_speed,0,9428,22.0,9428,19.8
9,1,6,60,17,2,change_speed,10,9428,22.0,10214,23.1
9,1,6,60,17,3,add_lane,0,9428,21.1,9428,21.1
9,1,6,60,17,3,add_lane,1,9428,21.1,10559,23.2
9,1,6,60,17,3,add_lane,2,9428,21.1,11691,25.3
9,1,6,60,17,3,change_speed,-10,9428,21.1,8642,15.8
9,1,6,60,17,3,change_speed,0,9428,21.1,9428,19.0
9,1,6,60,17,3,change_speed,10,9428,21.1,10214,22.2
9,1,6,60,17,4,add_lane,0,9428,21.3,9428,21.3
9,1,6,60,17,4,add_lane,1,9428,21.3,10559,23.4
9,1,6,60,17,4,add_lane,2,9428,21.3,11691,25.6
9,1,6,60,17,4,change_speed,-10,9428,21.3,8642,16.0
9,1,6,60,17,4,change_speed,0,9428,21.3,9428,19.2
9,1,6,60,17,4,change_speed,10,9428,21.3,10214,22.4
9,1,6,60,17,5,add_lane,0,6804,21.6,6804,21.6
9,1,6,60,17,5,add_lane,1,6804,21.6,7620,23.8
9,1,6,60,17,5,add_lane,2,6804,21.6,8437,25.9
9,1,6,60,17,5,change_speed,-10,6804,21.6,6237,16.2
9,1,6,60,17,5,change_speed,0,6804,21.6,6804,19.4
9,1,6,60,17,5,change_speed,10,6804,21.6,7371,22.7
9,1,6,60,17,6,add_lane,0,5978,29.8,5978,29.8
9,1,6,60,17,6,add_lane,1,5978,29.8,6695,32.8
9,1,6,60,17,6,add_lane,2,5978,29.8,7413,35.8
9,1,6,60,17,6,change_speed,-10,5978,29.8,5480,22.4
9,1,6,60,17,6,change_speed,0,5978,29.8,5978,26.8
9,1,6,60,17,6,change_speed,10,5978,29.8,6476,31.3
9,1,6,60,18,0,add_lane,0,4517,43.8,4517,43.8
9,1,6,60,18,0,add_lane,1,4517,43.8,5059,48.2
9,1,6,60,18,0,add_lane,2,4517,43.8,5601,52.6
9,1,6,60,18,0,change_speed,-10,4517,43.8,4141,32.9
9,1,6,60,18,0,change_speed,0,4517,43.8,4517,39.4
9,1,6,60,18,0,change_speed,10,4517,43.8,4893,46.0
9,1,6,60,18,1,add_lane,0,9180,21.5,9180,21.5
9,1,6,60,18,1,add_lane,1,9180,21.5,10282,23.7
9,1,6,60,18,1,add_lane,2,9180,21.5,11383,25.8
9,1,6,60,18,1,change_speed,-10,9180,21.5,8415,16.1
9,1,6,60,18,1,change_speed,0,9180,21.5,9180,19.4
9,1,6,60,18,1,change_speed,10,9180,21.5,9945,22.6
9,1,6,60,18,2,add_lane,0,8905,22.5,8905,22.5
9,1,6,60,18,2,add_lane,1,8905,22.5,9974,24.8
9,1,6,60,18,2,add_lane,2,8905,22.5,11042,27.0
9,1,6,60,18,2,change_speed,-10,8905,22.5,8163,16.9
9,1,6,60,18,2,change_speed,0,8905,22.5,8905,20.2
9,1,6,60,18,2,change_speed,10,8905,22.5,9647,23.6
9,1,6,60,18,3,add_lane,0,8905,21.3,8905,21.3
9,1,6,60,18,3,add_lane,1,8905,21.3,9974,23.4
9,1,6,60,18,3,add_lane,2,8905,21.3,11042,25.6
9,1,6,60,18,3,change_speed,-10,8905,21.3,8163,16.0
9,1,6,60,18,3,change_speed,0,8905,21.3,8905,19.2
9,1,6,60,18,3,change_speed,10,8905,21.3,9647,22.4
9,1,6,60,18,4,add_lane,0,8905,23.9,8905,23.9
9,1,6,60,18,4,add_lane,1,8905,23.9,9974,26.3
9,1,6,60,18,4,add_lane,2,8905,23.9,11042,28.7
9,1,6,60,18,4,change_speed,-10,8905,23.9,8163,17.9
9,1,6,60,18,4,change_speed,0,8905,23.9,8905,21.5
9,1,6,60,18,4,change_speed,10,8905,23.9,9647,25.1
9,1,6,60,18,5,add_lane,0,6426,24.4,6426,24.4
9,1,6,60,18,5,add_lane,1,6426,24.4,7197,26.8
9,1,6,60,18,5,add_lane,2,6426,24.4,7968,29.3
9,1,6,60,18,5,change_speed,-10,6426,24.4,5891,18.3
9,1,6,60,18,5,change_speed,0,6426,24.4,6426,22.0
9,1,6,60,18,5,change_speed,10,6426,24.4,6962,25.6
9,1,6,60,18,6,add_lane,0,5646,34.5,5646,34.5
9,1,6,60,18,6,add_lane,1,5646,34.5,6324,38.0
9,1,6,60,18,6,add_lane,2,5646,34.5,7001,41.4
9,1,6,60,18,6,change_speed,-10,5646,34.5,5176,25.9
9,1,6,60,18,6,change_speed,0,5646,34.5,5646,31.1
9,1,6,60,18,6,change_speed,10,5646,34.5,6117,36.2
9,1,6,60,19,0,add_lane,0,3720,37.8,3720,37.8
9,1,6,60,19,0,add_lane,1,3720,37.8,4166,41.6
9,1,6,60,19,0,add_lane,2,3720,37.8,4613,45.4
9,1,6,60,19,0,change_speed,-10,3720,37.8,3410,28.4
9,1,6,60,19,0,change_speed,0,3720,37.8,3720,34.0
9,1,6,60,19,0,change_speed,10,3720,37.8,4030,39.7
9,1,6,60,19,1,add_lane,0,7560,27.0,7560,27.0
9,1,6,60,19,1,add_lane,1,7560,27.0,8467,29.7
9,1,6,60,19,1,add_lane,2,7560,27.0,9374,32.4
9,1,6,60,19,1,change_speed,-10,7560,27.0,6930,20.2
9,1,6,60,19,1,change_speed,0,7560,27.0,7560,24.3
9,1,6,60,19,1,change_speed,10,7560,27.0,8190,28.4
9,1,6,60,19,2,add_lane,0,7333,32.1,7333,32.1
9,1,6,60,19,2,add_lane,1,7333,32.1,8213,35.3
9,1,6,60,19,2,add_lane,2,7333,32.1,9093,38.5
9,1,6,60,19,2,change_speed,-10,7333,32.1,6722,24.1
9,1,6,60,19,2,change_speed,0,7333,32.1,7333,28.9
9,1,6,60,19,2,change_speed,10,7333,32.1,7944,33.7
9,1,6,60,19,3,add_lane,0,7333,30.4,7333,30.4
9,1,6,60,19,3,add_lane,1,7333,30.4,8213,33.4
9,1,6,60,19,3,add_lane,2,7333,30.4,9093,36.5
9,1,6,60,19,3,change_speed,-10,7333,30.4,6722,22.8
9,1,6,60,19,3,change_speed,0,7333,30.4,7333,27.4
9,1,6,60,19,3,change_speed,10,7333,30.4,7944,31.9
9,1,6,60,19,4,add_lane,0,7333,31.3,7333,31.3
9,1,6,60,19,4,add_lane,1,7333,31.3,8213,34.4
9,1,6,60,19,4,add_lane,2,7333,31.3,9093,37.6
9,1,6,60,19,4,change_speed,-10,7333,31.3,6722,23.5
9,1,6,60,19,4,change_speed,0,7333,31.3,7333,28.2
9,1,6,60,19,4,change_speed,10,7333,31.3,7944,32.9
9,1,6,60,19,5,add_lane,0,5292,23.8,5292,23.8
9,1,6,60,19,5,add_lane,1,5292,23.8,5927,26.2
9,1,6,60,19,5,add_lane,2,5292,23.8,6562,28.6
9,1,6,60,19,5,change_speed,-10,5292,23.8,4851,17.9
9,1,6,60,19,5,change_speed,0,5292,23.8,5292,21.4
9,1,6,60,19,5,change_speed,10,5292,23.8,5733,25.0
9,1,6,60,19,6,add_lane,0,4649,36.2,4649,36.2
9,1,6,60,19,6,add_lane,1,4649,36.2,5207,39.8
9,1,6,60,19,6,add_lane,2,4649,36.2,5765,43.4
9,1,6,60,19,6,change_speed,-10,4649,36.2,4262,27.2
9,1,6,60,19,6,change_speed,0,4649,36.2,4649,32.6
9,1,6,60,19,6,change_speed,10,4649,36.2,5036,38.0
9,1,6,60,20,0,add_lane,0,2657,46.7,2657,46.7
9,1,6,60,20,0,add_lane,1,2657,46.7,2976,51.4
9,1,6,60,20,0,add_lane,2,2657,46.7,3295,56.0
9,1,6,60,20,0,change_speed,-10,2657,46.7,2436,35.0
9,1,6,60,20,0,change_speed,0,2657,46.7,2657,42.0
9,1,6,60,20,0,change_speed,10,2657,46.7,2878,49.0
9,1,6,60,20,1,add_lane,0,5400,40.7,5400,40.7
9,1,6,60,20,1,add_lane,1,5400,40.7,6048,44.8
9,1,6,60,20,1,add_lane,2,5400,40.7,6696,48.8
9,1,6,60,20,1,change_speed,-10,5400,40.7,4950,30.5
9,1,6,60,20,1,change_speed,0,5400,40.7,5400,36.6
9,1,6,60,20,1,change_speed,10,5400,40.7,5850,42.7
9,1,6,60,20,2,add_lane,0,5238,40.7,5238,40.7
9,1,6,60,20,2,add_lane,1,5238,40.7,5867,44.8
9,1,6,60,20,2,add_lane,2,5238,40.7,6495,48.8
9,1,6,60,20,2,change_speed,-10,5238,40.7,4802,30.5
9,1,6,60,20,2,change_speed,0,5238,40.7,5238,36.6
9,1,6,60,20,2,change_speed,10,5238,40.7,5675,42.7
9,1,6,60,20,3,add_lane,0,5238,42.7,5238,42.7
9,1,6,60,20,3,add_lane,1,5238,42.7,5867,47.0
9,1,6,60,20,3,add_lane,2,5238,42.7,6495,51.2
9,1,6,60,20,3,change_speed,-10,5238,42.7,4802,32.0
9,1,6,60,20,3,change_speed,0,5238,42.7,5238,38.4
9,1,6,60,20,3,change_speed,10,5238,42.7,5675,44.8
9,1,6,60,20,4,add_lane,0,5238,40.8,5238,40.8
9,1,6,60,20,4,add_lane,1,5238,40.8,5867,44.9
9,1,6,60,20,4,add_lane,2,5238,40.8,6495,49.0
9,1,6,60,20,4,change_speed,-10,5238,40.8,4802,30.6
9,1,6,60,20,4,change_speed,0,5238,40.8,5238,36.7
9,1,6,60,20,4,change_speed,10,5238,40.8,5675,42.8
9,1,6,60,20,5,add_lane,0,3780,31.1,3780,31.1
9,1,6,60,20,5,add_lane,1,3780,31.1,4234,34.2
9,1,6,60,20,5,add_lane,2,3780,31.1,4687,37.3
9,1,6,60,20,5,change_speed,-10,3780,31.1,3465,23.3
9,1,6,60,20,5,change_speed,0,3780,31.1,3780,28.0
9,1,6,60,20,5,change_speed,10,3780,31.1,4095,32.7
9,1,6,60,20,6,add_lane,0,3321,41.4,3321,41.4
9,1,6,60,20,6,add_lane,1,3321,41.4,3720,45.5
9,1,6,60,20,6,add_lane,2,3321,41.4,4118,49.7
9,1,6,60,20,6,change_speed,-10,3321,41.4,3044,31.1
9,1,6,60,20,6,change_speed,0,3321,41.4,3321,37.3
9,1,6,60,20,6,change_speed,10,3321,41.4,3598,43.5
9,1,6,60,21,0,add_lane,0,1860,49.1,1860,49.1
9,1,6,60,21,0,add_lane,1,1860,49.1,2083,54.0
9,1,6,60,21,0,add_lane,2,1860,49.1,2306,58.9
9,1,6,60,21,0,change_speed,-10,1860,49.1,1705,36.8
9,1,6,60,21,0,change_speed,0,1860,49.1,1860,44.2
9,1,6,60,21,0,change_speed,10,1860,49.1,2015,51.6
9,1,6,60,21,1,add_lane,0,3780,46.0,3780,46.0
9,1,6,60,21,1,add_lane,1,3780,46.0,4234,50.6
9,1,6,60,21,1,add_lane,2,3780,46.0,4687,55.2
9,1,6,60,21,1,change_speed,-10,3780,46.0,3465,34.5
9,1,6,60,21,1,change_speed,0,3780,46.0,3780,41.4
9,1,6,60,21,1,change_speed,10,3780,46.0,4095,48.3
9,1,6,60,21,2,add_lane,0,3667,46.4,3667,46.4
9,1,6,60,21,2,add_lane,1,3667,46.4,4107,51.0
9,1,6,60,21,2,add_lane,2,3667,46.4,4547,55.7
9,1,6,60,21,2,change_speed,-10,3667,46.4,3361,34.8
9,1,6,60,21,2,change_speed,0,3667,46.4,3667,41.8
9,1,6,60,21,2,change_speed,10,3667,46.4,3973,48.7
9,1,6,60,21,3,add_lane,0,3667,45.6,3667,45.6
9,1,6,60,21,3,add_lane,1,3667,45.6,4107,50.2
9,1,6,60,21,3,add_lane,2,3667,45.6,4547,54.7
9,1,6,60,21,3,change_speed,-10,3667,45.6,3361,34.2
9,1,6,60,21,3,change_speed,0,3667,45.6,3667,41.0
9,1,6,60,21,3,change_speed,10,3667,45.6,3973,47.9
9,1,6,60,21,4,add_lane,0,3667,44.1,3667,44.1
9,1,6,60,21,4,add_lane,1,3667,44.1,4107,48.5
9,1,6,60,21,4,add_lane,2,3667,44.1,4547,52.9
9,1,6,60,21,4,change_speed,-10,3667,44.1,3361,33.1
9,1,6,60,21,4,change_speed,0,3667,44.1,3667,39.7
9,1,6,60,21,4,change_speed,10,3667,44.1,3973,46.3
9,1,6,60,21,5,add_lane,0,2646,38.6,2646,38.6
9,1,6,60,21,5,add_lane,1,2646,38.6,2964,42.5
9,1,6,60,21,5,add_lane,2,2646,38.6,3281,46.3
9,1,6,60,21,5,change_speed,-10,2646,38.6,2426,29.0
9,1,6,60,21,5,change_speed,0,2646,38.6,2646,34.7
9,1,6,60,21,5,change_speed,10,2646,38.6,2867,40.5
9,1,6,60,21,6,add_lane,0,2325,46.1,2325,46.1
9,1,6,60,21,6,add_lane,1,2325,46.1,2604,50.7
9,1,6,60,21,6,add_lane,2,2325,46.1,2883,55.3
9,1,6,60,21,6,change_speed,-10,2325,46.1,2131,34.6
9,1,6,60,21,6,change_speed,0,2325,46.1,2325,41.5
9,1,6,60,21,6,change_speed,10,2325,46.1,2519,48.4
9,1,6,60,22,0,add_lane,0,1196,51.9,1196,51.9
9,1,6,60,22,0,add_lane,1,1196,51.9,1340,57.1
9,1,6,60,22,0,add_lane,2,1196,51.9,1483,62.3
9,1,6,60,22,0,change_speed,-10,1196,51.9,1096,38.9
9,1,6,60,22,0,change_speed,0,1196,51.9,1196,46.7
9,1,6,60,22,0,change_speed,10,1196,51.9,1296,54.5
9,1,6,60,22,1,add_lane,0,2430,63.2,2430,63.2
9,1,6,60,22,1,add_lane,1,2430,63.2,2722,69.5
9,1,6,60,22,1,add_lane,2,2430,63.2,3013,75.8
9,1,6,60,22,1,change_speed,-10,2430,63.2,2228,47.4
9,1,6,60,22,1,change_speed,0,2430,63.2,2430,56.9
9,1,6,60,22,1,change_speed,10,2430,63.2,2633,66.4
9,1,6,60,22,2,add_lane,0,2357,54.8,2357,54.8
9,1,6,60,22,2,add_lane,1,2357,54.8,2640,60.3
9,1,6,60,22,2,add_lane,2,2357,54.8,2923,65.8
9,1,6,60,22,2,change_speed,-10,2357,54.8,2161,41.1
9,1,6,60,22,2,change_speed,0,2357,54.8,2357,49.3
9,1,6,60,22,2,change_speed,10,2357,54.8,2553,57.5
9,1,6,60,22,3,add_lane,0,2357,48.6,2357,48.6
9,1,6,60,22,3,add_lane,1,2357,48.6,2640,53.5
9,1,6,60,22,3,add_lane,2,2357,48.6,2923,58.3
9,1,6,60,22,3,change_speed,-10,2357,48.6,2161,36.5
9,1,6,60,22,3,change_speed,0,2357,48.6,2357,43.7
9,1,6,60,22,3,change_speed,10,2357,48.6,2553,51.0
9,1,6,60,22,4,add_lane,0,2357,55.9,2357,55.9
9,1,6,60,22,4,add_lane,1,2357,55.9,2640,61.5
9,1,6,60,22,4,add_lane,2,2357,55.9,2923,67.1
9,1,6,60,22,4,change_speed,-10,2357,55.9,2161,41.9
9,1,6,60,22,4,change_speed,0,2357,55.9,2357,50.3
9,1,6,60,22,4,change_speed,10,2357,55.9,2553,58.7
9,1,6,60,22,5,add_lane,0,1701,35.2,1701,35.2
9,1,6,60,22,5,add_lane,1,1701,35.2,1905,38.7
9,1,6,60,22,5,add_lane,2,1701,35.2,2109,42.2
9,1,6,60,22,5,change_speed,-10,1701,35.2,1559,26.4
9,1,6,60,22,5,change_speed,0,1701,35.2,1701,31.7
9,1,6,60,22,5,change_speed,10,1701,35.2,1843,37.0
9,1,6,60,22,6,add_lane,0,1494,44.7,1494,44.7
9,1,6,60,22,6,add_lane,1,1494,44.7,1673,49.2
9,1,6,60,22,6,add_lane,2,1494,44.7,1853,53.6
9,1,6,60,22,6,change_speed,-10,1494,44.7,1370,33.5
9,1,6,60,22,6,change_speed,0,1494,44.7,1494,40.2
9,1,6,60,22,6,change_speed,10,1494,44.7,1619,46.9
9,1,6,60,23,0,add_lane,0,797,56.6,797,56.6
9,1,6,60,23,0,add_lane,1,797,56.6,893,62.3
9,1,6,60,23,0,add_lane,2,797,56.6,988,67.9
9,1,6,60,23,0,change_speed,-10,797,56.6,731,42.5
9,1,6,60,23,0,change_speed,0,797,56.6,797,50.9
9,1,6,60,23,0,change_speed,10,797,56.6,863,59.4
9,1,6,60,23,1,add_lane,0,1620,57.8,1620,57.8
9,1,6,60,23,1,add_lane,1,1620,57.8,1814,63.6
9,1,6,60,23,1,add_lane,2,1620,57.8,2009,69.4
9,1,6,60,23,1,change_speed,-10,1620,57.8,1485,43.4
9,1,6,60,23,1,change_speed,0,1620,57.8,1620,52.0
9,1,6,60,23,1,change_speed,10,1620,57.8,1755,60.7
9,1,6,60,23,2,add_lane,0,1571,52.6,1571,52.6
9,1,6,60,23,2,add_lane,1,1571,52.6,1760,57.9
9,1,6,60,23,2,add_lane,2,1571,52.6,1948,63.1
9,1,6,60,23,2,change_speed,-10,1571,52.6,1440,39.5
9,1,6,60,23,2,change_speed,0,1571,52.6,1571,47.3
9,1,6,60,23,2,change_speed,10,1571,52.6,1702,55.2
9,1,6,60,23,3,add_lane,0,1571,55.3,1571,55.3
9,1,6,60,23,3,add_lane,1,1571,55.3,1760,60.8
9,1,6,60,23,3,add_lane,2,1571,55.3,1948,66.4
9,1,6,60,23,3,change_speed,-10,1571,55.3,1440,41.5
9,1,6,60,23,3,change_speed,0,1571,55.3,1571,49.8
9,1,6,60,23,3,change_speed,10,1571,55.3,1702,58.1
9,1,6,60,23,4,add_lane,0,1571,58.4,1571,58.4
9,1,6,60,23,4,add_lane,1,1571,58.4,1760,64.2
9,1,6,60,23,4,add_lane,2,1571,58.4,1948,70.1
9,1,6,60,23,4,change_speed,-10,1571,58.4,1440,43.8
9,1,6,60,23,4,change_speed,0,1571,58.4,1571,52.6
9,1,6,60,23,4,change_speed,10,1571,58.4,1702,61.3
9,1,6,60,23,5,add_lane,0,1134,39.6,1134,39.6
9,1,6,60,23,5,add_lane,1,1134,39.6,1270,43.6
9,1,6,60,23,5,add_lane,2,1134,39.6,1406,47.5
9,1,6,60,23,5,change_speed,-10,1134,39.6,1040,29.7
9,1,6,60,23,5,change_speed,0,1134,39.6,1134,35.6
9,1,6,60,23,5,change_speed,10,1134,39.6,1229,41.6
9,1,6,60,23,6,add_lane,0,996,44.4,996,44.4
9,1,6,60,23,6,add_lane,1,996,44.4,1116,48.8
9,1,6,60,23,6,add_lane,2,996,44.4,1235,53.3
9,1,6,60,23,6,change_speed,-10,996,44.4,913,33.3
9,1,6,60,23,6,change_speed,0,996,44.4,996,40.0
9,1,6,60,23,6,change_speed,10,996,44.4,1079,46.6
10,0,4,50,0,0,add_lane,0,266,44.2,266,44.2
10,0,4,50,0,0,add_lane,1,266,44.2,298,48.6
10,0,4,50,0,0,add_lane,2,266,44.2,330,53.0
10,0,4,50,0,0,change_speed,-10,266,44.2,239,31.8
10,0,4,50,0,0,change_speed,0,266,44.2,266,39.8
10,0,4,50,0,0,change_speed,10,266,44.2,293,47.7
10,0,4,50,0,1,add_lane,0,540,55.9,540,55.9
10,0,4,50,0,1,add_lane,1,540,55.9,605,61.5
10,0,4,50,0,1,add_lane,2,540,55.9,670,67.1
10,0,4,50,0,1,change_speed,-10,540,55.9,486,40.2
10,0,4,50,0,1,change_speed,0,540,55.9,540,50.3
10,0,4,50,0,1,change_speed,10,540,55.9,594,60.4
10,0,4,50,0,2,add_lane,0,524,47.0,524,47.0
10,0,4,50,0,2,add_lane,1,524,47.0,587,51.7
10,0,4,50,0,2,add_lane,2,524,47.0,650,56.4
10,0,4,50,0,2,change_speed,-10,524,47.0,472,33.8
10,0,4,50,0,2,change_speed,0,524,47.0,524,42.3
10,0,4,50,0,2,change_speed,10,524,47.0,576,50.8
10,0,4,50,0,3,add_lane,0,524,46.9,524,46.9
10,0,4,50,0,3,add_lane,1,524,46.9,587,51.6
10,0,4,50,0,3,add_lane,2,524,46.9,650,56.3
10,0,4,50,0,3,change_speed,-10,524,46.9,472,33.8
10,0,4,50,0,3,change_speed,0,524,46.9,524,42.2
10,0,4,50,0,3,change_speed,10,524,46.9,576,50.7
10,0,4,50,0,4,add_lane,0,524,48.1,524,48.1
10,0,4,50,0,4,add_lane,1,524,48.1,587,52.9
10,0,4,50,0,4,add_lane,2,524,48.1,650,57.7
10,0,4,50,0,4,change_speed,-10,524,48.1,472,34.6
10,0,4,50,0,4,change_speed,0,524,48.1,524,43.3
10,0,4,50,0,4,change_speed,10,524,48.1,576,51.9
10,0,4,50,0,5,add_lane,0,378,38.9,378,38.9
10,0,4,50,0,5,add_lane,1,378,38.9,423,42.8
10,0,4,50,0,5,add_lane,2,378,38.9,469,46.7
10,0,4,50,0,5,change_speed,-10,378,38.9,340,28.0
10,0,4,50,0,5,change_speed,0,378,38.9,378,35.0
10,0,4,50,0,5,change_speed,10,378,38.9,416,42.0
10,0,4,50,0,6,add_lane,0,332,38.0,332,38.0
10,0,4,50,0,6,add_lane,1,332,38.0,372,41.8
10,0,4,50,0,6,add_lane,2,332,38.0,412,45.6
10,0,4,50,0,6,change_speed,-10,332,38.0,299,27.4
10,0,4,50,0,6,change_speed,0,332,38.0,332,34.2
10,0,4,50,0,6,change_speed,10,332,38.0,365,41.0
10,0,4,50,1,0,add_lane,0,213,45.2,213,45.2
10,0,4,50,1,0,add_lane,1,213,45.2,239,49.7
10,0,4,50,1,0,add_lane,2,213,45.2,264,54.2
10,0,4,50,1,0,change_speed,-10,213,45.2,192,32.5
10,0,4,50,1,0,change_speed,0,213,45.2,213,40.7
10,0,4,50,1,0,change_speed,10,213,45.2,234,48.8
10,0,4,50,1,1,add_lane,0,432,47.5,432,47.5
10,0,4,50,1,1,add_lane,1,432,47.5,484,52.3
10,0,4,50,1,1,add_lane,2,432,47.5,536,57.0
10,0,4,50,1,1,change_speed,-10,432,47.5,389,34.2
10,0,4,50,1,1,change_speed,0,432,47.5,432,42.8
10,0,4,50,1,1,change_speed,10,432,47.5,475,51.3
10,0,4,50,1,2,add_lane,0,419,52.1,419,52.1
10,0,4,50,1,2,add_lane,1,419,52.1,469,57.3
10,0,4,50,1,2,add_lane,2,419,52.1,520,62.5
10,0,4,50,1,2,change_speed,-10,419,52.1,377,37.5
10,0,4,50,1,2,change_speed,0,419,52.1,419,46.9
10,0,4,50,1,2,change_speed,10,419,52.1,461,56.3
10,0,4,50,1,3,add_lane,0,419,51.7,419,51.7
10,0,4,50,1,3,add_lane,1,419,51.7,469,56.9
10,0,4,50,1,3,add_lane,2,419,51.7,520,62.0
10,0,4,50,1,3,change_speed,-10,419,51.7,377,37.2
10,0,4,50,1,3,change_speed,0,419,51.7,419,46.5
10,0,4,50,1,3,change_speed,10,419,51.7,461,55.8
10,0,4,50,1,4,add_lane,0,419,48.8,419,48.8
10,0,4,50,1,4,add_lane,1,419,48.8,469,53.7
10,0,4,50,1,4,add_lane,2,419,48.8,520,58.6
10,0,4,50,1,4,change_speed,-10,419,48.8,377,35.1
10,0,4,50,1,4,change_speed,0,419,48.8,419,43.9
10,0,4,50,1,4,change_speed,10,419,48.8,461,52.7
10,0,4,50,1,5,add_lane,0,302,35.9,302,35.9
10,0,4,50,1,5,add_lane,1,302,35.9,338,39.5
10,0,4,50,1,5,add_lane,2,302,35.9,374,43.1
10,0,4,50,1,5,change_speed,-10,302,35.9,272,25.8
10,0,4,50,1,5,change_speed,0,302,35.9,302,32.3
10,0,4,50,1,5,change_speed,10,302,35.9,332,38.8
10,0,4,50,1,6,add_lane,0,266,43.3,266,43.3
10,0,4,50,1,6,add_lane,1,266,43.3,298,47.6
10,0,4,50,1,6,add_lane,2,266,43.3,330,52.0
10,0,4,50,1,6,change_speed,-10,266,43.3,239,31.2
10,0,4,50,1,6,change_speed,0,266,43.3,266,39.0
10,0,4,50,1,6,change_speed,10,266,43.3,293,46.8
10,0,4,50,2,0,add_lane,0,177,43.4,177,43.4
10,0,4,50,2,0,add_lane,1,177,43.4,198,47.7
10,0,4,50,2,0,add_lane,2,177,43.4,219,52.1
10,0,4,50,2,0,change_speed,-10,177,43.4,159,31.2
10,0,4,50,2,0,change_speed,0,177,43.4,177,39.1
10,0,4,50,2,0,change_speed,10,177,43.4,195,46.9
10,0,4,50,2,1,add_lane,0,360,51.2,360,51.2
10,0,4,50,2,1,add_lane,1,360,51.2,403,56.3
10,0,4,50,2,1,add_lane,2,360,51.2,446,61.4
10,0,4,50,2,1,change_speed,-10,360,51.2,324,36.9
10,0,4,50,2,1,change_speed,0,360,51.2,360,46.1
10,0,4,50,2,1,change_speed,10,360,51.2,396,55.3
10,0,4,50,2,2,add_lane,0,349,43.7,349,43.7
10,0,4,50,2,2,add_lane,1,349,43.7,391,48.1
10,0,4,50,2,2,add_lane,2,349,43.7,433,52.4
10,0,4,50,2,2,change_speed,-10,349,43.7,314,31.5
10,0,4,50,2,2,change_speed,0,349,43.7,349,39.3
10,0,4,50,2,2,change_speed,10,349,43.7,384,47.2
10,0,4,50,2,3,add_lane,0,349,49.9,349,49.9
10,0,4,50,2,3,add_lane,1,349,49.9,391,54.9
10,0,4,50,2,3,add_lane,2,349,49.9,433,59.9
10,0,4,50,2,3,change_speed,-10,349,49.9,314,35.9
10,0,4,50,2,3,change_speed,0,349,49.9,349,44.9
10,0,4,50,2,3,change_speed,10,349,49.9,384,53.9
10,0,4,50,2,4,add_lane,0,349,48.3,349,48.3
10,0,4,50,2,4,add_lane,1,349,48.3,391,53.1
10,0,4,50,2,4,add_lane,2,349,48.3,433,58.0
10,0,4,50,2,4,change_speed,-10,349,48.3,314,34.8
10,0,4,50,2,4,change_speed,0,349,48.3,349,43.5
10,0,4,50,2,4,change_speed,10,349,48.3,384,52.2
10,0,4,50,2,5,add_lane,0,252,35.1,252,35.1
10,0,4,50,2,5,add_lane,1,252,35.1,282,38.6
10,0,4,50,2,5,add_lane,2,252,35.1,312,42.1
10,0,4,50,2,5,change_speed,-10,252,35.1,227,25.3
10,0,4,50,2,5,change_speed,0,252,35.1,252,31.6
10,0,4,50,2,5,change_speed,10,252,35.1,277,37.9
10,0,4,50,2,6,add_lane,0,221,45.5,221,45.5
10,0,4,50,2,6,add_lane,1,221,45.5,248,50.1
10,0,4,50,2,6,add_lane,2,221,45.5,274,54.6
10,0,4,50,2,6,change_speed,-10,221,45.5,199,32.8
10,0,4,50,2,6,change_speed,0,221,45.5,221,41.0
10,0,4,50,2,6,change_speed,10,221,45.5,243,49.1
10,0,4,50,3,0,add_lane,0,142,50.0,142,50.0
10,0,4,50,3,0,add_lane,1,142,50.0,159,55.0
10,0,4,50,3,0,add_lane,2,142,50.0,176,60.0
10,0,4,50,3,0,change_speed,-10,142,50.0,128,36.0
10,0,4,50,3,0,change_speed,0,142,50.0,142,45.0
10,0,4,50,3,0,change_speed,10,142,50.0,156,54.0
10,0,4,50,3,1,add_lane,0,288,53.6,288,53.6
10,0,4,50,3,1,add_lane,1,288,53.6,323,59.0
10,0,4,50,3,1,add_lane,2,288,53.6,357,64.3
10,0,4,50,3,1,change_speed,-10,288,53.6,259,38.6
10,0,4,50,3,1,change_speed,0,288,53.6,288,48.2
10,0,4,50,3,1,change_speed,10,288,53.6,317,57.9
10,0,4,50,3,2,add_lane,0,279,50.7,279,50.7
10,0,4,50,3,2,add_lane,1,279,50.7,312,55.8
10,0,4,50,3,2,add_lane,2,279,50.7,346,60.8
10,0,4,50,3,2,change_speed,-10,279,50.7,251,36.5
10,0,4,50,3,2,change_speed,0,279,50.7,279,45.6
10,0,4,50,3,2,change_speed,10,279,50.7,307,54.8
10,0,4,50,3,3,add_lane,0,279,55.9,279,55.9
10,0,4,50,3,3,add_lane,1,279,55.9,312,61.5
10,0,4,50,3,3,add_lane,2,279,55.9,346,67.1
10,0,4,50,3,3,change_speed,-10,279,55.9,251,40.2
10,0,4,50,3,3,change_speed,0,279,55.9,279,50.3
10,0,4,50,3,3,change_speed,10,279,55.9,307,60.4
10,0,4,50,3,4,add_lane,0,279,46.8,279,46.8
10,0,4,50,3,4,add_lane,1,279,46.8,312,51.5
10,0,4,50,3,4,add_lane,2,279,46.8,346,56.2
10,0,4,50,3,4,change_speed,-10,279,46.8,251,33.7
10,0,4,50,3,4,change_speed,0,279,46.8,279,42.1
10,0,4,50,3,4,change_speed,10,279,46.8,307,50.5
10,0,4,50,3,5,add_lane,0,202,36.0,202,36.0
10,0,4,50,3,5,add_lane,1,202,36.0,226,39.6
10,0,4,50,3,5,add_lane,2,202,36.0,250,43.2
10,0,4,50,3,5,change_speed,-10,202,36.0,182,25.9
10,0,4,50,3,5,change_speed,0,202,36.0,202,32.4
10,0,4,50,3,5,change_speed,10,202,36.0,222,38.9
10,0,4,50,3,6,add_lane,0,177,45.5,177,45.5
10,0,4,50,3,6,add_lane,1,177,45.5,198,50.1
10,0,4,50,3,6,add_lane,2,177,45.5,219,54.6
10,0,4,50,3,6,change_speed,-10,177,45.5,159,32.8
10,0,4,50,3,6,change_speed,0,177,45.5,177,41.0
10,0,4,50,3,6,change_speed,10,177,45.5,195,49.1
10,0,4,50,4,0,add_lane,0,177,47.4,177,47.4
10,0,4,50,4,0,add_lane,1,177,47.4,198,52.1
10,0,4,50,4,0,add_lane,2,177,47.4,219,56.9
10,0,4,50,4,0,change_speed,-10,177,47.4,159,34.1
10,0,4,50,4,0,change_speed,0,177,47.4,177,42.7
10,0,4,50,4,0,change_speed,10,177,47.4,195,51.2
10,0,4,50,4,1,add_lane,0,360,50.0,360,50.0
10,0,4,50,4,1,add_lane,1,360,50.0,403,55.0
10,0,4,50,4,1,add_lane,2,360,50.0,446,60.0
10,0,4,50,4,1,change_speed,-10,360,50.0,324,36.0
10,0,4,50,4,1,change_speed,0,360,50.0,360,45.0
10,0,4,50,4,1,change_speed,10,360,50.0,396,54.0
10,0,4,50,4,2,add_lane,0,349,52.1,349,52.1
10,0,4,50,4,2,add_lane,1,349,52.1,391,57.3
10,0,4,50,4,2,add_lane,2,349,52.1,433,62.5
10,0,4,50,4,2,change_speed,-10,349,52.1,314,37.5
10,0,4,50,4,2,change_speed,0,349,52.1,349,46.9
10,0,4,50,4,2,change_speed,10,349,52.1,384,56.3
10,0,4,50,4,3,add_lane,0,349,53.8,349,53.8
10,0,4,50,4,3,add_lane,1,349,53.8,391,59.2
10,0,4,50,4,3,add_lane,2,349,53.8,433,64.6
10,0,4,50,4,3,change_speed,-10,349,53.8,314,38.7
10,0,4,50,4,3,change_speed,0,349,53.8,349,48.4
10,0,4,50,4,3,change_speed,10,349,53.8,384,58.1
10,0,4,50,4,4,add_lane,0,349,52.3,349,52.3
10,0,4,50,4,4,add_lane,1,349,52.3,391,57.5
10,0,4,50,4,4,add_lane,2,349,52.3,433,62.8
10,0,4,50,4,4,change_speed,-10,349,52.3,314,37.7
10,0,4,50,4,4,change_speed,0,349,52.3,349,47.1
10,0,4,50,4,4,change_speed,10,349,52.3,384,56.5
10,0,4,50,4,5,add_lane,0,252,34.0,252,34.0
10,0,4,50,4,5,add_lane,1,252,34.0,282,37.4
10,0,4,50,4,5,add_lane,2,252,34.0,312,40.8
10,0,4,50,4,5,change_speed,-10,252,34.0,227,24.5
10,0,4,50,4,5,change_speed,0,252,34.0,252,30.6
10,0,4,50,4,5,change_speed,10,252,34.0,277,36.7
10,0,4,50,4,6,add_lane,0,221,40.8,221,40.8
10,0,4,50,4,6,add_lane,1,221,40.8,248,44.9
10,0,4,50,4,6,add_lane,2,221,40.8,274,49.0
10,0,4,50,4,6,change_speed,-10,221,40.8,199,29.4
10,0,4,50,4,6,change_speed,0,221,40.8,221,36.7
10,0,4,50,4,6,change_speed,10,221,40.8,243,44.1
10,0,4,50,5,0,add_lane,0,354,47.5,354,47.5
10,0,4,50,5,0,add_lane,1,354,47.5,396,52.3
10,0,4,50,5,0,add_lane,2,354,47.5,439,57.0
10,0,4,50,5,0,change_speed,-10,354,47.5,319,34.2
10,0,4,50,5,0,change_speed,0,354,47.5,354,42.8
10,0,4,50,5,0,change_speed,10,354,47.5,389,51.3
10,0,4,50,5,1,add_lane,0,720,49.5,720,49.5
10,0,4,50,5,1,add_lane,1,720,49.5,806,54.5
10,0,4,50,5,1,add_lane,2,720,49.5,893,59.4
10,0,4,50,5,1,change_speed,-10,720,49.5,648,35.6
10,0,4,50,5,1,change_speed,0,720,49.5,720,44.6
10,0,4,50,5,1,change_speed,10,720,49.5,792,53.5
10,0,4,50,5,2,add_lane,0,698,52.2,698,52.2
10,0,4,50,5,2,add_lane,1,698,52.2,782,57.4
10,0,4,50,5,2,add_lane,2,698,52.2,866,62.6
10,0,4,50,5,2,change_speed,-10,698,52.2,628,37.6
10,0,4,50,5,2,change_speed,0,698,52.2,698,47.0
10,0,4,50,5,2,change_speed,10,698,52.2,768,56.4
10,0,4,50,5,3,add_lane,0,698,47.9,698,47.9
10,0,4,50,5,3,add_lane,1,698,47.9,782,52.7
10,0,4,50,5,3,add_lane,2,698,47.9,866,57.5
10,0,4,50,5,3,change_speed,-10,698,47.9,628,34.5
10,0,4,50,5,3,change_speed,0,698,47.9,698,43.1
10,0,4,50,5,3,change_speed,10,698,47.9,768,51.7
10,0,4,50,5,4,add_lane,0,698,50.8,698,50.8
10,0,4,50,5,4,add_lane,1,698,50.8,782,55.9
10,0,4,50,5,4,add_lane,2,698,50.8,866,61.0
10,0,4,50,5,4,change_speed,-10,698,50.8,628,36.6
10,0,4,50,5,4,change_speed,0,698,50.8,698,45.7
10,0,4,50,5,4,change_speed,10,698,50.8,768,54.9
10,0,4,50,5,5,add_lane,0,504,36.5,504,36.5
10,0,4,50,5,5,add_lane,1,504,36.5,564,40.2
10,0,4,50,5,5,add_lane,2,504,36.5,625,43.8
10,0,4,50,5,5,change_speed,-10,504,36.5,454,26.3
10,0,4,50,5,5,change_speed,0,504,36.5,504,32.9
10,0,4,50,5,5,change_speed,10,504,36.5,554,39.4
10,0,4,50,5,6,add_lane,0,443,45.3,443,45.3
10,0,4,50,5,6,add_lane,1,443,45.3,496,49.8
10,0,4,50,5,6,add_lane,2,443,45.3,549,54.4
10,0,4,50,5,6,change_speed,-10,443,45.3,399,32.6
10,0,4,50,5,6,change_speed,0,443,45.3,443,40.8
10,0,4,50,5,6,change_speed,10,443,45.3,487,48.9
10,0,4,50,6,0,add_lane,0,708,46.1,708,46.1
10,0,4,50,6,0,add_lane,1,708,46.1,793,50.7
10,0,4,50,6,0,add_lane,2,708,46.1,878,55.3
10,0,4,50,6,0,change_speed,-10,708,46.1,637,33.2
10,0,4,50,6,0,change_speed,0,708,46.1,708,41.5
10,0,4,50,6,0,change_speed,10,708,46.1,779,49.8
10,0,4,50,6,1,add_lane,0,1440,46.0,1440,46.0
10,0,4,50,6,1,add_lane,1,1440,46.0,1613,50.6
10,0,4,50,6,1,add_lane,2,1440,46.0,1786,55.2
10,0,4,50,6,1,change_speed,-10,1440,46.0,1296,33.1
10,0,4,50,6,1,change_speed,0,1440,46.0,1440,41.4
10,0,4,50,6,1,change_speed,10,1440,46.0,1584,49.7
10,0,4,50,6,2,add_lane,0,1397,48.5,1397,48.5
10,0,4,50,6,2,add_lane,1,1397,48.5,1565,53.4
10,0,4,50,6,2,add_lane,2,1397,48.5,1732,58.2
10,0,4,50,6,2,change_speed,-10,1397,48.5,1257,34.9
10,0,4,50,6,2,change_speed,0,1397,48.5,1397,43.6
10,0,4,50,6,2,change_speed,10,1397,48.5,1537,52.4
10,0,4,50,6,3,add_lane,0,1397,46.4,1397,46.4
10,0,4,50,6,3,add_lane,1,1397,46.4,1565,51.0
10,0,4,50,6,3,add_lane,2,1397,46.4,1732,55.7
10,0,4,50,6,3,change_speed,-10,1397,46.4,1257,33.4
10,0,4,50,6,3,change_speed,0,1397,46.4,1397,41.8
10,0,4,50,6,3,change_speed,10,1397,46.4,1537,50.1
10,0,4,50,6,4,add_lane,0,1397,42.0,1397,42.0
10,0,4,50,6,4,add_lane,1,1397,42.0,1565,46.2
10,0,4,50,6,4,add_lane,2,1397,42.0,1732,50.4
10,0,4,50,6,4,change_speed,-10,1397,42.0,1257,30.2
10,0,4,50,6,4,change_speed,0,1397,42.0,1397,37.8
10,0,4,50,6,4,change_speed,10,1397,42.0,1537,45.4
10,0,4,50,6,5,add_lane,0,1008,31.2,1008,31.2
10,0,4,50,6,5,add_lane,1,1008,31.2,1129,34.3
10,0,4,50,6,5,add_lane,2,1008,31.2,1250,37.4
10,0,4,50,6,5,change_speed,-10,1008,31.2,907,22.5
10,0,4,50,6,5,change_speed,0,1008,31.2,1008,28.1
10,0,4,50,6,5,change_speed,10,1008,31.2,1109,33.7
10,0,4,50,6,6,add_lane,0,886,44.7,886,44.7
10,0,4,50,6,6,add_lane,1,886,44.7,992,49.2
10,0,4,50,6,6,add_lane,2,886,44.7,1099,53.6
10,0,4,50,6,6,change_speed,-10,886,44.7,797,32.2
10,0,4,50,6,6,change_speed,0,886,44.7,886,40.2
10,0,4,50,6,6,change_speed,10,886,44.7,975,48.3
10,0,4,50,7,0,add_lane,0,1594,44.2,1594,44.2
10,0,4,50,7,0,add_lane,1,1594,44.2,1785,48.6
10,0,4,50,7,0,add_lane,2,1594,44.2,1977,53.0
10,0,4,50,7,0,change_speed,-10,1594,44.2,1435,31.8
10,0,4,50,7,0,change_speed,0,1594,44.2,1594,39.8
10,0,4,50,7,0,change_speed,10,1594,44.2,1753,47.7
10,0,4,50,7,1,add_lane,0,3240,35.6,3240,35.6
10,0,4,50,7,1,add_lane,1,3240,35.6,3629,39.2
10,0,4,50,7,1,add_lane,2,3240,35.6,4018,42.7
10,0,4,50,7,1,change_speed,-10,3240,35.6,2916,25.6
10,0,4,50,7,1,change_speed,0,3240,35.6,3240,32.0
10,0,4,50,7,1,change_speed,10,3240,35.6,3564,38.4
10,0,4,50,7,2,add_lane,0,3143,34.5,3143,34.5
10,0,4,50,7,2,add_lane,1,3143,34.5,3520,38.0
10,0,4,50,7,2,add_lane,2,3143,34.5,3897,41.4
10,0,4,50,7,2,change_speed,-10,3143,34.5,2829,24.8
10,0,4,50,7,2,change_speed,0,3143,34.5,3143,31.1
10,0,4,50,7,2,change_speed,10,3143,34.5,3457,37.3
10,0,4,50,7,3,add_lane,0,3143,34.0,3143,34.0
10,0,4,50,7,3,add_lane,1,3143,34.0,3520,37.4
10,0,4,50,7,3,add_lane,2,3143,34.0,3897,40.8
10,0,4,50,7,3,change_speed,-10,3143,34.0,2829,24.5
10,0,4,50,7,3,change_speed,0,3143,34.0,3143,30.6
10,0,4,50,7,3,change_speed,10,3143,34.0,3457,36.7
10,0,4,50,7,4,add_lane,0,3143,32.2,3143,32.2
10,0,4,50,7,4,add_lane,1,3143,32.2,3520,35.4
10,0,4,50,7,4,add_lane,2,3143,32.2,3897,38.6
10,0,4,50,7,4,change_speed,-10,3143,32.2,2829,23.2
10,0,4,50,7,4,change_speed,0,3143,32.2,3143,29.0
10,0,4,50,7,4,change_speed,10,3143,32.2,3457,34.8
10,0,4,50,7,5,add_lane,0,2268,23.9,2268,23.9
10,0,4,50,7,5,add_lane,1,2268,23.9,2540,26.3
10,0,4,50,7,5,add_lane,2,2268,23.9,2812,28.7
10,0,4,50,7,5,change_speed,-10,2268,23.9,2041,17.2
10,0,4,50,7,5,change_speed,0,2268,23.9,2268,21.5
10,0,4,50,7,5,change_speed,10,2268,23.9,2495,25.8
10,0,4,50,7,6,add_lane,0,1993,35.9,1993,35.9
10,0,4,50,7,6,add_lane,1,1993,35.9,2232,39.5
10,0,4,50,7,6,add_lane,2,1993,35.9,2471,43.1
10,0,4,50,7,6,change_speed,-10,1993,35.9,1794,25.8
10,0,4,50,7,6,change_speed,0,1993,35.9,1993,32.3
10,0,4,50,7,6,change_speed,10,1993,35.9,2192,38.8
10,0,4,50,8,0,add_lane,0,2125,40.8,2125,40.8
10,0,4,50,8,0,add_lane,1,2125,40.8,2380,44.9
10,0,4,50,8,0,add_lane,2,2125,40.8,2635,49.0
10,0,4,50,8,0,change_speed,-10,2125,40.8,1912,29.4
10,0,4,50,8,0,change_speed,0,2125,40.8,2125,36.7
10,0,4,50,8,0,change_speed,10,2125,40.8,2338,44.1
10,0,4,50,8,1,add_lane,0,4320,33.1,4320,33.1
10,0,4,50,8,1,add_lane,1,4320,33.1,4838,36.4
10,0,4,50,8,1,add_lane,2,4320,33.1,5357,39.7
10,0,4,50,8,1,change_speed,-10,4320,33.1,3888,23.8
10,0,4,50,8,1,change_speed,0,4320,33.1,4320,29.8
10,0,4,50,8,1,change_speed,10,4320,33.1,4752,35.7
10,0,4,50,8,2,add_lane,0,4190,30.3,4190,30.3
10,0,4,50,8,2,add_lane,1,4190,30.3,4693,33.3
10,0,4,50,8,2,add_lane,2,4190,30.3,5196,36.4
10,0,4,50,8,2,change_speed,-10,4190,30.3,3771,21.8
10,0,4,50,8,2,change_speed,0,4190,30.3,4190,27.3
10,0,4,50,8,2,change_speed,10,4190,30.3,4609,32.7
10,0,4,50,8,3,add_lane,0,4190,29.0,4190,29.0
10,0,4,50,8,3,add_lane,1,4190,29.0,4693,31.9
10,0,4,50,8,3,add_lane,2,4190,29.0,5196,34.8
10,0,4,50,8,3,change_speed,-10,4190,29.0,3771,20.9
10,0,4,50,8,3,change_speed,0,4190,29.0,4190,26.1
10,0,4,50,8,3,change_speed,10,4190,29.0,4609,31.3
10,0,4,50,8,4,add_lane,0,4190,27.4,4190,27.4
10,0,4,50,8,4,add_lane,1,4190,27.4,4693,30.1
10,0,4,50,8,4,add_lane,2,4190,27.4,5196,32.9
10,0,4,50,8,4,change_speed,-10,4190,27.4,3771,19.7
10,0,4,50,8,4,change_speed,0,4190,27.4,4190,24.7
10,0,4,50,8,4,change_speed,10,4190,27.4,4609,29.6
10,0,4,50,8,5,add_lane,0,3024,23.7,3024,23.7
10,0,4,50,8,5,add_lane,1,3024,23.7,3387,26.1
10,0,4,50,8,5,add_lane,2,3024,23.7,3750,28.4
10,0,4,50,8,5,change_speed,-10,3024,23.7,2722,17.1
10,0,4,50,8,5,change_speed,0,3024,23.7,3024,21.3
10,0,4,50,8,5,change_speed,10,3024,23.7,3326,25.6
10,0,4,50,8,6,add_lane,0,2657,34.4,2657,34.4
10,0,4,50,8,6,add_lane,1,2657,34.4,2976,37.8
10,0,4,50,8,6,add_lane,2,2657,34.4,3295,41.3
10,0,4,50,8,6,change_speed,-10,2657,34.4,2391,24.8
10,0,4,50,8,6,change_speed,0,2657,34.4,2657,31.0
10,0,4,50,8,6,change_speed,10,2657,34.4,2923,37.2
10,0,4,50,9,0,add_lane,0,1594,40.2,1594,40.2
10,0,4,50,9,0,add_lane,1,1594,40.2,1785,44.2
10,0,4,50,9,0,add_lane,2,1594,40.2,1977,48.2
10,0,4,50,9,0,change_speed,-10,1594,40.2,1435,28.9
10,0,4,50,9,0,change_speed,0,1594,40.2,1594,36.2
10,0,4,50,9,0,change_speed,10,1594,40.2,1753,43.4
10,0,4,50,9,1,add_lane,0,3240,36.9,3240,36.9
10,0,4,50,9,1,add_lane,1,3240,36.9,3629,40.6
10,0,4,50,9,1,add_lane,2,3240,36.9,4018,44.3
10,0,4,50,9,1,change_speed,-10,3240,36.9,2916,26.6
10,0,4,50,9,1,change_speed,0,3240,36.9,3240,33.2
10,0,4,50,9,1,change_speed,10,3240,36.9,3564,39.9
10,0,4,50,9,2,add_lane,0,3143,33.1,3143,33.1
10,0,4,50,9,2,add_lane,1,3143,33.1,3520,36.4
10,0,4,50,9,2,add_lane,2,3143,33.1,3897,39.7
10,0,4,50,9,2,change_speed,-10,3143,33.1,2829,23.8
10,0,4,50,9,2,change_speed,0,3143,33.1,3143,29.8
10,0,4,50,9,2,change_speed,10,3143,33.1,3457,35.7
10,0,4,50,9,3,add_lane,0,3143,34.0,3143,34.0
10,0,4,50,9,3,add_lane,1,3143,34.0,3520,37.4
10,0,4,50,9,3,add_lane,2,3143,34.0,3897,40.8
10,0,4,50,9,3,change_speed,-10,3143,34.0,2829,24.5
10,0,4,50,9,3,change_speed,0,3143,34.0,3143,30.6
10,0,4,50,9,3,change_speed,10,3143,34.0,3457,36.7
10,0,4,50,9,4,add_lane,0,3143,35.0,3143,35.0
10,0,4,50,9,4,add_lane,1,3143,35.0,3520,38.5
10,0,4,50,9,4,add_lane,2,3143,35.0,3897,42.0
10,0,4,50,9,4,change_speed,-10,3143,35.0,2829,25.2
10,0,4,50,9,4,change_speed,0,3143,35.0,3143,31.5
10,0,4,50,9,4,change_speed,10,3143,35.0,3457,37.8
10,0,4,50,9,5,add_lane,0,2268,25.6,2268,25.6
10,0,4,50,9,5,add_lane,1,2268,25.6,2540,28.2
10,0,4,50,9,5,add_lane,2,2268,25.6,2812,30.7
10,0,4,50,9,5,change_speed,-10,2268,25.6,2041,18.4
10,0,4,50,9,5,change_speed,0,2268,25.6,2268,23.0
10,0,4,50,9,5,change_speed,10,2268,25.6,2495,27.6
10,0,4,50,9,6,add_lane,0,1993,36.5,1993,36.5
10,0,4,50,9,6,add_lane,1,1993,36.5,2232,40.2
10,0,4,50,9,6,add_lane,2,1993,36.5,2471,43.8
10,0,4,50,9,6,change_speed,-10,1993,36.5,1794,26.3
10,0,4,50,9,6,change_speed,0,1993,36.5,1993,32.9
10,0,4,50,9,6,change_speed,10,1993,36.5,2192,39.4
10,0,4,50,10,0,add_lane,0,1240,41.7,1240,41.7
10,0,4,50,10,0,add_lane,1,1240,41.7,1389,45.9
10,0,4,50,10,0,add_lane,2,1240,41.7,1538,50.0
10,0,4,50,10,0,change_speed,-10,1240,41.7,1116,30.0
10,0,4,50,10,0,change_speed,0,1240,41.7,1240,37.5
10,0,4,50,10,0,change_speed,10,1240,41.7,1364,45.0
10,0,4,50,10,1,add_lane,0,2520,41.4,2520,41.4
10,0,4,50,10,1,add_lane,1,2520,41.4,2822,45.5
10,0,4,50,10,1,add_lane,2,2520,41.4,3125,49.7
10,0,4,50,10,1,change_speed,-10,2520,41.4,2268,29.8
10,0,4,50,10,1,change_speed,0,2520,41.4,2520,37.3
10,0,4,50,10,1,change_speed,10,2520,41.4,2772,44.7
10,0,4,50,10,2,add_lane,0,2444,37.7,2444,37.7
10,0,4,50,10,2,add_lane,1,2444,37.7,2737,41.5
10,0,4,50,10,2,add_lane,2,2444,37.7,3031,45.2
10,0,4,50,10,2,change_speed,-10,2444,37.7,2200,27.1
10,0,4,50,10,2,change_speed,0,2444,37.7,2444,33.9
10,0,4,50,10,2,change_speed,10,2444,37.7,2688,40.7
10,0,4,50,10,3,add_lane,0,2444,40.5,2444,40.5
10,0,4,50,10,3,add_lane,1,2444,40.5,2737,44.6
10,0,4,50,10,3,add_lane,2,2444,40.5,3031,48.6
10,0,4,50,10,3,change_speed,-10,2444,40.5,2200,29.2
10,0,4,50,10,3,change_speed,0,2444,40.5,2444,36.5
10,0,4,50,10,3,change_speed,10,2444,40.5,2688,43.7
10,0,4,50,10,4,add_lane,0,2444,35.5,2444,35.5
10,0,4,50,10,4,add_lane,1,2444,35.5,2737,39.1
10,0,4,50,10,4,add_lane,2,2444,35.5,3031,42.6
10,0,4,50,10,4,change_speed,-10,2444,35.5,2200,25.6
10,0,4,50,10,4,change_speed,0,2444,35.5,2444,31.9
10,0,4,50,10,4,change_speed,10,2444,35.5,2688,38.3
10,0,4,50,10,5,add_lane,0,1764,28.6,1764,28.6
10,0,4,50,10,5,add_lane,1,1764,28.6,1976,31.5
10,0,4,50,10,5,add_lane,2,1764,28.6,2187,34.3
10,0,4,50,10,5,change_speed,-10,1764,28.6,1588,20.6
10,0,4,50,10,5,change_speed,0,1764,28.6,1764,25.7
10,0,4,50,10,5,change_speed,10,1764,28.6,1940,30.9
10,0,4,50,10,6,add_lane,0,1550,36.2,1550,36.2
10,0,4,50,10,6,add_lane,1,1550,36.2,1736,39.8
10,0,4,50,10,6,add_lane,2,1550,36.2,1922,43.4
10,0,4,50,10,6,change_speed,-10,1550,36.2,1395,26.1
10,0,4,50,10,6,change_speed,0,1550,36.2,1550,32.6
10,0,4,50,10,6,change_speed,10,1550,36.2,1705,39.1
10,0,4,50,11,0,add_lane,0,1063,40.8,1063,40.8
10,0,4,50,11,0,add_lane,1,1063,40.8,1191,44.9
10,0,4,50,11,0,add_lane,2,1063,40.8,1318,49.0
10,0,4,50,11,0,change_speed,-10,1063,40.8,957,29.4
10,0,4,50,11,0,change_speed,0,1063,40.8,1063,36.7
10,0,4,50,11,0,change_speed,10,1063,40.8,1169,44.1
10,0,4,50,11,1,add_lane,0,2160,43.7,2160,43.7
10,0,4,50,11,1,add_lane,1,2160,43.7,2419,48.1
10,0,4,50,11,1,add_lane,2,2160,43.7,2678,52.4
10,0,4,50,11,1,change_speed,-10,2160,43.7,1944,31.5
10,0,4,50,11,1,change_speed,0,2160,43.7,2160,39.3
10,0,4,50,11,1,change_speed,10,2160,43.7,2376,47.2
10,0,4,50,11,2,add_lane,0,2095,44.0,2095,44.0
10,0,4,50,11,2,add_lane,1,2095,44.0,2346,48.4
10,0,4,50,11,2,add_lane,2,2095,44.0,2598,52.8
10,0,4,50,11,2,change_speed,-10,2095,44.0,1886,31.7
10,0,4,50,11,2,change_speed,0,2095,44.0,2095,39.6
10,0,4,50,11,2,change_speed,10,2095,44.0,2304,47.5
10,0,4,50,11,3,add_lane,0,2095,44.1,2095,44.1
10,0,4,50,11,3,add_lane,1,2095,44.1,2346,48.5
10,0,4,50,11,3,add_lane,2,2095,44.1,2598,52.9
10,0,4,50,11,3,change_speed,-10,2095,44.1,1886,31.8
10,0,4,50,11,3,change_speed,0,2095,44.1,2095,39.7
10,0,4,50,11,3,change_speed,10,2095,44.1,2304,47.6
10,0,4,50,11,4,add_lane,0,2095,43.4,2095,43.4
10,0,4,50,11,4,add_lane,1,2095,43.4,2346,47.7
10,0,4,50,11,4,add_lane,2,2095,43.4,2598,52.1
10,0,4,50,11,4,change_speed,-10,2095,43.4,1886,31.2
10,0,4,50,11,4,change_speed,0,2095,43.4,2095,39.1
10,0,4,50,11,4,change_speed,10,2095,43.4,2304,46.9
10,0,4,50,11,5,add_lane,0,1512,29.5,1512,29.5
10,0,4,50,11,5,add_lane,1,1512,29.5,1693,32.5
10,0,4,50,11,5,add_lane,2,1512,29.5,1875,35.4
10,0,4,50,11,5,change_speed,-10,1512,29.5,1361,21.2
10,0,4,50,11,5,change_speed,0,1512,29.5,1512,26.6
10,0,4,50,11,5,change_speed,10,1512,29.5,1663,31.9
10,0,4,50,11,6,add_lane,0,1328,36.3,1328,36.3
10,0,4,50,11,6,add_lane,1,1328,36.3,1487,39.9
10,0,4,50,11,6,add_lane,2,1328,36.3,1647,43.6
10,0,4,50,11,6,change_speed,-10,1328,36.3,1195,26.1
10,0,4,50,11,6,change_speed,0,1328,36.3,1328,32.7
10,0,4,50,11,6,change_speed,10,1328,36.3,1461,39.2
10,0,4,50,12,0,add_lane,0,974,44.5,974,44.5
10,0,4,50,12,0,add_lane,1,974,44.5,1091,49.0
10,0,4,50,12,0,add_lane,2,974,44.5,1208,53.4
10,0,4,50,12,0,change_speed,-10,974,44.5,877,32.0
10,0,4,50,12,0,change_speed,0,974,44.5,974,40.1
10,0,4,50,12,0,change_speed,10,974,44.5,1071,48.1
10,0,4,50,12,1,add_lane,0,1980,45.0,1980,45.0
10,0,4,50,12,1,add_lane,1,1980,45.0,2218,49.5
10,0,4,50,12,1,add_lane,2,1980,45.0,2455,54.0
10,0,4,50,12,1,change_speed,-10,1980,45.0,1782,32.4
10,0,4,50,12,1,change_speed,0,1980,45.0,1980,40.5
10,0,4,50,12,1,change_speed,10,1980,45.0,2178,48.6
10,0,4,50,12,2,add_lane,0,1921,41.5,1921,41.5
10,0,4,50,12,2,add_lane,1,1921,41.5,2152,45.7
10,0,4,50,12,2,add_lane,2,1921,41.5,2382,49.8
10,0,4,50,12,2,change_speed,-10,1921,41.5,1729,29.9
10,0,4,50,12,2,change_speed,0,1921,41.5,1921,37.4
10,0,4,50,12,2,change_speed,10,1921,41.5,2113,44.8
10,0,4,50,12,3,add_lane,0,1921,43.6,1921,43.6
10,0,4,50,12,3,add_lane,1,1921,43.6,2152,48.0
10,0,4,50,12,3,add_lane,2,1921,43.6,2382,52.3
10,0,4,50,12,3,change_speed,-10,1921,43.6,1729,31.4
10,0,4,50,12,3,change_speed,0,1921,43.6,1921,39.2
10,0,4,50,12,3,change_speed,10,1921,43.6,2113,47.1
10,0,4,50,12,4,add_lane,0,1921,44.3,1921,44.3
10,0,4,50,12,4,add_lane,1,1921,44.3,2152,48.7
10,0,4,50,12,4,add_lane,2,1921,44.3,2382,53.2
10,0,4,50,12,4,change_speed,-10,1921,44.3,1729,31.9
10,0,4,50,12,4,change_speed,0,1921,44.3,1921,39.9
10,0,4,50,12,4,change_speed,10,1921,44.3,2113,47.8
10,0,4,50,12,5,add_lane,0,1386,32.7,1386,32.7
10,0,4,50,12,5,add_lane,1,1386,32.7,1552,36.0
10,0,4,50,12,5,add_lane,2,1386,32.7,1719,39.2
10,0,4,50,12,5,change_speed,-10,1386,32.7,1247,23.5
10,0,4,50,12,5,change_speed,0,1386,32.7,1386,29.4
10,0,4,50,12,5,change_speed,10,1386,32.7,1525,35.3
10,0,4,50,12,6,add_lane,0,1218,34.6,1218,34.6
10,0,4,50,12,6,add_lane,1,1218,34.6,1364,38.1
10,0,4,50,12,6,add_lane,2,1218,34.6,1510,41.5
10,0,4,50,12,6,change_speed,-10,1218,34.6,1096,24.9
10,0,4,50,12,6,change_speed,0,1218,34.6,1218,31.1
10,0,4,50,12,6,change_speed,10,1218,34.6,1340,37.4
10,0,4,50,13,0,add_lane,0,974,44.4,974,44.4
10,0,4,50,13,0,add_lane,1,974,44.4,1091,48.8
10,0,4,50,13,0,add_lane,2,974,44.4,1208,53.3
10,0,4,50,13,0,change_speed,-10,974,44.4,877,32.0
10,0,4,50,13,0,change_speed,0,974,44.4,974,40.0
10,0,4,50,13,0,change_speed,10,974,44.4,1071,48.0
10,0,4,50,13,1,add_lane,0,1980,43.2,1980,43.2
10,0,4,50,13,1,add_lane,1,1980,43.2,2218,47.5
10,0,4,50,13,1,add_lane,2,1980,43.2,2455,51.8
10,0,4,50,13,1,change_speed,-10,1980,43.2,1782,31.1
10,0,4,50,13,1,change_speed,0,1980,43.2,1980,38.9
10,0,4,50,13,1,change_speed,10,1980,43.2,2178,46.7
10,0,4,50,13,2,add_lane,0,1921,42.0,1921,42.0
10,0,4,50,13,2,add_lane,1,1921,42.0,2152,46.2
10,0,4,50,13,2,add_lane,2,1921,42.0,2382,50.4
10,0,4,50,13,2,change_speed,-10,1921,42.0,1729,30.2
10,0,4,50,13,2,change_speed,0,1921,42.0,1921,37.8
10,0,4,50,13,2,change_speed,10,1921,42.0,2113,45.4
10,0,4,50,13,3,add_lane,0,1921,43.9,1921,43.9
10,0,4,50,13,3,add_lane,1,1921,43.9,2152,48.3
10,0,4,50,13,3,add_lane,2,1921,43.9,2382,52.7
10,0,4,50,13,3,change_speed,-10,1921,43.9,1729,31.6
10,0,4,50,13,3,change_speed,0,1921,43.9,1921,39.5
10,0,4,50,13,3,change_speed,10,1921,43.9,2113,47.4
10,0,4,50,13,4,add_lane,0,1921,42.6,1921,42.6
10,0,4,50,13,4,add_lane,1,1921,42.6,2152,46.9
10,0,4,50,13,4,add_lane,2,1921,42.6,2382,51.1
10,0,4,50,13,4,change_speed,-10,1921,42.6,1729,30.7
10,0,4,50,13,4,change_speed,0,1921,42.6,1921,38.3
10,0,4,50,13,4,change_speed,10,1921,42.6,2113,46.0
10,0,4,50,13,5,add_lane,0,1386,31.8,1386,31.8
10,0,4,50,13,5,add_lane,1,1386,31.8,1552,35.0
10,0,4,50,13,5,add_lane,2,1386,31.8,1719,38.2
10,0,4,50,13,5,change_speed,-10,1386,31.8,1247,22.9
10,0,4,50,13,5,change_speed,0,1386,31.8,1386,28.6
10,0,4,50,13,5,change_speed,10,1386,31.8,1525,34.3
10,0,4,50,13,6,add_lane,0,1218,37.3,1218,37.3
10,0,4,50,13,6,add_lane,1,1218,37.3,1364,41.0
10,0,4,50,13,6,add_lane,2,1218,37.3,1510,44.8
10,0,4,50,13,6,change_speed,-10,1218,37.3,1096,26.9
10,0,4,50,13,6,change_speed,0,1218,37.3,1218,33.6
10,0,4,50,13,6,change_speed,10,1218,37.3,1340,40.3
10,0,4,50,14,0,add_lane,0,1063,40.3,1063,40.3
10,0,4,50,14,0,add_lane,1,1063,40.3,1191,44.3
10,0,4,50,14,0,add_lane,2,1063,40.3,1318,48.4
10,0,4,50,14,0,change_speed,-10,1063,40.3,957,29.0
10,0,4,50,14,0,change_speed,0,1063,40.3,1063,36.3
10,0,4,50,14,0,change_speed,10,1063,40.3,1169,43.5
10,0,4,50,14,1,add_lane,0,2160,41.6,2160,41.6
10,0,4,50,14,1,add_lane,1,2160,41.6,2419,45.8
10,0,4,50,14,1,add_lane,2,2160,41.6,2678,49.9
10,0,4,50,14,1,change_speed,-10,2160,41.6,1944,30.0
10,0,4,50,14,1,change_speed,0,2160,41.6,2160,37.4
10,0,4,50,14,1,change_speed,10,2160,41.6,2376,44.9
10,0,4,50,14,2,add_lane,0,2095,38.1,2095,38.1
10,0,4,50,14,2,add_lane,1,2095,38.1,2346,41.9
10,0,4,50,14,2,add_lane,2,2095,38.1,2598,45.7
10,0,4,50,14,2,change_speed,-10,2095,38.1,1886,27.4
10,0,4,50,14,2,change_speed,0,2095,38.1,2095,34.3
10,0,4,50,14,2,change_speed,10,2095,38.1,2304,41.1
10,0,4,50,14,3,add_lane,0,2095,42.9,2095,42.9
10,0,4,50,14,3,add_lane,1,2095,42.9,2346,47.2
10,0,4,50,14,3,add_lane,2,2095,42.9,2598,51.5
10,0,4,50,14,3,change_speed,-10,2095,42.9,1886,30.9
10,0,4,50,14,3,change_speed,0,2095,42.9,2095,38.6
10,0,4,50,14,3,change_speed,10,2095,42.9,2304,46.3
10,0,4,50,14,4,add_lane,0,2095,42.6,2095,42.6
10,0,4,50,14,4,add_lane,1,2095,42.6,2346,46.9
10,0,4,50,14,4,add_lane,2,2095,42.6,2598,51.1
10,0,4,50,14,4,change_speed,-10,2095,42.6,1886,30.7
10,0,4,50,14,4,change_speed,0,2095,42.6,2095,38.3
10,0,4,50,14,4,change_speed,10,2095,42.6,2304,46.0
10,0,4,50,14,5,add_lane,0,1512,30.5,1512,30.5
10,0,4,50,14,5,add_lane,1,1512,30.5,1693,33.6
10,0,4,50,14,5,add_lane,2,1512,30.5,1875,36.6
10,0,4,50,14,5,change_speed,-10,1512,30.5,1361,22.0
10,0,4,50,14,5,change_speed,0,1512,30.5,1512,27.4
10,0,4,50,14,5,change_speed,10,1512,30.5,1663,32.9
10,0,4,50,14,6,add_lane,0,1328,37.3,1328,37.3
10,0,4,50,14,6,add_lane,1,1328,37.3,1487,41.0
10,0,4,50,14,6,add_lane,2,1328,37.3,1647,44.8
10,0,4,50,14,6,change_speed,-10,1328,37.3,1195,26.9
10,0,4,50,14,6,change_speed,0,1328,37.3,1328,33.6
10,0,4,50,14,6,change_speed,10,1328,37.3,1461,40.3
10,0,4,50,15,0,add_lane,0,1417,42.1,1417,42.1
10,0,4,50,15,0,add_lane,1,1417,42.1,1587,46.3
10,0,4,50,15,0,add_lane,2,1417,42.1,1757,50.5
10,0,4,50,15,0,change_speed,-10,1417,42.1,1275,30.3
10,0,4,50,15,0,change_speed,0,1417,42.1,1417,37.9
10,0,4,50,15,0,change_speed,10,1417,42.1,1559,45.5
10,0,4,50,15,1,add_lane,0,2880,38.6,2880,38.6
10,0,4,50,15,1,add_lane,1,2880,38.6,3226,42.5
10,0,4,50,15,1,add_lane,2,2880,38.6,3571,46.3
10,0,4,50,15,1,change_speed,-10,2880,38.6,2592,27.8
10,0,4,50,15,1,change_speed,0,2880,38.6,2880,34.7
10,0,4,50,15,1,change_speed,10,2880,38.6,3168,41.7
10,0,4,50,15,2,add_lane,0,2794,37.7,2794,37.7
10,0,4,50,15,2,add_lane,1,2794,37.7,3129,41.5
10,0,4,50,15,2,add_lane,2,2794,37.7,3465,45.2
10,0,4,50,15,2,change_speed,-10,2794,37.7,2515,27.1
10,0,4,50,15,2,change_speed,0,2794,37.7,2794,33.9
10,0,4,50,15,2,change_speed,10,2794,37.7,3073,40.7
10,0,4,50,15,3,add_lane,0,2794,38.0,2794,38.0
10,0,4,50,15,3,add_lane,1,2794,38.0,3129,41.8
10,0,4,50,15,3,add_lane,2,2794,38.0,3465,45.6
10,0,4,50,15,3,change_speed,-10,2794,38.0,2515,27.4
10,0,4,50,15,3,change_speed,0,2794,38.0,2794,34.2
10,0,4,50,15,3,change_speed,10,2794,38.0,3073,41.0
10,0,4,50,15,4,add_lane,0,2794,36.9,2794,36.9
10,0,4,50,15,4,add_lane,1,2794,36.9,3129,40.6
10,0,4,50,15,4,add_lane,2,2794,36.9,3465,44.3
10,0,4,50,15,4,change_speed,-10,2794,36.9,2515,26.6
10,0,4,50,15,4,change_speed,0,2794,36.9,2794,33.2
10,0,4,50,15,4,change_speed,10,2794,36.9,3073,39.9
10,0,4,50,15,5,add_lane,0,2016,28.1,2016,28.1
10,0,4,50,15,5,add_lane,1,2016,28.1,2258,30.9
10,0,4,50,15,5,add_lane,2,2016,28.1,2500,33.7
10,0,4,50,15,5,change_speed,-10,2016,28.1,1814,20.2
10,0,4,50,15,5,change_speed,0,2016,28.1,2016,25.3
10,0,4,50,15,5,change_speed,10,2016,28.1,2218,30.3
10,0,4,50,15,6,add_lane,0,1771,35.3,1771,35.3
10,0,4,50,15,6,add_lane,1,1771,35.3,1984,38.8
10,0,4,50,15,6,add_lane,2,1771,35.3,2196,42.4
10,0,4,50,15,6,change_speed,-10,1771,35.3,1594,25.4
10,0,4,50,15,6,change_speed,0,1771,35.3,1771,31.8
10,0,4,50,15,6,change_speed,10,1771,35.3,1948,38.1
10,0,4,50,16,0,add_lane,0,1771,40.9,1771,40.9
10,0,4,50,16,0,add_lane,1,1771,40.9,1984,45.0
10,0,4,50,16,0,add_lane,2,1771,40.9,2196,49.1
10,0,4,50,16,0,change_speed,-10,1771,40.9,1594,29.4
10,0,4,50,16,0,change_speed,0,1771,40.9,1771,36.8
10,0,4,50,16,0,change_speed,10,1771,40.9,1948,44.2
10,0,4,50,16,1,add_lane,0,3600,36.3,3600,36.3
10,0,4,50,16,1,add_lane,1,3600,36.3,4032,39.9
10,0,4,50,16,1,add_lane,2,3600,36.3,4464,43.6
10,0,4,50,16,1,change_speed,-10,3600,36.3,3240,26.1
10,0,4,50,16,1,change_speed,0,3600,36.3,3600,32.7
10,0,4,50,16,1,change_speed,10,3600,36.3,3960,39.2
10,0,4,50,16,2,add_lane,0,3492,34.4,3492,34.4
10,0,4,50,16,2,add_lane,1,3492,34.4,3911,37.8
10,0,4,50,16,2,add_lane,2,3492,34.4,4330,41.3
10,0,4,50,16,2,change_speed,-10,3492,34.4,3143,24.8
10,0,4,50,16,2,change_speed,0,3492,34.4,3492,31.0
10,0,4,50,16,2,change_speed,10,3492,34.4,3841,37.2
10,0,4,50,16,3,add_lane,0,3492,30.6,3492,30.6
10,0,4,50,16,3,add_lane,1,3492,30.6,3911,33.7
10,0,4,50,16,3,add_lane,2,3492,30.6,4330,36.7
10,0,4,50,16,3,change_speed,-10,3492,30.6,3143,22.0
10,0,4,50,16,3,change_speed,0,3492,30.6,3492,27.5
10,0,4,50,16,3,change_speed,10,3492,30.6,3841,33.0
10,0,4,50,16,4,add_lane,0,3492,33.8,3492,33.8
10,0,4,50,16,4,add_lane,1,3492,33.8,3911,37.2
10,0,4,50,16,4,add_lane,2,3492,33.8,4330,40.6
10,0,4,50,16,4,change_speed,-10,3492,33.8,3143,24.3
10,0,4,50,16,4,change_speed,0,3492,33.8,3492,30.4
10,0,4,50,16,4,change_speed,10,3492,33.8,3841,36.5
10,0,4,50,16,5,add_lane,0,2520,24.5,2520,24.5
10,0,4,50,16,5,add_lane,1,2520,24.5,2822,27.0
10,0,4,50,16,5,add_lane,2,2520,24.5,3125,29.4
10,0,4,50,16,5,change_speed,-10,2520,24.5,2268,17.6
10,0,4,50,16,5,change_speed,0,2520,24.5,2520,22.1
10,0,4,50,16,5,change_speed,10,2520,24.5,2772,26.5
10,0,4,50,16,6,add_lane,0,2214,33.4,2214,33.4
10,0,4,50,16,6,add_lane,1,2214,33.4,2480,36.7
10,0,4,50,16,6,add_lane,2,2214,33.4,2745,40.1
10,0,4,50,16,6,change_speed,-10,2214,33.4,1993,24.0
10,0,4,50,16,6,change_speed,0,2214,33.4,2214,30.1
10,0,4,50,16,6,change_speed,10,2214,33.4,2435,36.1
10,0,4,50,17,0,add_lane,0,2125,34.3,2125,34.3
10,0,4,50,17,0,add_lane,1,2125,34.3,2380,37.7
10,0,4,50,17,0,add_lane,2,2125,34.3,2635,41.2
10,0,4,50,17,0,change_speed,-10,2125,34.3,1912,24.7
10,0,4,50,17,0,change_speed,0,2125,34.3,2125,30.9
10,0,4,50,17,0,change_speed,10,2125,34.3,2338,37.0
10,0,4,50,17,1,add_lane,0,4320,31.8,4320,31.8
10,0,4,50,17,1,add_lane,1,4320,31.8,4838,35.0
10,0,4,50,17,1,add_lane,2,4320,31.8,5357,38.2
10,0,4,50,17,1,change_speed,-10,4320,31.8,3888,22.9
10,0,4,50,17,1,change_speed,0,4320,31.8,4320,28.6
10,0,4,50,17,1,change_speed,10,4320,31.8,4752,34.3
10,0,4,50,17,2,add_lane,0,4190,30.2,4190,30.2
10,0,4,50,17,2,add_lane,1,4190,30.2,4693,33.2
10,0,4,50,17,2,add_lane,2,4190,30.2,5196,36.2
10,0,4,50,17,2,change_speed,-10,4190,30.2,3771,21.7
10,0,4,50,17,2,change_speed,0,4190,30.2,4190,27.2
10,0,4,50,17,2,change_speed,10,4190,30.2,4609,32.6
10,0,4,50,17,3,add_lane,0,4190,31.9,4190,31.9
10,0,4,50,17,3,add_lane,1,4190,31.9,4693,35.1
10,0,4,50,17,3,add_lane,2,4190,31.9,5196,38.3
10,0,4,50,17,3,change_speed,-10,4190,31.9,3771,23.0
10,0,4,50,17,3,change_speed,0,4190,31.9,4190,28.7
10,0,4,50,17,3,change_speed,10,4190,31.9,4609,34.5
10,0,4,50,17,4,add_lane,0,4190,26.7,4190,26.7
10,0,4,50,17,4,add_lane,1,4190,26.7,4693,29.4
10,0,4,50,17,4,add_lane,2,4190,26.7,5196,32.0
10,0,4,50,17,4,change_speed,-10,4190,26.7,3771,19.2
10,0,4,50,17,4,change_speed,0,4190,26.7,4190,24.0
10,0,4,50,17,4,change_speed,10,4190,26.7,4609,28.8
10,0,4,50,17,5,add_lane,0,3024,21.1,3024,21.1
10,0,4,50,17,5,add_lane,1,3024,21.1,3387,23.2
10,0,4,50,17,5,add_lane,2,3024,21.1,3750,25.3
10,0,4,50,17,5,change_speed,-10,3024,21.1,2722,15.2
10,0,4,50,17,5,change_speed,0,3024,21.1,3024,19.0
10,0,4,50,17,5,change_speed,10,3024,21.1,3326,22.8
10,0,4,50,17,6,add_lane,0,2657,27.2,2657,27.2
10,0,4,50,17,6,add_lane,1,2657,27.2,2976,29.9
10,0,4,50,17,6,add_lane,2,2657,27.2,3295,32.6
10,0,4,50,17,6,change_speed,-10,2657,27.2,2391,19.6
10,0,4,50,17,6,change_speed,0,2657,27.2,2657,24.5
10,0,4,50,17,6,change_speed,10,2657,27.2,2923,29.4
10,0,4,50,18,0,add_lane,0,1948,38.1,1948,38.1
10,0,4,50,18,0,add_lane,1,1948,38.1,2182,41.9
10,0,4,50,18,0,add_lane,2,1948,38.1,2416,45.7
10,0,4,50,18,0,change_speed,-10,1948,38.1,1753,27.4
10,0,4,50,18,0,change_speed,0,1948,38.1,1948,34.3
10,0,4,50,18,0,change_speed,10,1948,38.1,2143,41.1
10,0,4,50,18,1,add_lane,0,3960,31.4,3960,31.4
10,0,4,50,18,1,add_lane,1,3960,31.4,4435,34.5
10,0,4,50,18,1,add_lane,2,3960,31.4,4910,37.7
10,0,4,50,18,1,change_speed,-10,3960,31.4,3564,22.6
10,0,4,50,18,1,change_speed,0,3960,31.4,3960,28.3
10,0,4,50,18,1,change_speed,10,3960,31.4,4356,33.9
10,0,4,50,18,2,add_lane,0,3841,28.7,3841,28.7
10,0,4,50,18,2,add_lane,1,3841,28.7,4302,31.6
10,0,4,50,18,2,add_lane,2,3841,28.7,4763,34.4
10,0,4,50,18,2,change_speed,-10,3841,28.7,3457,20.7
10,0,4,50,18,2,change_speed,0,3841,28.7,3841,25.8
10,0,4,50,18,2,change_speed,10,3841,28.7,4225,31.0
10,0,4,50,18,3,add_lane,0,3841,34.3,3841,34.3
10,0,4,50,18,3,add_lane,1,3841,34.3,4302,37.7
10,0,4,50,18,3,add_lane,2,3841,34.3,4763,41.2
10,0,4,50,18,3,change_speed,-10,3841,34.3,3457,24.7
10,0,4,50,18,3,change_speed,0,3841,34.3,3841,30.9
10,0,4,50,18,3,change_speed,10,3841,34.3,4225,37.0
10,0,4,50,18,4,add_lane,0,3841,33.5,3841,33.5
10,0,4,50,18,4,add_lane,1,3841,33.5,4302,36.9
10,0,4,50,18,4,add_lane,2,3841,33.5,4763,40.2
10,0,4,50,18,4,change_speed,-10,3841,33.5,3457,24.1
10,0,4,50,18,4,change_speed,0,3841,33.5,3841,30.2
10,0,4,50,18,4,change_speed,10,3841,33.5,4225,36.2
10,0,4,50,18,5,add_lane,0,2772,25.4,2772,25.4
10,0,4,50,18,5,add_lane,1,2772,25.4,3105,27.9
10,0,4,50,18,5,add_lane,2,2772,25.4,3437,30.5
10,0,4,50,18,5,change_speed,-10,2772,25.4,2495,18.3
10,0,4,50,18,5,change_speed,0,2772,25.4,2772,22.9
10,0,4,50,18,5,change_speed,10,2772,25.4,3049,27.4
10,0,4,50,18,6,add_lane,0,2435,34.1,2435,34.1
10,0,4,50,18,6,add_lane,1,2435,34.1,2727,37.5
10,0,4,50,18,6,add_lane,2,2435,34.1,3019,40.9
10,0,4,50,18,6,change_speed,-10,2435,34.1,2192,24.6
10,0,4,50,18,6,change_speed,0,2435,34.1,2435,30.7
10,0,4,50,18,6,change_speed,10,2435,34.1,2678,36.8
10,0,4,50,19,0,add_lane,0,1594,39.3,1594,39.3
10,0,4,50,19,0,add_lane,1,1594,39.3,1785,43.2
10,0,4,50,19,0,add_lane,2,1594,39.3,1977,47.2
10,0,4,50,19,0,change_speed,-10,1594,39.3,1435,28.3
10,0,4,50,19,0,change_speed,0,1594,39.3,1594,35.4
10,0,4,50,19,0,change_speed,10,1594,39.3,1753,42.4
10,0,4,50,19,1,add_lane,0,3240,37.7,3240,37.7
10,0,4,50,19,1,add_lane,1,3240,37.7,3629,41.5
10,0,4,50,19,1,add_lane,2,3240,37.7,4018,45.2
10,0,4,50,19,1,change_speed,-10,3240,37.7,2916,27.1
10,0,4,50,19,1,change_speed,0,3240,37.7,3240,33.9
10,0,4,50,19,1,change_speed,10,3240,37.7,3564,40.7
10,0,4,50,19,2,add_lane,0,3143,36.9,3143,36.9
10,0,4,50,19,2,add_lane,1,3143,36.9,3520,40.6
10,0,4,50,19,2,add_lane,2,3143,36.9,3897,44.3
10,0,4,50,19,2,change_speed,-10,3143,36.9,2829,26.6
10,0,4,50,19,2,change_speed,0,3143,36.9,3143,33.2
10,0,4,50,19,2,change_speed,10,3143,36.9,3457,39.9
10,0,4,50,19,3,add_lane,0,3143,34.3,3143,34.3
10,0,4,50,19,3,add_lane,1,3143,34.3,3520,37.7
10,0,4,50,19,3,add_lane,2,3143,34.3,3897,41.2
10,0,4,50,19,3,change_speed,-10,3143,34.3,2829,24.7
10,0,4,50,19,3,change_speed,0,3143,34.3,3143,30.9
10,0,4,50,19,3,change_speed,10,3143,34.3,3457,37.0
10,0,4,50,19,4,add_lane,0,3143,33.8,3143,33.8
10,0,4,50,19,4,add_lane,1,3143,33.8,3520,37.2
10,0,4,50,19,4,add_lane,2,3143,33.8,3897,40.6
10,0,4,50,19,4,change_speed,-10,3143,33.8,2829,24.3
10,0,4,50,19,4,change_speed,0,3143,33.8,3143,30.4
10,0,4,50,19,4,change_speed,10,3143,33.8,3457,36.5
10,0,4,50,19,5,add_lane,0,2268,28.4,2268,28.4
10,0,4,50,19,5,add_lane,1,2268,28.4,2540,31.2
10,0,4,50,19,5,add_lane,2,2268,28.4,2812,34.1
10,0,4,50,19,5,change_speed,-10,2268,28.4,2041,20.4
10,0,4,50,19,5,change_speed,0,2268,28.4,2268,25.6
10,0,4,50,19,5,change_speed,10,2268,28.4,2495,30.7
10,0,4,50,19,6,add_lane,0,1993,36.5,1993,36.5
10,0,4,50,19,6,add_lane,1,1993,36.5,2232,40.2
10,0,4,50,19,6,add_lane,2,1993,36.5,2471,43.8
10,0,4,50,19,6,change_speed,-10,1993,36.5,1794,26.3
10,0,4,50,19,6,change_speed,0,1993,36.5,1993,32.9
10,0,4,50,19,6,change_speed,10,1993,36.5,2192,39.4
10,0,4,50,20,0,add_lane,0,1151,41.7,1151,41.7
10,0,4,50,20,0,add_lane,1,1151,41.7,1289,45.9
10,0,4,50,20,0,add_lane,2,1151,41.7,1427,50.0
10,0,4,50,20,0,change_speed,-10,1151,41.7,1036,30.0
10,0,4,50,20,0,change_speed,0,1151,41.7,1151,37.5
10,0,4,50,20,0,change_speed,10,1151,41.7,1266,45.0
10,0,4,50,20,1,add_lane,0,2340,40.8,2340,40.8
10,0,4,50,20,1,add_lane,1,2340,40.8,2621,44.9
10,0,4,50,20,1,add_lane,2,2340,40.8,2902,49.0
10,0,4,50,20,1,change_speed,-10,2340,40.8,2106,29.4
10,0,4,50,20,1,change_speed,0,2340,40.8,2340,36.7
10,0,4,50,20,1,change_speed,10,2340,40.8,2574,44.1
10,0,4,50,20,2,add_lane,0,2270,37.3,2270,37.3
10,0,4,50,20,2,add_lane,1,2270,37.3,2542,41.0
10,0,4,50,20,2,add_lane,2,2270,37.3,2815,44.8
10,0,4,50,20,2,change_speed,-10,2270,37.3,2043,26.9
10,0,4,50,20,2,change_speed,0,2270,37.3,2270,33.6
10,0,4,50,20,2,change_speed,10,2270,37.3,2497,40.3
10,0,4,50,20,3,add_lane,0,2270,38.8,2270,38.8
10,0,4,50,20,3,add_lane,1,2270,38.8,2542,42.7
10,0,4,50,20,3,add_lane,2,2270,38.8,2815,46.6
10,0,4,50,20,3,change_speed,-10,2270,38.8,2043,27.9
10,0,4,50,20,3,change_speed,0,2270,38.8,2270,34.9
10,0,4,50,20,3,change_speed,10,2270,38.8,2497,41.9
10,0,4,50,20,4,add_lane,0,2270,39.3,2270,39.3
10,0,4,50,20,4,add_lane,1,2270,39.3,2542,43.2
10,0,4,50,20,4,add_lane,2,2270,39.3,2815,47.2
10,0,4,50,20,4,change_speed,-10,2270,39.3,2043,28.3
10,0,4,50,20,4,change_speed,0,2270,39.3,2270,35.4
10,0,4,50,20,4,change_speed,10,2270,39.3,2497,42.4
10,0,4,50,20,5,add_lane,0,1638,29.3,1638,29.3
10,0,4,50,20,5,add_lane,1,1638,29.3,1835,32.2
10,0,4,50,20,5,add_lane,2,1638,29.3,2031,35.2
10,0,4,50,20,5,change_speed,-10,1638,29.3,1474,21.1
10,0,4,50,20,5,change_speed,0,1638,29.3,1638,26.4
10,0,4,50,20,5,change_speed,10,1638,29.3,1802,31.6
10,0,4,50,20,6,add_lane,0,1439,38.1,1439,38.1
10,0,4,50,20,6,add_lane,1,1439,38.1,1612,41.9
10,0,4,50,20,6,add_lane,2,1439,38.1,1784,45.7
10,0,4,50,20,6,change_speed,-10,1439,38.1,1295,27.4
10,0,4,50,20,6,change_speed,0,1439,38.1,1439,34.3
10,0,4,50,20,6,change_speed,10,1439,38.1,1583,41.1
10,0,4,50,21,0,add_lane,0,797,41.0,797,41.0
10,0,4,50,21,0,add_lane,1,797,41.0,893,45.1
10,0,4,50,21,0,add_lane,2,797,41.0,988,49.2
10,0,4,50,21,0,change_speed,-10,797,41.0,717,29.5
10,0,4,50,21,0,change_speed,0,797,41.0,797,36.9
10,0,4,50,21,0,change_speed,10,797,41.0,877,44.3
10,0,4,50,21,1,add_lane,0,1620,45.6,1620,45.6
10,0,4,50,21,1,add_lane,1,1620,45.6,1814,50.2
10,0,4,50,21,1,add_lane,2,1620,45.6,2009,54.7
10,0,4,50,21,1,change_speed,-10,1620,45.6,1458,32.8
10,0,4,50,21,1,change_speed,0,1620,45.6,1620,41.0
10,0,4,50,21,1,change_speed,10,1620,45.6,1782,49.2
10,0,4,50,21,2,add_lane,0,1571,43.5,1571,43.5
10,0,4,50,21,2,add_lane,1,1571,43.5,1760,47.9
10,0,4,50,21,2,add_lane,2,1571,43.5,1948,52.2
10,0,4,50,21,2,change_speed,-10,1571,43.5,1414,31.3
10,0,4,50,21,2,change_speed,0,1571,43.5,1571,39.1
10,0,4,50,21,2,change_speed,10,1571,43.5,1728,47.0
10,0,4,50,21,3,add_lane,0,1571,45.1,1571,45.1
10,0,4,50,21,3,add_lane,1,1571,45.1,1760,49.6
10,0,4,50,21,3,add_lane,2,1571,45.1,1948,54.1
10,0,4,50,21,3,change_speed,-10,1571,45.1,1414,32.5
10,0,4,50,21,3,change_speed,0,1571,45.1,1571,40.6
10,0,4,50,21,3,change_speed,10,1571,45.1,1728,48.7
10,0,4,50,21,4,add_lane,0,1571,50.0,1571,50.0
10,0,4,50,21,4,add_lane,1,1571,50.0,1760,55.0
10,0,4,50,21,4,add_lane,2,1571,50.0,1948,60.0
10,0,4,50,21,4,change_speed,-10,1571,50.0,1414,36.0
10,0,4,50,21,4,change_speed,0,1571,50.0,1571,45.0
10,0,4,50,21,4,change_speed,10,1571,50.0,1728,54.0
10,0,4,50,21,5,add_lane,0,1134,30.4,1134,30.4
10,0,4,50,21,5,add_lane,1,1134,30.4,1270,33.4
10,0,4,50,21,5,add_lane,2,1134,30.4,1406,36.5
10,0,4,50,21,5,change_speed,-10,1134,30.4,1021,21.9
10,0,4,50,21,5,change_speed,0,1134,30.4,1134,27.4
10,0,4,50,21,5,change_speed,10,1134,30.4,1247,32.8
10,0,4,50,21,6,add_lane,0,996,36.6,996,36.6
10,0,4,50,21,6,add_lane,1,996,36.6,1116,40.3
10,0,4,50,21,6,add_lane,2,996,36.6,1235,43.9
10,0,4,50,21,6,change_speed,-10,996,36.6,896,26.4
10,0,4,50,21,6,change_speed,0,996,36.6,996,32.9
10,0,4,50,21,6,change_speed,10,996,36.6,1096,39.5
10,0,4,50,22,0,add_lane,0,531,39.9,531,39.9
10,0,4,50,22,0,add_lane,1,531,39.9,595,43.9
10,0,4,50,22,0,add_lane,2,531,39.9,658,47.9
10,0,4,50,22,0,change_speed,-10,531,39.9,478,28.7
10,0,4,50,22,0,change_speed,0,531,39.9,531,35.9
10,0,4,50,22,0,change_speed,10,531,39.9,584,43.1
10,0,4,50,22,1,add_lane,0,1080,47.3,1080,47.3
10,0,4,50,22,1,add_lane,1,1080,47.3,1210,52.0
10,0,4,50,22,1,add_lane,2,1080,47.3,1339,56.8
10,0,4,50,22,1,change_speed,-10,1080,47.3,972,34.1
10,0,4,50,22,1,change_speed,0,1080,47.3,1080,42.6
10,0,4,50,22,1,change_speed,10,1080,47.3,1188,51.1
10,0,4,50,22,2,add_lane,0,1048,41.9,1048,41.9
10,0,4,50,22,2,add_lane,1,1048,41.9,1174,46.1
10,0,4,50,22,2,add_lane,2,1048,41.9,1300,50.3
10,0,4,50,22,2,change_speed,-10,1048,41.9,943,30.2
10,0,4,50,22,2,change_speed,0,1048,41.9,1048,37.7
10,0,4,50,22,2,change_speed,10,1048,41.9,1153,45.3
10,0,4,50,22,3,add_lane,0,1048,48.0,1048,48.0
10,0,4,50,22,3,add_lane,1,1048,48.0,1174,52.8
10,0,4,50,22,3,add_lane,2,1048,48.0,1300,57.6
10,0,4,50,22,3,change_speed,-10,1048,48.0,943,34.6
10,0,4,50,22,3,change_speed,0,1048,48.0,1048,43.2
10,0,4,50,22,3,change_speed,10,1048,48.0,1153,51.8
10,0,4,50,22,4,add_lane,0,1048,45.8,1048,45.8
10,0,4,50,22,4,add_lane,1,1048,45.8,1174,50.4
10,0,4,50,22,4,add_lane,2,1048,45.8,1300,55.0
10,0,4,50,22,4,change_speed,-10,1048,45.8,943,33.0
10,0,4,50,22,4,change_speed,0,1048,45.8,1048,41.2
10,0,4,50,22,4,change_speed,10,1048,45.8,1153,49.5
10,0,4,50,22,5,add_lane,0,756,33.8,756,33.8
10,0,4,50,22,5,add_lane,1,756,33.8,847,37.2
10,0,4,50,22,5,add_lane,2,756,33.8,937,40.6
10,0,4,50,22,5,change_speed,-10,756,33.8,680,24.3
10,0,4,50,22,5,change_speed,0,756,33.8,756,30.4
10,0,4,50,22,5,change_speed,10,756,33.8,832,36.5
10,0,4,50,22,6,add_lane,0,664,41.8,664,41.8
10,0,4,50,22,6,add_lane,1,664,41.8,744,46.0
10,0,4,50,22,6,add_lane,2,664,41.8,823,50.2
10,0,4,50,22,6,change_speed,-10,664,41.8,598,30.1
10,0,4,50,22,6,change_speed,0,664,41.8,664,37.6
10,0,4,50,22,6,change_speed,10,664,41.8,730,45.1
10,0,4,50,23,0,add_lane,0,354,43.7,354,43.7
10,0,4,50,23,0,add_lane,1,354,43.7,396,48.1
10,0,4,50,23,0,add_lane,2,354,43.7,439,52.4
10,0,4,50,23,0,change_speed,-10,354,43.7,319,31.5
10,0,4,50,23,0,change_speed,0,354,43.7,354,39.3
10,0,4,50,23,0,change_speed,10,354,43.7,389,47.2
10,0,4,50,23,1,add_lane,0,720,50.2,720,50.2
10,0,4,50,23,1,add_lane,1,720,50.2,806,55.2
10,0,4,50,23,1,add_lane,2,720,50.2,893,60.2
10,0,4,50,23,1,change_speed,-10,720,50.2,648,36.1
10,0,4,50,23,1,change_speed,0,720,50.2,720,45.2
10,0,4,50,23,1,change_speed,10,720,50.2,792,54.2
10,0,4,50,23,2,add_lane,0,698,47.9,698,47.9
10,0,4,50,23,2,add_lane,1,698,47.9,782,52.7
10,0,4,50,23,2,add_lane,2,698,47.9,866,57.5
10,0,4,50,23,2,change_speed,-10,698,47.9,628,34.5
10,0,4,50,23,2,change_speed,0,698,47.9,698,43.1
10,0,4,50,23,2,change_speed,10,698,47.9,768,51.7
10,0,4,50,23,3,add_lane,0,698,47.8,698,47.8
10,0,4,50,23,3,add_lane,1,698,47.8,782,52.6
10,0,4,50,23,3,add_lane,2,698,47.8,866,57.4
10,0,4,50,23,3,change_speed,-10,698,47.8,628,34.4
10,0,4,50,23,3,change_speed,0,698,47.8,698,43.0
10,0,4,50,23,3,change_speed,10,698,47.8,768,51.6
10,0,4,50,23,4,add_lane,0,698,50.5,698,50.5
10,0,4,50,23,4,add_lane,1,698,50.5,782,55.6
10,0,4,50,23,4,add_lane,2,698,50.5,866,60.6
10,0,4,50,23,4,change_speed,-10,698,50.5,628,36.4
10,0,4,50,23,4,change_speed,0,698,50.5,698,45.5
10,0,4,50,23,4,change_speed,10,698,50.5,768,54.5
10,0,4,50,23,5,add_lane,0,504,33.7,504,33.7
10,0,4,50,23,5,add_lane,1,504,33.7,564,37.1
10,0,4,50,23,5,add_lane,2,504,33.7,625,40.4
10,0,4,50,23,5,change_speed,-10,504,33.7,454,24.3
10,0,4,50,23,5,change_speed,0,504,33.7,504,30.3
10,0,4,50,23,5,change_speed,10,504,33.7,554,36.4
10,0,4,50,23,6,add_lane,0,443,42.0,443,42.0
10,0,4,50,23,6,add_lane,1,443,42.0,496,46.2
10,0,4,50,23,6,add_lane,2,443,42.0,549,50.4
10,0,4,50,23,6,change_speed,-10,443,42.0,399,30.2
10,0,4,50,23,6,change_speed,0,443,42.0,443,37.8
10,0,4,50,23,6,change_speed,10,443,42.0,487,45.4
11,2,8,80,0,0,add_lane,0,1240,67.2,1240,67.2
11,2,8,80,0,0,add_lane,1,1240,67.2,1389,73.9
11,2,8,80,0,0,add_lane,2,1240,67.2,1538,80.6
11,2,8,80,0,0,change_speed,-10,1240,67.2,1162,52.9
11,2,8,80,0,0,change_speed,0,1240,67.2,1240,60.5
11,2,8,80,0,0,change_speed,10,1240,67.2,1318,68.0
11,2,8,80,0,1,add_lane,0,2520,82.4,2520,82.4
11,2,8,80,0,1,add_lane,1,2520,82.4,2822,90.6
11,2,8,80,0,1,add_lane,2,2520,82.4,3125,98.9
11,2,8,80,0,1,change_speed,-10,2520,82.4,2362,64.9
11,2,8,80,0,1,change_speed,0,2520,82.4,2520,74.2
11,2,8,80,0,1,change_speed,10,2520,82.4,2678,83.4
11,2,8,80,0,2,add_lane,0,2444,68.4,2444,68.4
11,2,8,80,0,2,add_lane,1,2444,68.4,2737,75.2
11,2,8,80,0,2,add_lane,2,2444,68.4,3031,82.1
11,2,8,80,0,2,change_speed,-10,2444,68.4,2291,53.9
11,2,8,80,0,2,change_speed,0,2444,68.4,2444,61.6
11,2,8,80,0,2,change_speed,10,2444,68.4,2597,69.3
11,2,8,80,0,3,add_lane,0,2444,67.3,2444,67.3
11,2,8,80,0,3,add_lane,1,2444,67.3,2737,74.0
11,2,8,80,0,3,add_lane,2,2444,67.3,3031,80.8
11,2,8,80,0,3,change_speed,-10,2444,67.3,2291,53.0
11,2,8,80,0,3,change_speed,0,2444,67.3,2444,60.6
11,2,8,80,0,3,change_speed,10,2444,67.3,2597,68.1
11,2,8,80,0,4,add_lane,0,2444,75.0,2444,75.0
11,2,8,80,0,4,add_lane,1,2444,75.0,2737,82.5
11,2,8,80,0,4,add_lane,2,2444,75.0,3031,90.0
11,2,8,80,0,4,change_speed,-10,2444,75.0,2291,59.1
11,2,8,80,0,4,change_speed,0,2444,75.0,2444,67.5
11,2,8,80,0,4,change_speed,10,2444,75.0,2597,75.9
11,2,8,80,0,5,add_lane,0,1764,57.1,1764,57.1
11,2,8,80,0,5,add_lane,1,1764,57.1,1976,62.8
11,2,8,80,0,5,add_lane,2,1764,57.1,2187,68.5
11,2,8,80,0,5,change_speed,-10,1764,57.1,1654,45.0
11,2,8,80,0,5,change_speed,0,1764,57.1,1764,51.4
11,2,8,80,0,5,change_speed,10,1764,57.1,1874,57.8
11,2,8,80,0,6,add_lane,0,1550,66.4,1550,66.4
11,2,8,80,0,6,add_lane,1,1550,66.4,1736,73.0
11,2,8,80,0,6,add_lane,2,1550,66.4,1922,79.7
11,2,8,80,0,6,change_speed,-10,1550,66.4,1453,52.3
11,2,8,80,0,6,change_speed,0,1550,66.4,1550,59.8
11,2,8,80,0,6,change_speed,10,1550,66.4,1647,67.2
11,2,8,80,1,0,add_lane,0,1063,73.3,1063,73.3
11,2,8,80,1,0,add_lane,1,1063,73.3,1191,80.6
11,2,8,80,1,0,add_lane,2,1063,73.3,1318,88.0
11,2,8,80,1,0,change_speed,-10,1063,73.3,997,57.7
11,2,8,80,1,0,change_speed,0,1063,73.3,1063,66.0
11,2,8,80,1,0,change_speed,10,1063,73.3,1129,74.2
11,2,8,80,1,1,add_lane,0,2160,78.3,2160,78.3
11,2,8,80,1,1,add_lane,1,2160,78.3,2419,86.1
11,2,8,80,1,1,add_lane,2,2160,78.3,2678,94.0
11,2,8,80,1,1,change_speed,-10,2160,78.3,2025,61.7
11,2,8,80,1,1,change_speed,0,2160,78.3,2160,70.5
11,2,8,80,1,1,change_speed,10,2160,78.3,2295,79.3
11,2,8,80,1,2,add_lane,0,2095,72.3,2095,72.3
11,2,8,80,1,2,add_lane,1,2095,72.3,2346,79.5
11,2,8,80,1,2,add_lane,2,2095,72.3,2598,86.8
11,2,8,80,1,2,change_speed,-10,2095,72.3,1964,56.9
11,2,8,80,1,2,change_speed,0,2095,72.3,2095,65.1
11,2,8,80,1,2,change_speed,10,2095,72.3,2226,73.2
11,2,8,80,1,3,add_lane,0,2095,75.7,2095,75.7
11,2,8,80,1,3,add_lane,1,2095,75.7,2346,83.3
11,2,8,80,1,3,add_lane,2,2095,75.7,2598,90.8
11,2,8,80,1,3,change_speed,-10,2095,75.7,1964,59.6
11,2,8,80,1,3,change_speed,0,2095,75.7,2095,68.1
11,2,8,80,1,3,change_speed,10,2095,75.7,2226,76.6
11,2,8,80,1,4,add_lane,0,2095,68.4,2095,68.4
11,2,8,80,1,4,add_lane,1,2095,68.4,2346,75.2
11,2,8,80,1,4,add_lane,2,2095,68.4,2598,82.1
11,2,8,80,1,4,change_speed,-10,2095,68.4,1964,53.9
11,2,8,80,1,4,change_speed,0,2095,68.4,2095,61.6
11,2,8,80,1,4,change_speed,10,2095,68.4,2226,69.3
11,2,8,80,1,5,add_lane,0,1512,56.5,1512,56.5
11,2,8,80,1,5,add_lane,1,1512,56.5,1693,62.2
11,2,8,80,1,5,add_lane,2,1512,56.5,1875,67.8
11,2,8,80,1,5,change_speed,-10,1512,56.5,1418,44.5
11,2,8,80,1,5,change_speed,0,1512,56.5,1512,50.9
11,2,8,80,1,5,change_speed,10,1512,56.5,1606,57.2
11,2,8,80,1,6,add_lane,0,1328,71.5,1328,71.5
11,2,8,80,1,6,add_lane,1,1328,71.5,1487,78.7
11,2,8,80,1,6,add_lane,2,1328,71.5,1647,85.8
11,2,8,80,1,6,change_speed,-10,1328,71.5,1245,56.3
11,2,8,80,1,6,change_speed,0,1328,71.5,1328,64.4
11,2,8,80,1,6,change_speed,10,1328,71.5,1411,72.4
11,2,8,80,2,0,add_lane,0,992,73.6,992,73.6
11,2,8,80,2,0,add_lane,1,992,73.6,1111,81.0
11,2,8,80,2,0,add_lane,2,992,73.6,1230,88.3
11,2,8,80,2,0,change_speed,-10,992,73.6,930,58.0
11,2,8,80,2,0,change_speed,0,992,73.6,992,66.2
11,2,8,80,2,0,change_speed,10,992,73.6,1054,74.5
11,2,8,80,2,1,add_lane,0,2016,79.2,2016,79.2
11,2,8,80,2,1,add_lane,1,2016,79.2,2258,87.1
11,2,8,80,2,1,add_lane,2,2016,79.2,2500,95.0
11,2,8,80,2,1,change_speed,-10,2016,79.2,1890,62.4
11,2,8,80,2,1,change_speed,0,2016,79.2,2016,71.3
11,2,8,80,2,1,change_speed,10,2016,79.2,2142,80.2
11,2,8,80,2,2,add_lane,0,1956,75.2,1956,75.2
11,2,8,80,2,2,add_lane,1,1956,75.2,2191,82.7
11,2,8,80,2,2,add_lane,2,1956,75.2,2425,90.2
11,2,8,80,2,2,change_speed,-10,1956,75.2,1834,59.2
11,2,8,80,2,2,change_speed,0,1956,75.2,1956,67.7
11,2,8,80,2,2,change_speed,10,1956,75.2,2078,76.1
11,2,8,80,2,3,add_lane,0,1956,77.4,1956,77.4
11,2,8,80,2,3,add_lane,1,1956,77.4,2191,85.1
11,2,8,80,2,3,add_lane,2,1956,77.4,2425,92.9
11,2,8,80,2,3,change_speed,-10,1956,77.4,1834,61.0
11,2,8,80,2,3,change_speed,0,1956,77.4,1956,69.7
11,2,8,80,2,3,change_speed,10,1956,77.4,2078,78.4
11,2,8,80,2,4,add_lane,0,1956,70.4,1956,70.4
11,2,8,80,2,4,add_lane,1,1956,70.4,2191,77.4
11,2,8,80,2,4,add_lane,2,1956,70.4,2425,84.5
11,2,8,80,2,4,change_speed,-10,1956,70.4,1834,55.4
11,2,8,80,2,4,change_speed,0,1956,70.4,1956,63.4
11,2,8,80,2,4,change_speed,10,1956,70.4,2078,71.3
11,2,8,80,2,5,add_lane,0,1411,56.0,1411,56.0
11,2,8,80,2,5,add_lane,1,1411,56.0,1580,61.6
11,2,8,80,2,5,add_lane,2,1411,56.0,1750,67.2
11,2,8,80,2,5,change_speed,-10,1411,56.0,1323,44.1
11,2,8,80,2,5,change_speed,0,1411,56.0,1411,50.4
11,2,8,80,2,5,change_speed,10,1411,56.0,1499,56.7
11,2,8,80,2,6,add_lane,0,1240,65.1,1240,65.1
11,2,8,80,2,6,add_lane,1,1240,65.1,1389,71.6
11,2,8,80,2,6,add_lane,2,1240,65.1,1538,78.1
11,2,8,80,2,6,change_speed,-10,1240,65.1,1162,51.3
11,2,8,80,2,6,change_speed,0,1240,65.1,1240,58.6
11,2,8,80,2,6,change_speed,10,1240,65.1,1318,65.9
11,2,8,80,3,0,add_lane,0,886,73.8,886,73.8
11,2,8,80,3,0,add_lane,1,886,73.8,992,81.2
11,2,8,80,3,0,add_lane,2,886,73.8,1099,88.6
11,2,8,80,3,0,change_speed,-10,886,73.8,831,58.1
11,2,8,80,3,0,change_speed,0,886,73.8,886,66.4
11,2,8,80,3,0,change_speed,10,886,73.8,941,74.7
11,2,8,80,3,1,add_lane,0,1800,72.7,1800,72.7
11,2,8,80,3,1,add_lane,1,1800,72.7,2016,80.0
11,2,8,80,3,1,add_lane,2,1800,72.7,2232,87.2
11,2,8,80,3,1,change_speed,-10,1800,72.7,1688,57.3
11,2,8,80,3,1,change_speed,0,1800,72.7,1800,65.4
11,2,8,80,3,1,change_speed,10,1800,72.7,1912,73.6
11,2,8,80,3,2,add_lane,0,1746,79.6,1746,79.6
11,2,8,80,3,2,add_lane,1,1746,79.6,1956,87.6
11,2,8,80,3,2,add_lane,2,1746,79.6,2165,95.5
11,2,8,80,3,2,change_speed,-10,1746,79.6,1637,62.7
11,2,8,80,3,2,change_speed,0,1746,79.6,1746,71.6
11,2,8,80,3,2,change_speed,10,1746,79.6,1855,80.6
11,2,8,80,3,3,add_lane,0,1746,79.1,1746,79.1
11,2,8,80,3,3,add_lane,1,1746,79.1,1956,87.0
11,2,8,80,3,3,add_lane,2,1746,79.1,2165,94.9
11,2,8,80,3,3,change_speed,-10,1746,79.1,1637,62.3
11,2,8,80,3,3,change_speed,0,1746,79.1,1746,71.2
11,2,8,80,3,3,change_speed,10,1746,79.1,1855,80.1
11,2,8,80,3,4,add_lane,0,1746,85.1,1746,85.1
11,2,8,80,3,4,add_lane,1,1746,85.1,1956,93.6
11,2,8,80,3,4,add_lane,2,1746,85.1,2165,102.1
11,2,8,80,3,4,change_speed,-10,1746,85.1,1637,67.0
11,2,8,80,3,4,change_speed,0,1746,85.1,1746,76.6
11,2,8,80,3,4,change_speed,10,1746,85.1,1855,86.2
11,2,8,80,3,5,add_lane,0,1260,55.8,1260,55.8
11,2,8,80,3,5,add_lane,1,1260,55.8,1411,61.4
11,2,8,80,3,5,add_lane,2,1260,55.8,1562,67.0
11,2,8,80,3,5,change_speed,-10,1260,55.8,1181,43.9
11,2,8,80,3,5,change_speed,0,1260,55.8,1260,50.2
11,2,8,80,3,5,change_speed,10,1260,55.8,1339,56.5
11,2,8,80,3,6,add_lane,0,1107,67.0,1107,67.0
11,2,8,80,3,6,add_lane,1,1107,67.0,1240,73.7
11,2,8,80,3,6,add_lane,2,1107,67.0,1373,80.4
11,2,8,80,3,6,change_speed,-10,1107,67.0,1038,52.8
11,2,8,80,3,6,change_speed,0,1107,67.0,1107,60.3
11,2,8,80,3,6,change_speed,10,1107,67.0,1176,67.8
11,2,8,80,4,0,add_lane,0,992,66.0,992,66.0
11,2,8,80,4,0,add_lane,1,992,66.0,1111,72.6
11,2,8,80,4,0,add_lane,2,992,66.0,1230,79.2
11,2,8,80,4,0,change_speed,-10,992,66.0,930,52.0
11,2,8,80,4,0,change_speed,0,992,66.0,992,59.4
11,2,8,80,4,0,change_speed,10,992,66.0,1054,66.8
11,2,8,80,4,1,add_lane,0,2016,77.1,2016,77.1
11,2,8,80,4,1,add_lane,1,2016,77.1,2258,84.8
11,2,8,80,4,1,add_lane,2,2016,77.1,2500,92.5
11,2,8,80,4,1,change_speed,-10,2016,77.1,1890,60.7
11,2,8,80,4,1,change_speed,0,2016,77.1,2016,69.4
11,2,8,80,4,1,change_speed,10,2016,77.1,2142,78.1
11,2,8,80,4,2,add_lane,0,1956,78.5,1956,78.5
11,2,8,80,4,2,add_lane,1,1956,78.5,2191,86.4
11,2,8,80,4,2,add_lane,2,1956,78.5,2425,94.2
11,2,8,80,4,2,change_speed,-10,1956,78.5,1834,61.8
11,2,8,80,4,2,change_speed,0,1956,78.5,1956,70.7
11,2,8,80,4,2,change_speed,10,1956,78.5,2078,79.5
11,2,8,80,4,3,add_lane,0,1956,76.5,1956,76.5
11,2,8,80,4,3,add_lane,1,1956,76.5,2191,84.2
11,2,8,80,4,3,add_lane,2,1956,76.5,2425,91.8
11,2,8,80,4,3,change_speed,-10,1956,76.5,1834,60.2
11,2,8,80,4,3,change_speed,0,1956,76.5,1956,68.9
11,2,8,80,4,3,change_speed,10,1956,76.5,2078,77.5
11,2,8,80,4,4,add_lane,0,1956,77.5,1956,77.5
11,2,8,80,4,4,add_lane,1,1956,77.5,2191,85.2
11,2,8,80,4,4,add_lane,2,1956,77.5,2425,93.0
11,2,8,80,4,4,change_speed,-10,1956,77.5,1834,61.0
11,2,8,80,4,4,change_speed,0,1956,77.5,1956,69.8
11,2,8,80,4,4,change_speed,10,1956,77.5,2078,78.5
11,2,8,80,4,5,add_lane,0,1411,48.8,1411,48.8
11,2,8,80,4,5,add_lane,1,1411,48.8,1580,53.7
11,2,8,80,4,5,add_lane,2,1411,48.8,1750,58.6
11,2,8,80,4,5,change_speed,-10,1411,48.8,1323,38.4
11,2,8,80,4,5,change_speed,0,1411,48.8,1411,43.9
11,2,8,80,4,5,change_speed,10,1411,48.8,1499,49.4
11,2,8,80,4,6,add_lane,0,1240,62.4,1240,62.4
11,2,8,80,4,6,add_lane,1,1240,62.4,1389,68.6
11,2,8,80,4,6,add_lane,2,1240,62.4,1538,74.9
11,2,8,80,4,6,change_speed,-10,1240,62.4,1162,49.1
11,2,8,80,4,6,change_speed,0,1240,62.4,1240,56.2
11,2,8,80,4,6,change_speed,10,1240,62.4,1318,63.2
11,2,8,80,5,0,add_lane,0,1594,64.9,1594,64.9
11,2,8,80,5,0,add_lane,1,1594,64.9,1785,71.4
11,2,8,80,5,0,add_lane,2,1594,64.9,1977,77.9
11,2,8,80,5,0,change_speed,-10,1594,64.9,1494,51.1
11,2,8,80,5,0,change_speed,0,1594,64.9,1594,58.4
11,2,8,80,5,0,change_speed,10,1594,64.9,1694,65.7
11,2,8,80,5,1,add_lane,0,3240,71.8,3240,71.8
11,2,8,80,5,1,add_lane,1,3240,71.8,3629,79.0
11,2,8,80,5,1,add_lane,2,3240,71.8,4018,86.2
11,2,8,80,5,1,change_speed,-10,3240,71.8,3038,56.5
11,2,8,80,5,1,change_speed,0,3240,71.8,3240,64.6
11,2,8,80,5,1,change_speed,10,3240,71.8,3442,72.7
11,2,8,80,5,2,add_lane,0,3143,59.9,3143,59.9
11,2,8,80,5,2,add_lane,1,3143,59.9,3520,65.9
11,2,8,80,5,2,add_lane,2,3143,59.9,3897,71.9
11,2,8,80,5,2,change_speed,-10,3143,59.9,2947,47.2
11,2,8,80,5,2,change_speed,0,3143,59.9,3143,53.9
11,2,8,80,5,2,change_speed,10,3143,59.9,3339,60.6
11,2,8,80,5,3,add_lane,0,3143,68.5,3143,68.5
11,2,8,80,5,3,add_lane,1,3143,68.5,3520,75.4
11,2,8,80,5,3,add_lane,2,3143,68.5,3897,82.2
11,2,8,80,5,3,change_speed,-10,3143,68.5,2947,53.9
11,2,8,80,5,3,change_speed,0,3143,68.5,3143,61.6
11,2,8,80,5,3,change_speed,10,3143,68.5,3339,69.4
11,2,8,80,5,4,add_lane,0,3143,69.6,3143,69.6
11,2,8,80,5,4,add_lane,1,3143,69.6,3520,76.6
11,2,8,80,5,4,add_lane,2,3143,69.6,3897,83.5
11,2,8,80,5,4,change_speed,-10,3143,69.6,2947,54.8
11,2,8,80,5,4,change_speed,0,3143,69.6,3143,62.6
11,2,8,80,5,4,change_speed,10,3143,69.6,3339,70.5
11,2,8,80,5,5,add_lane,0,2268,52.3,2268,52.3
11,2,8,80,5,5,add_lane,1,2268,52.3,2540,57.5
11,2,8,80,5,5,add_lane,2,2268,52.3,2812,62.8
11,2,8,80,5,5,change_speed,-10,2268,52.3,2126,41.2
11,2,8,80,5,5,change_speed,0,2268,52.3,2268,47.1
11,2,8,80,5,5,change_speed,10,2268,52.3,2410,53.0
11,2,8,80,5,6,add_lane,0,1993,66.4,1993,66.4
11,2,8,80,5,6,add_lane,1,1993,66.4,2232,73.0
11,2,8,80,5,6,add_lane,2,1993,66.4,2471,79.7
11,2,8,80,5,6,change_speed,-10,1993,66.4,1868,52.3
11,2,8,80,5,6,change_speed,0,1993,66.4,1993,59.8
11,2,8,80,5,6,change_speed,10,1993,66.4,2118,67.2
11,2,8,80,6,0,add_lane,0,2834,62.2,2834,62.2
11,2,8,80,6,0,add_lane,1,2834,62.2,3174,68.4
11,2,8,80,6,0,add_lane,2,2834,62.2,3514,74.6
11,2,8,80,6,0,change_speed,-10,2834,62.2,2657,49.0
11,2,8,80,6,0,change_speed,0,2834,62.2,2834,56.0
11,2,8,80,6,0,change_speed,10,2834,62.2,3011,63.0
11,2,8,80,6,1,add_lane,0,5760,58.0,5760,58.0
11,2,8,80,6,1,add_lane,1,5760,58.0,6451,63.8
11,2,8,80,6,1,add_lane,2,5760,58.0,7142,69.6
11,2,8,80,6,1,change_speed,-10,5760,58.0,5400,45.7
11,2,8,80,6,1,change_speed,0,5760,58.0,5760,52.2
11,2,8,80,6,1,change_speed,10,5760,58.0,6120,58.7
11,2,8,80,6,2,add_lane,0,5587,61.2,5587,61.2
11,2,8,80,6,2,add_lane,1,5587,61.2,6257,67.3
11,2,8,80,6,2,add_lane,2,5587,61.2,6928,73.4
11,2,8,80,6,2,change_speed,-10,5587,61.2,5238,48.2
11,2,8,80,6,2,change_speed,0,5587,61.2,5587,55.1
11,2,8,80,6,2,change_speed,10,5587,61.2,5936,62.0
11,2,8,80,6,3,add_lane,0,5587,62.3,5587,62.3
11,2,8,80,6,3,add_lane,1,5587,62.3,6257,68.5
11,2,8,80,6,3,add_lane,2,5587,62.3,6928,74.8
11,2,8,80,6,3,change_speed,-10,5587,62.3,5238,49.1
11,2,8,80,6,3,change_speed,0,5587,62.3,5587,56.1
11,2,8,80,6,3,change_speed,10,5587,62.3,5936,63.1
11,2,8,80,6,4,add_lane,0,5587,56.9,5587,56.9
11,2,8,80,6,4,add_lane,1,5587,56.9,6257,62.6
11,2,8,80,6,4,add_lane,2,5587,56.9,6928,68.3
11,2,8,80,6,4,change_speed,-10,5587,56.9,5238,44.8
11,2,8,80,6,4,change_speed,0,5587,56.9,5587,51.2
11,2,8,80,6,4,change_speed,10,5587,56.9,5936,57.6
11,2,8,80,6,5,add_lane,0,4032,46.0,4032,46.0
11,2,8,80,6,5,add_lane,1,4032,46.0,4516,50.6
11,2,8,80,6,5,add_lane,2,4032,46.0,5000,55.2
11,2,8,80,6,5,change_speed,-10,4032,46.0,3780,36.2
11,2,8,80,6,5,change_speed,0,4032,46.0,4032,41.4
11,2,8,80,6,5,change_speed,10,4032,46.0,4284,46.6
11,2,8,80,6,6,add_lane,0,3542,59.6,3542,59.6
11,2,8,80,6,6,add_lane,1,3542,59.6,3967,65.6
11,2,8,80,6,6,add_lane,2,3542,59.6,4392,71.5
11,2,8,80,6,6,change_speed,-10,3542,59.6,3321,46.9
11,2,8,80,6,6,change_speed,0,3542,59.6,3542,53.6
11,2,8,80,6,6,change_speed,10,3542,59.6,3763,60.3
11,2,8,80,7,0,add_lane,0,6376,50.3,6376,50.3
11,2,8,80,7,0,add_lane,1,6376,50.3,7141,55.3
11,2,8,80,7,0,add_lane,2,6376,50.3,7906,60.4
11,2,8,80,7,0,change_speed,-10,6376,50.3,5978,39.6
11,2,8,80,7,0,change_speed,0,6376,50.3,6376,45.3
11,2,8,80,7,0,change_speed,10,6376,50.3,6774,50.9
11,2,8,80,7,1,add_lane,0,12960,27.4,12960,27.4
11,2,8,80,7,1,add_lane,1,12960,27.4,14515,30.1
11,2,8,80,7,1,add_lane,2,12960,27.4,16070,32.9
11,2,8,80,7,1,change_speed,-10,12960,27.4,12150,21.6
11,2,8,80,7,1,change_speed,0,12960,27.4,12960,24.7
11,2,8,80,7,1,change_speed,10,12960,27.4,13770,27.7
11,2,8,80,7,2,add_lane,0,12571,28.1,12571,28.1
11,2,8,80,7,2,add_lane,1,12571,28.1,14080,30.9
11,2,8,80,7,2,add_lane,2,12571,28.1,15588,33.7
11,2,8,80,7,2,change_speed,-10,12571,28.1,11785,22.1
11,2,8,80,7,2,change_speed,0,12571,28.1,12571,25.3
11,2,8,80,7,2,change_speed,10,12571,28.1,13357,28.5
11,2,8,80,7,3,add_lane,0,12571,27.9,12571,27.9
11,2,8,80,7,3,add_lane,1,12571,27.9,14080,30.7
11,2,8,80,7,3,add_lane,2,12571,27.9,15588,33.5
11,2,8,80,7,3,change_speed,-10,12571,27.9,11785,22.0
11,2,8,80,7,3,change_speed,0,12571,27.9,12571,25.1
11,2,8,80,7,3,change_speed,10,12571,27.9,13357,28.2
11,2,8,80,7,4,add_lane,0,12571,28.3,12571,28.3
11,2,8,80,7,4,add_lane,1,12571,28.3,14080,31.1
11,2,8,80,7,4,add_lane,2,12571,28.3,15588,34.0
11,2,8,80,7,4,change_speed,-10,12571,28.3,11785,22.3
11,2,8,80,7,4,change_speed,0,12571,28.3,12571,25.5
11,2,8,80,7,4,change_speed,10,12571,28.3,13357,28.7
11,2,8,80,7,5,add_lane,0,9072,30.7,9072,30.7
11,2,8,80,7,5,add_lane,1,9072,30.7,10161,33.8
11,2,8,80,7,5,add_lane,2,9072,30.7,11249,36.8
11,2,8,80,7,5,change_speed,-10,9072,30.7,8505,24.2
11,2,8,80,7,5,change_speed,0,9072,30.7,9072,27.6
11,2,8,80,7,5,change_speed,10,9072,30.7,9639,31.1
11,2,8,80,7,6,add_lane,0,7970,41.1,7970,41.1
11,2,8,80,7,6,add_lane,1,7970,41.1,8926,45.2
11,2,8,80,7,6,add_lane,2,7970,41.1,9883,49.3
11,2,8,80,7,6,change_speed,-10,7970,41.1,7472,32.4
11,2,8,80,7,6,change_speed,0,7970,41.1,7970,37.0
11,2,8,80,7,6,change_speed,10,7970,41.1,8468,41.6
11,2,8,80,8,0,add_lane,0,7793,43.7,7793,43.7
11,2,8,80,8,0,add_lane,1,7793,43.7,8728,48.1
11,2,8,80,8,0,add_lane,2,7793,43.7,9663,52.4
11,2,8,80,8,0,change_speed,-10,7793,43.7,7306,34.4
11,2,8,80,8,0,change_speed,0,7793,43.7,7793,39.3
11,2,8,80,8,0,change_speed,10,7793,43.7,8280,44.2
11,2,8,80,8,1,add_lane,0,15840,13.6,15840,13.6
11,2,8,80,8,1,add_lane,1,15840,13.6,17741,15.0
11,2,8,80,8,1,add_lane,2,15840,13.6,19642,16.3
11,2,8,80,8,1,change_speed,-10,15840,13.6,14850,10.7
11,2,8,80,8,1,change_speed,0,15840,13.6,15840,12.2
11,2,8,80,8,1,change_speed,10,15840,13.6,16830,13.8
11,2,8,80,8,2,add_lane,0,15365,14.8,15365,14.8
11,2,8,80,8,2,add_lane,1,15365,14.8,17209,16.3
11,2,8,80,8,2,add_lane,2,15365,14.8,19053,17.8
11,2,8,80,8,2,change_speed,-10,15365,14.8,14405,11.7
11,2,8,80,8,2,change_speed,0,15365,14.8,15365,13.3
11,2,8,80,8,2,change_speed,10,15365,14.8,16325,15.0
11,2,8,80,8,3,add_lane,0,15365,14.9,15365,14.9
11,2,8,80,8,3,add_lane,1,15365,14.9,17209,16.4
11,2,8,80,8,3,add_lane,2,15365,14.9,19053,17.9
11,2,8,80,8,3,change_speed,-10,15365,14.9,14405,11.7
11,2,8,80,8,3,change_speed,0,15365,14.9,15365,13.4
11,2,8,80,8,3,change_speed,10,15365,14.9,16325,15.1
11,2,8,80,8,4,add_lane,0,15365,15.7,15365,15.7
11,2,8,80,8,4,add_lane,1,15365,15.7,17209,17.3
11,2,8,80,8,4,add_lane,2,15365,15.7,19053,18.8
11,2,8,80,8,4,change_speed,-10,15365,15.7,14405,12.4
11,2,8,80,8,4,change_speed,0,15365,15.7,15365,14.1
11,2,8,80,8,4,change_speed,10,15365,15.7,16325,15.9
11,2,8,80,8,5,add_lane,0,11088,24.2,11088,24.2
11,2,8,80,8,5,add_lane,1,11088,24.2,12419,26.6
11,2,8,80,8,5,add_lane,2,11088,24.2,13749,29.0
11,2,8,80,8,5,change_speed,-10,11088,24.2,10395,19.1
11,2,8,80,8,5,change_speed,0,11088,24.2,11088,21.8
11,2,8,80,8,5,change_speed,10,11088,24.2,11781,24.5
11,2,8,80,8,6,add_lane,0,9742,31.8,9742,31.8
11,2,8,80,8,6,add_lane,1,9742,31.8,10911,35.0
11,2,8,80,8,6,add_lane,2,9742,31.8,12080,38.2
11,2,8,80,8,6,change_speed,-10,9742,31.8,9133,25.0
11,2,8,80,8,6,change_speed,0,9742,31.8,9742,28.6
11,2,8,80,8,6,change_speed,10,9742,31.8,10351,32.2
11,2,8,80,9,0,add_lane,0,6022,52.7,6022,52.7
11,2,8,80,9,0,add_lane,1,6022,52.7,6745,58.0
11,2,8,80,9,0,add_lane,2,6022,52.7,7467,63.2
11,2,8,80,9,0,change_speed,-10,6022,52.7,5646,41.5
11,2,8,80,9,0,change_speed,0,6022,52.7,6022,47.4
11,2,8,80,9,0,change_speed,10,6022,52.7,6398,53.4
11,2,8,80,9,1,add_lane,0,12240,30.9,12240,30.9
11,2,8,80,9,1,add_lane,1,12240,30.9,13709,34.0
11,2,8,80,9,1,add_lane,2,12240,30.9,15178,37.1
11,2,8,80,9,1,change_speed,-10,12240,30.9,11475,24.3
11,2,8,80,9,1,change_speed,0,12240,30.9,12240,27.8
11,2,8,80,9,1,change_speed,10,12240,30.9,13005,31.3
11,2,8,80,9,2,add_lane,0,11873,29.2,11873,29.2
11,2,8,80,9,2,add_lane,1,11873,29.2,13298,32.1
11,2,8,80,9,2,add_lane,2,11873,29.2,14723,35.0
11,2,8,80,9,2,change_speed,-10,11873,29.2,11131,23.0
11,2,8,80,9,2,change_speed,0,11873,29.2,11873,26.3
11,2,8,80,9,2,change_speed,10,11873,29.2,12615,29.6
11,2,8,80,9,3,add_lane,0,11873,30.5,11873,30.5
11,2,8,80,9,3,add_lane,1,11873,30.5,13298,33.6
11,2,8,80,9,3,add_lane,2,11873,30.5,14723,36.6
11,2,8,80,9,3,change_speed,-10,11873,30.5,11131,24.0
11,2,8,80,9,3,change_speed,0,11873,30.5,11873,27.4
11,2,8,80,9,3,change_speed,10,11873,30.5,12615,30.9
11,2,8,80,9,4,add_lane,0,11873,31.3,11873,31.3
11,2,8,80,9,4,add_lane,1,11873,31.3,13298,34.4
11,2,8,80,9,4,add_lane,2,11873,31.3,14723,37.6
11,2,8,80,9,4,change_speed,-10,11873,31.3,11131,24.6
11,2,8,80,9,4,change_speed,0,11873,31.3,11873,28.2
11,2,8,80,9,4,change_speed,10,11873,31.3,12615,31.7
11,2,8,80,9,5,add_lane,0,8568,32.0,8568,32.0
11,2,8,80,9,5,add_lane,1,8568,32.0,9596,35.2
11,2,8,80,9,5,add_lane,2,8568,32.0,10624,38.4
11,2,8,80,9,5,change_speed,-10,8568,32.0,8032,25.2
11,2,8,80,9,5,change_speed,0,8568,32.0,8568,28.8
11,2,8,80,9,5,change_speed,10,8568,32.0,9104,32.4
11,2,8,80,9,6,add_lane,0,7528,40.5,7528,40.5
11,2,8,80,9,6,add_lane,1,7528,40.5,8431,44.6
11,2,8,80,9,6,add_lane,2,7528,40.5,9335,48.6
11,2,8,80,9,6,change_speed,-10,7528,40.5,7058,31.9
11,2,8,80,9,6,change_speed,0,7528,40.5,7528,36.5
11,2,8,80,9,6,change_speed,10,7528,40.5,7998,41.0
11,2,8,80,10,0,add_lane,0,4605,60.8,4605,60.8
11,2,8,80,10,0,add_lane,1,4605,60.8,5158,66.9
11,2,8,80,10,0,add_lane,2,4605,60.8,5710,73.0
11,2,8,80,10,0,change_speed,-10,4605,60.8,4317,47.9
11,2,8,80,10,0,change_speed,0,4605,60.8,4605,54.7
11,2,8,80,10,0,change_speed,10,4605,60.8,4893,61.6
11,2,8,80,10,1,add_lane,0,9360,44.6,9360,44.6
11,2,8,80,10,1,add_lane,1,9360,44.6,10483,49.1
11,2,8,80,10,1,add_lane,2,9360,44.6,11606,53.5
11,2,8,80,10,1,change_speed,-10,9360,44.6,8775,35.1
11,2,8,80,10,1,change_speed,0,9360,44.6,9360,40.1
11,2,8,80,10,1,change_speed,10,9360,44.6,9945,45.2
11,2,8,80,10,2,add_lane,0,9079,43.1,9079,43.1
11,2,8,80,10,2,add_lane,1,9079,43.1,10168,47.4
11,2,8,80,10,2,add_lane,2,9079,43.1,11258,51.7
11,2,8,80,10,2,change_speed,-10,9079,43.1,8512,33.9
11,2,8,80,10,2,change_speed,0,9079,43.1,9079,38.8
11,2,8,80,10,2,change_speed,10,9079,43.1,9646,43.6
11,2,8,80,10,3,add_lane,0,9079,38.7,9079,38.7
11,2,8,80,10,3,add_lane,1,9079,38.7,10168,42.6
11,2,8,80,10,3,add_lane,2,9079,38.7,11258,46.4
11,2,8,80,10,3,change_speed,-10,9079,38.7,8512,30.5
11,2,8,80,10,3,change_speed,0,9079,38.7,9079,34.8
11,2,8,80,10,3,change_speed,10,9079,38.7,9646,39.2
11,2,8,80,10,4,add_lane,0,9079,46.1,9079,46.1
11,2,8,80,10,4,add_lane,1,9079,46.1,10168,50.7
11,2,8,80,10,4,add_lane,2,9079,46.1,11258,55.3
11,2,8,80,10,4,change_speed,-10,9079,46.1,8512,36.3
11,2,8,80,10,4,change_speed,0,9079,46.1,9079,41.5
11,2,8,80,10,4,change_speed,10,9079,46.1,9646,46.7
11,2,8,80,10,5,add_lane,0,6552,43.3,6552,43.3
11,2,8,80,10,5,add_lane,1,6552,43.3,7338,47.6
11,2,8,80,10,5,add_lane,2,6552,43.3,8124,52.0
11,2,8,80,10,5,change_speed,-10,6552,43.3,6142,34.1
11,2,8,80,10,5,change_speed,0,6552,43.3,6552,39.0
11,2,8,80,10,5,change_speed,10,6552,43.3,6962,43.8
11,2,8,80,10,6,add_lane,0,5756,43.5,5756,43.5
11,2,8,80,10,6,add_lane,1,5756,43.5,6447,47.9
11,2,8,80,10,6,add_lane,2,5756,43.5,7137,52.2
11,2,8,80,10,6,change_speed,-10,5756,43.5,5396,34.3
11,2,8,80,10,6,change_speed,0,5756,43.5,5756,39.1
11,2,8,80,10,6,change_speed,10,5756,43.5,6116,44.0
11,2,8,80,11,0,add_lane,0,4251,55.3,4251,55.3
11,2,8,80,11,0,add_lane,1,4251,55.3,4761,60.8
11,2,8,80,11,0,add_lane,2,4251,55.3,5271,66.4
11,2,8,80,11,0,change_speed,-10,4251,55.3,3985,43.5
11,2,8,80,11,0,change_speed,0,4251,55.3,4251,49.8
11,2,8,80,11,0,change_speed,10,4251,55.3,4517,56.0
11,2,8,80,11,1,add_lane,0,8640,44.9,8640,44.9
11,2,8,80,11,1,add_lane,1,8640,44.9,9677,49.4
11,2,8,80,11,1,add_lane,2,8640,44.9,10714,53.9
11,2,8,80,11,1,change_speed,-10,8640,44.9,8100,35.4
11,2,8,80,11,1,change_speed,0,8640,44.9,8640,40.4
11,2,8,80,11,1,change_speed,10,8640,44.9,9180,45.5
11,2,8,80,11,2,add_lane,0,8381,47.0,8381,47.0
11,2,8,80,11,2,add_lane,1,8381,47.0,9387,51.7
11,2,8,80,11,2,add_lane,2,8381,47.0,10392,56.4
11,2,8,80,11,2,change_speed,-10,8381,47.0,7857,37.0
11,2,8,80,11,2,change_speed,0,8381,47.0,8381,42.3
11,2,8,80,11,2,change_speed,10,8381,47.0,8905,47.6
11,2,8,80,11,3,add_lane,0,8381,45.9,8381,45.9
11,2,8,80,11,3,add_lane,1,8381,45.9,9387,50.5
11,2,8,80,11,3,add_lane,2,8381,45.9,10392,55.1
11,2,8,80,11,3,change_speed,-10,8381,45.9,7857,36.1
11,2,8,80,11,3,change_speed,0,8381,45.9,8381,41.3
11,2,8,80,11,3,change_speed,10,8381,45.9,8905,46.5
11,2,8,80,11,4,add_lane,0,8381,44.0,8381,44.0
11,2,8,80,11,4,add_lane,1,8381,44.0,9387,48.4
11,2,8,80,11,4,add_lane,2,8381,44.0,10392,52.8
11,2,8,80,11,4,change_speed,-10,8381,44.0,7857,34.6
11,2,8,80,11,4,change_speed,0,8381,44.0,8381,39.6
11,2,8,80,11,4,change_speed,10,8381,44.0,8905,44.6
11,2,8,80,11,5,add_lane,0,6048,38.6,6048,38.6
11,2,8,80,11,5,add_lane,1,6048,38.6,6774,42.5
11,2,8,80,11,5,add_lane,2,6048,38.6,7500,46.3
11,2,8,80,11,5,change_speed,-10,6048,38.6,5670,30.4
11,2,8,80,11,5,change_speed,0,6048,38.6,6048,34.7
11,2,8,80,11,5,change_speed,10,6048,38.6,6426,39.1
11,2,8,80,11,6,add_lane,0,5314,48.4,5314,48.4
11,2,8,80,11,6,add_lane,1,5314,48.4,5952,53.2
11,2,8,80,11,6,add_lane,2,5314,48.4,6589,58.1
11,2,8,80,11,6,change_speed,-10,5314,48.4,4982,38.1
11,2,8,80,11,6,change_speed,0,5314,48.4,5314,43.6
11,2,8,80,11,6,change_speed,10,5314,48.4,5646,49.0
11,2,8,80,12,0,add_lane,0,3897,56.8,3897,56.8
11,2,8,80,12,0,add_lane,1,3897,56.8,4365,62.5
11,2,8,80,12,0,add_lane,2,3897,56.8,4832,68.2
11,2,8,80,12,0,change_speed,-10,3897,56.8,3653,44.7
11,2,8,80,12,0,change_speed,0,3897,56.8,3897,51.1
11,2,8,80,12,0,change_speed,10,3897,56.8,4141,57.5
11,2,8,80,12,1,add_lane,0,7920,49.8,7920,49.8
11,2,8,80,12,1,add_lane,1,7920,49.8,8870,54.8
11,2,8,80,12,1,add_lane,2,7920,49.8,9821,59.8
11,2,8,80,12,1,change_speed,-10,7920,49.8,7425,39.2
11,2,8,80,12,1,change_speed,0,7920,49.8,7920,44.8
11,2,8,80,12,1,change_speed,10,7920,49.8,8415,50.4
11,2,8,80,12,2,add_lane,0,7682,50.6,7682,50.6
11,2,8,80,12,2,add_lane,1,7682,50.6,8604,55.7
11,2,8,80,12,2,add_lane,2,7682,50.6,9526,60.7
11,2,8,80,12,2,change_speed,-10,7682,50.6,7202,39.8
11,2,8,80,12,2,change_speed,0,7682,50.6,7682,45.5
11,2,8,80,12,2,change_speed,10,7682,50.6,8162,51.2
11,2,8,80,12,3,add_lane,0,7682,51.5,7682,51.5
11,2,8,80,12,3,add_lane,1,7682,51.5,8604,56.7
11,2,8,80,12,3,add_lane,2,7682,51.5,9526,61.8
11,2,8,80,12,3,change_speed,-10,7682,51.5,7202,40.6
11,2,8,80,12,3,change_speed,0,7682,51.5,7682,46.4
11,2,8,80,12,3,change_speed,10,7682,51.5,8162,52.1
11,2,8,80,12,4,add_lane,0,7682,46.5,7682,46.5
11,2,8,80,12,4,add_lane,1,7682,46.5,8604,51.2
11,2,8,80,12,4,add_lane,2,7682,46.5,9526,55.8
11,2,8,80,12,4,change_speed,-10,7682,46.5,7202,36.6
11,2,8,80,12,4,change_speed,0,7682,46.5,7682,41.9
11,2,8,80,12,4,change_speed,10,7682,46.5,8162,47.1
11,2,8,80,12,5,add_lane,0,5544,42.6,5544,42.6
11,2,8,80,12,5,add_lane,1,5544,42.6,6209,46.9
11,2,8,80,12,5,add_lane,2,5544,42.6,6875,51.1
11,2,8,80,12,5,change_speed,-10,5544,42.6,5198,33.5
11,2,8,80,12,5,change_speed,0,5544,42.6,5544,38.3
11,2,8,80,12,5,change_speed,10,5544,42.6,5890,43.1
11,2,8,80,12,6,add_lane,0,4871,54.4,4871,54.4
11,2,8,80,12,6,add_lane,1,4871,54.4,5456,59.8
11,2,8,80,12,6,add_lane,2,4871,54.4,6040,65.3
11,2,8,80,12,6,change_speed,-10,4871,54.4,4567,42.8
11,2,8,80,12,6,change_speed,0,4871,54.4,4871,49.0
11,2,8,80,12,6,change_speed,10,4871,54.4,5175,55.1
11,2,8,80,13,0,add_lane,0,3897,60.8,3897,60.8
11,2,8,80,13,0,add_lane,1,3897,60.8,4365,66.9
11,2,8,80,13,0,add_lane,2,3897,60.8,4832,73.0
11,2,8,80,13,0,change_speed,-10,3897,60.8,3653,47.9
11,2,8,80,13,0,change_speed,0,3897,60.8,3897,54.7
11,2,8,80,13,0,change_speed,10,3897,60.8,4141,61.6
11,2,8,80,13,1,add_lane,0,7920,51.2,7920,51.2
11,2,8,80,13,1,add_lane,1,7920,51.2,8870,56.3
11,2,8,80,13,1,add_lane,2,7920,51.2,9821,61.4
11,2,8,80,13,1,change_speed,-10,7920,51.2,7425,40.3
11,2,8,80,13,1,change_speed,0,7920,51.2,7920,46.1
11,2,8,80,13,1,change_speed,10,7920,51.2,8415,51.8
11,2,8,80,13,2,add_lane,0,7682,48.9,7682,48.9
11,2,8,80,13,2,add_lane,1,7682,48.9,8604,53.8
11,2,8,80,13,2,add_lane,2,7682,48.9,9526,58.7
11,2,8,80,13,2,change_speed,-10,7682,48.9,7202,38.5
11,2,8,80,13,2,change_speed,0,7682,48.9,7682,44.0
11,2,8,80,13,2,change_speed,10,7682,48.9,8162,49.5
11,2,8,80,13,3,add_lane,0,7682,50.5,7682,50.5
11,2,8,80,13,3,add_lane,1,7682,50.5,8604,55.6
11,2,8,80,13,3,add_lane,2,7682,50.5,9526,60.6
11,2,8,80,13,3,change_speed,-10,7682,50.5,7202,39.8
11,2,8,80,13,3,change_speed,0,7682,50.5,7682,45.5
11,2,8,80,13,3,change_speed,10,7682,50.5,8162,51.1
11,2,8,80,13,4,add_lane,0,7682,52.6,7682,52.6
11,2,8,80,13,4,add_lane,1,7682,52.6,8604,57.9
11,2,8,80,13,4,add_lane,2,7682,52.6,9526,63.1
11,2,8,80,13,4,change_speed,-10,7682,52.6,7202,41.4
11,2,8,80,13,4,change_speed,0,7682,52.6,7682,47.3
11,2,8,80,13,4,change_speed,10,7682,52.6,8162,53.3
11,2,8,80,13,5,add_lane,0,5544,39.2,5544,39.2
11,2,8,80,13,5,add_lane,1,5544,39.2,6209,43.1
11,2,8,80,13,5,add_lane,2,5544,39.2,6875,47.0
11,2,8,80,13,5,change_speed,-10,5544,39.2,5198,30.9
11,2,8,80,13,5,change_speed,0,5544,39.2,5544,35.3
11,2,8,80,13,5,change_speed,10,5544,39.2,5890,39.7
11,2,8,80,13,6,add_lane,0,4871,53.4,4871,53.4
11,2,8,80,13,6,add_lane,1,4871,53.4,5456,58.7
11,2,8,80,13,6,add_lane,2,4871,53.4,6040,64.1
11,2,8,80,13,6,change_speed,-10,4871,53.4,4567,42.1
11,2,8,80,13,6,change_speed,0,4871,53.4,4871,48.1
11,2,8,80,13,6,change_speed,10,4871,53.4,5175,54.1
11,2,8,80,14,0,add_lane,0,4251,58.6,4251,58.6
11,2,8,80,14,0,add_lane,1,4251,58.6,4761,64.5
11,2,8,80,14,0,add_lane,2,4251,58.6,5271,70.3
11,2,8,80,14,0,change_speed,-10,4251,58.6,3985,46.1
11,2,8,80,14,0,change_speed,0,4251,58.6,4251,52.7
11,2,8,80,14,0,change_speed,10,4251,58.6,4517,59.3
11,2,8,80,14,1,add_lane,0,8640,51.0,8640,51.0
11,2,8,80,14,1,add_lane,1,8640,51.0,9677,56.1
11,2,8,80,14,1,add_lane,2,8640,51.0,10714,61.2
11,2,8,80,14,1,change_speed,-10,8640,51.0,8100,40.2
11,2,8,80,14,1,change_speed,0,8640,51.0,8640,45.9
11,2,8,80,14,1,change_speed,10,8640,51.0,9180,51.6
11,2,8,80,14,2,add_lane,0,8381,39.4,8381,39.4
11,2,8,80,14,2,add_lane,1,8381,39.4,9387,43.3
11,2,8,80,14,2,add_lane,2,8381,39.4,10392,47.3
11,2,8,80,14,2,change_speed,-10,8381,39.4,7857,31.0
11,2,8,80,14,2,change_speed,0,8381,39.4,8381,35.5
11,2,8,80,14,2,change_speed,10,8381,39.4,8905,39.9
11,2,8,80,14,3,add_lane,0,8381,50.6,8381,50.6
11,2,8,80,14,3,add_lane,1,8381,50.6,9387,55.7
11,2,8,80,14,3,add_lane,2,8381,50.6,10392,60.7
11,2,8,80,14,3,change_speed,-10,8381,50.6,7857,39.8
11,2,8,80,14,3,change_speed,0,8381,50.6,8381,45.5
11,2,8,80,14,3,change_speed,10,8381,50.6,8905,51.2
11,2,8,80,14,4,add_lane,0,8381,52.3,8381,52.3
11,2,8,80,14,4,add_lane,1,8381,52.3,9387,57.5
11,2,8,80,14,4,add_lane,2,8381,52.3,10392,62.8
11,2,8,80,14,4,change_speed,-10,8381,52.3,7857,41.2
11,2,8,80,14,4,change_speed,0,8381,52.3,8381,47.1
11,2,8,80,14,4,change_speed,10,8381,52.3,8905,53.0
11,2,8,80,14,5,add_lane,0,6048,40.7,6048,40.7
11,2,8,80,14,5,add_lane,1,6048,40.7,6774,44.8
11,2,8,80,14,5,add_lane,2,6048,40.7,7500,48.8
11,2,8,80,14,5,change_speed,-10,6048,40.7,5670,32.1
11,2,8,80,14,5,change_speed,0,6048,40.7,6048,36.6
11,2,8,80,14,5,change_speed,10,6048,40.7,6426,41.2
11,2,8,80,14,6,add_lane,0,5314,51.0,5314,51.0
11,2,8,80,14,6,add_lane,1,5314,51.0,5952,56.1
11,2,8,80,14,6,add_lane,2,5314,51.0,6589,61.2
11,2,8,80,14,6,change_speed,-10,5314,51.0,4982,40.2
11,2,8,80,14,6,change_speed,0,5314,51.0,5314,45.9
11,2,8,80,14,6,change_speed,10,5314,51.0,5646,51.6
11,2,8,80,15,0,add_lane,0,5314,57.0,5314,57.0
11,2,8,80,15,0,add_lane,1,5314,57.0,5952,62.7
11,2,8,80,15,0,add_lane,2,5314,57.0,6589,68.4
11,2,8,80,15,0,change_speed,-10,5314,57.0,4982,44.9
11,2,8,80,15,0,change_speed,0,5314,57.0,5314,51.3
11,2,8,80,15,0,change_speed,10,5314,57.0,5646,57.7
11,2,8,80,15,1,add_lane,0,10800,38.1,10800,38.1
11,2,8,80,15,1,add_lane,1,10800,38.1,12096,41.9
11,2,8,80,15,1,add_lane,2,10800,38.1,13392,45.7
11,2,8,80,15,1,change_speed,-10,10800,38.1,10125,30.0
11,2,8,80,15,1,change_speed,0,10800,38.1,10800,34.3
11,2,8,80,15,1,change_speed,10,10800,38.1,11475,38.6
11,2,8,80,15,2,add_lane,0,10476,36.0,10476,36.0
11,2,8,80,15,2,add_lane,1,10476,36.0,11733,39.6
11,2,8,80,15,2,add_lane,2,10476,36.0,12990,43.2
11,2,8,80,15,2,change_speed,-10,10476,36.0,9821,28.4
11,2,8,80,15,2,change_speed,0,10476,36.0,10476,32.4
11,2,8,80,15,2,change_speed,10,10476,36.0,11131,36.5
11,2,8,80,15,3,add_lane,0,10476,36.5,10476,36.5
11,2,8,80,15,3,add_lane,1,10476,36.5,11733,40.2
11,2,8,80,15,3,add_lane,2,10476,36.5,12990,43.8
11,2,8,80,15,3,change_speed,-10,10476,36.5,9821,28.7
11,2,8,80,15,3,change_speed,0,10476,36.5,10476,32.9
11,2,8,80,15,3,change_speed,10,10476,36.5,11131,37.0
11,2,8,80,15,4,add_lane,0,10476,38.9,10476,38.9
11,2,8,80,15,4,add_lane,1,10476,38.9,11733,42.8
11,2,8,80,15,4,add_lane,2,10476,38.9,12990,46.7
11,2,8,80,15,4,change_speed,-10,10476,38.9,9821,30.6
11,2,8,80,15,4,change_speed,0,10476,38.9,10476,35.0
11,2,8,80,15,4,change_speed,10,10476,38.9,11131,39.4
11,2,8,80,15,5,add_lane,0,7560,36.2,7560,36.2
11,2,8,80,15,5,add_lane,1,7560,36.2,8467,39.8
11,2,8,80,15,5,add_lane,2,7560,36.2,9374,43.4
11,2,8,80,15,5,change_speed,-10,7560,36.2,7088,28.5
11,2,8,80,15,5,change_speed,0,7560,36.2,7560,32.6
11,2,8,80,15,5,change_speed,10,7560,36.2,8032,36.7
11,2,8,80,15,6,add_lane,0,6642,49.6,6642,49.6
11,2,8,80,15,6,add_lane,1,6642,49.6,7439,54.6
11,2,8,80,15,6,add_lane,2,6642,49.6,8236,59.5
11,2,8,80,15,6,change_speed,-10,6642,49.6,6227,39.1
11,2,8,80,15,6,change_speed,0,6642,49.6,6642,44.6
11,2,8,80,15,6,change_speed,10,6642,49.6,7057,50.2
11,2,8,80,16,0,add_lane,0,6731,48.9,6731,48.9
11,2,8,80,16,0,add_lane,1,6731,48.9,7539,53.8
11,2,8,80,16,0,add_lane,2,6731,48.9,8346,58.7
11,2,8,80,16,0,change_speed,-10,6731,48.9,6310,38.5
11,2,8,80,16,0,change_speed,0,6731,48.9,6731,44.0
11,2,8,80,16,0,change_speed,10,6731,48.9,7152,49.5
11,2,8,80,16,1,add_lane,0,13680,23.1,13680,23.1
11,2,8,80,16,1,add_lane,1,13680,23.1,15322,25.4
11,2,8,80,16,1,add_lane,2,13680,23.1,16963,27.7
11,2,8,80,16,1,change_speed,-10,13680,23.1,12825,18.2
11,2,8,80,16,1,change_speed,0,13680,23.1,13680,20.8
11,2,8,80,16,1,change_speed,10,13680,23.1,14535,23.4
11,2,8,80,16,2,add_lane,0,13270,22.9,13270,22.9
11,2,8,80,16,2,add_lane,1,13270,22.9,14862,25.2
11,2,8,80,16,2,add_lane,2,13270,22.9,16455,27.5
11,2,8,80,16,2,change_speed,-10,13270,22.9,12441,18.0
11,2,8,80,16,2,change_speed,0,13270,22.9,13270,20.6
11,2,8,80,16,2,change_speed,10,13270,22.9,14099,23.2
11,2,8,80,16,3,add_lane,0,13270,25.4,13270,25.4
11,2,8,80,16,3,add_lane,1,13270,25.4,14862,27.9
11,2,8,80,16,3,add_lane,2,13270,25.4,16455,30.5
11,2,8,80,16,3,change_speed,-10,13270,25.4,12441,20.0
11,2,8,80,16,3,change_speed,0,13270,25.4,13270,22.9
11,2,8,80,16,3,change_speed,10,13270,25.4,14099,25.7
11,2,8,80,16,4,add_lane,0,13270,26.6,13270,26.6
11,2,8,80,16,4,add_lane,1,13270,26.6,14862,29.3
11,2,8,80,16,4,add_lane,2,13270,26.6,16455,31.9
11,2,8,80,16,4,change_speed,-10,13270,26.6,12441,20.9
11,2,8,80,16,4,change_speed,0,13270,26.6,13270,23.9
11,2,8,80,16,4,change_speed,10,13270,26.6,14099,26.9
11,2,8,80,16,5,add_lane,0,9576,28.7,9576,28.7
11,2,8,80,16,5,add_lane,1,9576,28.7,10725,31.6
11,2,8,80,16,5,add_lane,2,9576,28.7,11874,34.4
11,2,8,80,16,5,change_speed,-10,9576,28.7,8978,22.6
11,2,8,80,16,5,change_speed,0,9576,28.7,9576,25.8
11,2,8,80,16,5,change_speed,10,9576,28.7,10174,29.1
11,2,8,80,16,6,add_lane,0,8413,39.6,8413,39.6
11,2,8,80,16,6,add_lane,1,8413,39.6,9423,43.6
11,2,8,80,16,6,add_lane,2,8413,39.6,10432,47.5
11,2,8,80,16,6,change_speed,-10,8413,39.6,7887,31.2
11,2,8,80,16,6,change_speed,0,8413,39.6,8413,35.6
11,2,8,80,16,6,change_speed,10,8413,39.6,8939,40.1
11,2,8,80,17,0,add_lane,0,7793,49.2,7793,49.2
11,2,8,80,17,0,add_lane,1,7793,49.2,8728,54.1
11,2,8,80,17,0,add_lane,2,7793,49.2,9663,59.0
11,2,8,80,17,0,change_speed,-10,7793,49.2,7306,38.7
11,2,8,80,17,0,change_speed,0,7793,49.2,7793,44.3
11,2,8,80,17,0,change_speed,10,7793,49.2,8280,49.8
11,2,8,80,17,1,add_lane,0,15840,14.3,15840,14.3
11,2,8,80,17,1,add_lane,1,15840,14.3,17741,15.7
11,2,8,80,17,1,add_lane,2,15840,14.3,19642,17.2
11,2,8,80,17,1,change_speed,-10,15840,14.3,14850,11.3
11,2,8,80,17,1,change_speed,0,15840,14.3,15840,12.9
11,2,8,80,17,1,change_speed,10,15840,14.3,16830,14.5
11,2,8,80,17,2,add_lane,0,15365,17.3,15365,17.3
11,2,8,80,17,2,add_lane,1,15365,17.3,17209,19.0
11,2,8,80,17,2,add_lane,2,15365,17.3,19053,20.8
11,2,8,80,17,2,change_speed,-10,15365,17.3,14405,13.6
11,2,8,80,17,2,change_speed,0,15365,17.3,15365,15.6
11,2,8,80,17,2,change_speed,10,15365,17.3,16325,17.5
11,2,8,80,17,3,add_lane,0,15365,16.1,15365,16.1
11,2,8,80,17,3,add_lane,1,15365,16.1,17209,17.7
11,2,8,80,17,3,add_lane,2,15365,16.1,19053,19.3
11,2,8,80,17,3,change_speed,-10,15365,16.1,14405,12.7
11,2,8,80,17,3,change_speed,0,15365,16.1,15365,14.5
11,2,8,80,17,3,change_speed,10,15365,16.1,16325,16.3
11,2,8,80,17,4,add_lane,0,15365,15.3,15365,15.3
11,2,8,80,17,4,add_lane,1,15365,15.3,17209,16.8
11,2,8,80,17,4,add_lane,2,15365,15.3,19053,18.4
11,2,8,80,17,4,change_speed,-10,15365,15.3,14405,12.0
11,2,8,80,17,4,change_speed,0,15365,15.3,15365,13.8
11,2,8,80,17,4,change_speed,10,15365,15.3,16325,15.5
11,2,8,80,17,5,add_lane,0,11088,25.9,11088,25.9
11,2,8,80,17,5,add_lane,1,11088,25.9,12419,28.5
11,2,8,80,17,5,add_lane,2,11088,25.9,13749,31.1
11,2,8,80,17,5,change_speed,-10,11088,25.9,10395,20.4
11,2,8,80,17,5,change_speed,0,11088,25.9,11088,23.3
11,2,8,80,17,5,change_speed,10,11088,25.9,11781,26.2
11,2,8,80,17,6,add_lane,0,9742,32.8,9742,32.8
11,2,8,80,17,6,add_lane,1,9742,32.8,10911,36.1
11,2,8,80,17,6,add_lane,2,9742,32.8,12080,39.4
11,2,8,80,17,6,change_speed,-10,9742,32.8,9133,25.8
11,2,8,80,17,6,change_speed,0,9742,32.8,9742,29.5
11,2,8,80,17,6,change_speed,10,9742,32.8,10351,33.2
11,2,8,80,18,0,add_lane,0,7439,41.6,7439,41.6
11,2,8,80,18,0,add_lane,1,7439,41.6,8332,45.8
11,2,8,80,18,0,add_lane,2,7439,41.6,9224,49.9
11,2,8,80,18,0,change_speed,-10,7439,41.6,6974,32.8
11,2,8,80,18,0,change_speed,0,7439,41.6,7439,37.4
11,2,8,80,18,0,change_speed,10,7439,41.6,7904,42.1
11,2,8,80,18,1,add_lane,0,15120,19.1,15120,19.1
11,2,8,80,18,1,add_lane,1,15120,19.1,16934,21.0
11,2,8,80,18,1,add_lane,2,15120,19.1,18749,22.9
11,2,8,80,18,1,change_speed,-10,15120,19.1,14175,15.0
11,2,8,80,18,1,change_speed,0,15120,19.1,15120,17.2
11,2,8,80,18,1,change_speed,10,15120,19.1,16065,19.3
11,2,8,80,18,2,add_lane,0,14666,18.5,14666,18.5
11,2,8,80,18,2,add_lane,1,14666,18.5,16426,20.4
11,2,8,80,18,2,add_lane,2,14666,18.5,18186,22.2
11,2,8,80,18,2,change_speed,-10,14666,18.5,13749,14.6
11,2,8,80,18,2,change_speed,0,14666,18.5,14666,16.7
11,2,8,80,18,2,change_speed,10,14666,18.5,15583,18.7
11,2,8,80,18,3,add_lane,0,14666,21.1,14666,21.1
11,2,8,80,18,3,add_lane,1,14666,21.1,16426,23.2
11,2,8,80,18,3,add_lane,2,14666,21.1,18186,25.3
11,2,8,80,18,3,change_speed,-10,14666,21.1,13749,16.6
11,2,8,80,18,3,change_speed,0,14666,21.1,14666,19.0
11,2,8,80,18,3,change_speed,10,14666,21.1,15583,21.4
11,2,8,80,18,4,add_lane,0,14666,18.8,14666,18.8
11,2,8,80,18,4,add_lane,1,14666,18.8,16426,20.7
11,2,8,80,18,4,add_lane,2,14666,18.8,18186,22.6
11,2,8,80,18,4,change_speed,-10,14666,18.8,13749,14.8
11,2,8,80,18,4,change_speed,0,14666,18.8,14666,16.9
11,2,8,80,18,4,change_speed,10,14666,18.8,15583,19.0
11,2,8,80,18,5,add_lane,0,10584,23.7,10584,23.7
11,2,8,80,18,5,add_lane,1,10584,23.7,11854,26.1
11,2,8,80,18,5,add_lane,2,10584,23.7,13124,28.4
11,2,8,80,18,5,change_speed,-10,10584,23.7,9922,18.7
11,2,8,80,18,5,change_speed,0,10584,23.7,10584,21.3
11,2,8,80,18,5,change_speed,10,10584,23.7,11246,24.0
11,2,8,80,18,6,add_lane,0,9299,34.1,9299,34.1
11,2,8,80,18,6,add_lane,1,9299,34.1,10415,37.5
11,2,8,80,18,6,add_lane,2,9299,34.1,11531,40.9
11,2,8,80,18,6,change_speed,-10,9299,34.1,8718,26.9
11,2,8,80,18,6,change_speed,0,9299,34.1,9299,30.7
11,2,8,80,18,6,change_speed,10,9299,34.1,9880,34.5
11,2,8,80,19,0,add_lane,0,6376,52.8,6376,52.8
11,2,8,80,19,0,add_lane,1,6376,52.8,7141,58.1
11,2,8,80,19,0,add_lane,2,6376,52.8,7906,63.4
11,2,8,80,19,0,change_speed,-10,6376,52.8,5978,41.6
11,2,8,80,19,0,change_speed,0,6376,52.8,6376,47.5
11,2,8,80,19,0,change_speed,10,6376,52.8,6774,53.5
11,2,8,80,19,1,add_lane,0,12960,28.9,12960,28.9
11,2,8,80,19,1,add_lane,1,12960,28.9,14515,31.8
11,2,8,80,19,1,add_lane,2,12960,28.9,16070,34.7
11,2,8,80,19,1,change_speed,-10,12960,28.9,12150,22.8
11,2,8,80,19,1,change_speed,0,12960,28.9,12960,26.0
11,2,8,80,19,1,change_speed,10,12960,28.9,13770,29.3
11,2,8,80,19,2,add_lane,0,12571,29.0,12571,29.0
11,2,8,80,19,2,add_lane,1,12571,29.0,14080,31.9
11,2,8,80,19,2,add_lane,2,12571,29.0,15588,34.8
11,2,8,80,19,2,change_speed,-10,12571,29.0,11785,22.8
11,2,8,80,19,2,change_speed,0,12571,29.0,12571,26.1
11,2,8,80,19,2,change_speed,10,12571,29.0,13357,29.4
11,2,8,80,19,3,add_lane,0,12571,28.0,12571,28.0
11,2,8,80,19,3,add_lane,1,12571,28.0,14080,30.8
11,2,8,80,19,3,add_lane,2,12571,28.0,15588,33.6
11,2,8,80,19,3,change_speed,-10,12571,28.0,11785,22.1
11,2,8,80,19,3,change_speed,0,12571,28.0,12571,25.2
11,2,8,80,19,3,change_speed,10,12571,28.0,13357,28.4
11,2,8,80,19,4,add_lane,0,12571,28.2,12571,28.2
11,2,8,80,19,4,add_lane,1,12571,28.2,14080,31.0
11,2,8,80,19,4,add_lane,2,12571,28.2,15588,33.8
11,2,8,80,19,4,change_speed,-10,12571,28.2,11785,22.2
11,2,8,80,19,4,change_speed,0,12571,28.2,12571,25.4
11,2,8,80,19,4,change_speed,10,12571,28.2,13357,28.6
11,2,8,80,19,5,add_lane,0,9072,28.8,9072,28.8
11,2,8,80,19,5,add_lane,1,9072,28.8,10161,31.7
11,2,8,80,19,5,add_lane,2,9072,28.8,11249,34.6
11,2,8,80,19,5,change_speed,-10,9072,28.8,8505,22.7
11,2,8,80,19,5,change_speed,0,9072,28.8,9072,25.9
11,2,8,80,19,5,change_speed,10,9072,28.8,9639,29.2
11,2,8,80,19,6,add_lane,0,7970,40.0,7970,40.0
11,2,8,80,19,6,add_lane,1,7970,40.0,8926,44.0
11,2,8,80,19,6,add_lane,2,7970,40.0,9883,48.0
11,2,8,80,19,6,change_speed,-10,7970,40.0,7472,31.5
11,2,8,80,19,6,change_speed,0,7970,40.0,7970,36.0
11,2,8,80,19,6,change_speed,10,7970,40.0,8468,40.5
11,2,8,80,20,0,add_lane,0,4959,56.7,4959,56.7
11,2,8,80,20,0,add_lane,1,4959,56.7,5554,62.4
11,2,8,80,20,0,add_lane,2,4959,56.7,6149,68.0
11,2,8,80,20,0,change_speed,-10,4959,56.7,4649,44.7
11,2,8,80,20,0,change_speed,0,4959,56.7,4959,51.0
11,2,8,80,20,0,change_speed,10,4959,56.7,5269,57.4
11,2,8,80,20,1,add_lane,0,10080,42.2,10080,42.2
11,2,8,80,20,1,add_lane,1,10080,42.2,11290,46.4
11,2,8,80,20,1,add_lane,2,10080,42.2,12499,50.6
11,2,8,80,20,1,change_speed,-10,10080,42.2,9450,33.2
11,2,8,80,20,1,change_speed,0,10080,42.2,10080,38.0
11,2,8,80,20,1,change_speed,10,10080,42.2,10710,42.7
11,2,8,80,20,2,add_lane,0,9778,41.7,9778,41.7
11,2,8,80,20,2,add_lane,1,9778,41.7,10951,45.9
11,2,8,80,20,2,add_lane,2,9778,41.7,12125,50.0
11,2,8,80,20,2,change_speed,-10,9778,41.7,9167,32.8
11,2,8,80,20,2,change_speed,0,9778,41.7,9778,37.5
11,2,8,80,20,2,change_speed,10,9778,41.7,10389,42.2
11,2,8,80,20,3,add_lane,0,9778,37.7,9778,37.7
11,2,8,80,20,3,add_lane,1,9778,37.7,10951,41.5
11,2,8,80,20,3,add_lane,2,9778,37.7,12125,45.2
11,2,8,80,20,3,change_speed,-10,9778,37.7,9167,29.7
11,2,8,80,20,3,change_speed,0,9778,37.7,9778,33.9
11,2,8,80,20,3,change_speed,10,9778,37.7,10389,38.2
11,2,8,80,20,4,add_lane,0,9778,40.0,9778,40.0
11,2,8,80,20,4,add_lane,1,9778,40.0,10951,44.0
11,2,8,80,20,4,add_lane,2,9778,40.0,12125,48.0
11,2,8,80,20,4,change_speed,-10,9778,40.0,9167,31.5
11,2,8,80,20,4,change_speed,0,9778,40.0,9778,36.0
11,2,8,80,20,4,change_speed,10,9778,40.0,10389,40.5
11,2,8,80,20,5,add_lane,0,7056,36.2,7056,36.2
11,2,8,80,20,5,add_lane,1,7056,36.2,7903,39.8
11,2,8,80,20,5,add_lane,2,7056,36.2,8749,43.4
11,2,8,80,20,5,change_speed,-10,7056,36.2,6615,28.5
11,2,8,80,20,5,change_speed,0,7056,36.2,7056,32.6
11,2,8,80,20,5,change_speed,10,7056,36.2,7497,36.7
11,2,8,80,20,6,add_lane,0,6199,45.9,6199,45.9
11,2,8,80,20,6,add_lane,1,6199,45.9,6943,50.5
11,2,8,80,20,6,add_lane,2,6199,45.9,7687,55.1
11,2,8,80,20,6,change_speed,-10,6199,45.9,5812,36.1
11,2,8,80,20,6,change_speed,0,6199,45.9,6199,41.3
11,2,8,80,20,6,change_speed,10,6199,45.9,6586,46.5
11,2,8,80,21,0,add_lane,0,3542,56.5,3542,56.5
11,2,8,80,21,0,add_lane,1,3542,56.5,3967,62.2
11,2,8,80,21,0,add_lane,2,3542,56.5,4392,67.8
11,2,8,80,21,0,change_speed,-10,3542,56.5,3321,44.5
11,2,8,80,21,0,change_speed,0,3542,56.5,3542,50.9
11,2,8,80,21,0,change_speed,10,3542,56.5,3763,57.2
11,2,8,80,21,1,add_lane,0,7200,56.7,7200,56.7
11,2,8,80,21,1,add_lane,1,7200,56.7,8064,62.4
11,2,8,80,21,1,add_lane,2,7200,56.7,8928,68.0
11,2,8,80,21,1,change_speed,-10,7200,56.7,6750,44.7
11,2,8,80,21,1,change_speed,0,7200,56.7,7200,51.0
11,2,8,80,21,1,change_speed,10,7200,56.7,7650,57.4
11,2,8,80,21,2,add_lane,0,6984,53.6,6984,53.6
11,2,8,80,21,2,add_lane,1,6984,53.6,7822,59.0
11,2,8,80,21,2,add_lane,2,6984,53.6,8660,64.3
11,2,8,80,21,2,change_speed,-10,6984,53.6,6548,42.2
11,2,8,80,21,2,change_speed,0,6984,53.6,6984,48.2
11,2,8,80,21,2,change_speed,10,6984,53.6,7420,54.3
11,2,8,80,21,3,add_lane,0,6984,55.3,6984,55.3
11,2,8,80,21,3,add_lane,1,6984,55.3,7822,60.8
11,2,8,80,21,3,add_lane,2,6984,55.3,8660,66.4
11,2,8,80,21,3,change_speed,-10,6984,55.3,6548,43.5
11,2,8,80,21,3,change_speed,0,6984,55.3,6984,49.8
11,2,8,80,21,3,change_speed,10,6984,55.3,7420,56.0
11,2,8,80,21,4,add_lane,0,6984,57.0,6984,57.0
11,2,8,80,21,4,add_lane,1,6984,57.0,7822,62.7
11,2,8,80,21,4,add_lane,2,6984,57.0,8660,68.4
11,2,8,80,21,4,change_speed,-10,6984,57.0,6548,44.9
11,2,8,80,21,4,change_speed,0,6984,57.0,6984,51.3
11,2,8,80,21,4,change_speed,10,6984,57.0,7420,57.7
11,2,8,80,21,5,add_lane,0,5040,44.1,5040,44.1
11,2,8,80,21,5,add_lane,1,5040,44.1,5645,48.5
11,2,8,80,21,5,add_lane,2,5040,44.1,6250,52.9
11,2,8,80,21,5,change_speed,-10,5040,44.1,4725,34.7
11,2,8,80,21,5,change_speed,0,5040,44.1,5040,39.7
11,2,8,80,21,5,change_speed,10,5040,44.1,5355,44.7
11,2,8,80,21,6,add_lane,0,4428,56.9,4428,56.9
11,2,8,80,21,6,add_lane,1,4428,56.9,4959,62.6
11,2,8,80,21,6,add_lane,2,4428,56.9,5491,68.3
11,2,8,80,21,6,change_speed,-10,4428,56.9,4151,44.8
11,2,8,80,21,6,change_speed,0,4428,56.9,4428,51.2
11,2,8,80,21,6,change_speed,10,4428,56.9,4705,57.6
11,2,8,80,22,0,add_lane,0,2480,57.8,2480,57.8
11,2,8,80,22,0,add_lane,1,2480,57.8,2778,63.6
11,2,8,80,22,0,add_lane,2,2480,57.8,3075,69.4
11,2,8,80,22,0,change_speed,-10,2480,57.8,2325,45.5
11,2,8,80,22,0,change_speed,0,2480,57.8,2480,52.0
11,2,8,80,22,0,change_speed,10,2480,57.8,2635,58.5
11,2,8,80,22,1,add_lane,0,5040,70.0,5040,70.0
11,2,8,80,22,1,add_lane,1,5040,70.0,5645,77.0
11,2,8,80,22,1,add_lane,2,5040,70.0,6250,84.0
11,2,8,80,22,1,change_speed,-10,5040,70.0,4725,55.1
11,2,8,80,22,1,change_speed,0,5040,70.0,5040,63.0
11,2,8,80,22,1,change_speed,10,5040,70.0,5355,70.9
11,2,8,80,22,2,add_lane,0,4889,60.3,4889,60.3
11,2,8,80,22,2,add_lane,1,4889,60.3,5476,66.3
11,2,8,80,22,2,add_lane,2,4889,60.3,6062,72.4
11,2,8,80,22,2,change_speed,-10,4889,60.3,4583,47.5
11,2,8,80,22,2,change_speed,0,4889,60.3,4889,54.3
11,2,8,80,22,2,change_speed,10,4889,60.3,5195,61.1
11,2,8,80,22,3,add_lane,0,4889,68.8,4889,68.8
11,2,8,80,22,3,add_lane,1,4889,68.8,5476,75.7
11,2,8,80,22,3,add_lane,2,4889,68.8,6062,82.6
11,2,8,80,22,3,change_speed,-10,4889,68.8,4583,54.2
11,2,8,80,22,3,change_speed,0,4889,68.8,4889,61.9
11,2,8,80,22,3,change_speed,10,4889,68.8,5195,69.7
11,2,8,80,22,4,add_lane,0,4889,66.0,4889,66.0
11,2,8,80,22,4,add_lane,1,4889,66.0,5476,72.6
11,2,8,80,22,4,add_lane,2,4889,66.0,6062,79.2
11,2,8,80,22,4,change_speed,-10,4889,66.0,4583,52.0
11,2,8,80,22,4,change_speed,0,4889,66.0,4889,59.4
11,2,8,80,22,4,change_speed,10,4889,66.0,5195,66.8
11,2,8,80,22,5,add_lane,0,3528,47.0,3528,47.0
11,2,8,80,22,5,add_lane,1,3528,47.0,3951,51.7
11,2,8,80,22,5,add_lane,2,3528,47.0,4375,56.4
11,2,8,80,22,5,change_speed,-10,3528,47.0,3308,37.0
11,2,8,80,22,5,change_speed,0,3528,47.0,3528,42.3
11,2,8,80,22,5,change_speed,10,3528,47.0,3748,47.6
11,2,8,80,22,6,add_lane,0,3100,60.3,3100,60.3
11,2,8,80,22,6,add_lane,1,3100,60.3,3472,66.3
11,2,8,80,22,6,add_lane,2,3100,60.3,3844,72.4
11,2,8,80,22,6,change_speed,-10,3100,60.3,2906,47.5
11,2,8,80,22,6,change_speed,0,3100,60.3,3100,54.3
11,2,8,80,22,6,change_speed,10,3100,60.3,3294,61.1
11,2,8,80,23,0,add_lane,0,1771,64.2,1771,64.2
11,2,8,80,23,0,add_lane,1,1771,64.2,1984,70.6
11,2,8,80,23,0,add_lane,2,1771,64.2,2196,77.0
11,2,8,80,23,0,change_speed,-10,1771,64.2,1660,50.6
11,2,8,80,23,0,change_speed,0,1771,64.2,1771,57.8
11,2,8,80,23,0,change_speed,10,1771,64.2,1882,65.0
11,2,8,80,23,1,add_lane,0,3600,75.8,3600,75.8
11,2,8,80,23,1,add_lane,1,3600,75.8,4032,83.4
11,2,8,80,23,1,add_lane,2,3600,75.8,4464,91.0
11,2,8,80,23,1,change_speed,-10,3600,75.8,3375,59.7
11,2,8,80,23,1,change_speed,0,3600,75.8,3600,68.2
11,2,8,80,23,1,change_speed,10,3600,75.8,3825,76.7
11,2,8,80,23,2,add_lane,0,3492,65.9,3492,65.9
11,2,8,80,23,2,add_lane,1,3492,65.9,3911,72.5
11,2,8,80,23,2,add_lane,2,3492,65.9,4330,79.1
11,2,8,80,23,2,change_speed,-10,3492,65.9,3274,51.9
11,2,8,80,23,2,change_speed,0,3492,65.9,3492,59.3
11,2,8,80,23,2,change_speed,10,3492,65.9,3710,66.7
11,2,8,80,23,3,add_lane,0,3492,66.8,3492,66.8
11,2,8,80,23,3,add_lane,1,3492,66.8,3911,73.5
11,2,8,80,23,3,add_lane,2,3492,66.8,4330,80.2
11,2,8,80,23,3,change_speed,-10,3492,66.8,3274,52.6
11,2,8,80,23,3,change_speed,0,3492,66.8,3492,60.1
11,2,8,80,23,3,change_speed,10,3492,66.8,3710,67.6
11,2,8,80,23,4,add_lane,0,3492,66.5,3492,66.5
11,2,8,80,23,4,add_lane,1,3492,66.5,3911,73.2
11,2,8,80,23,4,add_lane,2,3492,66.5,4330,79.8
11,2,8,80,23,4,change_speed,-10,3492,66.5,3274,52.4
11,2,8,80,23,4,change_speed,0,3492,66.5,3492,59.9
11,2,8,80,23,4,change_speed,10,3492,66.5,3710,67.3
11,2,8,80,23,5,add_lane,0,2520,53.4,2520,53.4
11,2,8,80,23,5,add_lane,1,2520,53.4,2822,58.7
11,2,8,80,23,5,add_lane,2,2520,53.4,3125,64.1
11,2,8,80,23,5,change_speed,-10,2520,53.4,2362,42.1
11,2,8,80,23,5,change_speed,0,2520,53.4,2520,48.1
11,2,8,80,23,5,change_speed,10,2520,53.4,2678,54.1
11,2,8,80,23,6,add_lane,0,2214,60.9,2214,60.9
11,2,8,80,23,6,add_lane,1,2214,60.9,2480,67.0
11,2,8,80,23,6,add_lane,2,2214,60.9,2745,73.1
11,2,8,80,23,6,change_speed,-10,2214,60.9,2076,48.0
11,2,8,80,23,6,change_speed,0,2214,60.9,2214,54.8
11,2,8,80,23,6,change_speed,10,2214,60.9,2352,61.7
12,1,4,60,0,0,add_lane,0,443,58.3,443,58.3
12,1,4,60,0,0,add_lane,1,443,58.3,496,64.1
12,1,4,60,0,0,add_lane,2,443,58.3,549,70.0
12,1,4,60,0,0,change_speed,-10,443,58.3,406,43.7
12,1,4,60,0,0,change_speed,0,443,58.3,443,52.5
12,1,4,60,0,0,change_speed,10,443,58.3,480,61.2
12,1,4,60,0,1,add_lane,0,900,61.7,900,61.7
12,1,4,60,0,1,add_lane,1,900,61.7,1008,67.9
12,1,4,60,0,1,add_lane,2,900,61.7,1116,74.0
12,1,4,60,0,1,change_speed,-10,900,61.7,825,46.3
12,1,4,60,0,1,change_speed,0,900,61.7,900,55.5
12,1,4,60,0,1,change_speed,10,900,61.7,975,64.8
12,1,4,60,0,2,add_lane,0,873,50.0,873,50.0
12,1,4,60,0,2,add_lane,1,873,50.0,978,55.0
12,1,4,60,0,2,add_lane,2,873,50.0,1083,60.0
12,1,4,60,0,2,change_speed,-10,873,50.0,800,37.5
12,1,4,60,0,2,change_speed,0,873,50.0,873,45.0
12,1,4,60,0,2,change_speed,10,873,50.0,946,52.5
12,1,4,60,0,3,add_lane,0,873,59.8,873,59.8
12,1,4,60,0,3,add_lane,1,873,59.8,978,65.8
12,1,4,60,0,3,add_lane,2,873,59.8,1083,71.8
12,1,4,60,0,3,change_speed,-10,873,59.8,800,44.9
12,1,4,60,0,3,change_speed,0,873,59.8,873,53.8
12,1,4,60,0,3,change_speed,10,873,59.8,946,62.8
12,1,4,60,0,4,add_lane,0,873,51.3,873,51.3
12,1,4,60,0,4,add_lane,1,873,51.3,978,56.4
12,1,4,60,0,4,add_lane,2,873,51.3,1083,61.6
12,1,4,60,0,4,change_speed,-10,873,51.3,800,38.5
12,1,4,60,0,4,change_speed,0,873,51.3,873,46.2
12,1,4,60,0,4,change_speed,10,873,51.3,946,53.9
12,1,4,60,0,5,add_lane,0,630,38.4,630,38.4
12,1,4,60,0,5,add_lane,1,630,38.4,706,42.2
12,1,4,60,0,5,add_lane,2,630,38.4,781,46.1
12,1,4,60,0,5,change_speed,-10,630,38.4,578,28.8
12,1,4,60,0,5,change_speed,0,630,38.4,630,34.6
12,1,4,60,0,5,change_speed,10,630,38.4,683,40.3
12,1,4,60,0,6,add_lane,0,554,48.9,554,48.9
12,1,4,60,0,6,add_lane,1,554,48.9,620,53.8
12,1,4,60,0,6,add_lane,2,554,48.9,687,58.7
12,1,4,60,0,6,change_speed,-10,554,48.9,508,36.7
12,1,4,60,0,6,change_speed,0,554,48.9,554,44.0
12,1,4,60,0,6,change_speed,10,554,48.9,600,51.3
12,1,4,60,1,0,add_lane,0,354,58.5,354,58.5
12,1,4,60,1,0,add_lane,1,354,58.5,396,64.4
12,1,4,60,1,0,add_lane,2,354,58.5,439,70.2
12,1,4,60,1,0,change_speed,-10,354,58.5,324,43.9
12,1,4,60,1,0,change_speed,0,354,58.5,354,52.6
12,1,4,60,1,0,change_speed,10,354,58.5,384,61.4
12,1,4,60,1,1,add_lane,0,720,64.9,720,64.9
12,1,4,60,1,1,add_lane,1,720,64.9,806,71.4
12,1,4,60,1,1,add_lane,2,720,64.9,893,77.9
12,1,4,60,1,1,change_speed,-10,720,64.9,660,48.7
12,1,4,60,1,1,change_speed,0,720,64.9,720,58.4
12,1,4,60,1,1,change_speed,10,720,64.9,780,68.1
12,1,4,60,1,2,add_lane,0,698,58.5,698,58.5
12,1,4,60,1,2,add_lane,1,698,58.5,782,64.4
12,1,4,60,1,2,add_lane,2,698,58.5,866,70.2
12,1,4,60,1,2,change_speed,-10,698,58.5,640,43.9
12,1,4,60,1,2,change_speed,0,698,58.5,698,52.6
12,1,4,60,1,2,change_speed,10,698,58.5,756,61.4
12,1,4,60,1,3,add_lane,0,698,62.3,698,62.3
12,1,4,60,1,3,add_lane,1,698,62.3,782,68.5
12,1,4,60,1,3,add_lane,2,698,62.3,866,74.8
12,1,4,60,1,3,change_speed,-10,698,62.3,640,46.7
12,1,4,60,1,3,change_speed,0,698,62.3,698,56.1
12,1,4,60,1,3,change_speed,10,698,62.3,756,65.4
12,1,4,60,1,4,add_lane,0,698,57.8,698,57.8
12,1,4,60,1,4,add_lane,1,698,57.8,782,63.6
12,1,4,60,1,4,add_lane,2,698,57.8,866,69.4
12,1,4,60,1,4,change_speed,-10,698,57.8,640,43.4
12,1,4,60,1,4,change_speed,0,698,57.8,698,52.0
12,1,4,60,1,4,change_speed,10,698,57.8,756,60.7
12,1,4,60,1,5,add_lane,0,504,37.8,504,37.8
12,1,4,60,1,5,add_lane,1,504,37.8,564,41.6
12,1,4,60,1,5,add_lane,2,504,37.8,625,45.4
12,1,4,60,1,5,change_speed,-10,504,37.8,462,28.4
12,1,4,60,1,5,change_speed,0,504,37.8,504,34.0
12,1,4,60,1,5,change_speed,10,504,37.8,546,39.7
12,1,4,60,1,6,add_lane,0,443,52.4,443,52.4
12,1,4,60,1,6,add_lane,1,443,52.4,496,57.6
12,1,4,60,1,6,add_lane,2,443,52.4,549,62.9
12,1,4,60,1,6,change_speed,-10,443,52.4,406,39.3
12,1,4,60,1,6,change_speed,0,443,52.4,443,47.2
12,1,4,60,1,6,change_speed,10,443,52.4,480,55.0
12,1,4,60,2,0,add_lane,0,319,54.7,319,54.7
12,1,4,60,2,0,add_lane,1,319,54.7,357,60.2
12,1,4,60,2,0,add_lane,2,319,54.7,396,65.6
12,1,4,60,2,0,change_speed,-10,319,54.7,292,41.0
12,1,4,60,2,0,change_speed,0,319,54.7,319,49.2
12,1,4,60,2,0,change_speed,10,319,54.7,346,57.4
12,1,4,60,2,1,add_lane,0,648,57.5,648,57.5
12,1,4,60,2,1,add_lane,1,648,57.5,726,63.3
12,1,4,60,2,1,add_lane,2,648,57.5,804,69.0
12,1,4,60,2,1,change_speed,-10,648,57.5,594,43.1
12,1,4,60,2,1,change_speed,0,648,57.5,648,51.8
12,1,4,60,2,1,change_speed,10,648,57.5,702,60.4
12,1,4,60,2,2,add_lane,0,629,59.6,629,59.6
12,1,4,60,2,2,add_lane,1,629,59.6,704,65.6
12,1,4,60,2,2,add_lane,2,629,59.6,780,71.5
12,1,4,60,2,2,change_speed,-10,629,59.6,577,44.7
12,1,4,60,2,2,change_speed,0,629,59.6,629,53.6
12,1,4,60,2,2,change_speed,10,629,59.6,681,62.6
12,1,4,60,2,3,add_lane,0,629,62.1,629,62.1
12,1,4,60,2,3,add_lane,1,629,62.1,704,68.3
12,1,4,60,2,3,add_lane,2,629,62.1,780,74.5
12,1,4,60,2,3,change_speed,-10,629,62.1,577,46.6
12,1,4,60,2,3,change_speed,0,629,62.1,629,55.9
12,1,4,60,2,3,change_speed,10,629,62.1,681,65.2
12,1,4,60,2,4,add_lane,0,629,54.5,629,54.5
12,1,4,60,2,4,add_lane,1,629,54.5,704,60.0
12,1,4,60,2,4,add_lane,2,629,54.5,780,65.4
12,1,4,60,2,4,change_speed,-10,629,54.5,577,40.9
12,1,4,60,2,4,change_speed,0,629,54.5,629,49.1
12,1,4,60,2,4,change_speed,10,629,54.5,681,57.2
12,1,4,60,2,5,add_lane,0,454,41.6,454,41.6
12,1,4,60,2,5,add_lane,1,454,41.6,508,45.8
12,1,4,60,2,5,add_lane,2,454,41.6,563,49.9
12,1,4,60,2,5,change_speed,-10,454,41.6,416,31.2
12,1,4,60,2,5,change_speed,0,454,41.6,454,37.4
12,1,4,60,2,5,change_speed,10,454,41.6,492,43.7
12,1,4,60,2,6,add_lane,0,399,53.6,399,53.6
12,1,4,60,2,6,add_lane,1,399,53.6,447,59.0
12,1,4,60,2,6,add_lane,2,399,53.6,495,64.3
12,1,4,60,2,6,change_speed,-10,399,53.6,366,40.2
12,1,4,60,2,6,change_speed,0,399,53.6,399,48.2
12,1,4,60,2,6,change_speed,10,399,53.6,432,56.3
12,1,4,60,3,0,add_lane,0,266,54.2,266,54.2
12,1,4,60,3,0,add_lane,1,266,54.2,298,59.6
12,1,4,60,3,0,add_lane,2,266,54.2,330,65.0
12,1,4,60,3,0,change_speed,-10,266,54.2,244,40.7
12,1,4,60,3,0,change_speed,0,266,54.2,266,48.8
12,1,4,60,3,0,change_speed,10,266,54.2,288,56.9
12,1,4,60,3,1,add_lane,0,540,56.6,540,56.6
12,1,4,60,3,1,add_lane,1,540,56.6,605,62.3
12,1,4,60,3,1,add_lane,2,540,56.6,670,67.9
12,1,4,60,3,1,change_speed,-10,540,56.6,495,42.5
12,1,4,60,3,1,change_speed,0,540,56.6,540,50.9
12,1,4,60,3,1,change_speed,10,540,56.6,585,59.4
12,1,4,60,3,2,add_lane,0,524,59.0,524,59.0
12,1,4,60,3,2,add_lane,1,524,59.0,587,64.9
12,1,4,60,3,2,add_lane,2,524,59.0,650,70.8
12,1,4,60,3,2,change_speed,-10,524,59.0,480,44.3
12,1,4,60,3,2,change_speed,0,524,59.0,524,53.1
12,1,4,60,3,2,change_speed,10,524,59.0,568,62.0
12,1,4,60,3,3,add_lane,0,524,59.7,524,59.7
12,1,4,60,3,3,add_lane,1,524,59.7,587,65.7
12,1,4,60,3,3,add_lane,2,524,59.7,650,71.6
12,1,4,60,3,3,change_speed,-10,524,59.7,480,44.8
12,1,4,60,3,3,change_speed,0,524,59.7,524,53.7
12,1,4,60,3,3,change_speed,10,524,59.7,568,62.7
12,1,4,60,3,4,add_lane,0,524,59.3,524,59.3
12,1,4,60,3,4,add_lane,1,524,59.3,587,65.2
12,1,4,60,3,4,add_lane,2,524,59.3,650,71.2
12,1,4,60,3,4,change_speed,-10,524,59.3,480,44.5
12,1,4,60,3,4,change_speed,0,524,59.3,524,53.4
12,1,4,60,3,4,change_speed,10,524,59.3,568,62.3
12,1,4,60,3,5,add_lane,0,378,41.0,378,41.0
12,1,4,60,3,5,add_lane,1,378,41.0,423,45.1
12,1,4,60,3,5,add_lane,2,378,41.0,469,49.2
12,1,4,60,3,5,change_speed,-10,378,41.0,346,30.8
12,1,4,60,3,5,change_speed,0,378,41.0,378,36.9
12,1,4,60,3,5,change_speed,10,378,41.0,410,43.1
12,1,4,60,3,6,add_lane,0,332,45.3,332,45.3
12,1,4,60,3,6,add_lane,1,332,45.3,372,49.8
12,1,4,60,3,6,add_lane,2,332,45.3,412,54.4
12,1,4,60,3,6,change_speed,-10,332,45.3,304,34.0
12,1,4,60,3,6,change_speed,0,332,45.3,332,40.8
12,1,4,60,3,6,change_speed,10,332,45.3,360,47.6
12,1,4,60,4,0,add_lane,0,354,52.1,354,52.1
12,1,4,60,4,0,add_lane,1,354,52.1,396,57.3
12,1,4,60,4,0,add_lane,2,354,52.1,439,62.5
12,1,4,60,4,0,change_speed,-10,354,52.1,324,39.1
12,1,4,60,4,0,change_speed,0,354,52.1,354,46.9
12,1,4,60,4,0,change_speed,10,354,52.1,384,54.7
12,1,4,60,4,1,add_lane,0,720,61.5,720,61.5
12,1,4,60,4,1,add_lane,1,720,61.5,806,67.7
12,1,4,60,4,1,add_lane,2,720,61.5,893,73.8
12,1,4,60,4,1,change_speed,-10,720,61.5,660,46.1
12,1,4,60,4,1,change_speed,0,720,61.5,720,55.4
12,1,4,60,4,1,change_speed,10,720,61.5,780,64.6
12,1,4,60,4,2,add_lane,0,698,58.5,698,58.5
12,1,4,60,4,2,add_lane,1,698,58.5,782,64.4
12,1,4,60,4,2,add_lane,2,698,58.5,866,70.2
12,1,4,60,4,2,change_speed,-10,698,58.5,640,43.9
12,1,4,60,4,2,change_speed,0,698,58.5,698,52.6
12,1,4,60,4,2,change_speed,10,698,58.5,756,61.4
12,1,4,60,4,3,add_lane,0,698,55.6,698,55.6
12,1,4,60,4,3,add_lane,1,698,55.6,782,61.2
12,1,4,60,4,3,add_lane,2,698,55.6,866,66.7
12,1,4,60,4,3,change_speed,-10,698,55.6,640,41.7
12,1,4,60,4,3,change_speed,0,698,55.6,698,50.0
12,1,4,60,4,3,change_speed,10,698,55.6,756,58.4
12,1,4,60,4,4,add_lane,0,698,54.3,698,54.3
12,1,4,60,4,4,add_lane,1,698,54.3,782,59.7
12,1,4,60,4,4,add_lane,2,698,54.3,866,65.2
12,1,4,60,4,4,change_speed,-10,698,54.3,640,40.7
12,1,4,60,4,4,change_speed,0,698,54.3,698,48.9
12,1,4,60,4,4,change_speed,10,698,54.3,756,57.0
12,1,4,60,4,5,add_lane,0,504,41.9,504,41.9
12,1,4,60,4,5,add_lane,1,504,41.9,564,46.1
12,1,4,60,4,5,add_lane,2,504,41.9,625,50.3
12,1,4,60,4,5,change_speed,-10,504,41.9,462,31.4
12,1,4,60,4,5,change_speed,0,504,41.9,504,37.7
12,1,4,60,4,5,change_speed,10,504,41.9,546,44.0
12,1,4,60,4,6,add_lane,0,443,49.8,443,49.8
12,1,4,60,4,6,add_lane,1,443,49.8,496,54.8
12,1,4,60,4,6,add_lane,2,443,49.8,549,59.8
12,1,4,60,4,6,change_speed,-10,443,49.8,406,37.4
12,1,4,60,4,6,change_speed,0,443,49.8,443,44.8
12,1,4,60,4,6,change_speed,10,443,49.8,480,52.3
12,1,4,60,5,0,add_lane,0,620,52.7,620,52.7
12,1,4,60,5,0,add_lane,1,620,52.7,694,58.0
12,1,4,60,5,0,add_lane,2,620,52.7,769,63.2
12,1,4,60,5,0,change_speed,-10,620,52.7,568,39.5
12,1,4,60,5,0,change_speed,0,620,52.7,620,47.4
12,1,4,60,5,0,change_speed,10,620,52.7,672,55.3
12,1,4,60,5,1,add_lane,0,1260,57.4,1260,57.4
12,1,4,60,5,1,add_lane,1,1260,57.4,1411,63.1
12,1,4,60,5,1,add_lane,2,1260,57.4,1562,68.9
12,1,4,60,5,1,change_speed,-10,1260,57.4,1155,43.1
12,1,4,60,5,1,change_speed,0,1260,57.4,1260,51.7
12,1,4,60,5,1,change_speed,10,1260,57.4,1365,60.3
12,1,4,60,5,2,add_lane,0,1222,50.6,1222,50.6
12,1,4,60,5,2,add_lane,1,1222,50.6,1369,55.7
12,1,4,60,5,2,add_lane,2,1222,50.6,1515,60.7
12,1,4,60,5,2,change_speed,-10,1222,50.6,1120,38.0
12,1,4,60,5,2,change_speed,0,1222,50.6,1222,45.5
12,1,4,60,5,2,change_speed,10,1222,50.6,1324,53.1
12,1,4,60,5,3,add_lane,0,1222,54.3,1222,54.3
12,1,4,60,5,3,add_lane,1,1222,54.3,1369,59.7
12,1,4,60,5,3,add_lane,2,1222,54.3,1515,65.2
12,1,4,60,5,3,change_speed,-10,1222,54.3,1120,40.7
12,1,4,60,5,3,change_speed,0,1222,54.3,1222,48.9
12,1,4,60,5,3,change_speed,10,1222,54.3,1324,57.0
12,1,4,60,5,4,add_lane,0,1222,58.7,1222,58.7
12,1,4,60,5,4,add_lane,1,1222,58.7,1369,64.6
12,1,4,60,5,4,add_lane,2,1222,58.7,1515,70.4
12,1,4,60,5,4,change_speed,-10,1222,58.7,1120,44.0
12,1,4,60,5,4,change_speed,0,1222,58.7,1222,52.8
12,1,4,60,5,4,change_speed,10,1222,58.7,1324,61.6
12,1,4,60,5,5,add_lane,0,882,38.8,882,38.8
12,1,4,60,5,5,add_lane,1,882,38.8,988,42.7
12,1,4,60,5,5,add_lane,2,882,38.8,1094,46.6
12,1,4,60,5,5,change_speed,-10,882,38.8,809,29.1
12,1,4,60,5,5,change_speed,0,882,38.8,882,34.9
12,1,4,60,5,5,change_speed,10,882,38.8,956,40.7
12,1,4,60,5,6,add_lane,0,775,48.7,775,48.7
12,1,4,60,5,6,add_lane,1,775,48.7,868,53.6
12,1,4,60,5,6,add_lane,2,775,48.7,961,58.4
12,1,4,60,5,6,change_speed,-10,775,48.7,710,36.5
12,1,4,60,5,6,change_speed,0,775,48.7,775,43.8
12,1,4,60,5,6,change_speed,10,775,48.7,840,51.1
12,1,4,60,6,0,add_lane,0,1151,48.6,1151,48.6
12,1,4,60,6,0,add_lane,1,1151,48.6,1289,53.5
12,1,4,60,6,0,add_lane,2,1151,48.6,1427,58.3
12,1,4,60,6,0,change_speed,-10,1151,48.6,1055,36.5
12,1,4,60,6,0,change_speed,0,1151,48.6,1151,43.7
12,1,4,60,6,0,change_speed,10,1151,48.6,1247,51.0
12,1,4,60,6,1,add_lane,0,2340,48.0,2340,48.0
12,1,4,60,6,1,add_lane,1,2340,48.0,2621,52.8
12,1,4,60,6,1,add_lane,2,2340,48.0,2902,57.6
12,1,4,60,6,1,change_speed,-10,2340,48.0,2145,36.0
12,1,4,60,6,1,change_speed,0,2340,48.0,2340,43.2
12,1,4,60,6,1,change_speed,10,2340,48.0,2535,50.4
12,1,4,60,6,2,add_lane,0,2270,46.7,2270,46.7
12,1,4,60,6,2,add_lane,1,2270,46.7,2542,51.4
12,1,4,60,6,2,add_lane,2,2270,46.7,2815,56.0
12,1,4,60,6,2,change_speed,-10,2270,46.7,2081,35.0
12,1,4,60,6,2,change_speed,0,2270,46.7,2270,42.0
12,1,4,60,6,2,change_speed,10,2270,46.7,2459,49.0
12,1,4,60,6,3,add_lane,0,2270,48.9,2270,48.9
12,1,4,60,6,3,add_lane,1,2270,48.9,2542,53.8
12,1,4,60,6,3,add_lane,2,2270,48.9,2815,58.7
12,1,4,60,6,3,change_speed,-10,2270,48.9,2081,36.7
12,1,4,60,6,3,change_speed,0,2270,48.9,2270,44.0
12,1,4,60,6,3,change_speed,10,2270,48.9,2459,51.3
12,1,4,60,6,4,add_lane,0,2270,49.5,2270,49.5
12,1,4,60,6,4,add_lane,1,2270,49.5,2542,54.5
12,1,4,60,6,4,add_lane,2,2270,49.5,2815,59.4
12,1,4,60,6,4,change_speed,-10,2270,49.5,2081,37.1
12,1,4,60,6,4,change_speed,0,2270,49.5,2270,44.6
12,1,4,60,6,4,change_speed,10,2270,49.5,2459,52.0
12,1,4,60,6,5,add_lane,0,1638,34.7,1638,34.7
12,1,4,60,6,5,add_lane,1,1638,34.7,1835,38.2
12,1,4,60,6,5,add_lane,2,1638,34.7,2031,41.6
12,1,4,60,6,5,change_speed,-10,1638,34.7,1502,26.0
12,1,4,60,6,5,change_speed,0,1638,34.7,1638,31.2
12,1,4,60,6,5,change_speed,10,1638,34.7,1775,36.4
12,1,4,60,6,6,add_lane,0,1439,46.2,1439,46.2
12,1,4,60,6,6,add_lane,1,1439,46.2,1612,50.8
12,1,4,60,6,6,add_lane,2,1439,46.2,1784,55.4
12,1,4,60,6,6,change_speed,-10,1439,46.2,1319,34.7
12,1,4,60,6,6,change_speed,0,1439,46.2,1439,41.6
12,1,4,60,6,6,change_speed,10,1439,46.2,1559,48.5
12,1,4,60,7,0,add_lane,0,2657,45.1,2657,45.1
12,1,4,60,7,0,add_lane,1,2657,45.1,2976,49.6
12,1,4,60,7,0,add_lane,2,2657,45.1,3295,54.1
12,1,4,60,7,0,change_speed,-10,2657,45.1,2436,33.8
12,1,4,60,7,0,change_speed,0,2657,45.1,2657,40.6
12,1,4,60,7,0,change_speed,10,2657,45.1,2878,47.4
12,1,4,60,7,1,add_lane,0,5400,29.5,5400,29.5
12,1,4,60,7,1,add_lane,1,5400,29.5,6048,32.5
12,1,4,60,7,1,add_lane,2,5400,29.5,6696,35.4
12,1,4,60,7,1,change_speed,-10,5400,29.5,4950,22.1
12,1,4,60,7,1,change_speed,0,5400,29.5,5400,26.6
12,1,4,60,7,1,change_speed,10,5400,29.5,5850,31.0
12,1,4,60,7,2,add_lane,0,5238,26.7,5238,26.7
12,1,4,60,7,2,add_lane,1,5238,26.7,5867,29.4
12,1,4,60,7,2,add_lane,2,5238,26.7,6495,32.0
12,1,4,60,7,2,change_speed,-10,5238,26.7,4802,20.0
12,1,4,60,7,2,change_speed,0,5238,26.7,5238,24.0
12,1,4,60,7,2,change_speed,10,5238,26.7,5675,28.0
12,1,4,60,7,3,add_lane,0,5238,29.3,5238,29.3
12,1,4,60,7,3,add_lane,1,5238,29.3,5867,32.2
12,1,4,60,7,3,add_lane,2,5238,29.3,6495,35.2
12,1,4,60,7,3,change_speed,-10,5238,29.3,4802,22.0
12,1,4,60,7,3,change_speed,0,5238,29.3,5238,26.4
12,1,4,60,7,3,change_speed,10,5238,29.3,5675,30.8
12,1,4,60,7,4,add_lane,0,5238,28.9,5238,28.9
12,1,4,60,7,4,add_lane,1,5238,28.9,5867,31.8
12,1,4,60,7,4,add_lane,2,5238,28.9,6495,34.7
12,1,4,60,7,4,change_speed,-10,5238,28.9,4802,21.7
12,1,4,60,7,4,change_speed,0,5238,28.9,5238,26.0
12,1,4,60,7,4,change_speed,10,5238,28.9,5675,30.3
12,1,4,60,7,5,add_lane,0,3780,25.6,3780,25.6
12,1,4,60,7,5,add_lane,1,3780,25.6,4234,28.2
12,1,4,60,7,5,add_lane,2,3780,25.6,4687,30.7
12,1,4,60,7,5,change_speed,-10,3780,25.6,3465,19.2
12,1,4,60,7,5,change_speed,0,3780,25.6,3780,23.0
12,1,4,60,7,5,change_speed,10,3780,25.6,4095,26.9
12,1,4,60,7,6,add_lane,0,3321,34.4,3321,34.4
12,1,4,60,7,6,add_lane,1,3321,34.4,3720,37.8
12,1,4,60,7,6,add_lane,2,3321,34.4,4118,41.3
12,1,4,60,7,6,change_speed,-10,3321,34.4,3044,25.8
12,1,4,60,7,6,change_speed,0,3321,34.4,3321,31.0
12,1,4,60,7,6,change_speed,10,3321,34.4,3598,36.1
12,1,4,60,8,0,add_lane,0,3188,34.9,3188,34.9
12,1,4,60,8,0,add_lane,1,3188,34.9,3571,38.4
12,1,4,60,8,0,add_lane,2,3188,34.9,3953,41.9
12,1,4,60,8,0,change_speed,-10,3188,34.9,2922,26.2
12,1,4,60,8,0,change_speed,0,3188,34.9,3188,31.4
12,1,4,60,8,0,change_speed,10,3188,34.9,3454,36.6
12,1,4,60,8,1,add_lane,0,6480,18.3,6480,18.3
12,1,4,60,8,1,add_lane,1,6480,18.3,7258,20.1
12,1,4,60,8,1,add_lane,2,6480,18.3,8035,22.0
12,1,4,60,8,1,change_speed,-10,6480,18.3,5940,13.7
12,1,4,60,8,1,change_speed,0,6480,18.3,6480,16.5
12,1,4,60,8,1,change_speed,10,6480,18.3,7020,19.2
12,1,4,60,8,2,add_lane,0,6286,21.7,6286,21.7
12,1,4,60,8,2,add_lane,1,6286,21.7,7040,23.9
12,1,4,60,8,2,add_lane,2,6286,21.7,7795,26.0
12,1,4,60,8,2,change_speed,-10,6286,21.7,5762,16.3
12,1,4,60,8,2,change_speed,0,6286,21.7,6286,19.5
12,1,4,60,8,2,change_speed,10,6286,21.7,6810,22.8
12,1,4,60,8,3,add_lane,0,6286,21.2,6286,21.2
12,1,4,60,8,3,add_lane,1,6286,21.2,7040,23.3
12,1,4,60,8,3,add_lane,2,6286,21.2,7795,25.4
12,1,4,60,8,3,change_speed,-10,6286,21.2,5762,15.9
12,1,4,60,8,3,change_speed,0,6286,21.2,6286,19.1
12,1,4,60,8,3,change_speed,10,6286,21.2,6810,22.3
12,1,4,60,8,4,add_lane,0,6286,22.2,6286,22.2
12,1,4,60,8,4,add_lane,1,6286,22.2,7040,24.4
12,1,4,60,8,4,add_lane,2,6286,22.2,7795,26.6
12,1,4,60,8,4,change_speed,-10,6286,22.2,5762,16.7
12,1,4,60,8,4,change_speed,0,6286,22.2,6286,20.0
12,1,4,60,8,4,change_speed,10,6286,22.2,6810,23.3
12,1,4,60,8,5,add_lane,0,4536,22.3,4536,22.3
12,1,4,60,8,5,add_lane,1,4536,22.3,5080,24.5
12,1,4,60,8,5,add_lane,2,4536,22.3,5625,26.8
12,1,4,60,8,5,change_speed,-10,4536,22.3,4158,16.7
12,1,4,60,8,5,change_speed,0,4536,22.3,4536,20.1
12,1,4,60,8,5,change_speed,10,4536,22.3,4914,23.4
12,1,4,60,8,6,add_lane,0,3985,31.2,3985,31.2
12,1,4,60,8,6,add_lane,1,3985,31.2,4463,34.3
12,1,4,60,8,6,add_lane,2,3985,31.2,4941,37.4
12,1,4,60,8,6,change_speed,-10,3985,31.2,3653,23.4
12,1,4,60,8,6,change_speed,0,3985,31.2,3985,28.1
12,1,4,60,8,6,change_speed,10,3985,31.2,4317,32.8
12,1,4,60,9,0,add_lane,0,2480,43.0,2480,43.0
12,1,4,60,9,0,add_lane,1,2480,43.0,2778,47.3
12,1,4,60,9,0,add_lane,2,2480,43.0,3075,51.6
12,1,4,60,9,0,change_speed,-10,2480,43.0,2273,32.2
12,1,4,60,9,0,change_speed,0,2480,43.0,2480,38.7
12,1,4,60,9,0,change_speed,10,2480,43.0,2687,45.2
12,1,4,60,9,1,add_lane,0,5040,29.7,5040,29.7
12,1,4,60,9,1,add_lane,1,5040,29.7,5645,32.7
12,1,4,60,9,1,add_lane,2,5040,29.7,6250,35.6
12,1,4,60,9,1,change_speed,-10,5040,29.7,4620,22.3
12,1,4,60,9,1,change_speed,0,5040,29.7,5040,26.7
12,1,4,60,9,1,change_speed,10,5040,29.7,5460,31.2
12,1,4,60,9,2,add_lane,0,4889,30.2,4889,30.2
12,1,4,60,9,2,add_lane,1,4889,30.2,5476,33.2
12,1,4,60,9,2,add_lane,2,4889,30.2,6062,36.2
12,1,4,60,9,2,change_speed,-10,4889,30.2,4482,22.7
12,1,4,60,9,2,change_speed,0,4889,30.2,4889,27.2
12,1,4,60,9,2,change_speed,10,4889,30.2,5296,31.7
12,1,4,60,9,3,add_lane,0,4889,29.4,4889,29.4
12,1,4,60,9,3,add_lane,1,4889,29.4,5476,32.3
12,1,4,60,9,3,add_lane,2,4889,29.4,6062,35.3
12,1,4,60,9,3,change_speed,-10,4889,29.4,4482,22.1
12,1,4,60,9,3,change_speed,0,4889,29.4,4889,26.5
12,1,4,60,9,3,change_speed,10,4889,29.4,5296,30.9
12,1,4,60,9,4,add_lane,0,4889,30.8,4889,30.8
12,1,4,60,9,4,add_lane,1,4889,30.8,5476,33.9
12,1,4,60,9,4,add_lane,2,4889,30.8,6062,37.0
12,1,4,60,9,4,change_speed,-10,4889,30.8,4482,23.1
12,1,4,60,9,4,change_speed,0,4889,30.8,4889,27.7
12,1,4,60,9,4,change_speed,10,4889,30.8,5296,32.3
12,1,4,60,9,5,add_lane,0,3528,26.3,3528,26.3
12,1,4,60,9,5,add_lane,1,3528,26.3,3951,28.9
12,1,4,60,9,5,add_lane,2,3528,26.3,4375,31.6
12,1,4,60,9,5,change_speed,-10,3528,26.3,3234,19.7
12,1,4,60,9,5,change_speed,0,3528,26.3,3528,23.7
12,1,4,60,9,5,change_speed,10,3528,26.3,3822,27.6
12,1,4,60,9,6,add_lane,0,3100,34.9,3100,34.9
12,1,4,60,9,6,add_lane,1,3100,34.9,3472,38.4
12,1,4,60,9,6,add_lane,2,3100,34.9,3844,41.9
12,1,4,60,9,6,change_speed,-10,3100,34.9,2842,26.2
12,1,4,60,9,6,change_speed,0,3100,34.9,3100,31.4
12,1,4,60,9,6,change_speed,10,3100,34.9,3358,36.6
12,1,4,60,10,0,add_lane,0,1771,51.2,1771,51.2
12,1,4,60,10,0,add_lane,1,1771,51.2,1984,56.3
12,1,4,60,10,0,add_lane,2,1771,51.2,2196,61.4
12,1,4,60,10,0,change_speed,-10,1771,51.2,1623,38.4
12,1,4,60,10,0,change_speed,0,1771,51.2,1771,46.1
12,1,4,60,10,0,change_speed,10,1771,51.2,1919,53.8
12,1,4,60,10,1,add_lane,0,3600,39.6,3600,39.6
12,1,4,60,10,1,add_lane,1,3600,39.6,4032,43.6
12,1,4,60,10,1,add_lane,2,3600,39.6,4464,47.5
12,1,4,60,10,1,change_speed,-10,3600,39.6,3300,29.7
12,1,4,60,10,1,change_speed,0,3600,39.6,3600,35.6
12,1,4,60,10,1,change_speed,10,3600,39.6,3900,41.6
12,1,4,60,10,2,add_lane,0,3492,37.9,3492,37.9
12,1,4,60,10,2,add_lane,1,3492,37.9,3911,41.7
12,1,4,60,10,2,add_lane,2,3492,37.9,4330,45.5
12,1,4,60,10,2,change_speed,-10,3492,37.9,3201,28.4
12,1,4,60,10,2,change_speed,0,3492,37.9,3492,34.1
12,1,4,60,10,2,change_speed,10,3492,37.9,3783,39.8
12,1,4,60,10,3,add_lane,0,3492,40.8,3492,40.8
12,1,4,60,10,3,add_lane,1,3492,40.8,3911,44.9
12,1,4,60,10,3,add_lane,2,3492,40.8,4330,49.0
12,1,4,60,10,3,change_speed,-10,3492,40.8,3201,30.6
12,1,4,60,10,3,change_speed,0,3492,40.8,3492,36.7
12,1,4,60,10,3,change_speed,10,3492,40.8,3783,42.8
12,1,4,60,10,4,add_lane,0,3492,40.7,3492,40.7
12,1,4,60,10,4,add_lane,1,3492,40.7,3911,44.8
12,1,4,60,10,4,add_lane,2,3492,40.7,4330,48.8
12,1,4,60,10,4,change_speed,-10,3492,40.7,3201,30.5
12,1,4,60,10,4,change_speed,0,3492,40.7,3492,36.6
12,1,4,60,10,4,change_speed,10,3492,40.7,3783,42.7
12,1,4,60,10,5,add_lane,0,2520,31.0,2520,31.0
12,1,4,60,10,5,add_lane,1,2520,31.0,2822,34.1
12,1,4,60,10,5,add_lane,2,2520,31.0,3125,37.2
12,1,4,60,10,5,change_speed,-10,2520,31.0,2310,23.3
12,1,4,60,10,5,change_speed,0,2520,31.0,2520,27.9
12,1,4,60,10,5,change_speed,10,2520,31.0,2730,32.6
12,1,4,60,10,6,add_lane,0,2214,38.4,2214,38.4
12,1,4,60,10,6,add_lane,1,2214,38.4,2480,42.2
12,1,4,60,10,6,add_lane,2,2214,38.4,2745,46.1
12,1,4,60,10,6,change_speed,-10,2214,38.4,2030,28.8
12,1,4,60,10,6,change_speed,0,2214,38.4,2214,34.6
12,1,4,60,10,6,change_speed,10,2214,38.4,2399,40.3
12,1,4,60,11,0,add_lane,0,1594,49.6,1594,49.6
12,1,4,60,11,0,add_lane,1,1594,49.6,1785,54.6
12,1,4,60,11,0,add_lane,2,1594,49.6,1977,59.5
12,1,4,60,11,0,change_speed,-10,1594,49.6,1461,37.2
12,1,4,60,11,0,change_speed,0,1594,49.6,1594,44.6
12,1,4,60,11,0,change_speed,10,1594,49.6,1727,52.1
12,1,4,60,11,1,add_lane,0,3240,39.0,3240,39.0
12,1,4,60,11,1,add_lane,1,3240,39.0,3629,42.9
12,1,4,60,11,1,add_lane,2,3240,39.0,4018,46.8
12,1,4,60,11,1,change_speed,-10,3240,39.0,2970,29.2
12,1,4,60,11,1,change_speed,0,3240,39.0,3240,35.1
12,1,4,60,11,1,change_speed,10,3240,39.0,3510,41.0
12,1,4,60,11,2,add_lane,0,3143,41.4,3143,41.4
12,1,4,60,11,2,add_lane,1,3143,41.4,3520,45.5
12,1,4,60,11,2,add_lane,2,3143,41.4,3897,49.7
12,1,4,60,11,2,change_speed,-10,3143,41.4,2881,31.1
12,1,4,60,11,2,change_speed,0,3143,41.4,3143,37.3
12,1,4,60,11,2,change_speed,10,3143,41.4,3405,43.5
12,1,4,60,11,3,add_lane,0,3143,43.9,3143,43.9
12,1,4,60,11,3,add_lane,1,3143,43.9,3520,48.3
12,1,4,60,11,3,add_lane,2,3143,43.9,3897,52.7
12,1,4,60,11,3,change_speed,-10,3143,43.9,2881,32.9
12,1,4,60,11,3,change_speed,0,3143,43.9,3143,39.5
12,1,4,60,11,3,change_speed,10,3143,43.9,3405,46.1
12,1,4,60,11,4,add_lane,0,3143,45.4,3143,45.4
12,1,4,60,11,4,add_lane,1,3143,45.4,3520,49.9
12,1,4,60,11,4,add_lane,2,3143,45.4,3897,54.5
12,1,4,60,11,4,change_speed,-10,3143,45.4,2881,34.1
12,1,4,60,11,4,change_speed,0,3143,45.4,3143,40.9
12,1,4,60,11,4,change_speed,10,3143,45.4,3405,47.7
12,1,4,60,11,5,add_lane,0,2268,31.8,2268,31.8
12,1,4,60,11,5,add_lane,1,2268,31.8,2540,35.0
12,1,4,60,11,5,add_lane,2,2268,31.8,2812,38.2
12,1,4,60,11,5,change_speed,-10,2268,31.8,2079,23.9
12,1,4,60,11,5,change_speed,0,2268,31.8,2268,28.6
12,1,4,60,11,5,change_speed,10,2268,31.8,2457,33.4
12,1,4,60,11,6,add_lane,0,1993,43.6,1993,43.6
12,1,4,60,11,6,add_lane,1,1993,43.6,2232,48.0
12,1,4,60,11,6,add_lane,2,1993,43.6,2471,52.3
12,1,4,60,11,6,change_speed,-10,1993,43.6,1827,32.7
12,1,4,60,11,6,change_speed,0,1993,43.6,1993,39.2
12,1,4,60,11,6,change_speed,10,1993,43.6,2159,45.8
12,1,4,60,12,0,add_lane,0,1506,44.7,1506,44.7
12,1,4,60,12,0,add_lane,1,1506,44.7,1687,49.2
12,1,4,60,12,0,add_lane,2,1506,44.7,1867,53.6
12,1,4,60,12,0,change_speed,-10,1506,44.7,1380,33.5
12,1,4,60,12,0,change_speed,0,1506,44.7,1506,40.2
12,1,4,60,12,0,change_speed,10,1506,44.7,1632,46.9
12,1,4,60,12,1,add_lane,0,3060,48.5,3060,48.5
12,1,4,60,12,1,add_lane,1,3060,48.5,3427,53.4
12,1,4,60,12,1,add_lane,2,3060,48.5,3794,58.2
12,1,4,60,12,1,change_speed,-10,3060,48.5,2805,36.4
12,1,4,60,12,1,change_speed,0,3060,48.5,3060,43.6
12,1,4,60,12,1,change_speed,10,3060,48.5,3315,50.9
12,1,4,60,12,2,add_lane,0,2968,40.3,2968,40.3
12,1,4,60,12,2,add_lane,1,2968,40.3,3324,44.3
12,1,4,60,12,2,add_lane,2,2968,40.3,3680,48.4
12,1,4,60,12,2,change_speed,-10,2968,40.3,2721,30.2
12,1,4,60,12,2,change_speed,0,2968,40.3,2968,36.3
12,1,4,60,12,2,change_speed,10,2968,40.3,3215,42.3
12,1,4,60,12,3,add_lane,0,2968,43.9,2968,43.9
12,1,4,60,12,3,add_lane,1,2968,43.9,3324,48.3
12,1,4,60,12,3,add_lane,2,2968,43.9,3680,52.7
12,1,4,60,12,3,change_speed,-10,2968,43.9,2721,32.9
12,1,4,60,12,3,change_speed,0,2968,43.9,2968,39.5
12,1,4,60,12,3,change_speed,10,2968,43.9,3215,46.1
12,1,4,60,12,4,add_lane,0,2968,42.6,2968,42.6
12,1,4,60,12,4,add_lane,1,2968,42.6,3324,46.9
12,1,4,60,12,4,add_lane,2,2968,42.6,3680,51.1
12,1,4,60,12,4,change_speed,-10,2968,42.6,2721,31.9
12,1,4,60,12,4,change_speed,0,2968,42.6,2968,38.3
12,1,4,60,12,4,change_speed,10,2968,42.6,3215,44.7
12,1,4,60,12,5,add_lane,0,2142,34.8,2142,34.8
12,1,4,60,12,5,add_lane,1,2142,34.8,2399,38.3
12,1,4,60,12,5,add_lane,2,2142,34.8,2656,41.8
12,1,4,60,12,5,change_speed,-10,2142,34.8,1964,26.1
12,1,4,60,12,5,change_speed,0,2142,34.8,2142,31.3
12,1,4,60,12,5,change_speed,10,2142,34.8,2321,36.5
12,1,4,60,12,6,add_lane,0,1882,44.3,1882,44.3
12,1,4,60,12,6,add_lane,1,1882,44.3,2108,48.7
12,1,4,60,12,6,add_lane,2,1882,44.3,2334,53.2
12,1,4,60,12,6,change_speed,-10,1882,44.3,1725,33.2
12,1,4,60,12,6,change_speed,0,1882,44.3,1882,39.9
12,1,4,60,12,6,change_speed,10,1882,44.3,2039,46.5
12,1,4,60,13,0,add_lane,0,1506,43.5,1506,43.5
12,1,4,60,13,0,add_lane,1,1506,43.5,1687,47.9
12,1,4,60,13,0,add_lane,2,1506,43.5,1867,52.2
12,1,4,60,13,0,change_speed,-10,1506,43.5,1380,32.6
12,1,4,60,13,0,change_speed,0,1506,43.5,1506,39.1
12,1,4,60,13,0,change_speed,10,1506,43.5,1632,45.7
12,1,4,60,13,1,add_lane,0,3060,40.9,3060,40.9
12,1,4,60,13,1,add_lane,1,3060,40.9,3427,45.0
12,1,4,60,13,1,add_lane,2,3060,40.9,3794,49.1
12,1,4,60,13,1,change_speed,-10,3060,40.9,2805,30.7
12,1,4,60,13,1,change_speed,0,3060,40.9,3060,36.8
12,1,4,60,13,1,change_speed,10,3060,40.9,3315,42.9
12,1,4,60,13,2,add_lane,0,2968,42.1,2968,42.1
12,1,4,60,13,2,add_lane,1,2968,42.1,3324,46.3
12,1,4,60,13,2,add_lane,2,2968,42.1,3680,50.5
12,1,4,60,13,2,change_speed,-10,2968,42.1,2721,31.6
12,1,4,60,13,2,change_speed,0,2968,42.1,2968,37.9
12,1,4,60,13,2,change_speed,10,2968,42.1,3215,44.2
12,1,4,60,13,3,add_lane,0,2968,40.8,2968,40.8
12,1,4,60,13,3,add_lane,1,2968,40.8,3324,44.9
12,1,4,60,13,3,add_lane,2,2968,40.8,3680,49.0
12,1,4,60,13,3,change_speed,-10,2968,40.8,2721,30.6
12,1,4,60,13,3,change_speed,0,2968,40.8,2968,36.7
12,1,4,60,13,3,change_speed,10,2968,40.8,3215,42.8
12,1,4,60,13,4,add_lane,0,2968,44.5,2968,44.5
12,1,4,60,13,4,add_lane,1,2968,44.5,3324,49.0
12,1,4,60,13,4,add_lane,2,2968,44.5,3680,53.4
12,1,4,60,13,4,change_speed,-10,2968,44.5,2721,33.4
12,1,4,60,13,4,change_speed,0,2968,44.5,2968,40.1
12,1,4,60,13,4,change_speed,10,2968,44.5,3215,46.7
12,1,4,60,13,5,add_lane,0,2142,33.5,2142,33.5
12,1,4,60,13,5,add_lane,1,2142,33.5,2399,36.9
12,1,4,60,13,5,add_lane,2,2142,33.5,2656,40.2
12,1,4,60,13,5,change_speed,-10,2142,33.5,1964,25.1
12,1,4,60,13,5,change_speed,0,2142,33.5,2142,30.2
12,1,4,60,13,5,change_speed,10,2142,33.5,2321,35.2
12,1,4,60,13,6,add_lane,0,1882,43.9,1882,43.9
12,1,4,60,13,6,add_lane,1,1882,43.9,2108,48.3
12,1,4,60,13,6,add_lane,2,1882,43.9,2334,52.7
12,1,4,60,13,6,change_speed,-10,1882,43.9,1725,32.9
12,1,4,60,13,6,change_speed,0,1882,43.9,1882,39.5
12,1,4,60,13,6,change_speed,10,1882,43.9,2039,46.1
12,1,4,60,14,0,add_lane,0,1683,47.6,1683,47.6
12,1,4,60,14,0,add_lane,1,1683,47.6,1885,52.4
12,1,4,60,14,0,add_lane,2,1683,47.6,2087,57.1
12,1,4,60,14,0,change_speed,-10,1683,47.6,1543,35.7
12,1,4,60,14,0,change_speed,0,1683,47.6,1683,42.8
12,1,4,60,14,0,change_speed,10,1683,47.6,1823,50.0
12,1,4,60,14,1,add_lane,0,3420,40.5,3420,40.5
12,1,4,60,14,1,add_lane,1,3420,40.5,3830,44.6
12,1,4,60,14,1,add_lane,2,3420,40.5,4241,48.6
12,1,4,60,14,1,change_speed,-10,3420,40.5,3135,30.4
12,1,4,60,14,1,change_speed,0,3420,40.5,3420,36.5
12,1,4,60,14,1,change_speed,10,3420,40.5,3705,42.5
12,1,4,60,14,2,add_lane,0,3317,42.0,3317,42.0
12,1,4,60,14,2,add_lane,1,3317,42.0,3715,46.2
12,1,4,60,14,2,add_lane,2,3317,42.0,4113,50.4
12,1,4,60,14,2,change_speed,-10,3317,42.0,3041,31.5
12,1,4,60,14,2,change_speed,0,3317,42.0,3317,37.8
12,1,4,60,14,2,change_speed,10,3317,42.0,3593,44.1
12,1,4,60,14,3,add_lane,0,3317,40.2,3317,40.2
12,1,4,60,14,3,add_lane,1,3317,40.2,3715,44.2
12,1,4,60,14,3,add_lane,2,3317,40.2,4113,48.2
12,1,4,60,14,3,change_speed,-10,3317,40.2,3041,30.2
12,1,4,60,14,3,change_speed,0,3317,40.2,3317,36.2
12,1,4,60,14,3,change_speed,10,3317,40.2,3593,42.2
12,1,4,60,14,4,add_lane,0,3317,38.0,3317,38.0
12,1,4,60,14,4,add_lane,1,3317,38.0,3715,41.8
12,1,4,60,14,4,add_lane,2,3317,38.0,4113,45.6
12,1,4,60,14,4,change_speed,-10,3317,38.0,3041,28.5
12,1,4,60,14,4,change_speed,0,3317,38.0,3317,34.2
12,1,4,60,14,4,change_speed,10,3317,38.0,3593,39.9
12,1,4,60,14,5,add_lane,0,2394,36.3,2394,36.3
12,1,4,60,14,5,add_lane,1,2394,36.3,2681,39.9
12,1,4,60,14,5,add_lane,2,2394,36.3,2969,43.6
12,1,4,60,14,5,change_speed,-10,2394,36.3,2194,27.2
12,1,4,60,14,5,change_speed,0,2394,36.3,2394,32.7
12,1,4,60,14,5,change_speed,10,2394,36.3,2594,38.1
12,1,4,60,14,6,add_lane,0,2103,43.0,2103,43.0
12,1,4,60,14,6,add_lane,1,2103,43.0,2355,47.3
12,1,4,60,14,6,add_lane,2,2103,43.0,2608,51.6
12,1,4,60,14,6,change_speed,-10,2103,43.0,1928,32.2
12,1,4,60,14,6,change_speed,0,2103,43.0,2103,38.7
12,1,4,60,14,6,change_speed,10,2103,43.0,2278,45.2
12,1,4,60,15,0,add_lane,0,2125,44.5,2125,44.5
12,1,4,60,15,0,add_lane,1,2125,44.5,2380,49.0
12,1,4,60,15,0,add_lane,2,2125,44.5,2635,53.4
12,1,4,60,15,0,change_speed,-10,2125,44.5,1948,33.4
12,1,4,60,15,0,change_speed,0,2125,44.5,2125,40.1
12,1,4,60,15,0,change_speed,10,2125,44.5,2302,46.7
12,1,4,60,15,1,add_lane,0,4320,37.7,4320,37.7
12,1,4,60,15,1,add_lane,1,4320,37.7,4838,41.5
12,1,4,60,15,1,add_lane,2,4320,37.7,5357,45.2
12,1,4,60,15,1,change_speed,-10,4320,37.7,3960,28.3
12,1,4,60,15,1,change_speed,0,4320,37.7,4320,33.9
12,1,4,60,15,1,change_speed,10,4320,37.7,4680,39.6
12,1,4,60,15,2,add_lane,0,4190,32.0,4190,32.0
12,1,4,60,15,2,add_lane,1,4190,32.0,4693,35.2
12,1,4,60,15,2,add_lane,2,4190,32.0,5196,38.4
12,1,4,60,15,2,change_speed,-10,4190,32.0,3841,24.0
12,1,4,60,15,2,change_speed,0,4190,32.0,4190,28.8
12,1,4,60,15,2,change_speed,10,4190,32.0,4539,33.6
12,1,4,60,15,3,add_lane,0,4190,36.8,4190,36.8
12,1,4,60,15,3,add_lane,1,4190,36.8,4693,40.5
12,1,4,60,15,3,add_lane,2,4190,36.8,5196,44.2
12,1,4,60,15,3,change_speed,-10,4190,36.8,3841,27.6
12,1,4,60,15,3,change_speed,0,4190,36.8,4190,33.1
12,1,4,60,15,3,change_speed,10,4190,36.8,4539,38.6
12,1,4,60,15,4,add_lane,0,4190,35.0,4190,35.0
12,1,4,60,15,4,add_lane,1,4190,35.0,4693,38.5
12,1,4,60,15,4,add_lane,2,4190,35.0,5196,42.0
12,1,4,60,15,4,change_speed,-10,4190,35.0,3841,26.2
12,1,4,60,15,4,change_speed,0,4190,35.0,4190,31.5
12,1,4,60,15,4,change_speed,10,4190,35.0,4539,36.8
12,1,4,60,15,5,add_lane,0,3024,29.4,3024,29.4
12,1,4,60,15,5,add_lane,1,3024,29.4,3387,32.3
12,1,4,60,15,5,add_lane,2,3024,29.4,3750,35.3
12,1,4,60,15,5,change_speed,-10,3024,29.4,2772,22.1
12,1,4,60,15,5,change_speed,0,3024,29.4,3024,26.5
12,1,4,60,15,5,change_speed,10,3024,29.4,3276,30.9
12,1,4,60,15,6,add_lane,0,2657,35.7,2657,35.7
12,1,4,60,15,6,add_lane,1,2657,35.7,2976,39.3
12,1,4,60,15,6,add_lane,2,2657,35.7,3295,42.8
12,1,4,60,15,6,change_speed,-10,2657,35.7,2436,26.8
12,1,4,60,15,6,change_speed,0,2657,35.7,2657,32.1
12,1,4,60,15,6,change_speed,10,2657,35.7,2878,37.5
12,1,4,60,16,0,add_lane,0,2834,42.8,2834,42.8
12,1,4,60,16,0,add_lane,1,2834,42.8,3174,47.1
12,1,4,60,16,0,add_lane,2,2834,42.8,3514,51.4
12,1,4,60,16,0,change_speed,-10,2834,42.8,2598,32.1
12,1,4,60,16,0,change_speed,0,2834,42.8,2834,38.5
12,1,4,60,16,0,change_speed,10,2834,42.8,3070,44.9
12,1,4,60,16,1,add_lane,0,5760,26.6,5760,26.6
12,1,4,60,16,1,add_lane,1,5760,26.6,6451,29.3
12,1,4,60,16,1,add_lane,2,5760,26.6,7142,31.9
12,1,4,60,16,1,change_speed,-10,5760,26.6,5280,20.0
12,1,4,60,16,1,change_speed,0,5760,26.6,5760,23.9
12,1,4,60,16,1,change_speed,10,5760,26.6,6240,27.9
12,1,4,60,16,2,add_lane,0,5587,25.4,5587,25.4
12,1,4,60,16,2,add_lane,1,5587,25.4,6257,27.9
12,1,4,60,16,2,add_lane,2,5587,25.4,6928,30.5
12,1,4,60,16,2,change_speed,-10,5587,25.4,5121,19.1
12,1,4,60,16,2,change_speed,0,5587,25.4,5587,22.9
12,1,4,60,16,2,change_speed,10,5587,25.4,6053,26.7
12,1,4,60,16,3,add_lane,0,5587,23.4,5587,23.4
12,1,4,60,16,3,add_lane,1,5587,23.4,6257,25.7
12,1,4,60,16,3,add_lane,2,5587,23.4,6928,28.1
12,1,4,60,16,3,change_speed,-10,5587,23.4,5121,17.6
12,1,4,60,16,3,change_speed,0,5587,23.4,5587,21.1
12,1,4,60,16,3,change_speed,10,5587,23.4,6053,24.6
12,1,4,60,16,4,add_lane,0,5587,28.9,5587,28.9
12,1,4,60,16,4,add_lane,1,5587,28.9,6257,31.8
12,1,4,60,16,4,add_lane,2,5587,28.9,6928,34.7
12,1,4,60,16,4,change_speed,-10,5587,28.9,5121,21.7
12,1,4,60,16,4,change_speed,0,5587,28.9,5587,26.0
12,1,4,60,16,4,change_speed,10,5587,28.9,6053,30.3
12,1,4,60,16,5,add_lane,0,4032,23.7,4032,23.7
12,1,4,60,16,5,add_lane,1,4032,23.7,4516,26.1
12,1,4,60,16,5,add_lane,2,4032,23.7,5000,28.4
12,1,4,60,16,5,change_speed,-10,4032,23.7,3696,17.8
12,1,4,60,16,5,change_speed,0,4032,23.7,4032,21.3
12,1,4,60,16,5,change_speed,10,4032,23.7,4368,24.9
12,1,4,60,16,6,add_lane,0,3542,31.9,3542,31.9
12,1,4,60,16,6,add_lane,1,3542,31.9,3967,35.1
12,1,4,60,16,6,add_lane,2,3542,31.9,4392,38.3
12,1,4,60,16,6,change_speed,-10,3542,31.9,3247,23.9
12,1,4,60,16,6,change_speed,0,3542,31.9,3542,28.7
12,1,4,60,16,6,change_speed,10,3542,31.9,3837,33.5
12,1,4,60,17,0,add_lane,0,3188,38.9,3188,38.9
12,1,4,60,17,0,add_lane,1,3188,38.9,3571,42.8
12,1,4,60,17,0,add_lane,2,3188,38.9,3953,46.7
12,1,4,60,17,0,change_speed,-10,3188,38.9,2922,29.2
12,1,4,60,17,0,change_speed,0,3188,38.9,3188,35.0
12,1,4,60,17,0,change_speed,10,3188,38.9,3454,40.8
12,1,4,60,17,1,add_lane,0,6480,19.2,6480,19.2
12,1,4,60,17,1,add_lane,1,6480,19.2,7258,21.1
12,1,4,60,17,1,add_lane,2,6480,19.2,8035,23.0
12,1,4,60,17,1,change_speed,-10,6480,19.2,5940,14.4
12,1,4,60,17,1,change_speed,0,6480,19.2,6480,17.3
12,1,4,60,17,1,change_speed,10,6480,19.2,7020,20.2
12,1,4,60,17,2,add_lane,0,6286,19.9,6286,19.9
12,1,4,60,17,2,add_lane,1,6286,19.9,7040,21.9
12,1,4,60,17,2,add_lane,2,6286,19.9,7795,23.9
12,1,4,60,17,2,change_speed,-10,6286,19.9,5762,14.9
12,1,4,60,17,2,change_speed,0,6286,19.9,6286,17.9
12,1,4,60,17,2,change_speed,10,6286,19.9,6810,20.9
12,1,4,60,17,3,add_lane,0,6286,18.2,6286,18.2
12,1,4,60,17,3,add_lane,1,6286,18.2,7040,20.0
12,1,4,60,17,3,add_lane,2,6286,18.2,7795,21.8
12,1,4,60,17,3,change_speed,-10,6286,18.2,5762,13.7
12,1,4,60,17,3,change_speed,0,6286,18.2,6286,16.4
12,1,4,60,17,3,change_speed,10,6286,18.2,6810,19.1
12,1,4,60,17,4,add_lane,0,6286,21.8,6286,21.8
12,1,4,60,17,4,add_lane,1,6286,21.8,7040,24.0
12,1,4,60,17,4,add_lane,2,6286,21.8,7795,26.2
12,1,4,60,17,4,change_speed,-10,6286,21.8,5762,16.4
12,1,4,60,17,4,change_speed,0,6286,21.8,6286,19.6
12,1,4,60,17,4,change_speed,10,6286,21.8,6810,22.9
12,1,4,60,17,5,add_lane,0,4536,25.8,4536,25.8
12,1,4,60,17,5,add_lane,1,4536,25.8,5080,28.4
12,1,4,60,17,5,add_lane,2,4536,25.8,5625,31.0
12,1,4,60,17,5,change_speed,-10,4536,25.8,4158,19.4
12,1,4,60,17,5,change_speed,0,4536,25.8,4536,23.2
12,1,4,60,17,5,change_speed,10,4536,25.8,4914,27.1
12,1,4,60,17,6,add_lane,0,3985,32.5,3985,32.5
12,1,4,60,17,6,add_lane,1,3985,32.5,4463,35.8
12,1,4,60,17,6,add_lane,2,3985,32.5,4941,39.0
12,1,4,60,17,6,change_speed,-10,3985,32.5,3653,24.4
12,1,4,60,17,6,change_speed,0,3985,32.5,3985,29.2
12,1,4,60,17,6,change_speed,10,3985,32.5,4317,34.1
12,1,4,60,18,0,add_lane,0,3011,37.7,3011,37.7
12,1,4,60,18,0,add_lane,1,3011,37.7,3372,41.5
12,1,4,60,18,0,add_lane,2,3011,37.7,3734,45.2
12,1,4,60,18,0,change_speed,-10,3011,37.7,2760,28.3
12,1,4,60,18,0,change_speed,0,3011,37.7,3011,33.9
12,1,4,60,18,0,change_speed,10,3011,37.7,3262,39.6
12,1,4,60,18,1,add_lane,0,6120,24.0,6120,24.0
12,1,4,60,18,1,add_lane,1,6120,24.0,6854,26.4
12,1,4,60,18,1,add_lane,2,6120,24.0,7589,28.8
12,1,4,60,18,1,change_speed,-10,6120,24.0,5610,18.0
12,1,4,60,18,1,change_speed,0,6120,24.0,6120,21.6
12,1,4,60,18,1,change_speed,10,6120,24.0,6630,25.2
12,1,4,60,18,2,add_lane,0,5936,21.3,5936,21.3
12,1,4,60,18,2,add_lane,1,5936,21.3,6648,23.4
12,1,4,60,18,2,add_lane,2,5936,21.3,7361,25.6
12,1,4,60,18,2,change_speed,-10,5936,21.3,5441,16.0
12,1,4,60,18,2,change_speed,0,5936,21.3,5936,19.2
12,1,4,60,18,2,change_speed,10,5936,21.3,6431,22.4
12,1,4,60,18,3,add_lane,0,5936,25.3,5936,25.3
12,1,4,60,18,3,add_lane,1,5936,25.3,6648,27.8
12,1,4,60,18,3,add_lane,2,5936,25.3,7361,30.4
12,1,4,60,18,3,change_speed,-10,5936,25.3,5441,19.0
12,1,4,60,18,3,change_speed,0,5936,25.3,5936,22.8
12,1,4,60,18,3,change_speed,10,5936,25.3,6431,26.6
12,1,4,60,18,4,add_lane,0,5936,23.0,5936,23.0
12,1,4,60,18,4,add_lane,1,5936,23.0,6648,25.3
12,1,4,60,18,4,add_lane,2,5936,23.0,7361,27.6
12,1,4,60,18,4,change_speed,-10,5936,23.0,5441,17.2
12,1,4,60,18,4,change_speed,0,5936,23.0,5936,20.7
12,1,4,60,18,4,change_speed,10,5936,23.0,6431,24.2
12,1,4,60,18,5,add_lane,0,4284,24.0,4284,24.0
12,1,4,60,18,5,add_lane,1,4284,24.0,4798,26.4
12,1,4,60,18,5,add_lane,2,4284,24.0,5312,28.8
12,1,4,60,18,5,change_speed,-10,4284,24.0,3927,18.0
12,1,4,60,18,5,change_speed,0,4284,24.0,4284,21.6
12,1,4,60,18,5,change_speed,10,4284,24.0,4641,25.2
12,1,4,60,18,6,add_lane,0,3764,32.4,3764,32.4
12,1,4,60,18,6,add_lane,1,3764,32.4,4216,35.6
12,1,4,60,18,6,add_lane,2,3764,32.4,4667,38.9
12,1,4,60,18,6,change_speed,-10,3764,32.4,3450,24.3
12,1,4,60,18,6,change_speed,0,3764,32.4,3764,29.2
12,1,4,60,18,6,change_speed,10,3764,32.4,4078,34.0
12,1,4,60,19,0,add_lane,0,2480,40.6,2480,40.6
12,1,4,60,19,0,add_lane,1,2480,40.6,2778,44.7
12,1,4,60,19,0,add_lane,2,2480,40.6,3075,48.7
12,1,4,60,19,0,change_speed,-10,2480,40.6,2273,30.5
12,1,4,60,19,0,change_speed,0,2480,40.6,2480,36.5
12,1,4,60,19,0,change_speed,10,2480,40.6,2687,42.6
12,1,4,60,19,1,add_lane,0,5040,31.2,5040,31.2
12,1,4,60,19,1,add_lane,1,5040,31.2,5645,34.3
12,1,4,60,19,1,add_lane,2,5040,31.2,6250,37.4
12,1,4,60,19,1,change_speed,-10,5040,31.2,4620,23.4
12,1,4,60,19,1,change_speed,0,5040,31.2,5040,28.1
12,1,4,60,19,1,change_speed,10,5040,31.2,5460,32.8
12,1,4,60,19,2,add_lane,0,4889,33.5,4889,33.5
12,1,4,60,19,2,add_lane,1,4889,33.5,5476,36.9
12,1,4,60,19,2,add_lane,2,4889,33.5,6062,40.2
12,1,4,60,19,2,change_speed,-10,4889,33.5,4482,25.1
12,1,4,60,19,2,change_speed,0,4889,33.5,4889,30.2
12,1,4,60,19,2,change_speed,10,4889,33.5,5296,35.2
12,1,4,60,19,3,add_lane,0,4889,31.1,4889,31.1
12,1,4,60,19,3,add_lane,1,4889,31.1,5476,34.2
12,1,4,60,19,3,add_lane,2,4889,31.1,6062,37.3
12,1,4,60,19,3,change_speed,-10,4889,31.1,4482,23.3
12,1,4,60,19,3,change_speed,0,4889,31.1,4889,28.0
12,1,4,60,19,3,change_speed,10,4889,31.1,5296,32.7
12,1,4,60,19,4,add_lane,0,4889,30.6,4889,30.6
12,1,4,60,19,4,add_lane,1,4889,30.6,5476,33.7
12,1,4,60,19,4,add_lane,2,4889,30.6,6062,36.7
12,1,4,60,19,4,change_speed,-10,4889,30.6,4482,23.0
12,1,4,60,19,4,change_speed,0,4889,30.6,4889,27.5
12,1,4,60,19,4,change_speed,10,4889,30.6,5296,32.1
12,1,4,60,19,5,add_lane,0,3528,28.4,3528,28.4
12,1,4,60,19,5,add_lane,1,3528,28.4,3951,31.2
12,1,4,60,19,5,add_lane,2,3528,28.4,4375,34.1
12,1,4,60,19,5,change_speed,-10,3528,28.4,3234,21.3
12,1,4,60,19,5,change_speed,0,3528,28.4,3528,25.6
12,1,4,60,19,5,change_speed,10,3528,28.4,3822,29.8
12,1,4,60,19,6,add_lane,0,3100,35.5,3100,35.5
12,1,4,60,19,6,add_lane,1,3100,35.5,3472,39.1
12,1,4,60,19,6,add_lane,2,3100,35.5,3844,42.6
12,1,4,60,19,6,change_speed,-10,3100,35.5,2842,26.6
12,1,4,60,19,6,change_speed,0,3100,35.5,3100,31.9
12,1,4,60,19,6,change_speed,10,3100,35.5,3358,37.3
12,1,4,60,20,0,add_lane,0,1771,42.7,1771,42.7
12,1,4,60,20,0,add_lane,1,1771,42.7,1984,47.0
12,1,4,60,20,0,add_lane,2,1771,42.7,2196,51.2
12,1,4,60,20,0,change_speed,-10,1771,42.7,1623,32.0
12,1,4,60,20,0,change_speed,0,1771,42.7,1771,38.4
12,1,4,60,20,0,change_speed,10,1771,42.7,1919,44.8
12,1,4,60,20,1,add_lane,0,3600,46.5,3600,46.5
12,1,4,60,20,1,add_lane,1,3600,46.5,4032,51.2
12,1,4,60,20,1,add_lane,2,3600,46.5,4464,55.8
12,1,4,60,20,1,change_speed,-10,3600,46.5,3300,34.9
12,1,4,60,20,1,change_speed,0,3600,46.5,3600,41.9
12,1,4,60,20,1,change_speed,10,3600,46.5,3900,48.8
12,1,4,60,20,2,add_lane,0,3492,42.4,3492,42.4
12,1,4,60,20,2,add_lane,1,3492,42.4,3911,46.6
12,1,4,60,20,2,add_lane,2,3492,42.4,4330,50.9
12,1,4,60,20,2,change_speed,-10,3492,42.4,3201,31.8
12,1,4,60,20,2,change_speed,0,3492,42.4,3492,38.2
12,1,4,60,20,2,change_speed,10,3492,42.4,3783,44.5
12,1,4,60,20,3,add_lane,0,3492,40.9,3492,40.9
12,1,4,60,20,3,add_lane,1,3492,40.9,3911,45.0
12,1,4,60,20,3,add_lane,2,3492,40.9,4330,49.1
12,1,4,60,20,3,change_speed,-10,3492,40.9,3201,30.7
12,1,4,60,20,3,change_speed,0,3492,40.9,3492,36.8
12,1,4,60,20,3,change_speed,10,3492,40.9,3783,42.9
12,1,4,60,20,4,add_lane,0,3492,39.4,3492,39.4
12,1,4,60,20,4,add_lane,1,3492,39.4,3911,43.3
12,1,4,60,20,4,add_lane,2,3492,39.4,4330,47.3
12,1,4,60,20,4,change_speed,-10,3492,39.4,3201,29.6
12,1,4,60,20,4,change_speed,0,3492,39.4,3492,35.5
12,1,4,60,20,4,change_speed,10,3492,39.4,3783,41.4
12,1,4,60,20,5,add_lane,0,2520,32.5,2520,32.5
12,1,4,60,20,5,add_lane,1,2520,32.5,2822,35.8
12,1,4,60,20,5,add_lane,2,2520,32.5,3125,39.0
12,1,4,60,20,5,change_speed,-10,2520,32.5,2310,24.4
12,1,4,60,20,5,change_speed,0,2520,32.5,2520,29.2
12,1,4,60,20,5,change_speed,10,2520,32.5,2730,34.1
12,1,4,60,20,6,add_lane,0,2214,39.8,2214,39.8
12,1,4,60,20,6,add_lane,1,2214,39.8,2480,43.8
12,1,4,60,20,6,add_lane,2,2214,39.8,2745,47.8
12,1,4,60,20,6,change_speed,-10,2214,39.8,2030,29.8
12,1,4,60,20,6,change_speed,0,2214,39.8,2214,35.8
12,1,4,60,20,6,change_speed,10,2214,39.8,2399,41.8
12,1,4,60,21,0,add_lane,0,1240,49.9,1240,49.9
12,1,4,60,21,0,add_lane,1,1240,49.9,1389,54.9
12,1,4,60,21,0,add_lane,2,1240,49.9,1538,59.9
12,1,4,60,21,0,change_speed,-10,1240,49.9,1137,37.4
12,1,4,60,21,0,change_speed,0,1240,49.9,1240,44.9
12,1,4,60,21,0,change_speed,10,1240,49.9,1343,52.4
12,1,4,60,21,1,add_lane,0,2520,49.5,2520,49.5
12,1,4,60,21,1,add_lane,1,2520,49.5,2822,54.5
12,1,4,60,21,1,add_lane,2,2520,49.5,3125,59.4
12,1,4,60,21,1,change_speed,-10,2520,49.5,2310,37.1
12,1,4,60,21,1,change_speed,0,2520,49.5,2520,44.6
12,1,4,60,21,1,change_speed,10,2520,49.5,2730,52.0
12,1,4,60,21,2,add_lane,0,2444,44.8,2444,44.8
12,1,4,60,21,2,add_lane,1,2444,44.8,2737,49.3
12,1,4,60,21,2,add_lane,2,2444,44.8,3031,53.8
12,1,4,60,21,2,change_speed,-10,2444,44.8,2240,33.6
12,1,4,60,21,2,change_speed,0,2444,44.8,2444,40.3
12,1,4,60,21,2,change_speed,10,2444,44.8,2648,47.0
12,1,4,60,21,3,add_lane,0,2444,43.4,2444,43.4
12,1,4,60,21,3,add_lane,1,2444,43.4,2737,47.7
12,1,4,60,21,3,add_lane,2,2444,43.4,3031,52.1
12,1,4,60,21,3,change_speed,-10,2444,43.4,2240,32.5
12,1,4,60,21,3,change_speed,0,2444,43.4,2444,39.1
12,1,4,60,21,3,change_speed,10,2444,43.4,2648,45.6
12,1,4,60,21,4,add_lane,0,2444,47.1,2444,47.1
12,1,4,60,21,4,add_lane,1,2444,47.1,2737,51.8
12,1,4,60,21,4,add_lane,2,2444,47.1,3031,56.5
12,1,4,60,21,4,change_speed,-10,2444,47.1,2240,35.3
12,1,4,60,21,4,change_speed,0,2444,47.1,2444,42.4
12,1,4,60,21,4,change_speed,10,2444,47.1,2648,49.5
12,1,4,60,21,5,add_lane,0,1764,36.2,1764,36.2
12,1,4,60,21,5,add_lane,1,1764,36.2,1976,39.8
12,1,4,60,21,5,add_lane,2,1764,36.2,2187,43.4
12,1,4,60,21,5,change_speed,-10,1764,36.2,1617,27.2
12,1,4,60,21,5,change_speed,0,1764,36.2,1764,32.6
12,1,4,60,21,5,change_speed,10,1764,36.2,1911,38.0
12,1,4,60,21,6,add_lane,0,1550,47.5,1550,47.5
12,1,4,60,21,6,add_lane,1,1550,47.5,1736,52.3
12,1,4,60,21,6,add_lane,2,1550,47.5,1922,57.0
12,1,4,60,21,6,change_speed,-10,1550,47.5,1421,35.6
12,1,4,60,21,6,change_speed,0,1550,47.5,1550,42.8
12,1,4,60,21,6,change_speed,10,1550,47.5,1679,49.9
12,1,4,60,22,0,add_lane,0,797,47.8,797,47.8
12,1,4,60,22,0,add_lane,1,797,47.8,893,52.6
12,1,4,60,22,0,add_lane,2,797,47.8,988,57.4
12,1,4,60,22,0,change_speed,-10,797,47.8,731,35.9
12,1,4,60,22,0,change_speed,0,797,47.8,797,43.0
12,1,4,60,22,0,change_speed,10,797,47.8,863,50.2
12,1,4,60,22,1,add_lane,0,1620,54.2,1620,54.2
12,1,4,60,22,1,add_lane,1,1620,54.2,1814,59.6
12,1,4,60,22,1,add_lane,2,1620,54.2,2009,65.0
12,1,4,60,22,1,change_speed,-10,1620,54.2,1485,40.7
12,1,4,60,22,1,change_speed,0,1620,54.2,1620,48.8
12,1,4,60,22,1,change_speed,10,1620,54.2,1755,56.9
12,1,4,60,22,2,add_lane,0,1571,51.3,1571,51.3
12,1,4,60,22,2,add_lane,1,1571,51.3,1760,56.4
12,1,4,60,22,2,add_lane,2,1571,51.3,1948,61.6
12,1,4,60,22,2,change_speed,-10,1571,51.3,1440,38.5
12,1,4,60,22,2,change_speed,0,1571,51.3,1571,46.2
12,1,4,60,22,2,change_speed,10,1571,51.3,1702,53.9
12,1,4,60,22,3,add_lane,0,1571,54.5,1571,54.5
12,1,4,60,22,3,add_lane,1,1571,54.5,1760,60.0
12,1,4,60,22,3,add_lane,2,1571,54.5,1948,65.4
12,1,4,60,22,3,change_speed,-10,1571,54.5,1440,40.9
12,1,4,60,22,3,change_speed,0,1571,54.5,1571,49.1
12,1,4,60,22,3,change_speed,10,1571,54.5,1702,57.2
12,1,4,60,22,4,add_lane,0,1571,51.0,1571,51.0
12,1,4,60,22,4,add_lane,1,1571,51.0,1760,56.1
12,1,4,60,22,4,add_lane,2,1571,51.0,1948,61.2
12,1,4,60,22,4,change_speed,-10,1571,51.0,1440,38.2
12,1,4,60,22,4,change_speed,0,1571,51.0,1571,45.9
12,1,4,60,22,4,change_speed,10,1571,51.0,1702,53.6
12,1,4,60,22,5,add_lane,0,1134,38.9,1134,38.9
12,1,4,60,22,5,add_lane,1,1134,38.9,1270,42.8
12,1,4,60,22,5,add_lane,2,1134,38.9,1406,46.7
12,1,4,60,22,5,change_speed,-10,1134,38.9,1040,29.2
12,1,4,60,22,5,change_speed,0,1134,38.9,1134,35.0
12,1,4,60,22,5,change_speed,10,1134,38.9,1229,40.8
12,1,4,60,22,6,add_lane,0,996,42.2,996,42.2
12,1,4,60,22,6,add_lane,1,996,42.2,1116,46.4
12,1,4,60,22,6,add_lane,2,996,42.2,1235,50.6
12,1,4,60,22,6,change_speed,-10,996,42.2,913,31.7
12,1,4,60,22,6,change_speed,0,996,42.2,996,38.0
12,1,4,60,22,6,change_speed,10,996,42.2,1079,44.3
12,1,4,60,23,0,add_lane,0,531,56.7,531,56.7
12,1,4,60,23,0,add_lane,1,531,56.7,595,62.4
12,1,4,60,23,0,add_lane,2,531,56.7,658,68.0
12,1,4,60,23,0,change_speed,-10,531,56.7,487,42.5
12,1,4,60,23,0,change_speed,0,531,56.7,531,51.0
12,1,4,60,23,0,change_speed,10,531,56.7,575,59.5
12,1,4,60,23,1,add_lane,0,1080,55.4,1080,55.4
12,1,4,60,23,1,add_lane,1,1080,55.4,1210,60.9
12,1,4,60,23,1,add_lane,2,1080,55.4,1339,66.5
12,1,4,60,23,1,change_speed,-10,1080,55.4,990,41.5
12,1,4,60,23,1,change_speed,0,1080,55.4,1080,49.9
12,1,4,60,23,1,change_speed,10,1080,55.4,1170,58.2
12,1,4,60,23,2,add_lane,0,1048,49.0,1048,49.0
12,1,4,60,23,2,add_lane,1,1048,49.0,1174,53.9
12,1,4,60,23,2,add_lane,2,1048,49.0,1300,58.8
12,1,4,60,23,2,change_speed,-10,1048,49.0,961,36.8
12,1,4,60,23,2,change_speed,0,1048,49.0,1048,44.1
12,1,4,60,23,2,change_speed,10,1048,49.0,1135,51.5
12,1,4,60,23,3,add_lane,0,1048,56.6,1048,56.6
12,1,4,60,23,3,add_lane,1,1048,56.6,1174,62.3
12,1,4,60,23,3,add_lane,2,1048,56.6,1300,67.9
12,1,4,60,23,3,change_speed,-10,1048,56.6,961,42.5
12,1,4,60,23,3,change_speed,0,1048,56.6,1048,50.9
12,1,4,60,23,3,change_speed,10,1048,56.6,1135,59.4
12,1,4,60,23,4,add_lane,0,1048,57.4,1048,57.4
12,1,4,60,23,4,add_lane,1,1048,57.4,1174,63.1
12,1,4,60,23,4,add_lane,2,1048,57.4,1300,68.9
12,1,4,60,23,4,change_speed,-10,1048,57.4,961,43.1
12,1,4,60,23,4,change_speed,0,1048,57.4,1048,51.7
12,1,4,60,23,4,change_speed,10,1048,57.4,1135,60.3
12,1,4,60,23,5,add_lane,0,756,36.8,756,36.8
12,1,4,60,23,5,add_lane,1,756,36.8,847,40.5
12,1,4,60,23,5,add_lane,2,756,36.8,937,44.2
12,1,4,60,23,5,change_speed,-10,756,36.8,693,27.6
12,1,4,60,23,5,change_speed,0,756,36.8,756,33.1
12,1,4,60,23,5,change_speed,10,756,36.8,819,38.6
12,1,4,60,23,6,add_lane,0,664,49.9,664,49.9
12,1,4,60,23,6,add_lane,1,664,49.9,744,54.9
12,1,4,60,23,6,add_lane,2,664,49.9,823,59.9
12,1,4,60,23,6,change_speed,-10,664,49.9,609,37.4
12,1,4,60,23,6,change_speed,0,664,49.9,664,44.9
12,1,4,60,23,6,change_speed,10,664,49.9,719,52.4
13,1,6,60,0,0,add_lane,0,664,56.3,664,56.3
13,1,6,60,0,0,add_lane,1,664,56.3,744,61.9
13,1,6,60,0,0,add_lane,2,664,56.3,823,67.6
13,1,6,60,0,0,change_speed,-10,664,56.3,609,42.2
13,1,6,60,0,0,change_speed,0,664,56.3,664,50.7
13,1,6,60,0,0,change_speed,10,664,56.3,719,59.1
13,1,6,60,0,1,add_lane,0,1350,57.0,1350,57.0
13,1,6,60,0,1,add_lane,1,1350,57.0,1512,62.7
13,1,6,60,0,1,add_lane,2,1350,57.0,1674,68.4
13,1,6,60,0,1,change_speed,-10,1350,57.0,1238,42.8
13,1,6,60,0,1,change_speed,0,1350,57.0,1350,51.3
13,1,6,60,0,1,change_speed,10,1350,57.0,1463,59.9
13,1,6,60,0,2,add_lane,0,1310,51.4,1310,51.4
13,1,6,60,0,2,add_lane,1,1310,51.4,1467,56.5
13,1,6,60,0,2,add_lane,2,1310,51.4,1624,61.7
13,1,6,60,0,2,change_speed,-10,1310,51.4,1201,38.6
13,1,6,60,0,2,change_speed,0,1310,51.4,1310,46.3
13,1,6,60,0,2,change_speed,10,1310,51.4,1419,54.0
13,1,6,60,0,3,add_lane,0,1310,51.5,1310,51.5
13,1,6,60,0,3,add_lane,1,1310,51.5,1467,56.7
13,1,6,60,0,3,add_lane,2,1310,51.5,1624,61.8
13,1,6,60,0,3,change_speed,-10,1310,51.5,1201,38.6
13,1,6,60,0,3,change_speed,0,1310,51.5,1310,46.4
13,1,6,60,0,3,change_speed,10,1310,51.5,1419,54.1
13,1,6,60,0,4,add_lane,0,1310,58.7,1310,58.7
13,1,6,60,0,4,add_lane,1,1310,58.7,1467,64.6
13,1,6,60,0,4,add_lane,2,1310,58.7,1624,70.4
13,1,6,60,0,4,change_speed,-10,1310,58.7,1201,44.0
13,1,6,60,0,4,change_speed,0,1310,58.7,1310,52.8
13,1,6,60,0,4,change_speed,10,1310,58.7,1419,61.6
13,1,6,60,0,5,add_lane,0,945,40.9,945,40.9
13,1,6,60,0,5,add_lane,1,945,40.9,1058,45.0
13,1,6,60,0,5,add_lane,2,945,40.9,1172,49.1
13,1,6,60,0,5,change_speed,-10,945,40.9,866,30.7
13,1,6,60,0,5,change_speed,0,945,40.9,945,36.8
13,1,6,60,0,5,change_speed,10,945,40.9,1024,42.9
13,1,6,60,0,6,add_lane,0,830,49.5,830,49.5
13,1,6,60,0,6,add_lane,1,830,49.5,930,54.5
13,1,6,60,0,6,add_lane,2,830,49.5,1029,59.4
13,1,6,60,0,6,change_speed,-10,830,49.5,761,37.1
13,1,6,60,0,6,change_speed,0,830,49.5,830,44.6
13,1,6,60,0,6,change_speed,10,830,49.5,899,52.0
13,1,6,60,1,0,add_lane,0,531,56.7,531,56.7
13,1,6,60,1,0,add_lane,1,531,56.7,595,62.4
13,1,6,60,1,0,add_lane,2,531,56.7,658,68.0
13,1,6,60,1,0,change_speed,-10,531,56.7,487,42.5
13,1,6,60,1,0,change_speed,0,531,56.7,531,51.0
13,1,6,60,1,0,change_speed,10,531,56.7,575,59.5
13,1,6,60,1,1,add_lane,0,1080,57.9,1080,57.9
13,1,6,60,1,1,add_lane,1,1080,57.9,1210,63.7
13,1,6,60,1,1,add_lane,2,1080,57.9,1339,69.5
13,1,6,60,1,1,change_speed,-10,1080,57.9,990,43.4
13,1,6,60,1,1,change_speed,0,1080,57.9,1080,52.1
13,1,6,60,1,1,change_speed,10,1080,57.9,1170,60.8
13,1,6,60,1,2,add_lane,0,1048,54.1,1048,54.1
13,1,6,60,1,2,add_lane,1,1048,54.1,1174,59.5
13,1,6,60,1,2,add_lane,2,1048,54.1,1300,64.9
13,1,6,60,1,2,change_speed,-10,1048,54.1,961,40.6
13,1,6,60,1,2,change_speed,0,1048,54.1,1048,48.7
13,1,6,60,1,2,change_speed,10,1048,54.1,1135,56.8
13,1,6,60,1,3,add_lane,0,1048,63.0,1048,63.0
13,1,6,60,1,3,add_lane,1,1048,63.0,1174,69.3
13,1,6,60,1,3,add_lane,2,1048,63.0,1300,75.6
13,1,6,60,1,3,change_speed,-10,1048,63.0,961,47.2
13,1,6,60,1,3,change_speed,0,1048,63.0,1048,56.7
13,1,6,60,1,3,change_speed,10,1048,63.0,1135,66.2
13,1,6,60,1,4,add_lane,0,1048,58.1,1048,58.1
13,1,6,60,1,4,add_lane,1,1048,58.1,1174,63.9
13,1,6,60,1,4,add_lane,2,1048,58.1,1300,69.7
13,1,6,60,1,4,change_speed,-10,1048,58.1,961,43.6
13,1,6,60,1,4,change_speed,0,1048,58.1,1048,52.3
13,1,6,60,1,4,change_speed,10,1048,58.1,1135,61.0
13,1,6,60,1,5,add_lane,0,756,37.4,756,37.4
13,1,6,60,1,5,add_lane,1,756,37.4,847,41.1
13,1,6,60,1,5,add_lane,2,756,37.4,937,44.9
13,1,6,60,1,5,change_speed,-10,756,37.4,693,28.1
13,1,6,60,1,5,change_speed,0,756,37.4,756,33.7
13,1,6,60,1,5,change_speed,10,756,37.4,819,39.3
13,1,6,60,1,6,add_lane,0,664,46.5,664,46.5
13,1,6,60,1,6,add_lane,1,664,46.5,744,51.2
13,1,6,60,1,6,add_lane,2,664,46.5,823,55.8
13,1,6,60,1,6,change_speed,-10,664,46.5,609,34.9
13,1,6,60,1,6,change_speed,0,664,46.5,664,41.9
13,1,6,60,1,6,change_speed,10,664,46.5,719,48.8
13,1,6,60,2,0,add_lane,0,478,50.7,478,50.7
13,1,6,60,2,0,add_lane,1,478,50.7,535,55.8
13,1,6,60,2,0,add_lane,2,478,50.7,593,60.8
13,1,6,60,2,0,change_speed,-10,478,50.7,438,38.0
13,1,6,60,2,0,change_speed,0,478,50.7,478,45.6
13,1,6,60,2,0,change_speed,10,478,50.7,518,53.2
13,1,6,60,2,1,add_lane,0,972,66.5,972,66.5
13,1,6,60,2,1,add_lane,1,972,66.5,1089,73.2
13,1,6,60,2,1,add_lane,2,972,66.5,1205,79.8
13,1,6,60,2,1,change_speed,-10,972,66.5,891,49.9
13,1,6,60,2,1,change_speed,0,972,66.5,972,59.9
13,1,6,60,2,1,change_speed,10,972,66.5,1053,69.8
13,1,6,60,2,2,add_lane,0,943,58.4,943,58.4
13,1,6,60,2,2,add_lane,1,943,58.4,1056,64.2
13,1,6,60,2,2,add_lane,2,943,58.4,1169,70.1
13,1,6,60,2,2,change_speed,-10,943,58.4,864,43.8
13,1,6,60,2,2,change_speed,0,943,58.4,943,52.6
13,1,6,60,2,2,change_speed,10,943,58.4,1022,61.3
13,1,6,60,2,3,add_lane,0,943,59.1,943,59.1
13,1,6,60,2,3,add_lane,1,943,59.1,1056,65.0
13,1,6,60,2,3,add_lane,2,943,59.1,1169,70.9
13,1,6,60,2,3,change_speed,-10,943,59.1,864,44.3
13,1,6,60,2,3,change_speed,0,943,59.1,943,53.2
13,1,6,60,2,3,change_speed,10,943,59.1,1022,62.1
13,1,6,60,2,4,add_lane,0,943,59.0,943,59.0
13,1,6,60,2,4,add_lane,1,943,59.0,1056,64.9
13,1,6,60,2,4,add_lane,2,943,59.0,1169,70.8
13,1,6,60,2,4,change_speed,-10,943,59.0,864,44.3
13,1,6,60,2,4,change_speed,0,943,59.0,943,53.1
13,1,6,60,2,4,change_speed,10,943,59.0,1022,62.0
13,1,6,60,2,5,add_lane,0,680,40.4,680,40.4
13,1,6,60,2,5,add_lane,1,680,40.4,762,44.4
13,1,6,60,2,5,add_lane,2,680,40.4,843,48.5
13,1,6,60,2,5,change_speed,-10,680,40.4,623,30.3
13,1,6,60,2,5,change_speed,0,680,40.4,680,36.4
13,1,6,60,2,5,change_speed,10,680,40.4,737,42.4
13,1,6,60,2,6,add_lane,0,598,55.5,598,55.5
13,1,6,60,2,6,add_lane,1,598,55.5,670,61.1
13,1,6,60,2,6,add_lane,2,598,55.5,742,66.6
13,1,6,60,2,6,change_speed,-10,598,55.5,548,41.6
13,1,6,60,2,6,change_speed,0,598,55.5,598,50.0
13,1,6,60,2,6,change_speed,10,598,55.5,648,58.3
13,1,6,60,3,0,add_lane,0,399,54.9,399,54.9
13,1,6,60,3,0,add_lane,1,399,54.9,447,60.4
13,1,6,60,3,0,add_lane,2,399,54.9,495,65.9
13,1,6,60,3,0,change_speed,-10,399,54.9,366,41.2
13,1,6,60,3,0,change_speed,0,399,54.9,399,49.4
13,1,6,60,3,0,change_speed,10,399,54.9,432,57.6
13,1,6,60,3,1,add_lane,0,810,62.3,810,62.3
13,1,6,60,3,1,add_lane,1,810,62.3,907,68.5
13,1,6,60,3,1,add_lane,2,810,62.3,1004,74.8
13,1,6,60,3,1,change_speed,-10,810,62.3,743,46.7
13,1,6,60,3,1,change_speed,0,810,62.3,810,56.1
13,1,6,60,3,1,change_speed,10,810,62.3,878,65.4
13,1,6,60,3,2,add_lane,0,786,58.8,786,58.8
13,1,6,60,3,2,add_lane,1,786,58.8,880,64.7
13,1,6,60,3,2,add_lane,2,786,58.8,975,70.6
13,1,6,60,3,2,change_speed,-10,786,58.8,721,44.1
13,1,6,60,3,2,change_speed,0,786,58.8,786,52.9
13,1,6,60,3,2,change_speed,10,786,58.8,852,61.7
13,1,6,60,3,3,add_lane,0,786,57.8,786,57.8
13,1,6,60,3,3,add_lane,1,786,57.8,880,63.6
13,1,6,60,3,3,add_lane,2,786,57.8,975,69.4
13,1,6,60,3,3,change_speed,-10,786,57.8,721,43.4
13,1,6,60,3,3,change_speed,0,786,57.8,786,52.0
13,1,6,60,3,3,change_speed,10,786,57.8,852,60.7
13,1,6,60,3,4,add_lane,0,786,60.4,786,60.4
13,1,6,60,3,4,add_lane,1,786,60.4,880,66.4
13,1,6,60,3,4,add_lane,2,786,60.4,975,72.5
13,1,6,60,3,4,change_speed,-10,786,60.4,721,45.3
13,1,6,60,3,4,change_speed,0,786,60.4,786,54.4
13,1,6,60,3,4,change_speed,10,786,60.4,852,63.4
13,1,6,60,3,5,add_lane,0,567,39.4,567,39.4
13,1,6,60,3,5,add_lane,1,567,39.4,635,43.3
13,1,6,60,3,5,add_lane,2,567,39.4,703,47.3
13,1,6,60,3,5,change_speed,-10,567,39.4,520,29.6
13,1,6,60,3,5,change_speed,0,567,39.4,567,35.5
13,1,6,60,3,5,change_speed,10,567,39.4,614,41.4
13,1,6,60,3,6,add_lane,0,498,42.7,498,42.7
13,1,6,60,3,6,add_lane,1,498,42.7,558,47.0
13,1,6,60,3,6,add_lane,2,498,42.7,618,51.2
13,1,6,60,3,6,change_speed,-10,498,42.7,457,32.0
13,1,6,60,3,6,change_speed,0,498,42.7,498,38.4
13,1,6,60,3,6,change_speed,10,498,42.7,540,44.8
13,1,6,60,4,0,add_lane,0,531,53.6,531,53.6
13,1,6,60,4,0,add_lane,1,531,53.6,595,59.0
13,1,6,60,4,0,add_lane,2,531,53.6,658,64.3
13,1,6,60,4,0,change_speed,-10,531,53.6,487,40.2
13,1,6,60,4,0,change_speed,0,531,53.6,531,48.2
13,1,6,60,4,0,change_speed,10,531,53.6,575,56.3
13,1,6,60,4,1,add_lane,0,1080,63.0,1080,63.0
13,1,6,60,4,1,add_lane,1,1080,63.0,1210,69.3
13,1,6,60,4,1,add_lane,2,1080,63.0,1339,75.6
13,1,6,60,4,1,change_speed,-10,1080,63.0,990,47.2
13,1,6,60,4,1,change_speed,0,1080,63.0,1080,56.7
13,1,6,60,4,1,change_speed,10,1080,63.0,1170,66.2
13,1,6,60,4,2,add_lane,0,1048,59.2,1048,59.2
13,1,6,60,4,2,add_lane,1,1048,59.2,1174,65.1
13,1,6,60,4,2,add_lane,2,1048,59.2,1300,71.0
13,1,6,60,4,2,change_speed,-10,1048,59.2,961,44.4
13,1,6,60,4,2,change_speed,0,1048,59.2,1048,53.3
13,1,6,60,4,2,change_speed,10,1048,59.2,1135,62.2
13,1,6,60,4,3,add_lane,0,1048,56.7,1048,56.7
13,1,6,60,4,3,add_lane,1,1048,56.7,1174,62.4
13,1,6,60,4,3,add_lane,2,1048,56.7,1300,68.0
13,1,6,60,4,3,change_speed,-10,1048,56.7,961,42.5
13,1,6,60,4,3,change_speed,0,1048,56.7,1048,51.0
13,1,6,60,4,3,change_speed,10,1048,56.7,1135,59.5
13,1,6,60,4,4,add_lane,0,1048,56.2,1048,56.2
13,1,6,60,4,4,add_lane,1,1048,56.2,1174,61.8
13,1,6,60,4,4,add_lane,2,1048,56.2,1300,67.4
13,1,6,60,4,4,change_speed,-10,1048,56.2,961,42.2
13,1,6,60,4,4,change_speed,0,1048,56.2,1048,50.6
13,1,6,60,4,4,change_speed,10,1048,56.2,1135,59.0
13,1,6,60,4,5,add_lane,0,756,41.5,756,41.5
13,1,6,60,4,5,add_lane,1,756,41.5,847,45.7
13,1,6,60,4,5,add_lane,2,756,41.5,937,49.8
13,1,6,60,4,5,change_speed,-10,756,41.5,693,31.1
13,1,6,60,4,5,change_speed,0,756,41.5,756,37.4
13,1,6,60,4,5,change_speed,10,756,41.5,819,43.6
13,1,6,60,4,6,add_lane,0,664,50.7,664,50.7
13,1,6,60,4,6,add_lane,1,664,50.7,744,55.8
13,1,6,60,4,6,add_lane,2,664,50.7,823,60.8
13,1,6,60,4,6,change_speed,-10,664,50.7,609,38.0
13,1,6,60,4,6,change_speed,0,664,50.7,664,45.6
13,1,6,60,4,6,change_speed,10,664,50.7,719,53.2
13,1,6,60,5,0,add_lane,0,930,53.6,930,53.6
13,1,6,60,5,0,add_lane,1,930,53.6,1042,59.0
13,1,6,60,5,0,add_lane,2,930,53.6,1153,64.3
13,1,6,60,5,0,change_speed,-10,930,53.6,853,40.2
13,1,6,60,5,0,change_speed,0,930,53.6,930,48.2
13,1,6,60,5,0,change_speed,10,930,53.6,1008,56.3
13,1,6,60,5,1,add_lane,0,1890,62.4,1890,62.4
13,1,6,60,5,1,add_lane,1,1890,62.4,2117,68.6
13,1,6,60,5,1,add_lane,2,1890,62.4,2344,74.9
13,1,6,60,5,1,change_speed,-10,1890,62.4,1733,46.8
13,1,6,60,5,1,change_speed,0,1890,62.4,1890,56.2
13,1,6,60,5,1,change_speed,10,1890,62.4,2048,65.5
13,1,6,60,5,2,add_lane,0,1833,56.8,1833,56.8
13,1,6,60,5,2,add_lane,1,1833,56.8,2053,62.5
13,1,6,60,5,2,add_lane,2,1833,56.8,2273,68.2
13,1,6,60,5,2,change_speed,-10,1833,56.8,1680,42.6
13,1,6,60,5,2,change_speed,0,1833,56.8,1833,51.1
13,1,6,60,5,2,change_speed,10,1833,56.8,1986,59.6
13,1,6,60,5,3,add_lane,0,1833,48.0,1833,48.0
13,1,6,60,5,3,add_lane,1,1833,48.0,2053,52.8
13,1,6,60,5,3,add_lane,2,1833,48.0,2273,57.6
13,1,6,60,5,3,change_speed,-10,1833,48.0,1680,36.0
13,1,6,60,5,3,change_speed,0,1833,48.0,1833,43.2
13,1,6,60,5,3,change_speed,10,1833,48.0,1986,50.4
13,1,6,60,5,4,add_lane,0,1833,56.1,1833,56.1
13,1,6,60,5,4,add_lane,1,1833,56.1,2053,61.7
13,1,6,60,5,4,add_lane,2,1833,56.1,2273,67.3
13,1,6,60,5,4,change_speed,-10,1833,56.1,1680,42.1
13,1,6,60,5,4,change_speed,0,1833,56.1,1833,50.5
13,1,6,60,5,4,change_speed,10,1833,56.1,1986,58.9
13,1,6,60,5,5,add_lane,0,1323,39.7,1323,39.7
13,1,6,60,5,5,add_lane,1,1323,39.7,1482,43.7
13,1,6,60,5,5,add_lane,2,1323,39.7,1641,47.6
13,1,6,60,5,5,change_speed,-10,1323,39.7,1213,29.8
13,1,6,60,5,5,change_speed,0,1323,39.7,1323,35.7
13,1,6,60,5,5,change_speed,10,1323,39.7,1433,41.7
13,1,6,60,5,6,add_lane,0,1162,50.0,1162,50.0
13,1,6,60,5,6,add_lane,1,1162,50.0,1301,55.0
13,1,6,60,5,6,add_lane,2,1162,50.0,1441,60.0
13,1,6,60,5,6,change_speed,-10,1162,50.0,1065,37.5
13,1,6,60,5,6,change_speed,0,1162,50.0,1162,45.0
13,1,6,60,5,6,change_speed,10,1162,50.0,1259,52.5
13,1,6,60,6,0,add_lane,0,1727,51.6,1727,51.6
13,1,6,60,6,0,add_lane,1,1727,51.6,1934,56.8
13,1,6,60,6,0,add_lane,2,1727,51.6,2141,61.9
13,1,6,60,6,0,change_speed,-10,1727,51.6,1583,38.7
13,1,6,60,6,0,change_speed,0,1727,51.6,1727,46.4
13,1,6,60,6,0,change_speed,10,1727,51.6,1871,54.2
13,1,6,60,6,1,add_lane,0,3510,42.6,3510,42.6
13,1,6,60,6,1,add_lane,1,3510,42.6,3931,46.9
13,1,6,60,6,1,add_lane,2,3510,42.6,4352,51.1
13,1,6,60,6,1,change_speed,-10,3510,42.6,3218,31.9
13,1,6,60,6,1,change_speed,0,3510,42.6,3510,38.3
13,1,6,60,6,1,change_speed,10,3510,42.6,3803,44.7
13,1,6,60,6,2,add_lane,0,3405,48.4,3405,48.4
13,1,6,60,6,2,add_lane,1,3405,48.4,3814,53.2
13,1,6,60,6,2,add_lane,2,3405,48.4,4222,58.1
13,1,6,60,6,2,change_speed,-10,3405,48.4,3121,36.3
13,1,6,60,6,2,change_speed,0,3405,48.4,3405,43.6
13,1,6,60,6,2,change_speed,10,3405,48.4,3689,50.8
13,1,6,60,6,3,add_lane,0,3405,49.3,3405,49.3
13,1,6,60,6,3,add_lane,1,3405,49.3,3814,54.2
13,1,6,60,6,3,add_lane,2,3405,49.3,4222,59.2
13,1,6,60,6,3,change_speed,-10,3405,49.3,3121,37.0
13,1,6,60,6,3,change_speed,0,3405,49.3,3405,44.4
13,1,6,60,6,3,change_speed,10,3405,49.3,3689,51.8
13,1,6,60,6,4,add_lane,0,3405,49.8,3405,49.8
13,1,6,60,6,4,add_lane,1,3405,49.8,3814,54.8
13,1,6,60,6,4,add_lane,2,3405,49.8,4222,59.8
13,1,6,60,6,4,change_speed,-10,3405,49.8,3121,37.4
13,1,6,60,6,4,change_speed,0,3405,49.8,3405,44.8
13,1,6,60,6,4,change_speed,10,3405,49.8,3689,52.3
13,1,6,60,6,5,add_lane,0,2457,36.5,2457,36.5
13,1,6,60,6,5,add_lane,1,2457,36.5,2752,40.2
13,1,6,60,6,5,add_lane,2,2457,36.5,3047,43.8
13,1,6,60,6,5,change_speed,-10,2457,36.5,2252,27.4
13,1,6,60,6,5,change_speed,0,2457,36.5,2457,32.9
13,1,6,60,6,5,change_speed,10,2457,36.5,2662,38.3
13,1,6,60,6,6,add_lane,0,2159,42.1,2159,42.1
13,1,6,60,6,6,add_lane,1,2159,42.1,2418,46.3
13,1,6,60,6,6,add_lane,2,2159,42.1,2677,50.5
13,1,6,60,6,6,change_speed,-10,2159,42.1,1979,31.6
13,1,6,60,6,6,change_speed,0,2159,42.1,2159,37.9
13,1,6,60,6,6,change_speed,10,2159,42.1,2339,44.2
13,1,6,60,7,0,add_lane,0,3985,39.7,3985,39.7
13,1,6,60,7,0,add_lane,1,3985,39.7,4463,43.7
13,1,6,60,7,0,add_lane,2,3985,39.7,4941,47.6
13,1,6,60,7,0,change_speed,-10,3985,39.7,3653,29.8
13,1,6,60,7,0,change_speed,0,3985,39.7,3985,35.7
13,1,6,60,7,0,change_speed,10,3985,39.7,4317,41.7
13,1,6,60,7,1,add_lane,0,8100,30.3,8100,30.3
13,1,6,60,7,1,add_lane,1,8100,30.3,9072,33.3
13,1,6,60,7,1,add_lane,2,8100,30.3,10044,36.4
13,1,6,60,7,1,change_speed,-10,8100,30.3,7425,22.7
13,1,6,60,7,1,change_speed,0,8100,30.3,8100,27.3
13,1,6,60,7,1,change_speed,10,8100,30.3,8775,31.8
13,1,6,60,7,2,add_lane,0,7857,26.0,7857,26.0
13,1,6,60,7,2,add_lane,1,7857,26.0,8800,28.6
13,1,6,60,7,2,add_lane,2,7857,26.0,9743,31.2
13,1,6,60,7,2,change_speed,-10,7857,26.0,7202,19.5
13,1,6,60,7,2,change_speed,0,7857,26.0,7857,23.4
13,1,6,60,7,2,change_speed,10,7857,26.0,8512,27.3
13,1,6,60,7,3,add_lane,0,7857,28.2,7857,28.2
13,1,6,60,7,3,add_lane,1,7857,28.2,8800,31.0
13,1,6,60,7,3,add_lane,2,7857,28.2,9743,33.8
13,1,6,60,7,3,change_speed,-10,7857,28.2,7202,21.2
13,1,6,60,7,3,change_speed,0,7857,28.2,7857,25.4
13,1,6,60,7,3,change_speed,10,7857,28.2,8512,29.6
13,1,6,60,7,4,add_lane,0,7857,30.2,7857,30.2
13,1,6,60,7,4,add_lane,1,7857,30.2,8800,33.2
13,1,6,60,7,4,add_lane,2,7857,30.2,9743,36.2
13,1,6,60,7,4,change_speed,-10,7857,30.2,7202,22.7
13,1,6,60,7,4,change_speed,0,7857,30.2,7857,27.2
13,1,6,60,7,4,change_speed,10,7857,30.2,8512,31.7
13,1,6,60,7,5,add_lane,0,5670,26.1,5670,26.1
13,1,6,60,7,5,add_lane,1,5670,26.1,6350,28.7
13,1,6,60,7,5,add_lane,2,5670,26.1,7031,31.3
13,1,6,60,7,5,change_speed,-10,5670,26.1,5198,19.6
13,1,6,60,7,5,change_speed,0,5670,26.1,5670,23.5
13,1,6,60,7,5,change_speed,10,5670,26.1,6143,27.4
13,1,6,60,7,6,add_lane,0,4982,34.7,4982,34.7
13,1,6,60,7,6,add_lane,1,4982,34.7,5580,38.2
13,1,6,60,7,6,add_lane,2,4982,34.7,6178,41.6
13,1,6,60,7,6,change_speed,-10,4982,34.7,4567,26.0
13,1,6,60,7,6,change_speed,0,4982,34.7,4982,31.2
13,1,6,60,7,6,change_speed,10,4982,34.7,5397,36.4
13,1,6,60,8,0,add_lane,0,4782,36.6,4782,36.6
13,1,6,60,8,0,add_lane,1,4782,36.6,5356,40.3
13,1,6,60,8,0,add_lane,2,4782,36.6,5930,43.9
13,1,6,60,8,0,change_speed,-10,4782,36.6,4384,27.5
13,1,6,60,8,0,change_speed,0,4782,36.6,4782,32.9
13,1,6,60,8,0,change_speed,10,4782,36.6,5181,38.4
13,1,6,60,8,1,add_lane,0,9720,20.6,9720,20.6
13,1,6,60,8,1,add_lane,1,9720,20.6,10886,22.7
13,1,6,60,8,1,add_lane,2,9720,20.6,12053,24.7
13,1,6,60,8,1,change_speed,-10,9720,20.6,8910,15.5
13,1,6,60,8,1,change_speed,0,9720,20.6,9720,18.5
13,1,6,60,8,1,change_speed,10,9720,20.6,10530,21.6
13,1,6,60,8,2,add_lane,0,9428,21.2,9428,21.2
13,1,6,60,8,2,add_lane,1,9428,21.2,10559,23.3
13,1,6,60,8,2,add_lane,2,9428,21.2,11691,25.4
13,1,6,60,8,2,change_speed,-10,9428,21.2,8642,15.9
13,1,6,60,8,2,change_speed,0,9428,21.2,9428,19.1
13,1,6,60,8,2,change_speed,10,9428,21.2,10214,22.3
13,1,6,60,8,3,add_lane,0,9428,20.6,9428,20.6
13,1,6,60,8,3,add_lane,1,9428,20.6,10559,22.7
13,1,6,60,8,3,add_lane,2,9428,20.6,11691,24.7
13,1,6,60,8,3,change_speed,-10,9428,20.6,8642,15.5
13,1,6,60,8,3,change_speed,0,9428,20.6,9428,18.5
13,1,6,60,8,3,change_speed,10,9428,20.6,10214,21.6
13,1,6,60,8,4,add_lane,0,9428,21.2,9428,21.2
13,1,6,60,8,4,add_lane,1,9428,21.2,10559,23.3
13,1,6,60,8,4,add_lane,2,9428,21.2,11691,25.4
13,1,6,60,8,4,change_speed,-10,9428,21.2,8642,15.9
13,1,6,60,8,4,change_speed,0,9428,21.2,9428,19.1
13,1,6,60,8,4,change_speed,10,9428,21.2,10214,22.3
13,1,6,60,8,5,add_lane,0,6804,21.4,6804,21.4
13,1,6,60,8,5,add_lane,1,6804,21.4,7620,23.5
13,1,6,60,8,5,add_lane,2,6804,21.4,8437,25.7
13,1,6,60,8,5,change_speed,-10,6804,21.4,6237,16.1
13,1,6,60,8,5,change_speed,0,6804,21.4,6804,19.3
13,1,6,60,8,5,change_speed,10,6804,21.4,7371,22.5
13,1,6,60,8,6,add_lane,0,5978,30.0,5978,30.0
13,1,6,60,8,6,add_lane,1,5978,30.0,6695,33.0
13,1,6,60,8,6,add_lane,2,5978,30.0,7413,36.0
13,1,6,60,8,6,change_speed,-10,5978,30.0,5480,22.5
13,1,6,60,8,6,change_speed,0,5978,30.0,5978,27.0
13,1,6,60,8,6,change_speed,10,5978,30.0,6476,31.5
13,1,6,60,9,0,add_lane,0,3720,43.7,3720,43.7
13,1,6,60,9,0,add_lane,1,3720,43.7,4166,48.1
13,1,6,60,9,0,add_lane,2,3720,43.7,4613,52.4
13,1,6,60,9,0,change_speed,-10,3720,43.7,3410,32.8
13,1,6,60,9,0,change_speed,0,3720,43.7,3720,39.3
13,1,6,60,9,0,change_speed,10,3720,43.7,4030,45.9
13,1,6,60,9,1,add_lane,0,7560,31.5,7560,31.5
13,1,6,60,9,1,add_lane,1,7560,31.5,8467,34.7
13,1,6,60,9,1,add_lane,2,7560,31.5,9374,37.8
13,1,6,60,9,1,change_speed,-10,7560,31.5,6930,23.6
13,1,6,60,9,1,change_speed,0,7560,31.5,7560,28.4
13,1,6,60,9,1,change_speed,10,7560,31.5,8190,33.1
13,1,6,60,9,2,add_lane,0,7333,31.3,7333,31.3
13,1,6,60,9,2,add_lane,1,7333,31.3,8213,34.4
13,1,6,60,9,2,add_lane,2,7333,31.3,9093,37.6
13,1,6,60,9,2,change_speed,-10,7333,31.3,6722,23.5
13,1,6,60,9,2,change_speed,0,7333,31.3,7333,28.2
13,1,6,60,9,2,change_speed,10,7333,31.3,7944,32.9
13,1,6,60,9,3,add_lane,0,7333,32.4,7333,32.4
13,1,6,60,9,3,add_lane,1,7333,32.4,8213,35.6
13,1,6,60,9,3,add_lane,2,7333,32.4,9093,38.9
13,1,6,60,9,3,change_speed,-10,7333,32.4,6722,24.3
13,1,6,60,9,3,change_speed,0,7333,32.4,7333,29.2
13,1,6,60,9,3,change_speed,10,7333,32.4,7944,34.0
13,1,6,60,9,4,add_lane,0,7333,29.1,7333,29.1
13,1,6,60,9,4,add_lane,1,7333,29.1,8213,32.0
13,1,6,60,9,4,add_lane,2,7333,29.1,9093,34.9
13,1,6,60,9,4,change_speed,-10,7333,29.1,6722,21.8
13,1,6,60,9,4,change_speed,0,7333,29.1,7333,26.2
13,1,6,60,9,4,change_speed,10,7333,29.1,7944,30.6
13,1,6,60,9,5,add_lane,0,5292,26.4,5292,26.4
13,1,6,60,9,5,add_lane,1,5292,26.4,5927,29.0
13,1,6,60,9,5,add_lane,2,5292,26.4,6562,31.7
13,1,6,60,9,5,change_speed,-10,5292,26.4,4851,19.8
13,1,6,60,9,5,change_speed,0,5292,26.4,5292,23.8
13,1,6,60,9,5,change_speed,10,5292,26.4,5733,27.7
13,1,6,60,9,6,add_lane,0,4649,37.5,4649,37.5
13,1,6,60,9,6,add_lane,1,4649,37.5,5207,41.2
13,1,6,60,9,6,add_lane,2,4649,37.5,5765,45.0
13,1,6,60,9,6,change_speed,-10,4649,37.5,4262,28.1
13,1,6,60,9,6,change_speed,0,4649,37.5,4649,33.8
13,1,6,60,9,6,change_speed,10,4649,37.5,5036,39.4
13,1,6,60,10,0,add_lane,0,2657,43.2,2657,43.2
13,1,6,60,10,0,add_lane,1,2657,43.2,2976,47.5
13,1,6,60,10,0,add_lane,2,2657,43.2,3295,51.8
13,1,6,60,10,0,change_speed,-10,2657,43.2,2436,32.4
13,1,6,60,10,0,change_speed,0,2657,43.2,2657,38.9
13,1,6,60,10,0,change_speed,10,2657,43.2,2878,45.4
13,1,6,60,10,1,add_lane,0,5400,38.7,5400,38.7
13,1,6,60,10,1,add_lane,1,5400,38.7,6048,42.6
13,1,6,60,10,1,add_lane,2,5400,38.7,6696,46.4
13,1,6,60,10,1,change_speed,-10,5400,38.7,4950,29.0
13,1,6,60,10,1,change_speed,0,5400,38.7,5400,34.8
13,1,6,60,10,1,change_speed,10,5400,38.7,5850,40.6
13,1,6,60,10,2,add_lane,0,5238,38.4,5238,38.4
13,1,6,60,10,2,add_lane,1,5238,38.4,5867,42.2
13,1,6,60,10,2,add_lane,2,5238,38.4,6495,46.1
13,1,6,60,10,2,change_speed,-10,5238,38.4,4802,28.8
13,1,6,60,10,2,change_speed,0,5238,38.4,5238,34.6
13,1,6,60,10,2,change_speed,10,5238,38.4,5675,40.3
13,1,6,60,10,3,add_lane,0,5238,36.2,5238,36.2
13,1,6,60,10,3,add_lane,1,5238,36.2,5867,39.8
13,1,6,60,10,3,add_lane,2,5238,36.2,6495,43.4
13,1,6,60,10,3,change_speed,-10,5238,36.2,4802,27.2
13,1,6,60,10,3,change_speed,0,5238,36.2,5238,32.6
13,1,6,60,10,3,change_speed,10,5238,36.2,5675,38.0
13,1,6,60,10,4,add_lane,0,5238,39.2,5238,39.2
13,1,6,60,10,4,add_lane,1,5238,39.2,5867,43.1
13,1,6,60,10,4,add_lane,2,5238,39.2,6495,47.0
13,1,6,60,10,4,change_speed,-10,5238,39.2,4802,29.4
13,1,6,60,10,4,change_speed,0,5238,39.2,5238,35.3
13,1,6,60,10,4,change_speed,10,5238,39.2,5675,41.2
13,1,6,60,10,5,add_lane,0,3780,33.1,3780,33.1
13,1,6,60,10,5,add_lane,1,3780,33.1,4234,36.4
13,1,6,60,10,5,add_lane,2,3780,33.1,4687,39.7
13,1,6,60,10,5,change_speed,-10,3780,33.1,3465,24.8
13,1,6,60,10,5,change_speed,0,3780,33.1,3780,29.8
13,1,6,60,10,5,change_speed,10,3780,33.1,4095,34.8
13,1,6,60,10,6,add_lane,0,3321,48.9,3321,48.9
13,1,6,60,10,6,add_lane,1,3321,48.9,3720,53.8
13,1,6,60,10,6,add_lane,2,3321,48.9,4118,58.7
13,1,6,60,10,6,change_speed,-10,3321,48.9,3044,36.7
13,1,6,60,10,6,change_speed,0,3321,48.9,3321,44.0
13,1,6,60,10,6,change_speed,10,3321,48.9,3598,51.3
13,1,6,60,11,0,add_lane,0,2391,45.2,2391,45.2
13,1,6,60,11,0,add_lane,1,2391,45.2,2678,49.7
13,1,6,60,11,0,add_lane,2,2391,45.2,2965,54.2
13,1,6,60,11,0,change_speed,-10,2391,45.2,2192,33.9
13,1,6,60,11,0,change_speed,0,2391,45.2,2391,40.7
13,1,6,60,11,0,change_speed,10,2391,45.2,2590,47.5
13,1,6,60,11,1,add_lane,0,4860,41.3,4860,41.3
13,1,6,60,11,1,add_lane,1,4860,41.3,5443,45.4
13,1,6,60,11,1,add_lane,2,4860,41.3,6026,49.6
13,1,6,60,11,1,change_speed,-10,4860,41.3,4455,31.0
13,1,6,60,11,1,change_speed,0,4860,41.3,4860,37.2
13,1,6,60,11,1,change_speed,10,4860,41.3,5265,43.4
13,1,6,60,11,2,add_lane,0,4714,37.1,4714,37.1
13,1,6,60,11,2,add_lane,1,4714,37.1,5280,40.8
13,1,6,60,11,2,add_lane,2,4714,37.1,5845,44.5
13,1,6,60,11,2,change_speed,-10,4714,37.1,4321,27.8
13,1,6,60,11,2,change_speed,0,4714,37.1,4714,33.4
13,1,6,60,11,2,change_speed,10,4714,37.1,5107,39.0
13,1,6,60,11,3,add_lane,0,4714,40.3,4714,40.3
13,1,6,60,11,3,add_lane,1,4714,40.3,5280,44.3
13,1,6,60,11,3,add_lane,2,4714,40.3,5845,48.4
13,1,6,60,11,3,change_speed,-10,4714,40.3,4321,30.2
13,1,6,60,11,3,change_speed,0,4714,40.3,4714,36.3
13,1,6,60,11,3,change_speed,10,4714,40.3,5107,42.3
13,1,6,60,11,4,add_lane,0,4714,38.9,4714,38.9
13,1,6,60,11,4,add_lane,1,4714,38.9,5280,42.8
13,1,6,60,11,4,add_lane,2,4714,38.9,5845,46.7
13,1,6,60,11,4,change_speed,-10,4714,38.9,4321,29.2
13,1,6,60,11,4,change_speed,0,4714,38.9,4714,35.0
13,1,6,60,11,4,change_speed,10,4714,38.9,5107,40.8
13,1,6,60,11,5,add_lane,0,3402,34.6,3402,34.6
13,1,6,60,11,5,add_lane,1,3402,34.6,3810,38.1
13,1,6,60,11,5,add_lane,2,3402,34.6,4218,41.5
13,1,6,60,11,5,change_speed,-10,3402,34.6,3119,26.0
13,1,6,60,11,5,change_speed,0,3402,34.6,3402,31.1
13,1,6,60,11,5,change_speed,10,3402,34.6,3686,36.3
13,1,6,60,11,6,add_lane,0,2989,42.5,2989,42.5
13,1,6,60,11,6,add_lane,1,2989,42.5,3348,46.8
13,1,6,60,11,6,add_lane,2,2989,42.5,3706,51.0
13,1,6,60,11,6,change_speed,-10,2989,42.5,2740,31.9
13,1,6,60,11,6,change_speed,0,2989,42.5,2989,38.2
13,1,6,60,11,6,change_speed,10,2989,42.5,3238,44.6
13,1,6,60,12,0,add_lane,0,2258,47.9,2258,47.9
13,1,6,60,12,0,add_lane,1,2258,47.9,2529,52.7
13,1,6,60,12,0,add_lane,2,2258,47.9,2800,57.5
13,1,6,60,12,0,change_speed,-10,2258,47.9,2070,35.9
13,1,6,60,12,0,change_speed,0,2258,47.9,2258,43.1
13,1,6,60,12,0,change_speed,10,2258,47.9,2446,50.3
13,1,6,60,12,1,add_lane,0,4590,45.8,4590,45.8
13,1,6,60,12,1,add_lane,1,4590,45.8,5141,50.4
13,1,6,60,12,1,add_lane,2,4590,45.8,5692,55.0
13,1,6,60,12,1,change_speed,-10,4590,45.8,4208,34.4
13,1,6,60,12,1,change_speed,0,4590,45.8,4590,41.2
13,1,6,60,12,1,change_speed,10,4590,45.8,4973,48.1
13,1,6,60,12,2,add_lane,0,4452,46.0,4452,46.0
13,1,6,60,12,2,add_lane,1,4452,46.0,4986,50.6
13,1,6,60,12,2,add_lane,2,4452,46.0,5520,55.2
13,1,6,60,12,2,change_speed,-10,4452,46.0,4081,34.5
13,1,6,60,12,2,change_speed,0,4452,46.0,4452,41.4
13,1,6,60,12,2,change_speed,10,4452,46.0,4823,48.3
13,1,6,60,12,3,add_lane,0,4452,40.7,4452,40.7
13,1,6,60,12,3,add_lane,1,4452,40.7,4986,44.8
13,1,6,60,12,3,add_lane,2,4452,40.7,5520,48.8
13,1,6,60,12,3,change_speed,-10,4452,40.7,4081,30.5
13,1,6,60,12,3,change_speed,0,4452,40.7,4452,36.6
13,1,6,60,12,3,change_speed,10,4452,40.7,4823,42.7
13,1,6,60,12,4,add_lane,0,4452,44.8,4452,44.8
13,1,6,60,12,4,add_lane,1,4452,44.8,4986,49.3
13,1,6,60,12,4,add_lane,2,4452,44.8,5520,53.8
13,1,6,60,12,4,change_speed,-10,4452,44.8,4081,33.6
13,1,6,60,12,4,change_speed,0,4452,44.8,4452,40.3
13,1,6,60,12,4,change_speed,10,4452,44.8,4823,47.0
13,1,6,60,12,5,add_lane,0,3213,30.9,3213,30.9
13,1,6,60,12,5,add_lane,1,3213,30.9,3599,34.0
13,1,6,60,12,5,add_lane,2,3213,30.9,3984,37.1
13,1,6,60,12,5,change_speed,-10,3213,30.9,2945,23.2
13,1,6,60,12,5,change_speed,0,3213,30.9,3213,27.8
13,1,6,60,12,5,change_speed,10,3213,30.9,3481,32.4
13,1,6,60,12,6,add_lane,0,2823,43.8,2823,43.8
13,1,6,60,12,6,add_lane,1,2823,43.8,3162,48.2
13,1,6,60,12,6,add_lane,2,2823,43.8,3501,52.6
13,1,6,60,12,6,change_speed,-10,2823,43.8,2588,32.9
13,1,6,60,12,6,change_speed,0,2823,43.8,2823,39.4
13,1,6,60,12,6,change_speed,10,2823,43.8,3058,46.0
13,1,6,60,13,0,add_lane,0,2258,50.5,2258,50.5
13,1,6,60,13,0,add_lane,1,2258,50.5,2529,55.6
13,1,6,60,13,0,add_lane,2,2258,50.5,2800,60.6
13,1,6,60,13,0,change_speed,-10,2258,50.5,2070,37.9
13,1,6,60,13,0,change_speed,0,2258,50.5,2258,45.5
13,1,6,60,13,0,change_speed,10,2258,50.5,2446,53.0
13,1,6,60,13,1,add_lane,0,4590,50.9,4590,50.9
13,1,6,60,13,1,add_lane,1,4590,50.9,5141,56.0
13,1,6,60,13,1,add_lane,2,4590,50.9,5692,61.1
13,1,6,60,13,1,change_speed,-10,4590,50.9,4208,38.2
13,1,6,60,13,1,change_speed,0,4590,50.9,4590,45.8
13,1,6,60,13,1,change_speed,10,4590,50.9,4973,53.4
13,1,6,60,13,2,add_lane,0,4452,43.2,4452,43.2
13,1,6,60,13,2,add_lane,1,4452,43.2,4986,47.5
13,1,6,60,13,2,add_lane,2,4452,43.2,5520,51.8
13,1,6,60,13,2,change_speed,-10,4452,43.2,4081,32.4
13,1,6,60,13,2,change_speed,0,4452,43.2,4452,38.9
13,1,6,60,13,2,change_speed,10,4452,43.2,4823,45.4
13,1,6,60,13,3,add_lane,0,4452,42.2,4452,42.2
13,1,6,60,13,3,add_lane,1,4452,42.2,4986,46.4
13,1,6,60,13,3,add_lane,2,4452,42.2,5520,50.6
13,1,6,60,13,3,change_speed,-10,4452,42.2,4081,31.7
13,1,6,60,13,3,change_speed,0,4452,42.2,4452,38.0
13,1,6,60,13,3,change_speed,10,4452,42.2,4823,44.3
13,1,6,60,13,4,add_lane,0,4452,37.6,4452,37.6
13,1,6,60,13,4,add_lane,1,4452,37.6,4986,41.4
13,1,6,60,13,4,add_lane,2,4452,37.6,5520,45.1
13,1,6,60,13,4,change_speed,-10,4452,37.6,4081,28.2
13,1,6,60,13,4,change_speed,0,4452,37.6,4452,33.8
13,1,6,60,13,4,change_speed,10,4452,37.6,4823,39.5
13,1,6,60,13,5,add_lane,0,3213,30.1,3213,30.1
13,1,6,60,13,5,add_lane,1,3213,30.1,3599,33.1
13,1,6,60,13,5,add_lane,2,3213,30.1,3984,36.1
13,1,6,60,13,5,change_speed,-10,3213,30.1,2945,22.6
13,1,6,60,13,5,change_speed,0,3213,30.1,3213,27.1
13,1,6,60,13,5,change_speed,10,3213,30.1,3481,31.6
13,1,6,60,13,6,add_lane,0,2823,39.8,2823,39.8
13,1,6,60,13,6,add_lane,1,2823,39.8,3162,43.8
13,1,6,60,13,6,add_lane,2,2823,39.8,3501,47.8
13,1,6,60,13,6,change_speed,-10,2823,39.8,2588,29.8
13,1,6,60,13,6,change_speed,0,2823,39.8,2823,35.8
13,1,6,60,13,6,change_speed,10,2823,39.8,3058,41.8
13,1,6,60,14,0,add_lane,0,2524,44.1,2524,44.1
13,1,6,60,14,0,add_lane,1,2524,44.1,2827,48.5
13,1,6,60,14,0,add_lane,2,2524,44.1,3130,52.9
13,1,6,60,14,0,change_speed,-10,2524,44.1,2314,33.1
13,1,6,60,14,0,change_speed,0,2524,44.1,2524,39.7
13,1,6,60,14,0,change_speed,10,2524,44.1,2734,46.3
13,1,6,60,14,1,add_lane,0,5130,44.5,5130,44.5
13,1,6,60,14,1,add_lane,1,5130,44.5,5746,49.0
13,1,6,60,14,1,add_lane,2,5130,44.5,6361,53.4
13,1,6,60,14,1,change_speed,-10,5130,44.5,4702,33.4
13,1,6,60,14,1,change_speed,0,5130,44.5,5130,40.1
13,1,6,60,14,1,change_speed,10,5130,44.5,5558,46.7
13,1,6,60,14,2,add_lane,0,4976,33.8,4976,33.8
13,1,6,60,14,2,add_lane,1,4976,33.8,5573,37.2
13,1,6,60,14,2,add_lane,2,4976,33.8,6170,40.6
13,1,6,60,14,2,change_speed,-10,4976,33.8,4561,25.3
13,1,6,60,14,2,change_speed,0,4976,33.8,4976,30.4
13,1,6,60,14,2,change_speed,10,4976,33.8,5391,35.5
13,1,6,60,14,3,add_lane,0,4976,40.8,4976,40.8
13,1,6,60,14,3,add_lane,1,4976,40.8,5573,44.9
13,1,6,60,14,3,add_lane,2,4976,40.8,6170,49.0
13,1,6,60,14,3,change_speed,-10,4976,40.8,4561,30.6
13,1,6,60,14,3,change_speed,0,4976,40.8,4976,36.7
13,1,6,60,14,3,change_speed,10,4976,40.8,5391,42.8
13,1,6,60,14,4,add_lane,0,4976,43.1,4976,43.1
13,1,6,60,14,4,add_lane,1,4976,43.1,5573,47.4
13,1,6,60,14,4,add_lane,2,4976,43.1,6170,51.7
13,1,6,60,14,4,change_speed,-10,4976,43.1,4561,32.3
13,1,6,60,14,4,change_speed,0,4976,43.1,4976,38.8
13,1,6,60,14,4,change_speed,10,4976,43.1,5391,45.3
13,1,6,60,14,5,add_lane,0,3591,30.6,3591,30.6
13,1,6,60,14,5,add_lane,1,3591,30.6,4022,33.7
13,1,6,60,14,5,add_lane,2,3591,30.6,4453,36.7
13,1,6,60,14,5,change_speed,-10,3591,30.6,3292,23.0
13,1,6,60,14,5,change_speed,0,3591,30.6,3591,27.5
13,1,6,60,14,5,change_speed,10,3591,30.6,3890,32.1
13,1,6,60,14,6,add_lane,0,3155,41.5,3155,41.5
13,1,6,60,14,6,add_lane,1,3155,41.5,3534,45.7
13,1,6,60,14,6,add_lane,2,3155,41.5,3912,49.8
13,1,6,60,14,6,change_speed,-10,3155,41.5,2892,31.1
13,1,6,60,14,6,change_speed,0,3155,41.5,3155,37.4
13,1,6,60,14,6,change_speed,10,3155,41.5,3418,43.6
13,1,6,60,15,0,add_lane,0,3188,48.9,3188,48.9
13,1,6,60,15,0,add_lane,1,3188,48.9,3571,53.8
13,1,6,60,15,0,add_lane,2,3188,48.9,3953,58.7
13,1,6,60,15,0,change_speed,-10,3188,48.9,2922,36.7
13,1,6,60,15,0,change_speed,0,3188,48.9,3188,44.0
13,1,6,60,15,0,change_speed,10,3188,48.9,3454,51.3
13,1,6,60,15,1,add_lane,0,6480,38.4,6480,38.4
13,1,6,60,15,1,add_lane,1,6480,38.4,7258,42.2
13,1,6,60,15,1,add_lane,2,6480,38.4,8035,46.1
13,1,6,60,15,1,change_speed,-10,6480,38.4,5940,28.8
13,1,6,60,15,1,change_speed,0,6480,38.4,6480,34.6
13,1,6,60,15,1,change_speed,10,6480,38.4,7020,40.3
13,1,6,60,15,2,add_lane,0,6286,39.1,6286,39.1
13,1,6,60,15,2,add_lane,1,6286,39.1,7040,43.0
13,1,6,60,15,2,add_lane,2,6286,39.1,7795,46.9
13,1,6,60,15,2,change_speed,-10,6286,39.1,5762,29.3
13,1,6,60,15,2,change_speed,0,6286,39.1,6286,35.2
13,1,6,60,15,2,change_speed,10,6286,39.1,6810,41.1
13,1,6,60,15,3,add_lane,0,6286,35.7,6286,35.7
13,1,6,60,15,3,add_lane,1,6286,35.7,7040,39.3
13,1,6,60,15,3,add_lane,2,6286,35.7,7795,42.8
13,1,6,60,15,3,change_speed,-10,6286,35.7,5762,26.8
13,1,6,60,15,3,change_speed,0,6286,35.7,6286,32.1
13,1,6,60,15,3,change_speed,10,6286,35.7,6810,37.5
13,1,6,60,15,4,add_lane,0,6286,37.2,6286,37.2
13,1,6,60,15,4,add_lane,1,6286,37.2,7040,40.9
13,1,6,60,15,4,add_lane,2,6286,37.2,7795,44.6
13,1,6,60,15,4,change_speed,-10,6286,37.2,5762,27.9
13,1,6,60,15,4,change_speed,0,6286,37.2,6286,33.5
13,1,6,60,15,4,change_speed,10,6286,37.2,6810,39.1
13,1,6,60,15,5,add_lane,0,4536,30.9,4536,30.9
13,1,6,60,15,5,add_lane,1,4536,30.9,5080,34.0
13,1,6,60,15,5,add_lane,2,4536,30.9,5625,37.1
13,1,6,60,15,5,change_speed,-10,4536,30.9,4158,23.2
13,1,6,60,15,5,change_speed,0,4536,30.9,4536,27.8
13,1,6,60,15,5,change_speed,10,4536,30.9,4914,32.4
13,1,6,60,15,6,add_lane,0,3985,37.0,3985,37.0
13,1,6,60,15,6,add_lane,1,3985,37.0,4463,40.7
13,1,6,60,15,6,add_lane,2,3985,37.0,4941,44.4
13,1,6,60,15,6,change_speed,-10,3985,37.0,3653,27.8
13,1,6,60,15,6,change_speed,0,3985,37.0,3985,33.3
13,1,6,60,15,6,change_speed,10,3985,37.0,4317,38.9
13,1,6,60,16,0,add_lane,0,4251,36.6,4251,36.6
13,1,6,60,16,0,add_lane,1,4251,36.6,4761,40.3
13,1,6,60,16,0,add_lane,2,4251,36.6,5271,43.9
13,1,6,60,16,0,change_speed,-10,4251,36.6,3897,27.5
13,1,6,60,16,0,change_speed,0,4251,36.6,4251,32.9
13,1,6,60,16,0,change_speed,10,4251,36.6,4605,38.4
13,1,6,60,16,1,add_lane,0,8640,25.3,8640,25.3
13,1,6,60,16,1,add_lane,1,8640,25.3,9677,27.8
13,1,6,60,16,1,add_lane,2,8640,25.3,10714,30.4
13,1,6,60,16,1,change_speed,-10,8640,25.3,7920,19.0
13,1,6,60,16,1,change_speed,0,8640,25.3,8640,22.8
13,1,6,60,16,1,change_speed,10,8640,25.3,9360,26.6
13,1,6,60,16,2,add_lane,0,8381,24.7,8381,24.7
13,1,6,60,16,2,add_lane,1,8381,24.7,9387,27.2
13,1,6,60,16,2,add_lane,2,8381,24.7,10392,29.6
13,1,6,60,16,2,change_speed,-10,8381,24.7,7683,18.5
13,1,6,60,16,2,change_speed,0,8381,24.7,8381,22.2
13,1,6,60,16,2,change_speed,10,8381,24.7,9079,25.9
13,1,6,60,16,3,add_lane,0,8381,24.9,8381,24.9
13,1,6,60,16,3,add_lane,1,8381,24.9,9387,27.4
13,1,6,60,16,3,add_lane,2,8381,24.9,10392,29.9
13,1,6,60,16,3,change_speed,-10,8381,24.9,7683,18.7
13,1,6,60,16,3,change_speed,0,8381,24.9,8381,22.4
13,1,6,60,16,3,change_speed,10,8381,24.9,9079,26.1
13,1,6,60,16,4,add_lane,0,8381,21.0,8381,21.0
13,1,6,60,16,4,add_lane,1,8381,21.0,9387,23.1
13,1,6,60,16,4,add_lane,2,8381,21.0,10392,25.2
13,1,6,60,16,4,change_speed,-10,8381,21.0,7683,15.8
13,1,6,60,16,4,change_speed,0,8381,21.0,8381,18.9
13,1,6,60,16,4,change_speed,10,8381,21.0,9079,22.1
13,1,6,60,16,5,add_lane,0,6048,26.3,6048,26.3
13,1,6,60,16,5,add_lane,1,6048,26.3,6774,28.9
13,1,6,60,16,5,add_lane,2,6048,26.3,7500,31.6
13,1,6,60,16,5,change_speed,-10,6048,26.3,5544,19.7
13,1,6,60,16,5,change_speed,0,6048,26.3,6048,23.7
13,1,6,60,16,5,change_speed,10,6048,26.3,6552,27.6
13,1,6,60,16,6,add_lane,0,5314,34.5,5314,34.5
13,1,6,60,16,6,add_lane,1,5314,34.5,5952,38.0
13,1,6,60,16,6,add_lane,2,5314,34.5,6589,41.4
13,1,6,60,16,6,change_speed,-10,5314,34.5,4871,25.9
13,1,6,60,16,6,change_speed,0,5314,34.5,5314,31.1
13,1,6,60,16,6,change_speed,10,5314,34.5,5757,36.2
13,1,6,60,17,0,add_lane,0,4782,41.2,4782,41.2
13,1,6,60,17,0,add_lane,1,4782,41.2,5356,45.3
13,1,6,60,17,0,add_lane,2,4782,41.2,5930,49.4
13,1,6,60,17,0,change_speed,-10,4782,41.2,4384,30.9
13,1,6,60,17,0,change_speed,0,4782,41.2,4782,37.1
13,1,6,60,17,0,change_speed,10,4782,41.2,5181,43.3
13,1,6,60,17,1,add_lane,0,9720,19.8,9720,19.8
13,1,6,60,17,1,add_lane,1,9720,19.8,10886,21.8
13,1,6,60,17,1,add_lane,2,9720,19.8,12053,23.8
13,1,6,60,17,1,change_speed,-10,9720,19.8,8910,14.8
13,1,6,60,17,1,change_speed,0,9720,19.8,9720,17.8
13,1,6,60,17,1,change_speed,10,9720,19.8,10530,20.8
13,1,6,60,17,2,add_lane,0,9428,23.9,9428,23.9
13,1,6,60,17,2,add_lane,1,9428,23.9,10559,26.3
13,1,6,60,17,2,add_lane,2,9428,23.9,11691,28.7
13,1,6,60,17,2,change_speed,-10,9428,23.9,8642,17.9
13,1,6,60,17,2,change_speed,0,9428,23.9,9428,21.5
13,1,6,60,17,2,change_speed,10,9428,23.9,10214,25.1
13,1,6,60,17,3,add_lane,0,9428,19.7,9428,19.7
13,1,6,60,17,3,add_lane,1,9428,19.7,10559,21.7
13,1,6,60,17,3,add_lane,2,9428,19.7,11691,23.6
13,1,6,60,17,3,change_speed,-10,9428,19.7,8642,14.8
13,1,6,60,17,3,change_speed,0,9428,19.7,9428,17.7
13,1,6,60,17,3,change_speed,10,9428,19.7,10214,20.7
13,1,6,60,17,4,add_lane,0,9428,22.4,9428,22.4
13,1,6,60,17,4,add_lane,1,9428,22.4,10559,24.6
13,1,6,60,17,4,add_lane,2,9428,22.4,11691,26.9
13,1,6,60,17,4,change_speed,-10,9428,22.4,8642,16.8
13,1,6,60,17,4,change_speed,0,9428,22.4,9428,20.2
13,1,6,60,17,4,change_speed,10,9428,22.4,10214,23.5
13,1,6,60,17,5,add_lane,0,6804,21.0,6804,21.0
13,1,6,60,17,5,add_lane,1,6804,21.0,7620,23.1
13,1,6,60,17,5,add_lane,2,6804,21.0,8437,25.2
13,1,6,60,17,5,change_speed,-10,6804,21.0,6237,15.8
13,1,6,60,17,5,change_speed,0,6804,21.0,6804,18.9
13,1,6,60,17,5,change_speed,10,6804,21.0,7371,22.1
13,1,6,60,17,6,add_lane,0,5978,27.8,5978,27.8
13,1,6,60,17,6,add_lane,1,5978,27.8,6695,30.6
13,1,6,60,17,6,add_lane,2,5978,27.8,7413,33.4
13,1,6,60,17,6,change_speed,-10,5978,27.8,5480,20.9
13,1,6,60,17,6,change_speed,0,5978,27.8,5978,25.0
13,1,6,60,17,6,change_speed,10,5978,27.8,6476,29.2
13,1,6,60,18,0,add_lane,0,4517,41.6,4517,41.6
13,1,6,60,18,0,add_lane,1,4517,41.6,5059,45.8
13,1,6,60,18,0,add_lane,2,4517,41.6,5601,49.9
13,1,6,60,18,0,change_speed,-10,4517,41.6,4141,31.2
13,1,6,60,18,0,change_speed,0,4517,41.6,4517,37.4
13,1,6,60,18,0,change_speed,10,4517,41.6,4893,43.7
13,1,6,60,18,1,add_lane,0,9180,22.0,9180,22.0
13,1,6,60,18,1,add_lane,1,9180,22.0,10282,24.2
13,1,6,60,18,1,add_lane,2,9180,22.0,11383,26.4
13,1,6,60,18,1,change_speed,-10,9180,22.0,8415,16.5
13,1,6,60,18,1,change_speed,0,9180,22.0,9180,19.8
13,1,6,60,18,1,change_speed,10,9180,22.0,9945,23.1
13,1,6,60,18,2,add_lane,0,8905,23.7,8905,23.7
13,1,6,60,18,2,add_lane,1,8905,23.7,9974,26.1
13,1,6,60,18,2,add_lane,2,8905,23.7,11042,28.4
13,1,6,60,18,2,change_speed,-10,8905,23.7,8163,17.8
13,1,6,60,18,2,change_speed,0,8905,23.7,8905,21.3
13,1,6,60,18,2,change_speed,10,8905,23.7,9647,24.9
13,1,6,60,18,3,add_lane,0,8905,25.5,8905,25.5
13,1,6,60,18,3,add_lane,1,8905,25.5,9974,28.1
13,1,6,60,18,3,add_lane,2,8905,25.5,11042,30.6
13,1,6,60,18,3,change_speed,-10,8905,25.5,8163,19.1
13,1,6,60,18,3,change_speed,0,8905,25.5,8905,22.9
13,1,6,60,18,3,change_speed,10,8905,25.5,9647,26.8
13,1,6,60,18,4,add_lane,0,8905,24.6,8905,24.6
13,1,6,60,18,4,add_lane,1,8905,24.6,9974,27.1
13,1,6,60,18,4,add_lane,2,8905,24.6,11042,29.5
13,1,6,60,18,4,change_speed,-10,8905,24.6,8163,18.5
13,1,6,60,18,4,change_speed,0,8905,24.6,8905,22.1
13,1,6,60,18,4,change_speed,10,8905,24.6,9647,25.8
13,1,6,60,18,5,add_lane,0,6426,23.8,6426,23.8
13,1,6,60,18,5,add_lane,1,6426,23.8,7197,26.2
13,1,6,60,18,5,add_lane,2,6426,23.8,7968,28.6
13,1,6,60,18,5,change_speed,-10,6426,23.8,5891,17.9
13,1,6,60,18,5,change_speed,0,6426,23.8,6426,21.4
13,1,6,60,18,5,change_speed,10,6426,23.8,6962,25.0
13,1,6,60,18,6,add_lane,0,5646,29.6,5646,29.6
13,1,6,60,18,6,add_lane,1,5646,29.6,6324,32.6
13,1,6,60,18,6,add_lane,2,5646,29.6,7001,35.5
13,1,6,60,18,6,change_speed,-10,5646,29.6,5176,22.2
13,1,6,60,18,6,change_speed,0,5646,29.6,5646,26.6
13,1,6,60,18,6,change_speed,10,5646,29.6,6117,31.1
13,1,6,60,19,0,add_lane,0,3720,38.4,3720,38.4
13,1,6,60,19,0,add_lane,1,3720,38.4,4166,42.2
13,1,6,60,19,0,add_lane,2,3720,38.4,4613,46.1
13,1,6,60,19,0,change_speed,-10,3720,38.4,3410,28.8
13,1,6,60,19,0,change_speed,0,3720,38.4,3720,34.6
13,1,6,60,19,0,change_speed,10,3720,38.4,4030,40.3
13,1,6,60,19,1,add_lane,0,7560,29.8,7560,29.8
13,1,6,60,19,1,add_lane,1,7560,29.8,8467,32.8
13,1,6,60,19,1,add_lane,2,7560,29.8,9374,35.8
13,1,6,60,19,1,change_speed,-10,7560,29.8,6930,22.4
13,1,6,60,19,1,change_speed,0,7560,29.8,7560,26.8
13,1,6,60,19,1,change_speed,10,7560,29.8,8190,31.3
13,1,6,60,19,2,add_lane,0,7333,29.8,7333,29.8
13,1,6,60,19,2,add_lane,1,7333,29.8,8213,32.8
13,1,6,60,19,2,add_lane,2,7333,29.8,9093,35.8
13,1,6,60,19,2,change_speed,-10,7333,29.8,6722,22.4
13,1,6,60,19,2,change_speed,0,7333,29.8,7333,26.8
13,1,6,60,19,2,change_speed,10,7333,29.8,7944,31.3
13,1,6,60,19,3,add_lane,0,7333,34.5,7333,34.5
13,1,6,60,19,3,add_lane,1,7333,34.5,8213,38.0
13,1,6,60,19,3,add_lane,2,7333,34.5,9093,41.4
13,1,6,60,19,3,change_speed,-10,7333,34.5,6722,25.9
13,1,6,60,19,3,change_speed,0,7333,34.5,7333,31.1
13,1,6,60,19,3,change_speed,10,7333,34.5,7944,36.2
13,1,6,60,19,4,add_lane,0,7333,29.6,7333,29.6
13,1,6,60,19,4,add_lane,1,7333,29.6,8213,32.6
13,1,6,60,19,4,add_lane,2,7333,29.6,9093,35.5
13,1,6,60,19,4,change_speed,-10,7333,29.6,6722,22.2
13,1,6,60,19,4,change_speed,0,7333,29.6,7333,26.6
13,1,6,60,19,4,change_speed,10,7333,29.6,7944,31.1
13,1,6,60,19,5,add_lane,0,5292,29.8,5292,29.8
13,1,6,60,19,5,add_lane,1,5292,29.8,5927,32.8
13,1,6,60,19,5,add_lane,2,5292,29.8,6562,35.8
13,1,6,60,19,5,change_speed,-10,5292,29.8,4851,22.4
13,1,6,60,19,5,change_speed,0,5292,29.8,5292,26.8
13,1,6,60,19,5,change_speed,10,5292,29.8,5733,31.3
13,1,6,60,19,6,add_lane,0,4649,37.9,4649,37.9
13,1,6,60,19,6,add_lane,1,4649,37.9,5207,41.7
13,1,6,60,19,6,add_lane,2,4649,37.9,5765,45.5
13,1,6,60,19,6,change_speed,-10,4649,37.9,4262,28.4
13,1,6,60,19,6,change_speed,0,4649,37.9,4649,34.1
13,1,6,60,19,6,change_speed,10,4649,37.9,5036,39.8
13,1,6,60,20,0,add_lane,0,2657,41.8,2657,41.8
13,1,6,60,20,0,add_lane,1,2657,41.8,2976,46.0
13,1,6,60,20,0,add_lane,2,2657,41.8,3295,50.2
13,1,6,60,20,0,change_speed,-10,2657,41.8,2436,31.4
13,1,6,60,20,0,change_speed,0,2657,41.8,2657,37.6
13,1,6,60,20,0,change_speed,10,2657,41.8,2878,43.9
13,1,6,60,20,1,add_lane,0,5400,35.7,5400,35.7
13,1,6,60,20,1,add_lane,1,5400,35.7,6048,39.3
13,1,6,60,20,1,add_lane,2,5400,35.7,6696,42.8
13,1,6,60,20,1,change_speed,-10,5400,35.7,4950,26.8
13,1,6,60,20,1,change_speed,0,5400,35.7,5400,32.1
13,1,6,60,20,1,change_speed,10,5400,35.7,5850,37.5
13,1,6,60,20,2,add_lane,0,5238,39.9,5238,39.9
13,1,6,60,20,2,add_lane,1,5238,39.9,5867,43.9
13,1,6,60,20,2,add_lane,2,5238,39.9,6495,47.9
13,1,6,60,20,2,change_speed,-10,5238,39.9,4802,29.9
13,1,6,60,20,2,change_speed,0,5238,39.9,5238,35.9
13,1,6,60,20,2,change_speed,10,5238,39.9,5675,41.9
13,1,6,60,20,3,add_lane,0,5238,39.8,5238,39.8
13,1,6,60,20,3,add_lane,1,5238,39.8,5867,43.8
13,1,6,60,20,3,add_lane,2,5238,39.8,6495,47.8
13,1,6,60,20,3,change_speed,-10,5238,39.8,4802,29.8
13,1,6,60,20,3,change_speed,0,5238,39.8,5238,35.8
13,1,6,60,20,3,change_speed,10,5238,39.8,5675,41.8
13,1,6,60,20,4,add_lane,0,5238,36.6,5238,36.6
13,1,6,60,20,4,add_lane,1,5238,36.6,5867,40.3
13,1,6,60,20,4,add_lane,2,5238,36.6,6495,43.9
13,1,6,60,20,4,change_speed,-10,5238,36.6,4802,27.5
13,1,6,60,20,4,change_speed,0,5238,36.6,5238,32.9
13,1,6,60,20,4,change_speed,10,5238,36.6,5675,38.4
13,1,6,60,20,5,add_lane,0,3780,32.2,3780,32.2
13,1,6,60,20,5,add_lane,1,3780,32.2,4234,35.4
13,1,6,60,20,5,add_lane,2,3780,32.2,4687,38.6
13,1,6,60,20,5,change_speed,-10,3780,32.2,3465,24.2
13,1,6,60,20,5,change_speed,0,3780,32.2,3780,29.0
13,1,6,60,20,5,change_speed,10,3780,32.2,4095,33.8
13,1,6,60,20,6,add_lane,0,3321,40.9,3321,40.9
13,1,6,60,20,6,add_lane,1,3321,40.9,3720,45.0
13,1,6,60,20,6,add_lane,2,3321,40.9,4118,49.1
13,1,6,60,20,6,change_speed,-10,3321,40.9,3044,30.7
13,1,6,60,20,6,change_speed,0,3321,40.9,3321,36.8
13,1,6,60,20,6,change_speed,10,3321,40.9,3598,42.9
13,1,6,60,21,0,add_lane,0,1860,51.6,1860,51.6
13,1,6,60,21,0,add_lane,1,1860,51.6,2083,56.8
13,1,6,60,21,0,add_lane,2,1860,51.6,2306,61.9
13,1,6,60,21,0,change_speed,-10,1860,51.6,1705,38.7
13,1,6,60,21,0,change_speed,0,1860,51.6,1860,46.4
13,1,6,60,21,0,change_speed,10,1860,51.6,2015,54.2
13,1,6,60,21,1,add_lane,0,3780,46.2,3780,46.2
13,1,6,60,21,1,add_lane,1,3780,46.2,4234,50.8
13,1,6,60,21,1,add_lane,2,3780,46.2,4687,55.4
13,1,6,60,21,1,change_speed,-10,3780,46.2,3465,34.7
13,1,6,60,21,1,change_speed,0,3780,46.2,3780,41.6
13,1,6,60,21,1,change_speed,10,3780,46.2,4095,48.5
13,1,6,60,21,2,add_lane,0,3667,44.4,3667,44.4
13,1,6,60,21,2,add_lane,1,3667,44.4,4107,48.8
13,1,6,60,21,2,add_lane,2,3667,44.4,4547,53.3
13,1,6,60,21,2,change_speed,-10,3667,44.4,3361,33.3
13,1,6,60,21,2,change_speed,0,3667,44.4,3667,40.0
13,1,6,60,21,2,change_speed,10,3667,44.4,3973,46.6
13,1,6,60,21,3,add_lane,0,3667,44.3,3667,44.3
13,1,6,60,21,3,add_lane,1,3667,44.3,4107,48.7
13,1,6,60,21,3,add_lane,2,3667,44.3,4547,53.2
13,1,6,60,21,3,change_speed,-10,3667,44.3,3361,33.2
13,1,6,60,21,3,change_speed,0,3667,44.3,3667,39.9
13,1,6,60,21,3,change_speed,10,3667,44.3,3973,46.5
13,1,6,60,21,4,add_lane,0,3667,44.1,3667,44.1
13,1,6,60,21,4,add_lane,1,3667,44.1,4107,48.5
13,1,6,60,21,4,add_lane,2,3667,44.1,4547,52.9
13,1,6,60,21,4,change_speed,-10,3667,44.1,3361,33.1
13,1,6,60,21,4,change_speed,0,3667,44.1,3667,39.7
13,1,6,60,21,4,change_speed,10,3667,44.1,3973,46.3
13,1,6,60,21,5,add_lane,0,2646,37.8,2646,37.8
13,1,6,60,21,5,add_lane,1,2646,37.8,2964,41.6
13,1,6,60,21,5,add_lane,2,2646,37.8,3281,45.4
13,1,6,60,21,5,change_speed,-10,2646,37.8,2426,28.4
13,1,6,60,21,5,change_speed,0,2646,37.8,2646,34.0
13,1,6,60,21,5,change_speed,10,2646,37.8,2867,39.7
13,1,6,60,21,6,add_lane,0,2325,47.6,2325,47.6
13,1,6,60,21,6,add_lane,1,2325,47.6,2604,52.4
13,1,6,60,21,6,add_lane,2,2325,47.6,2883,57.1
13,1,6,60,21,6,change_speed,-10,2325,47.6,2131,35.7
13,1,6,60,21,6,change_speed,0,2325,47.6,2325,42.8
13,1,6,60,21,6,change_speed,10,2325,47.6,2519,50.0
13,1,6,60,22,0,add_lane,0,1196,51.0,1196,51.0
13,1,6,60,22,0,add_lane,1,1196,51.0,1340,56.1
13,1,6,60,22,0,add_lane,2,1196,51.0,1483,61.2
13,1,6,60,22,0,change_speed,-10,1196,51.0,1096,38.2
13,1,6,60,22,0,change_speed,0,1196,51.0,1196,45.9
13,1,6,60,22,0,change_speed,10,1196,51.0,1296,53.6
13,1,6,60,22,1,add_lane,0,2430,52.8,2430,52.8
13,1,6,60,22,1,add_lane,1,2430,52.8,2722,58.1
13,1,6,60,22,1,add_lane,2,2430,52.8,3013,63.4
13,1,6,60,22,1,change_speed,-10,2430,52.8,2228,39.6
13,1,6,60,22,1,change_speed,0,2430,52.8,2430,47.5
13,1,6,60,22,1,change_speed,10,2430,52.8,2633,55.4
13,1,6,60,22,2,add_lane,0,2357,52.4,2357,52.4
13,1,6,60,22,2,add_lane,1,2357,52.4,2640,57.6
13,1,6,60,22,2,add_lane,2,2357,52.4,2923,62.9
13,1,6,60,22,2,change_speed,-10,2357,52.4,2161,39.3
13,1,6,60,22,2,change_speed,0,2357,52.4,2357,47.2
13,1,6,60,22,2,change_speed,10,2357,52.4,2553,55.0
13,1,6,60,22,3,add_lane,0,2357,56.9,2357,56.9
13,1,6,60,22,3,add_lane,1,2357,56.9,2640,62.6
13,1,6,60,22,3,add_lane,2,2357,56.9,2923,68.3
13,1,6,60,22,3,change_speed,-10,2357,56.9,2161,42.7
13,1,6,60,22,3,change_speed,0,2357,56.9,2357,51.2
13,1,6,60,22,3,change_speed,10,2357,56.9,2553,59.7
13,1,6,60,22,4,add_lane,0,2357,49.9,2357,49.9
13,1,6,60,22,4,add_lane,1,2357,49.9,2640,54.9
13,1,6,60,22,4,add_lane,2,2357,49.9,2923,59.9
13,1,6,60,22,4,change_speed,-10,2357,49.9,2161,37.4
13,1,6,60,22,4,change_speed,0,2357,49.9,2357,44.9
13,1,6,60,22,4,change_speed,10,2357,49.9,2553,52.4
13,1,6,60,22,5,add_lane,0,1701,40.0,1701,40.0
13,1,6,60,22,5,add_lane,1,1701,40.0,1905,44.0
13,1,6,60,22,5,add_lane,2,1701,40.0,2109,48.0
13,1,6,60,22,5,change_speed,-10,1701,40.0,1559,30.0
13,1,6,60,22,5,change_speed,0,1701,40.0,1701,36.0
13,1,6,60,22,5,change_speed,10,1701,40.0,1843,42.0
13,1,6,60,22,6,add_lane,0,1494,48.2,1494,48.2
13,1,6,60,22,6,add_lane,1,1494,48.2,1673,53.0
13,1,6,60,22,6,add_lane,2,1494,48.2,1853,57.8
13,1,6,60,22,6,change_speed,-10,1494,48.2,1370,36.2
13,1,6,60,22,6,change_speed,0,1494,48.2,1494,43.4
13,1,6,60,22,6,change_speed,10,1494,48.2,1619,50.6
13,1,6,60,23,0,add_lane,0,797,50.6,797,50.6
13,1,6,60,23,0,add_lane,1,797,50.6,893,55.7
13,1,6,60,23,0,add_lane,2,797,50.6,988,60.7
13,1,6,60,23,0,change_speed,-10,797,50.6,731,38.0
13,1,6,60,23,0,change_speed,0,797,50.6,797,45.5
13,1,6,60,23,0,change_speed,10,797,50.6,863,53.1
13,1,6,60,23,1,add_lane,0,1620,57.8,1620,57.8
13,1,6,60,23,1,add_lane,1,1620,57.8,1814,63.6
13,1,6,60,23,1,add_lane,2,1620,57.8,2009,69.4
13,1,6,60,23,1,change_speed,-10,1620,57.8,1485,43.4
13,1,6,60,23,1,change_speed,0,1620,57.8,1620,52.0
13,1,6,60,23,1,change_speed,10,1620,57.8,1755,60.7
13,1,6,60,23,2,add_lane,0,1571,62.4,1571,62.4
13,1,6,60,23,2,add_lane,1,1571,62.4,1760,68.6
13,1,6,60,23,2,add_lane,2,1571,62.4,1948,74.9
13,1,6,60,23,2,change_speed,-10,1571,62.4,1440,46.8
13,1,6,60,23,2,change_speed,0,1571,62.4,1571,56.2
13,1,6,60,23,2,change_speed,10,1571,62.4,1702,65.5
13,1,6,60,23,3,add_lane,0,1571,50.9,1571,50.9
13,1,6,60,23,3,add_lane,1,1571,50.9,1760,56.0
13,1,6,60,23,3,add_lane,2,1571,50.9,1948,61.1
13,1,6,60,23,3,change_speed,-10,1571,50.9,1440,38.2
13,1,6,60,23,3,change_speed,0,1571,50.9,1571,45.8
13,1,6,60,23,3,change_speed,10,1571,50.9,1702,53.4
13,1,6,60,23,4,add_lane,0,1571,60.1,1571,60.1
13,1,6,60,23,4,add_lane,1,1571,60.1,1760,66.1
13,1,6,60,23,4,add_lane,2,1571,60.1,1948,72.1
13,1,6,60,23,4,change_speed,-10,1571,60.1,1440,45.1
13,1,6,60,23,4,change_speed,0,1571,60.1,1571,54.1
13,1,6,60,23,4,change_speed,10,1571,60.1,1702,63.1
13,1,6,60,23,5,add_lane,0,1134,37.3,1134,37.3
13,1,6,60,23,5,add_lane,1,1134,37.3,1270,41.0
13,1,6,60,23,5,add_lane,2,1134,37.3,1406,44.8
13,1,6,60,23,5,change_speed,-10,1134,37.3,1040,28.0
13,1,6,60,23,5,change_speed,0,1134,37.3,1134,33.6
13,1,6,60,23,5,change_speed,10,1134,37.3,1229,39.2
13,1,6,60,23,6,add_lane,0,996,50.6,996,50.6
13,1,6,60,23,6,add_lane,1,996,50.6,1116,55.7
13,1,6,60,23,6,add_lane,2,996,50.6,1235,60.7
13,1,6,60,23,6,change_speed,-10,996,50.6,913,38.0
13,1,6,60,23,6,change_speed,0,996,50.6,996,45.5
13,1,6,60,23,6,change_speed,10,996,50.6,1079,53.1
14,1,6,70,0,0,add_lane,0,664,70.3,664,70.3
14,1,6,70,0,0,add_lane,1,664,70.3,744,77.3
14,1,6,70,0,0,add_lane,2,664,70.3,823,84.4
14,1,6,70,0,0,change_speed,-10,664,70.3,617,54.2
14,1,6,70,0,0,change_speed,0,664,70.3,664,63.3
14,1,6,70,0,0,change_speed,10,664,70.3,711,72.3
14,1,6,70,0,1,add_lane,0,1350,70.2,1350,70.2
14,1,6,70,0,1,add_lane,1,1350,70.2,1512,77.2
14,1,6,70,0,1,add_lane,2,1350,70.2,1674,84.2
14,1,6,70,0,1,change_speed,-10,1350,70.2,1254,54.2
14,1,6,70,0,1,change_speed,0,1350,70.2,1350,63.2
14,1,6,70,0,1,change_speed,10,1350,70.2,1446,72.2
14,1,6,70,0,2,add_lane,0,1310,62.8,1310,62.8
14,1,6,70,0,2,add_lane,1,1310,62.8,1467,69.1
14,1,6,70,0,2,add_lane,2,1310,62.8,1624,75.4
14,1,6,70,0,2,change_speed,-10,1310,62.8,1216,48.4
14,1,6,70,0,2,change_speed,0,1310,62.8,1310,56.5
14,1,6,70,0,2,change_speed,10,1310,62.8,1404,64.6
14,1,6,70,0,3,add_lane,0,1310,65.0,1310,65.0
14,1,6,70,0,3,add_lane,1,1310,65.0,1467,71.5
14,1,6,70,0,3,add_lane,2,1310,65.0,1624,78.0
14,1,6,70,0,3,change_speed,-10,1310,65.0,1216,50.1
14,1,6,70,0,3,change_speed,0,1310,65.0,1310,58.5
14,1,6,70,0,3,change_speed,10,1310,65.0,1404,66.9
14,1,6,70,0,4,add_lane,0,1310,64.6,1310,64.6
14,1,6,70,0,4,add_lane,1,1310,64.6,1467,71.1
14,1,6,70,0,4,add_lane,2,1310,64.6,1624,77.5
14,1,6,70,0,4,change_speed,-10,1310,64.6,1216,49.8
14,1,6,70,0,4,change_speed,0,1310,64.6,1310,58.1
14,1,6,70,0,4,change_speed,10,1310,64.6,1404,66.4
14,1,6,70,0,5,add_lane,0,945,46.2,945,46.2
14,1,6,70,0,5,add_lane,1,945,46.2,1058,50.8
14,1,6,70,0,5,add_lane,2,945,46.2,1172,55.4
14,1,6,70,0,5,change_speed,-10,945,46.2,878,35.6
14,1,6,70,0,5,change_speed,0,945,46.2,945,41.6
14,1,6,70,0,5,change_speed,10,945,46.2,1012,47.5
14,1,6,70,0,6,add_lane,0,830,56.9,830,56.9
14,1,6,70,0,6,add_lane,1,830,56.9,930,62.6
14,1,6,70,0,6,add_lane,2,830,56.9,1029,68.3
14,1,6,70,0,6,change_speed,-10,830,56.9,771,43.9
14,1,6,70,0,6,change_speed,0,830,56.9,830,51.2
14,1,6,70,0,6,change_speed,10,830,56.9,889,58.5
14,1,6,70,1,0,add_lane,0,531,59.4,531,59.4
14,1,6,70,1,0,add_lane,1,531,59.4,595,65.3
14,1,6,70,1,0,add_lane,2,531,59.4,658,71.3
14,1,6,70,1,0,change_speed,-10,531,59.4,493,45.8
14,1,6,70,1,0,change_speed,0,531,59.4,531,53.5
14,1,6,70,1,0,change_speed,10,531,59.4,569,61.1
14,1,6,70,1,1,add_lane,0,1080,72.7,1080,72.7
14,1,6,70,1,1,add_lane,1,1080,72.7,1210,80.0
14,1,6,70,1,1,add_lane,2,1080,72.7,1339,87.2
14,1,6,70,1,1,change_speed,-10,1080,72.7,1003,56.1
14,1,6,70,1,1,change_speed,0,1080,72.7,1080,65.4
14,1,6,70,1,1,change_speed,10,1080,72.7,1157,74.8
14,1,6,70,1,2,add_lane,0,1048,69.9,1048,69.9
14,1,6,70,1,2,add_lane,1,1048,69.9,1174,76.9
14,1,6,70,1,2,add_lane,2,1048,69.9,1300,83.9
14,1,6,70,1,2,change_speed,-10,1048,69.9,973,53.9
14,1,6,70,1,2,change_speed,0,1048,69.9,1048,62.9
14,1,6,70,1,2,change_speed,10,1048,69.9,1123,71.9
14,1,6,70,1,3,add_lane,0,1048,64.9,1048,64.9
14,1,6,70,1,3,add_lane,1,1048,64.9,1174,71.4
14,1,6,70,1,3,add_lane,2,1048,64.9,1300,77.9
14,1,6,70,1,3,change_speed,-10,1048,64.9,973,50.1
14,1,6,70,1,3,change_speed,0,1048,64.9,1048,58.4
14,1,6,70,1,3,change_speed,10,1048,64.9,1123,66.8
14,1,6,70,1,4,add_lane,0,1048,71.4,1048,71.4
14,1,6,70,1,4,add_lane,1,1048,71.4,1174,78.5
14,1,6,70,1,4,add_lane,2,1048,71.4,1300,85.7
14,1,6,70,1,4,change_speed,-10,1048,71.4,973,55.1
14,1,6,70,1,4,change_speed,0,1048,71.4,1048,64.3
14,1,6,70,1,4,change_speed,10,1048,71.4,1123,73.4
14,1,6,70,1,5,add_lane,0,756,47.5,756,47.5
14,1,6,70,1,5,add_lane,1,756,47.5,847,52.3
14,1,6,70,1,5,add_lane,2,756,47.5,937,57.0
14,1,6,70,1,5,change_speed,-10,756,47.5,702,36.6
14,1,6,70,1,5,change_speed,0,756,47.5,756,42.8
14,1,6,70,1,5,change_speed,10,756,47.5,810,48.9
14,1,6,70,1,6,add_lane,0,664,58.0,664,58.0
14,1,6,70,1,6,add_lane,1,664,58.0,744,63.8
14,1,6,70,1,6,add_lane,2,664,58.0,823,69.6
14,1,6,70,1,6,change_speed,-10,664,58.0,617,44.7
14,1,6,70,1,6,change_speed,0,664,58.0,664,52.2
14,1,6,70,1,6,change_speed,10,664,58.0,711,59.7
14,1,6,70,2,0,add_lane,0,478,61.5,478,61.5
14,1,6,70,2,0,add_lane,1,478,61.5,535,67.7
14,1,6,70,2,0,add_lane,2,478,61.5,593,73.8
14,1,6,70,2,0,change_speed,-10,478,61.5,444,47.4
14,1,6,70,2,0,change_speed,0,478,61.5,478,55.4
14,1,6,70,2,0,change_speed,10,478,61.5,512,63.3
14,1,6,70,2,1,add_lane,0,972,71.6,972,71.6
14,1,6,70,2,1,add_lane,1,972,71.6,1089,78.8
14,1,6,70,2,1,add_lane,2,972,71.6,1205,85.9
14,1,6,70,2,1,change_speed,-10,972,71.6,903,55.2
14,1,6,70,2,1,change_speed,0,972,71.6,972,64.4
14,1,6,70,2,1,change_speed,10,972,71.6,1041,73.6
14,1,6,70,2,2,add_lane,0,943,65.3,943,65.3
14,1,6,70,2,2,add_lane,1,943,65.3,1056,71.8
14,1,6,70,2,2,add_lane,2,943,65.3,1169,78.4
14,1,6,70,2,2,change_speed,-10,943,65.3,876,50.4
14,1,6,70,2,2,change_speed,0,943,65.3,943,58.8
14,1,6,70,2,2,change_speed,10,943,65.3,1010,67.2
14,1,6,70,2,3,add_lane,0,943,63.5,943,63.5
14,1,6,70,2,3,add_lane,1,943,63.5,1056,69.9
14,1,6,70,2,3,add_lane,2,943,63.5,1169,76.2
14,1,6,70,2,3,change_speed,-10,943,63.5,876,49.0
14,1,6,70,2,3,change_speed,0,943,63.5,943,57.1
14,1,6,70,2,3,change_speed,10,943,63.5,1010,65.3
14,1,6,70,2,4,add_lane,0,943,67.8,943,67.8
14,1,6,70,2,4,add_lane,1,943,67.8,1056,74.6
14,1,6,70,2,4,add_lane,2,943,67.8,1169,81.4
14,1,6,70,2,4,change_speed,-10,943,67.8,876,52.3
14,1,6,70,2,4,change_speed,0,943,67.8,943,61.0
14,1,6,70,2,4,change_speed,10,943,67.8,1010,69.7
14,1,6,70,2,5,add_lane,0,680,47.9,680,47.9
14,1,6,70,2,5,add_lane,1,680,47.9,762,52.7
14,1,6,70,2,5,add_lane,2,680,47.9,843,57.5
14,1,6,70,2,5,change_speed,-10,680,47.9,631,37.0
14,1,6,70,2,5,change_speed,0,680,47.9,680,43.1
14,1,6,70,2,5,change_speed,10,680,47.9,729,49.3
14,1,6,70,2,6,add_lane,0,598,62.4,598,62.4
14,1,6,70,2,6,add_lane,1,598,62.4,670,68.6
14,1,6,70,2,6,add_lane,2,598,62.4,742,74.9
14,1,6,70,2,6,change_speed,-10,598,62.4,555,48.1
14,1,6,70,2,6,change_speed,0,598,62.4,598,56.2
14,1,6,70,2,6,change_speed,10,598,62.4,641,64.2
14,1,6,70,3,0,add_lane,0,399,62.3,399,62.3
14,1,6,70,3,0,add_lane,1,399,62.3,447,68.5
14,1,6,70,3,0,add_lane,2,399,62.3,495,74.8
14,1,6,70,3,0,change_speed,-10,399,62.3,370,48.1
14,1,6,70,3,0,change_speed,0,399,62.3,399,56.1
14,1,6,70,3,0,change_speed,10,399,62.3,428,64.1
14,1,6,70,3,1,add_lane,0,810,70.0,810,70.0
14,1,6,70,3,1,add_lane,1,810,70.0,907,77.0
14,1,6,70,3,1,add_lane,2,810,70.0,1004,84.0
14,1,6,70,3,1,change_speed,-10,810,70.0,752,54.0
14,1,6,70,3,1,change_speed,0,810,70.0,810,63.0
14,1,6,70,3,1,change_speed,10,810,70.0,868,72.0
14,1,6,70,3,2,add_lane,0,786,68.4,786,68.4
14,1,6,70,3,2,add_lane,1,786,68.4,880,75.2
14,1,6,70,3,2,add_lane,2,786,68.4,975,82.1
14,1,6,70,3,2,change_speed,-10,786,68.4,730,52.8
14,1,6,70,3,2,change_speed,0,786,68.4,786,61.6
14,1,6,70,3,2,change_speed,10,786,68.4,842,70.4
14,1,6,70,3,3,add_lane,0,786,67.9,786,67.9
14,1,6,70,3,3,add_lane,1,786,67.9,880,74.7
14,1,6,70,3,3,add_lane,2,786,67.9,975,81.5
14,1,6,70,3,3,change_speed,-10,786,67.9,730,52.4
14,1,6,70,3,3,change_speed,0,786,67.9,786,61.1
14,1,6,70,3,3,change_speed,10,786,67.9,842,69.8
14,1,6,70,3,4,add_lane,0,786,69.3,786,69.3
14,1,6,70,3,4,add_lane,1,786,69.3,880,76.2
14,1,6,70,3,4,add_lane,2,786,69.3,975,83.2
14,1,6,70,3,4,change_speed,-10,786,69.3,730,53.5
14,1,6,70,3,4,change_speed,0,786,69.3,786,62.4
14,1,6,70,3,4,change_speed,10,786,69.3,842,71.3
14,1,6,70,3,5,add_lane,0,567,50.7,567,50.7
14,1,6,70,3,5,add_lane,1,567,50.7,635,55.8
14,1,6,70,3,5,add_lane,2,567,50.7,703,60.8
14,1,6,70,3,5,change_speed,-10,567,50.7,526,39.1
14,1,6,70,3,5,change_speed,0,567,50.7,567,45.6
14,1,6,70,3,5,change_speed,10,567,50.7,608,52.1
14,1,6,70,3,6,add_lane,0,498,58.9,498,58.9
14,1,6,70,3,6,add_lane,1,498,58.9,558,64.8
14,1,6,70,3,6,add_lane,2,498,58.9,618,70.7
14,1,6,70,3,6,change_speed,-10,498,58.9,462,45.4
14,1,6,70,3,6,change_speed,0,498,58.9,498,53.0
14,1,6,70,3,6,change_speed,10,498,58.9,534,60.6
14,1,6,70,4,0,add_lane,0,531,53.3,531,53.3
14,1,6,70,4,0,add_lane,1,531,53.3,595,58.6
14,1,6,70,4,0,add_lane,2,531,53.3,658,64.0
14,1,6,70,4,0,change_speed,-10,531,53.3,493,41.1
14,1,6,70,4,0,change_speed,0,531,53.3,531,48.0
14,1,6,70,4,0,change_speed,10,531,53.3,569,54.8
14,1,6,70,4,1,add_lane,0,1080,62.7,1080,62.7
14,1,6,70,4,1,add_lane,1,1080,62.7,1210,69.0
14,1,6,70,4,1,add_lane,2,1080,62.7,1339,75.2
14,1,6,70,4,1,change_speed,-10,1080,62.7,1003,48.4
14,1,6,70,4,1,change_speed,0,1080,62.7,1080,56.4
14,1,6,70,4,1,change_speed,10,1080,62.7,1157,64.5
14,1,6,70,4,2,add_lane,0,1048,75.8,1048,75.8
14,1,6,70,4,2,add_lane,1,1048,75.8,1174,83.4
14,1,6,70,4,2,add_lane,2,1048,75.8,1300,91.0
14,1,6,70,4,2,change_speed,-10,1048,75.8,973,58.5
14,1,6,70,4,2,change_speed,0,1048,75.8,1048,68.2
14,1,6,70,4,2,change_speed,10,1048,75.8,1123,78.0
14,1,6,70,4,3,add_lane,0,1048,64.2,1048,64.2
14,1,6,70,4,3,add_lane,1,1048,64.2,1174,70.6
14,1,6,70,4,3,add_lane,2,1048,64.2,1300,77.0
14,1,6,70,4,3,change_speed,-10,1048,64.2,973,49.5
14,1,6,70,4,3,change_speed,0,1048,64.2,1048,57.8
14,1,6,70,4,3,change_speed,10,1048,64.2,1123,66.0
14,1,6,70,4,4,add_lane,0,1048,61.3,1048,61.3
14,1,6,70,4,4,add_lane,1,1048,61.3,1174,67.4
14,1,6,70,4,4,add_lane,2,1048,61.3,1300,73.6
14,1,6,70,4,4,change_speed,-10,1048,61.3,973,47.3
14,1,6,70,4,4,change_speed,0,1048,61.3,1048,55.2
14,1,6,70,4,4,change_speed,10,1048,61.3,1123,63.1
14,1,6,70,4,5,add_lane,0,756,48.5,756,48.5
14,1,6,70,4,5,add_lane,1,756,48.5,847,53.4
14,1,6,70,4,5,add_lane,2,756,48.5,937,58.2
14,1,6,70,4,5,change_speed,-10,756,48.5,702,37.4
14,1,6,70,4,5,change_speed,0,756,48.5,756,43.6
14,1,6,70,4,5,change_speed,10,756,48.5,810,49.9
14,1,6,70,4,6,add_lane,0,664,62.9,664,62.9
14,1,6,70,4,6,add_lane,1,664,62.9,744,69.2
14,1,6,70,4,6,add_lane,2,664,62.9,823,75.5
14,1,6,70,4,6,change_speed,-10,664,62.9,617,48.5
14,1,6,70,4,6,change_speed,0,664,62.9,664,56.6
14,1,6,70,4,6,change_speed,10,664,62.9,711,64.7
14,1,6,70,5,0,add_lane,0,930,62.5,930,62.5
14,1,6,70,5,0,add_lane,1,930,62.5,1042,68.8
14,1,6,70,5,0,add_lane,2,930,62.5,1153,75.0
14,1,6,70,5,0,change_speed,-10,930,62.5,864,48.2
14,1,6,70,5,0,change_speed,0,930,62.5,930,56.2
14,1,6,70,5,0,change_speed,10,930,62.5,996,64.3
14,1,6,70,5,1,add_lane,0,1890,64.4,1890,64.4
14,1,6,70,5,1,add_lane,1,1890,64.4,2117,70.8
14,1,6,70,5,1,add_lane,2,1890,64.4,2344,77.3
14,1,6,70,5,1,change_speed,-10,1890,64.4,1755,49.7
14,1,6,70,5,1,change_speed,0,1890,64.4,1890,58.0
14,1,6,70,5,1,change_speed,10,1890,64.4,2025,66.2
14,1,6,70,5,2,add_lane,0,1833,65.7,1833,65.7
14,1,6,70,5,2,add_lane,1,1833,65.7,2053,72.3
14,1,6,70,5,2,add_lane,2,1833,65.7,2273,78.8
14,1,6,70,5,2,change_speed,-10,1833,65.7,1702,50.7
14,1,6,70,5,2,change_speed,0,1833,65.7,1833,59.1
14,1,6,70,5,2,change_speed,10,1833,65.7,1964,67.6
14,1,6,70,5,3,add_lane,0,1833,63.7,1833,63.7
14,1,6,70,5,3,add_lane,1,1833,63.7,2053,70.1
14,1,6,70,5,3,add_lane,2,1833,63.7,2273,76.4
14,1,6,70,5,3,change_speed,-10,1833,63.7,1702,49.1
14,1,6,70,5,3,change_speed,0,1833,63.7,1833,57.3
14,1,6,70,5,3,change_speed,10,1833,63.7,1964,65.5
14,1,6,70,5,4,add_lane,0,1833,59.3,1833,59.3
14,1,6,70,5,4,add_lane,1,1833,59.3,2053,65.2
14,1,6,70,5,4,add_lane,2,1833,59.3,2273,71.2
14,1,6,70,5,4,change_speed,-10,1833,59.3,1702,45.7
14,1,6,70,5,4,change_speed,0,1833,59.3,1833,53.4
14,1,6,70,5,4,change_speed,10,1833,59.3,1964,61.0
14,1,6,70,5,5,add_lane,0,1323,37.4,1323,37.4
14,1,6,70,5,5,add_lane,1,1323,37.4,1482,41.1
14,1,6,70,5,5,add_lane,2,1323,37.4,1641,44.9
14,1,6,70,5,5,change_speed,-10,1323,37.4,1228,28.9
14,1,6,70,5,5,change_speed,0,1323,37.4,1323,33.7
14,1,6,70,5,5,change_speed,10,1323,37.4,1418,38.5
14,1,6,70,5,6,add_lane,0,1162,56.2,1162,56.2
14,1,6,70,5,6,add_lane,1,1162,56.2,1301,61.8
14,1,6,70,5,6,add_lane,2,1162,56.2,1441,67.4
14,1,6,70,5,6,change_speed,-10,1162,56.2,1079,43.4
14,1,6,70,5,6,change_speed,0,1162,56.2,1162,50.6
14,1,6,70,5,6,change_speed,10,1162,56.2,1245,57.8
14,1,6,70,6,0,add_lane,0,1727,55.2,1727,55.2
14,1,6,70,6,0,add_lane,1,1727,55.2,1934,60.7
14,1,6,70,6,0,add_lane,2,1727,55.2,2141,66.2
14,1,6,70,6,0,change_speed,-10,1727,55.2,1604,42.6
14,1,6,70,6,0,change_speed,0,1727,55.2,1727,49.7
14,1,6,70,6,0,change_speed,10,1727,55.2,1850,56.8
14,1,6,70,6,1,add_lane,0,3510,54.5,3510,54.5
14,1,6,70,6,1,add_lane,1,3510,54.5,3931,60.0
14,1,6,70,6,1,add_lane,2,3510,54.5,4352,65.4
14,1,6,70,6,1,change_speed,-10,3510,54.5,3259,42.0
14,1,6,70,6,1,change_speed,0,3510,54.5,3510,49.1
14,1,6,70,6,1,change_speed,10,3510,54.5,3761,56.1
14,1,6,70,6,2,add_lane,0,3405,58.0,3405,58.0
14,1,6,70,6,2,add_lane,1,3405,58.0,3814,63.8
14,1,6,70,6,2,add_lane,2,3405,58.0,4222,69.6
14,1,6,70,6,2,change_speed,-10,3405,58.0,3162,44.7
14,1,6,70,6,2,change_speed,0,3405,58.0,3405,52.2
14,1,6,70,6,2,change_speed,10,3405,58.0,3648,59.7
14,1,6,70,6,3,add_lane,0,3405,55.6,3405,55.6
14,1,6,70,6,3,add_lane,1,3405,55.6,3814,61.2
14,1,6,70,6,3,add_lane,2,3405,55.6,4222,66.7
14,1,6,70,6,3,change_speed,-10,3405,55.6,3162,42.9
14,1,6,70,6,3,change_speed,0,3405,55.6,3405,50.0
14,1,6,70,6,3,change_speed,10,3405,55.6,3648,57.2
14,1,6,70,6,4,add_lane,0,3405,59.8,3405,59.8
14,1,6,70,6,4,add_lane,1,3405,59.8,3814,65.8
14,1,6,70,6,4,add_lane,2,3405,59.8,4222,71.8
14,1,6,70,6,4,change_speed,-10,3405,59.8,3162,46.1
14,1,6,70,6,4,change_speed,0,3405,59.8,3405,53.8
14,1,6,70,6,4,change_speed,10,3405,59.8,3648,61.5
14,1,6,70,6,5,add_lane,0,2457,38.1,2457,38.1
14,1,6,70,6,5,add_lane,1,2457,38.1,2752,41.9
14,1,6,70,6,5,add_lane,2,2457,38.1,3047,45.7
14,1,6,70,6,5,change_speed,-10,2457,38.1,2282,29.4
14,1,6,70,6,5,change_speed,0,2457,38.1,2457,34.3
14,1,6,70,6,5,change_speed,10,2457,38.1,2632,39.2
14,1,6,70,6,6,add_lane,0,2159,48.5,2159,48.5
14,1,6,70,6,6,add_lane,1,2159,48.5,2418,53.4
14,1,6,70,6,6,add_lane,2,2159,48.5,2677,58.2
14,1,6,70,6,6,change_speed,-10,2159,48.5,2005,37.4
14,1,6,70,6,6,change_speed,0,2159,48.5,2159,43.6
14,1,6,70,6,6,change_speed,10,2159,48.5,2313,49.9
14,1,6,70,7,0,add_lane,0,3985,50.1,3985,50.1
14,1,6,70,7,0,add_lane,1,3985,50.1,4463,55.1
14,1,6,70,7,0,add_lane,2,3985,50.1,4941,60.1
14,1,6,70,7,0,change_speed,-10,3985,50.1,3700,38.6
14,1,6,70,7,0,change_speed,0,3985,50.1,3985,45.1
14,1,6,70,7,0,change_speed,10,3985,50.1,4270,51.5
14,1,6,70,7,1,add_lane,0,8100,33.7,8100,33.7
14,1,6,70,7,1,add_lane,1,8100,33.7,9072,37.1
14,1,6,70,7,1,add_lane,2,8100,33.7,10044,40.4
14,1,6,70,7,1,change_speed,-10,8100,33.7,7521,26.0
14,1,6,70,7,1,change_speed,0,8100,33.7,8100,30.3
14,1,6,70,7,1,change_speed,10,8100,33.7,8679,34.7
14,1,6,70,7,2,add_lane,0,7857,32.6,7857,32.6
14,1,6,70,7,2,add_lane,1,7857,32.6,8800,35.9
14,1,6,70,7,2,add_lane,2,7857,32.6,9743,39.1
14,1,6,70,7,2,change_speed,-10,7857,32.6,7296,25.1
14,1,6,70,7,2,change_speed,0,7857,32.6,7857,29.3
14,1,6,70,7,2,change_speed,10,7857,32.6,8418,33.5
14,1,6,70,7,3,add_lane,0,7857,31.2,7857,31.2
14,1,6,70,7,3,add_lane,1,7857,31.2,8800,34.3
14,1,6,70,7,3,add_lane,2,7857,31.2,9743,37.4
14,1,6,70,7,3,change_speed,-10,7857,31.2,7296,24.1
14,1,6,70,7,3,change_speed,0,7857,31.2,7857,28.1
14,1,6,70,7,3,change_speed,10,7857,31.2,8418,32.1
14,1,6,70,7,4,add_lane,0,7857,32.1,7857,32.1
14,1,6,70,7,4,add_lane,1,7857,32.1,8800,35.3
14,1,6,70,7,4,add_lane,2,7857,32.1,9743,38.5
14,1,6,70,7,4,change_speed,-10,7857,32.1,7296,24.8
14,1,6,70,7,4,change_speed,0,7857,32.1,7857,28.9
14,1,6,70,7,4,change_speed,10,7857,32.1,8418,33.0
14,1,6,70,7,5,add_lane,0,5670,26.0,5670,26.0
14,1,6,70,7,5,add_lane,1,5670,26.0,6350,28.6
14,1,6,70,7,5,add_lane,2,5670,26.0,7031,31.2
14,1,6,70,7,5,change_speed,-10,5670,26.0,5265,20.1
14,1,6,70,7,5,change_speed,0,5670,26.0,5670,23.4
14,1,6,70,7,5,change_speed,10,5670,26.0,6075,26.7
14,1,6,70,7,6,add_lane,0,4982,36.8,4982,36.8
14,1,6,70,7,6,add_lane,1,4982,36.8,5580,40.5
14,1,6,70,7,6,add_lane,2,4982,36.8,6178,44.2
14,1,6,70,7,6,change_speed,-10,4982,36.8,4626,28.4
14,1,6,70,7,6,change_speed,0,4982,36.8,4982,33.1
14,1,6,70,7,6,change_speed,10,4982,36.8,5338,37.9
14,1,6,70,8,0,add_lane,0,4782,46.5,4782,46.5
14,1,6,70,8,0,add_lane,1,4782,46.5,5356,51.2
14,1,6,70,8,0,add_lane,2,4782,46.5,5930,55.8
14,1,6,70,8,0,change_speed,-10,4782,46.5,4440,35.9
14,1,6,70,8,0,change_speed,0,4782,46.5,4782,41.9
14,1,6,70,8,0,change_speed,10,4782,46.5,5124,47.8
14,1,6,70,8,1,add_lane,0,9720,25.3,9720,25.3
14,1,6,70,8,1,add_lane,1,9720,25.3,10886,27.8
14,1,6,70,8,1,add_lane,2,9720,25.3,12053,30.4
14,1,6,70,8,1,change_speed,-10,9720,25.3,9026,19.5
14,1,6,70,8,1,change_speed,0,9720,25.3,9720,22.8
14,1,6,70,8,1,change_speed,10,9720,25.3,10414,26.0
14,1,6,70,8,2,add_lane,0,9428,28.2,9428,28.2
14,1,6,70,8,2,add_lane,1,9428,28.2,10559,31.0
14,1,6,70,8,2,add_lane,2,9428,28.2,11691,33.8
14,1,6,70,8,2,change_speed,-10,9428,28.2,8755,21.8
14,1,6,70,8,2,change_speed,0,9428,28.2,9428,25.4
14,1,6,70,8,2,change_speed,10,9428,28.2,10101,29.0
14,1,6,70,8,3,add_lane,0,9428,23.8,9428,23.8
14,1,6,70,8,3,add_lane,1,9428,23.8,10559,26.2
14,1,6,70,8,3,add_lane,2,9428,23.8,11691,28.6
14,1,6,70,8,3,change_speed,-10,9428,23.8,8755,18.4
14,1,6,70,8,3,change_speed,0,9428,23.8,9428,21.4
14,1,6,70,8,3,change_speed,10,9428,23.8,10101,24.5
14,1,6,70,8,4,add_lane,0,9428,24.7,9428,24.7
14,1,6,70,8,4,add_lane,1,9428,24.7,10559,27.2
14,1,6,70,8,4,add_lane,2,9428,24.7,11691,29.6
14,1,6,70,8,4,change_speed,-10,9428,24.7,8755,19.1
14,1,6,70,8,4,change_speed,0,9428,24.7,9428,22.2
14,1,6,70,8,4,change_speed,10,9428,24.7,10101,25.4
14,1,6,70,8,5,add_lane,0,6804,26.2,6804,26.2
14,1,6,70,8,5,add_lane,1,6804,26.2,7620,28.8
14,1,6,70,8,5,add_lane,2,6804,26.2,8437,31.4
14,1,6,70,8,5,change_speed,-10,6804,26.2,6318,20.2
14,1,6,70,8,5,change_speed,0,6804,26.2,6804,23.6
14,1,6,70,8,5,change_speed,10,6804,26.2,7290,26.9
14,1,6,70,8,6,add_lane,0,5978,35.2,5978,35.2
14,1,6,70,8,6,add_lane,1,5978,35.2,6695,38.7
14,1,6,70,8,6,add_lane,2,5978,35.2,7413,42.2
14,1,6,70,8,6,change_speed,-10,5978,35.2,5551,27.2
14,1,6,70,8,6,change_speed,0,5978,35.2,5978,31.7
14,1,6,70,8,6,change_speed,10,5978,35.2,6405,36.2
14,1,6,70,9,0,add_lane,0,3720,49.7,3720,49.7
14,1,6,70,9,0,add_lane,1,3720,49.7,4166,54.7
14,1,6,70,9,0,add_lane,2,3720,49.7,4613,59.6
14,1,6,70,9,0,change_speed,-10,3720,49.7,3454,38.3
14,1,6,70,9,0,change_speed,0,3720,49.7,3720,44.7
14,1,6,70,9,0,change_speed,10,3720,49.7,3986,51.1
14,1,6,70,9,1,add_lane,0,7560,37.8,7560,37.8
14,1,6,70,9,1,add_lane,1,7560,37.8,8467,41.6
14,1,6,70,9,1,add_lane,2,7560,37.8,9374,45.4
14,1,6,70,9,1,change_speed,-10,7560,37.8,7020,29.2
14,1,6,70,9,1,change_speed,0,7560,37.8,7560,34.0
14,1,6,70,9,1,change_speed,10,7560,37.8,8100,38.9
14,1,6,70,9,2,add_lane,0,7333,33.2,7333,33.2
14,1,6,70,9,2,add_lane,1,7333,33.2,8213,36.5
14,1,6,70,9,2,add_lane,2,7333,33.2,9093,39.8
14,1,6,70,9,2,change_speed,-10,7333,33.2,6809,25.6
14,1,6,70,9,2,change_speed,0,7333,33.2,7333,29.9
14,1,6,70,9,2,change_speed,10,7333,33.2,7857,34.1
14,1,6,70,9,3,add_lane,0,7333,34.7,7333,34.7
14,1,6,70,9,3,add_lane,1,7333,34.7,8213,38.2
14,1,6,70,9,3,add_lane,2,7333,34.7,9093,41.6
14,1,6,70,9,3,change_speed,-10,7333,34.7,6809,26.8
14,1,6,70,9,3,change_speed,0,7333,34.7,7333,31.2
14,1,6,70,9,3,change_speed,10,7333,34.7,7857,35.7
14,1,6,70,9,4,add_lane,0,7333,39.0,7333,39.0
14,1,6,70,9,4,add_lane,1,7333,39.0,8213,42.9
14,1,6,70,9,4,add_lane,2,7333,39.0,9093,46.8
14,1,6,70,9,4,change_speed,-10,7333,39.0,6809,30.1
14,1,6,70,9,4,change_speed,0,7333,39.0,7333,35.1
14,1,6,70,9,4,change_speed,10,7333,39.0,7857,40.1
14,1,6,70,9,5,add_lane,0,5292,31.7,5292,31.7
14,1,6,70,9,5,add_lane,1,5292,31.7,5927,34.9
14,1,6,70,9,5,add_lane,2,5292,31.7,6562,38.0
14,1,6,70,9,5,change_speed,-10,5292,31.7,4914,24.5
14,1,6,70,9,5,change_speed,0,5292,31.7,5292,28.5
14,1,6,70,9,5,change_speed,10,5292,31.7,5670,32.6
14,1,6,70,9,6,add_lane,0,4649,43.6,4649,43.6
14,1,6,70,9,6,add_lane,1,4649,43.6,5207,48.0
14,1,6,70,9,6,add_lane,2,4649,43.6,5765,52.3
14,1,6,70,9,6,change_speed,-10,4649,43.6,4317,33.6
14,1,6,70,9,6,change_speed,0,4649,43.6,4649,39.2
14,1,6,70,9,6,change_speed,10,4649,43.6,4981,44.8
14,1,6,70,10,0,add_lane,0,2657,54.8,2657,54.8
14,1,6,70,10,0,add_lane,1,2657,54.8,2976,60.3
14,1,6,70,10,0,add_lane,2,2657,54.8,3295,65.8
14,1,6,70,10,0,change_speed,-10,2657,54.8,2467,42.3
14,1,6,70,10,0,change_speed,0,2657,54.8,2657,49.3
14,1,6,70,10,0,change_speed,10,2657,54.8,2847,56.4
14,1,6,70,10,1,add_lane,0,5400,49.7,5400,49.7
14,1,6,70,10,1,add_lane,1,5400,49.7,6048,54.7
14,1,6,70,10,1,add_lane,2,5400,49.7,6696,59.6
14,1,6,70,10,1,change_speed,-10,5400,49.7,5014,38.3
14,1,6,70,10,1,change_speed,0,5400,49.7,5400,44.7
14,1,6,70,10,1,change_speed,10,5400,49.7,5786,51.1
14,1,6,70,10,2,add_lane,0,5238,41.6,5238,41.6
14,1,6,70,10,2,add_lane,1,5238,41.6,5867,45.8
14,1,6,70,10,2,add_lane,2,5238,41.6,6495,49.9
14,1,6,70,10,2,change_speed,-10,5238,41.6,4864,32.1
14,1,6,70,10,2,change_speed,0,5238,41.6,5238,37.4
14,1,6,70,10,2,change_speed,10,5238,41.6,5612,42.8
14,1,6,70,10,3,add_lane,0,5238,48.2,5238,48.2
14,1,6,70,10,3,add_lane,1,5238,48.2,5867,53.0
14,1,6,70,10,3,add_lane,2,5238,48.2,6495,57.8
14,1,6,70,10,3,change_speed,-10,5238,48.2,4864,37.2
14,1,6,70,10,3,change_speed,0,5238,48.2,5238,43.4
14,1,6,70,10,3,change_speed,10,5238,48.2,5612,49.6
14,1,6,70,10,4,add_lane,0,5238,45.7,5238,45.7
14,1,6,70,10,4,add_lane,1,5238,45.7,5867,50.3
14,1,6,70,10,4,add_lane,2,5238,45.7,6495,54.8
14,1,6,70,10,4,change_speed,-10,5238,45.7,4864,35.3
14,1,6,70,10,4,change_speed,0,5238,45.7,5238,41.1
14,1,6,70,10,4,change_speed,10,5238,45.7,5612,47.0
14,1,6,70,10,5,add_lane,0,3780,37.3,3780,37.3
14,1,6,70,10,5,add_lane,1,3780,37.3,4234,41.0
14,1,6,70,10,5,add_lane,2,3780,37.3,4687,44.8
14,1,6,70,10,5,change_speed,-10,3780,37.3,3510,28.8
14,1,6,70,10,5,change_speed,0,3780,37.3,3780,33.6
14,1,6,70,10,5,change_speed,10,3780,37.3,4050,38.4
14,1,6,70,10,6,add_lane,0,3321,45.2,3321,45.2
14,1,6,70,10,6,add_lane,1,3321,45.2,3720,49.7
14,1,6,70,10,6,add_lane,2,3321,45.2,4118,54.2
14,1,6,70,10,6,change_speed,-10,3321,45.2,3084,34.9
14,1,6,70,10,6,change_speed,0,3321,45.2,3321,40.7
14,1,6,70,10,6,change_speed,10,3321,45.2,3558,46.5
14,1,6,70,11,0,add_lane,0,2391,55.8,2391,55.8
14,1,6,70,11,0,add_lane,1,2391,55.8,2678,61.4
14,1,6,70,11,0,add_lane,2,2391,55.8,2965,67.0
14,1,6,70,11,0,change_speed,-10,2391,55.8,2220,43.0
14,1,6,70,11,0,change_speed,0,2391,55.8,2391,50.2
14,1,6,70,11,0,change_speed,10,2391,55.8,2562,57.4
14,1,6,70,11,1,add_lane,0,4860,50.1,4860,50.1
14,1,6,70,11,1,add_lane,1,4860,50.1,5443,55.1
14,1,6,70,11,1,add_lane,2,4860,50.1,6026,60.1
14,1,6,70,11,1,change_speed,-10,4860,50.1,4513,38.6
14,1,6,70,11,1,change_speed,0,4860,50.1,4860,45.1
14,1,6,70,11,1,change_speed,10,4860,50.1,5207,51.5
14,1,6,70,11,2,add_lane,0,4714,53.7,4714,53.7
14,1,6,70,11,2,add_lane,1,4714,53.7,5280,59.1
14,1,6,70,11,2,add_lane,2,4714,53.7,5845,64.4
14,1,6,70,11,2,change_speed,-10,4714,53.7,4377,41.4
14,1,6,70,11,2,change_speed,0,4714,53.7,4714,48.3
14,1,6,70,11,2,change_speed,10,4714,53.7,5051,55.2
14,1,6,70,11,3,add_lane,0,4714,48.3,4714,48.3
14,1,6,70,11,3,add_lane,1,4714,48.3,5280,53.1
14,1,6,70,11,3,add_lane,2,4714,48.3,5845,58.0
14,1,6,70,11,3,change_speed,-10,4714,48.3,4377,37.3
14,1,6,70,11,3,change_speed,0,4714,48.3,4714,43.5
14,1,6,70,11,3,change_speed,10,4714,48.3,5051,49.7
14,1,6,70,11,4,add_lane,0,4714,48.2,4714,48.2
14,1,6,70,11,4,add_lane,1,4714,48.2,5280,53.0
14,1,6,70,11,4,add_lane,2,4714,48.2,5845,57.8
14,1,6,70,11,4,change_speed,-10,4714,48.2,4377,37.2
14,1,6,70,11,4,change_speed,0,4714,48.2,4714,43.4
14,1,6,70,11,4,change_speed,10,4714,48.2,5051,49.6
14,1,6,70,11,5,add_lane,0,3402,35.8,3402,35.8
14,1,6,70,11,5,add_lane,1,3402,35.8,3810,39.4
14,1,6,70,11,5,add_lane,2,3402,35.8,4218,43.0
14,1,6,70,11,5,change_speed,-10,3402,35.8,3159,27.6
14,1,6,70,11,5,change_speed,0,3402,35.8,3402,32.2
14,1,6,70,11,5,change_speed,10,3402,35.8,3645,36.8
14,1,6,70,11,6,add_lane,0,2989,50.7,2989,50.7
14,1,6,70,11,6,add_lane,1,2989,50.7,3348,55.8
14,1,6,70,11,6,add_lane,2,2989,50.7,3706,60.8
14,1,6,70,11,6,change_speed,-10,2989,50.7,2776,39.1
14,1,6,70,11,6,change_speed,0,2989,50.7,2989,45.6
14,1,6,70,11,6,change_speed,10,2989,50.7,3202,52.1
14,1,6,70,12,0,add_lane,0,2258,53.5,2258,53.5
14,1,6,70,12,0,add_lane,1,2258,53.5,2529,58.9
14,1,6,70,12,0,add_lane,2,2258,53.5,2800,64.2
14,1,6,70,12,0,change_speed,-10,2258,53.5,2097,41.3
14,1,6,70,12,0,change_speed,0,2258,53.5,2258,48.1
14,1,6,70,12,0,change_speed,10,2258,53.5,2419,55.0
14,1,6,70,12,1,add_lane,0,4590,50.3,4590,50.3
14,1,6,70,12,1,add_lane,1,4590,50.3,5141,55.3
14,1,6,70,12,1,add_lane,2,4590,50.3,5692,60.4
14,1,6,70,12,1,change_speed,-10,4590,50.3,4262,38.8
14,1,6,70,12,1,change_speed,0,4590,50.3,4590,45.3
14,1,6,70,12,1,change_speed,10,4590,50.3,4918,51.7
14,1,6,70,12,2,add_lane,0,4452,48.9,4452,48.9
14,1,6,70,12,2,add_lane,1,4452,48.9,4986,53.8
14,1,6,70,12,2,add_lane,2,4452,48.9,5520,58.7
14,1,6,70,12,2,change_speed,-10,4452,48.9,4134,37.7
14,1,6,70,12,2,change_speed,0,4452,48.9,4452,44.0
14,1,6,70,12,2,change_speed,10,4452,48.9,4770,50.3
14,1,6,70,12,3,add_lane,0,4452,52.6,4452,52.6
14,1,6,70,12,3,add_lane,1,4452,52.6,4986,57.9
14,1,6,70,12,3,add_lane,2,4452,52.6,5520,63.1
14,1,6,70,12,3,change_speed,-10,4452,52.6,4134,40.6
14,1,6,70,12,3,change_speed,0,4452,52.6,4452,47.3
14,1,6,70,12,3,change_speed,10,4452,52.6,4770,54.1
14,1,6,70,12,4,add_lane,0,4452,53.7,4452,53.7
14,1,6,70,12,4,add_lane,1,4452,53.7,4986,59.1
14,1,6,70,12,4,add_lane,2,4452,53.7,5520,64.4
14,1,6,70,12,4,change_speed,-10,4452,53.7,4134,41.4
14,1,6,70,12,4,change_speed,0,4452,53.7,4452,48.3
14,1,6,70,12,4,change_speed,10,4452,53.7,4770,55.2
14,1,6,70,12,5,add_lane,0,3213,40.2,3213,40.2
14,1,6,70,12,5,add_lane,1,3213,40.2,3599,44.2
14,1,6,70,12,5,add_lane,2,3213,40.2,3984,48.2
14,1,6,70,12,5,change_speed,-10,3213,40.2,2984,31.0
14,1,6,70,12,5,change_speed,0,3213,40.2,3213,36.2
14,1,6,70,12,5,change_speed,10,3213,40.2,3442,41.3
14,1,6,70,12,6,add_lane,0,2823,49.6,2823,49.6
14,1,6,70,12,6,add_lane,1,2823,49.6,3162,54.6
14,1,6,70,12,6,add_lane,2,2823,49.6,3501,59.5
14,1,6,70,12,6,change_speed,-10,2823,49.6,2621,38.3
14,1,6,70,12,6,change_speed,0,2823,49.6,2823,44.6
14,1,6,70,12,6,change_speed,10,2823,49.6,3025,51.0
14,1,6,70,13,0,add_lane,0,2258,53.8,2258,53.8
14,1,6,70,13,0,add_lane,1,2258,53.8,2529,59.2
14,1,6,70,13,0,add_lane,2,2258,53.8,2800,64.6
14,1,6,70,13,0,change_speed,-10,2258,53.8,2097,41.5
14,1,6,70,13,0,change_speed,0,2258,53.8,2258,48.4
14,1,6,70,13,0,change_speed,10,2258,53.8,2419,55.3
14,1,6,70,13,1,add_lane,0,4590,49.6,4590,49.6
14,1,6,70,13,1,add_lane,1,4590,49.6,5141,54.6
14,1,6,70,13,1,add_lane,2,4590,49.6,5692,59.5
14,1,6,70,13,1,change_speed,-10,4590,49.6,4262,38.3
14,1,6,70,13,1,change_speed,0,4590,49.6,4590,44.6
14,1,6,70,13,1,change_speed,10,4590,49.6,4918,51.0
14,1,6,70,13,2,add_lane,0,4452,51.3,4452,51.3
14,1,6,70,13,2,add_lane,1,4452,51.3,4986,56.4
14,1,6,70,13,2,add_lane,2,4452,51.3,5520,61.6
14,1,6,70,13,2,change_speed,-10,4452,51.3,4134,39.6
14,1,6,70,13,2,change_speed,0,4452,51.3,4452,46.2
14,1,6,70,13,2,change_speed,10,4452,51.3,4770,52.8
14,1,6,70,13,3,add_lane,0,4452,51.8,4452,51.8
14,1,6,70,13,3,add_lane,1,4452,51.8,4986,57.0
14,1,6,70,13,3,add_lane,2,4452,51.8,5520,62.2
14,1,6,70,13,3,change_speed,-10,4452,51.8,4134,40.0
14,1,6,70,13,3,change_speed,0,4452,51.8,4452,46.6
14,1,6,70,13,3,change_speed,10,4452,51.8,4770,53.3
14,1,6,70,13,4,add_lane,0,4452,50.1,4452,50.1
14,1,6,70,13,4,add_lane,1,4452,50.1,4986,55.1
14,1,6,70,13,4,add_lane,2,4452,50.1,5520,60.1
14,1,6,70,13,4,change_speed,-10,4452,50.1,4134,38.6
14,1,6,70,13,4,change_speed,0,4452,50.1,4452,45.1
14,1,6,70,13,4,change_speed,10,4452,50.1,4770,51.5
14,1,6,70,13,5,add_lane,0,3213,40.3,3213,40.3
14,1,6,70,13,5,add_lane,1,3213,40.3,3599,44.3
14,1,6,70,13,5,add_lane,2,3213,40.3,3984,48.4
14,1,6,70,13,5,change_speed,-10,3213,40.3,2984,31.1
14,1,6,70,13,5,change_speed,0,3213,40.3,3213,36.3
14,1,6,70,13,5,change_speed,10,3213,40.3,3442,41.5
14,1,6,70,13,6,add_lane,0,2823,51.1,2823,51.1
14,1,6,70,13,6,add_lane,1,2823,51.1,3162,56.2
14,1,6,70,13,6,add_lane,2,2823,51.1,3501,61.3
14,1,6,70,13,6,change_speed,-10,2823,51.1,2621,39.4
14,1,6,70,13,6,change_speed,0,2823,51.1,2823,46.0
14,1,6,70,13,6,change_speed,10,2823,51.1,3025,52.6
14,1,6,70,14,0,add_lane,0,2524,59.0,2524,59.0
14,1,6,70,14,0,add_lane,1,2524,59.0,2827,64.9
14,1,6,70,14,0,add_lane,2,2524,59.0,3130,70.8
14,1,6,70,14,0,change_speed,-10,2524,59.0,2344,45.5
14,1,6,70,14,0,change_speed,0,2524,59.0,2524,53.1
14,1,6,70,14,0,change_speed,10,2524,59.0,2704,60.7
14,1,6,70,14,1,add_lane,0,5130,44.6,5130,44.6
14,1,6,70,14,1,add_lane,1,5130,44.6,5746,49.1
14,1,6,70,14,1,add_lane,2,5130,44.6,6361,53.5
14,1,6,70,14,1,change_speed,-10,5130,44.6,4764,34.4
14,1,6,70,14,1,change_speed,0,5130,44.6,5130,40.1
14,1,6,70,14,1,change_speed,10,5130,44.6,5496,45.9
14,1,6,70,14,2,add_lane,0,4976,52.2,4976,52.2
14,1,6,70,14,2,add_lane,1,4976,52.2,5573,57.4
14,1,6,70,14,2,add_lane,2,4976,52.2,6170,62.6
14,1,6,70,14,2,change_speed,-10,4976,52.2,4621,40.3
14,1,6,70,14,2,change_speed,0,4976,52.2,4976,47.0
14,1,6,70,14,2,change_speed,10,4976,52.2,5331,53.7
14,1,6,70,14,3,add_lane,0,4976,49.0,4976,49.0
14,1,6,70,14,3,add_lane,1,4976,49.0,5573,53.9
14,1,6,70,14,3,add_lane,2,4976,49.0,6170,58.8
14,1,6,70,14,3,change_speed,-10,4976,49.0,4621,37.8
14,1,6,70,14,3,change_speed,0,4976,49.0,4976,44.1
14,1,6,70,14,3,change_speed,10,4976,49.0,5331,50.4
14,1,6,70,14,4,add_lane,0,4976,48.3,4976,48.3
14,1,6,70,14,4,add_lane,1,4976,48.3,5573,53.1
14,1,6,70,14,4,add_lane,2,4976,48.3,6170,58.0
14,1,6,70,14,4,change_speed,-10,4976,48.3,4621,37.3
14,1,6,70,14,4,change_speed,0,4976,48.3,4976,43.5
14,1,6,70,14,4,change_speed,10,4976,48.3,5331,49.7
14,1,6,70,14,5,add_lane,0,3591,34.5,3591,34.5
14,1,6,70,14,5,add_lane,1,3591,34.5,4022,38.0
14,1,6,70,14,5,add_lane,2,3591,34.5,4453,41.4
14,1,6,70,14,5,change_speed,-10,3591,34.5,3334,26.6
14,1,6,70,14,5,change_speed,0,3591,34.5,3591,31.1
14,1,6,70,14,5,change_speed,10,3591,34.5,3848,35.5
14,1,6,70,14,6,add_lane,0,3155,47.0,3155,47.0
14,1,6,70,14,6,add_lane,1,3155,47.0,3534,51.7
14,1,6,70,14,6,add_lane,2,3155,47.0,3912,56.4
14,1,6,70,14,6,change_speed,-10,3155,47.0,2930,36.3
14,1,6,70,14,6,change_speed,0,3155,47.0,3155,42.3
14,1,6,70,14,6,change_speed,10,3155,47.0,3380,48.3
14,1,6,70,15,0,add_lane,0,3188,53.8,3188,53.8
14,1,6,70,15,0,add_lane,1,3188,53.8,3571,59.2
14,1,6,70,15,0,add_lane,2,3188,53.8,3953,64.6
14,1,6,70,15,0,change_speed,-10,3188,53.8,2960,41.5
14,1,6,70,15,0,change_speed,0,3188,53.8,3188,48.4
14,1,6,70,15,0,change_speed,10,3188,53.8,3416,55.3
14,1,6,70,15,1,add_lane,0,6480,44.1,6480,44.1
14,1,6,70,15,1,add_lane,1,6480,44.1,7258,48.5
14,1,6,70,15,1,add_lane,2,6480,44.1,8035,52.9
14,1,6,70,15,1,change_speed,-10,6480,44.1,6017,34.0
14,1,6,70,15,1,change_speed,0,6480,44.1,6480,39.7
14,1,6,70,15,1,change_speed,10,6480,44.1,6943,45.4
14,1,6,70,15,2,add_lane,0,6286,41.6,6286,41.6
14,1,6,70,15,2,add_lane,1,6286,41.6,7040,45.8
14,1,6,70,15,2,add_lane,2,6286,41.6,7795,49.9
14,1,6,70,15,2,change_speed,-10,6286,41.6,5837,32.1
14,1,6,70,15,2,change_speed,0,6286,41.6,6286,37.4
14,1,6,70,15,2,change_speed,10,6286,41.6,6735,42.8
14,1,6,70,15,3,add_lane,0,6286,44.0,6286,44.0
14,1,6,70,15,3,add_lane,1,6286,44.0,7040,48.4
14,1,6,70,15,3,add_lane,2,6286,44.0,7795,52.8
14,1,6,70,15,3,change_speed,-10,6286,44.0,5837,33.9
14,1,6,70,15,3,change_speed,0,6286,44.0,6286,39.6
14,1,6,70,15,3,change_speed,10,6286,44.0,6735,45.3
14,1,6,70,15,4,add_lane,0,6286,43.0,6286,43.0
14,1,6,70,15,4,add_lane,1,6286,43.0,7040,47.3
14,1,6,70,15,4,add_lane,2,6286,43.0,7795,51.6
14,1,6,70,15,4,change_speed,-10,6286,43.0,5837,33.2
14,1,6,70,15,4,change_speed,0,6286,43.0,6286,38.7
14,1,6,70,15,4,change_speed,10,6286,43.0,6735,44.2
14,1,6,70,15,5,add_lane,0,4536,31.0,4536,31.0
14,1,6,70,15,5,add_lane,1,4536,31.0,5080,34.1
14,1,6,70,15,5,add_lane,2,4536,31.0,5625,37.2
14,1,6,70,15,5,change_speed,-10,4536,31.0,4212,23.9
14,1,6,70,15,5,change_speed,0,4536,31.0,4536,27.9
14,1,6,70,15,5,change_speed,10,4536,31.0,4860,31.9
14,1,6,70,15,6,add_lane,0,3985,44.7,3985,44.7
14,1,6,70,15,6,add_lane,1,3985,44.7,4463,49.2
14,1,6,70,15,6,add_lane,2,3985,44.7,4941,53.6
14,1,6,70,15,6,change_speed,-10,3985,44.7,3700,34.5
14,1,6,70,15,6,change_speed,0,3985,44.7,3985,40.2
14,1,6,70,15,6,change_speed,10,3985,44.7,4270,46.0
14,1,6,70,16,0,add_lane,0,4251,47.1,4251,47.1
14,1,6,70,16,0,add_lane,1,4251,47.1,4761,51.8
14,1,6,70,16,0,add_lane,2,4251,47.1,5271,56.5
14,1,6,70,16,0,change_speed,-10,4251,47.1,3947,36.3
14,1,6,70,16,0,change_speed,0,4251,47.1,4251,42.4
14,1,6,70,16,0,change_speed,10,4251,47.1,4555,48.4
14,1,6,70,16,1,add_lane,0,8640,29.6,8640,29.6
14,1,6,70,16,1,add_lane,1,8640,29.6,9677,32.6
14,1,6,70,16,1,add_lane,2,8640,29.6,10714,35.5
14,1,6,70,16,1,change_speed,-10,8640,29.6,8023,22.8
14,1,6,70,16,1,change_speed,0,8640,29.6,8640,26.6
14,1,6,70,16,1,change_speed,10,8640,29.6,9257,30.4
14,1,6,70,16,2,add_lane,0,8381,33.7,8381,33.7
14,1,6,70,16,2,add_lane,1,8381,33.7,9387,37.1
14,1,6,70,16,2,add_lane,2,8381,33.7,10392,40.4
14,1,6,70,16,2,change_speed,-10,8381,33.7,7782,26.0
14,1,6,70,16,2,change_speed,0,8381,33.7,8381,30.3
14,1,6,70,16,2,change_speed,10,8381,33.7,8980,34.7
14,1,6,70,16,3,add_lane,0,8381,27.7,8381,27.7
14,1,6,70,16,3,add_lane,1,8381,27.7,9387,30.5
14,1,6,70,16,3,add_lane,2,8381,27.7,10392,33.2
14,1,6,70,16,3,change_speed,-10,8381,27.7,7782,21.4
14,1,6,70,16,3,change_speed,0,8381,27.7,8381,24.9
14,1,6,70,16,3,change_speed,10,8381,27.7,8980,28.5
14,1,6,70,16,4,add_lane,0,8381,29.7,8381,29.7
14,1,6,70,16,4,add_lane,1,8381,29.7,9387,32.7
14,1,6,70,16,4,add_lane,2,8381,29.7,10392,35.6
14,1,6,70,16,4,change_speed,-10,8381,29.7,7782,22.9
14,1,6,70,16,4,change_speed,0,8381,29.7,8381,26.7
14,1,6,70,16,4,change_speed,10,8381,29.7,8980,30.5
14,1,6,70,16,5,add_lane,0,6048,28.6,6048,28.6
14,1,6,70,16,5,add_lane,1,6048,28.6,6774,31.5
14,1,6,70,16,5,add_lane,2,6048,28.6,7500,34.3
14,1,6,70,16,5,change_speed,-10,6048,28.6,5616,22.1
14,1,6,70,16,5,change_speed,0,6048,28.6,6048,25.7
14,1,6,70,16,5,change_speed,10,6048,28.6,6480,29.4
14,1,6,70,16,6,add_lane,0,5314,40.6,5314,40.6
14,1,6,70,16,6,add_lane,1,5314,40.6,5952,44.7
14,1,6,70,16,6,add_lane,2,5314,40.6,6589,48.7
14,1,6,70,16,6,change_speed,-10,5314,40.6,4934,31.3
14,1,6,70,16,6,change_speed,0,5314,40.6,5314,36.5
14,1,6,70,16,6,change_speed,10,5314,40.6,5694,41.8
14,1,6,70,17,0,add_lane,0,4782,45.6,4782,45.6
14,1,6,70,17,0,add_lane,1,4782,45.6,5356,50.2
14,1,6,70,17,0,add_lane,2,4782,45.6,5930,54.7
14,1,6,70,17,0,change_speed,-10,4782,45.6,4440,35.2
14,1,6,70,17,0,change_speed,0,4782,45.6,4782,41.0
14,1,6,70,17,0,change_speed,10,4782,45.6,5124,46.9
14,1,6,70,17,1,add_lane,0,9720,22.2,9720,22.2
14,1,6,70,17,1,add_lane,1,9720,22.2,10886,24.4
14,1,6,70,17,1,add_lane,2,9720,22.2,12053,26.6
14,1,6,70,17,1,change_speed,-10,9720,22.2,9026,17.1
14,1,6,70,17,1,change_speed,0,9720,22.2,9720,20.0
14,1,6,70,17,1,change_speed,10,9720,22.2,10414,22.8
14,1,6,70,17,2,add_lane,0,9428,24.5,9428,24.5
14,1,6,70,17,2,add_lane,1,9428,24.5,10559,27.0
14,1,6,70,17,2,add_lane,2,9428,24.5,11691,29.4
14,1,6,70,17,2,change_speed,-10,9428,24.5,8755,18.9
14,1,6,70,17,2,change_speed,0,9428,24.5,9428,22.1
14,1,6,70,17,2,change_speed,10,9428,24.5,10101,25.2
14,1,6,70,17,3,add_lane,0,9428,23.6,9428,23.6
14,1,6,70,17,3,add_lane,1,9428,23.6,10559,26.0
14,1,6,70,17,3,add_lane,2,9428,23.6,11691,28.3
14,1,6,70,17,3,change_speed,-10,9428,23.6,8755,18.2
14,1,6,70,17,3,change_speed,0,9428,23.6,9428,21.2
14,1,6,70,17,3,change_speed,10,9428,23.6,10101,24.3
14,1,6,70,17,4,add_lane,0,9428,25.4,9428,25.4
14,1,6,70,17,4,add_lane,1,9428,25.4,10559,27.9
14,1,6,70,17,4,add_lane,2,9428,25.4,11691,30.5
14,1,6,70,17,4,change_speed,-10,9428,25.4,8755,19.6
14,1,6,70,17,4,change_speed,0,9428,25.4,9428,22.9
14,1,6,70,17,4,change_speed,10,9428,25.4,10101,26.1
14,1,6,70,17,5,add_lane,0,6804,28.7,6804,28.7
14,1,6,70,17,5,add_lane,1,6804,28.7,7620,31.6
14,1,6,70,17,5,add_lane,2,6804,28.7,8437,34.4
14,1,6,70,17,5,change_speed,-10,6804,28.7,6318,22.1
14,1,6,70,17,5,change_speed,0,6804,28.7,6804,25.8
14,1,6,70,17,5,change_speed,10,6804,28.7,7290,29.5
14,1,6,70,17,6,add_lane,0,5978,35.5,5978,35.5
14,1,6,70,17,6,add_lane,1,5978,35.5,6695,39.1
14,1,6,70,17,6,add_lane,2,5978,35.5,7413,42.6
14,1,6,70,17,6,change_speed,-10,5978,35.5,5551,27.4
14,1,6,70,17,6,change_speed,0,5978,35.5,5978,31.9
14,1,6,70,17,6,change_speed,10,5978,35.5,6405,36.5
14,1,6,70,18,0,add_lane,0,4517,45.1,4517,45.1
14,1,6,70,18,0,add_lane,1,4517,45.1,5059,49.6
14,1,6,70,18,0,add_lane,2,4517,45.1,5601,54.1
14,1,6,70,18,0,change_speed,-10,4517,45.1,4194,34.8
14,1,6,70,18,0,change_speed,0,4517,45.1,4517,40.6
14,1,6,70,18,0,change_speed,10,4517,45.1,4840,46.4
14,1,6,70,18,1,add_lane,0,9180,25.6,9180,25.6
14,1,6,70,18,1,add_lane,1,9180,25.6,10282,28.2
14,1,6,70,18,1,add_lane,2,9180,25.6,11383,30.7
14,1,6,70,18,1,change_speed,-10,9180,25.6,8524,19.7
14,1,6,70,18,1,change_speed,0,9180,25.6,9180,23.0
14,1,6,70,18,1,change_speed,10,9180,25.6,9836,26.3
14,1,6,70,18,2,add_lane,0,8905,25.9,8905,25.9
14,1,6,70,18,2,add_lane,1,8905,25.9,9974,28.5
14,1,6,70,18,2,add_lane,2,8905,25.9,11042,31.1
14,1,6,70,18,2,change_speed,-10,8905,25.9,8269,20.0
14,1,6,70,18,2,change_speed,0,8905,25.9,8905,23.3
14,1,6,70,18,2,change_speed,10,8905,25.9,9541,26.6
14,1,6,70,18,3,add_lane,0,8905,29.9,8905,29.9
14,1,6,70,18,3,add_lane,1,8905,29.9,9974,32.9
14,1,6,70,18,3,add_lane,2,8905,29.9,11042,35.9
14,1,6,70,18,3,change_speed,-10,8905,29.9,8269,23.1
14,1,6,70,18,3,change_speed,0,8905,29.9,8905,26.9
14,1,6,70,18,3,change_speed,10,8905,29.9,9541,30.8
14,1,6,70,18,4,add_lane,0,8905,26.8,8905,26.8
14,1,6,70,18,4,add_lane,1,8905,26.8,9974,29.5
14,1,6,70,18,4,add_lane,2,8905,26.8,11042,32.2
14,1,6,70,18,4,change_speed,-10,8905,26.8,8269,20.7
14,1,6,70,18,4,change_speed,0,8905,26.8,8905,24.1
14,1,6,70,18,4,change_speed,10,8905,26.8,9541,27.6
14,1,6,70,18,5,add_lane,0,6426,30.0,6426,30.0
14,1,6,70,18,5,add_lane,1,6426,30.0,7197,33.0
14,1,6,70,18,5,add_lane,2,6426,30.0,7968,36.0
14,1,6,70,18,5,change_speed,-10,6426,30.0,5967,23.1
14,1,6,70,18,5,change_speed,0,6426,30.0,6426,27.0
14,1,6,70,18,5,change_speed,10,6426,30.0,6885,30.9
14,1,6,70,18,6,add_lane,0,5646,35.8,5646,35.8
14,1,6,70,18,6,add_lane,1,5646,35.8,6324,39.4
14,1,6,70,18,6,add_lane,2,5646,35.8,7001,43.0
14,1,6,70,18,6,change_speed,-10,5646,35.8,5243,27.6
14,1,6,70,18,6,change_speed,0,5646,35.8,5646,32.2
14,1,6,70,18,6,change_speed,10,5646,35.8,6049,36.8
14,1,6,70,19,0,add_lane,0,3720,49.5,3720,49.5
14,1,6,70,19,0,add_lane,1,3720,49.5,4166,54.5
14,1,6,70,19,0,add_lane,2,3720,49.5,4613,59.4
14,1,6,70,19,0,change_speed,-10,3720,49.5,3454,38.2
14,1,6,70,19,0,change_speed,0,3720,49.5,3720,44.6
14,1,6,70,19,0,change_speed,10,3720,49.5,3986,50.9
14,1,6,70,19,1,add_lane,0,7560,33.9,7560,33.9
14,1,6,70,19,1,add_lane,1,7560,33.9,8467,37.3
14,1,6,70,19,1,add_lane,2,7560,33.9,9374,40.7
14,1,6,70,19,1,change_speed,-10,7560,33.9,7020,26.2
14,1,6,70,19,1,change_speed,0,7560,33.9,7560,30.5
14,1,6,70,19,1,change_speed,10,7560,33.9,8100,34.9
14,1,6,70,19,2,add_lane,0,7333,30.2,7333,30.2
14,1,6,70,19,2,add_lane,1,7333,30.2,8213,33.2
14,1,6,70,19,2,add_lane,2,7333,30.2,9093,36.2
14,1,6,70,19,2,change_speed,-10,7333,30.2,6809,23.3
14,1,6,70,19,2,change_speed,0,7333,30.2,7333,27.2
14,1,6,70,19,2,change_speed,10,7333,30.2,7857,31.1
14,1,6,70,19,3,add_lane,0,7333,34.6,7333,34.6
14,1,6,70,19,3,add_lane,1,7333,34.6,8213,38.1
14,1,6,70,19,3,add_lane,2,7333,34.6,9093,41.5
14,1,6,70,19,3,change_speed,-10,7333,34.6,6809,26.7
14,1,6,70,19,3,change_speed,0,7333,34.6,7333,31.1
14,1,6,70,19,3,change_speed,10,7333,34.6,7857,35.6
14,1,6,70,19,4,add_lane,0,7333,37.2,7333,37.2
14,1,6,70,19,4,add_lane,1,7333,37.2,8213,40.9
14,1,6,70,19,4,add_lane,2,7333,37.2,9093,44.6
14,1,6,70,19,4,change_speed,-10,7333,37.2,6809,28.7
14,1,6,70,19,4,change_speed,0,7333,37.2,7333,33.5
14,1,6,70,19,4,change_speed,10,7333,37.2,7857,38.3
14,1,6,70,19,5,add_lane,0,5292,32.3,5292,32.3
14,1,6,70,19,5,add_lane,1,5292,32.3,5927,35.5
14,1,6,70,19,5,add_lane,2,5292,32.3,6562,38.8
14,1,6,70,19,5,change_speed,-10,5292,32.3,4914,24.9
14,1,6,70,19,5,change_speed,0,5292,32.3,5292,29.1
14,1,6,70,19,5,change_speed,10,5292,32.3,5670,33.2
14,1,6,70,19,6,add_lane,0,4649,36.8,4649,36.8
14,1,6,70,19,6,add_lane,1,4649,36.8,5207,40.5
14,1,6,70,19,6,add_lane,2,4649,36.8,5765,44.2
14,1,6,70,19,6,change_speed,-10,4649,36.8,4317,28.4
14,1,6,70,19,6,change_speed,0,4649,36.8,4649,33.1
14,1,6,70,19,6,change_speed,10,4649,36.8,4981,37.9
14,1,6,70,20,0,add_lane,0,2657,55.9,2657,55.9
14,1,6,70,20,0,add_lane,1,2657,55.9,2976,61.5
14,1,6,70,20,0,add_lane,2,2657,55.9,3295,67.1
14,1,6,70,20,0,change_speed,-10,2657,55.9,2467,43.1
14,1,6,70,20,0,change_speed,0,2657,55.9,2657,50.3
14,1,6,70,20,0,change_speed,10,2657,55.9,2847,57.5
14,1,6,70,20,1,add_lane,0,5400,47.7,5400,47.7
14,1,6,70,20,1,add_lane,1,5400,47.7,6048,52.5
14,1,6,70,20,1,add_lane,2,5400,47.7,6696,57.2
14,1,6,70,20,1,change_speed,-10,5400,47.7,5014,36.8
14,1,6,70,20,1,change_speed,0,5400,47.7,5400,42.9
14,1,6,70,20,1,change_speed,10,5400,47.7,5786,49.1
14,1,6,70,20,2,add_lane,0,5238,46.8,5238,46.8
14,1,6,70,20,2,add_lane,1,5238,46.8,5867,51.5
14,1,6,70,20,2,add_lane,2,5238,46.8,6495,56.2
14,1,6,70,20,2,change_speed,-10,5238,46.8,4864,36.1
14,1,6,70,20,2,change_speed,0,5238,46.8,5238,42.1
14,1,6,70,20,2,change_speed,10,5238,46.8,5612,48.1
14,1,6,70,20,3,add_lane,0,5238,38.2,5238,38.2
14,1,6,70,20,3,add_lane,1,5238,38.2,5867,42.0
14,1,6,70,20,3,add_lane,2,5238,38.2,6495,45.8
14,1,6,70,20,3,change_speed,-10,5238,38.2,4864,29.5
14,1,6,70,20,3,change_speed,0,5238,38.2,5238,34.4
14,1,6,70,20,3,change_speed,10,5238,38.2,5612,39.3
14,1,6,70,20,4,add_lane,0,5238,47.2,5238,47.2
14,1,6,70,20,4,add_lane,1,5238,47.2,5867,51.9
14,1,6,70,20,4,add_lane,2,5238,47.2,6495,56.6
14,1,6,70,20,4,change_speed,-10,5238,47.2,4864,36.4
14,1,6,70,20,4,change_speed,0,5238,47.2,5238,42.5
14,1,6,70,20,4,change_speed,10,5238,47.2,5612,48.5
14,1,6,70,20,5,add_lane,0,3780,35.0,3780,35.0
14,1,6,70,20,5,add_lane,1,3780,35.0,4234,38.5
14,1,6,70,20,5,add_lane,2,3780,35.0,4687,42.0
14,1,6,70,20,5,change_speed,-10,3780,35.0,3510,27.0
14,1,6,70,20,5,change_speed,0,3780,35.0,3780,31.5
14,1,6,70,20,5,change_speed,10,3780,35.0,4050,36.0
14,1,6,70,20,6,add_lane,0,3321,48.6,3321,48.6
14,1,6,70,20,6,add_lane,1,3321,48.6,3720,53.5
14,1,6,70,20,6,add_lane,2,3321,48.6,4118,58.3
14,1,6,70,20,6,change_speed,-10,3321,48.6,3084,37.5
14,1,6,70,20,6,change_speed,0,3321,48.6,3321,43.7
14,1,6,70,20,6,change_speed,10,3321,48.6,3558,50.0
14,1,6,70,21,0,add_lane,0,1860,50.6,1860,50.6
14,1,6,70,21,0,add_lane,1,1860,50.6,2083,55.7
14,1,6,70,21,0,add_lane,2,1860,50.6,2306,60.7
14,1,6,70,21,0,change_speed,-10,1860,50.6,1727,39.0
14,1,6,70,21,0,change_speed,0,1860,50.6,1860,45.5
14,1,6,70,21,0,change_speed,10,1860,50.6,1993,52.0
14,1,6,70,21,1,add_lane,0,3780,60.0,3780,60.0
14,1,6,70,21,1,add_lane,1,3780,60.0,4234,66.0
14,1,6,70,21,1,add_lane,2,3780,60.0,4687,72.0
14,1,6,70,21,1,change_speed,-10,3780,60.0,3510,46.3
14,1,6,70,21,1,change_speed,0,3780,60.0,3780,54.0
14,1,6,70,21,1,change_speed,10,3780,60.0,4050,61.7
14,1,6,70,21,2,add_lane,0,3667,46.9,3667,46.9
14,1,6,70,21,2,add_lane,1,3667,46.9,4107,51.6
14,1,6,70,21,2,add_lane,2,3667,46.9,4547,56.3
14,1,6,70,21,2,change_speed,-10,3667,46.9,3405,36.2
14,1,6,70,21,2,change_speed,0,3667,46.9,3667,42.2
14,1,6,70,21,2,change_speed,10,3667,46.9,3929,48.2
14,1,6,70,21,3,add_lane,0,3667,53.5,3667,53.5
14,1,6,70,21,3,add_lane,1,3667,53.5,4107,58.9
14,1,6,70,21,3,add_lane,2,3667,53.5,4547,64.2
14,1,6,70,21,3,change_speed,-10,3667,53.5,3405,41.3
14,1,6,70,21,3,change_speed,0,3667,53.5,3667,48.1
14,1,6,70,21,3,change_speed,10,3667,53.5,3929,55.0
14,1,6,70,21,4,add_lane,0,3667,53.4,3667,53.4
14,1,6,70,21,4,add_lane,1,3667,53.4,4107,58.7
14,1,6,70,21,4,add_lane,2,3667,53.4,4547,64.1
14,1,6,70,21,4,change_speed,-10,3667,53.4,3405,41.2
14,1,6,70,21,4,change_speed,0,3667,53.4,3667,48.1
14,1,6,70,21,4,change_speed,10,3667,53.4,3929,54.9
14,1,6,70,21,5,add_lane,0,2646,42.8,2646,42.8
14,1,6,70,21,5,add_lane,1,2646,42.8,2964,47.1
14,1,6,70,21,5,add_lane,2,2646,42.8,3281,51.4
14,1,6,70,21,5,change_speed,-10,2646,42.8,2457,33.0
14,1,6,70,21,5,change_speed,0,2646,42.8,2646,38.5
14,1,6,70,21,5,change_speed,10,2646,42.8,2835,44.0
14,1,6,70,21,6,add_lane,0,2325,49.1,2325,49.1
14,1,6,70,21,6,add_lane,1,2325,49.1,2604,54.0
14,1,6,70,21,6,add_lane,2,2325,49.1,2883,58.9
14,1,6,70,21,6,change_speed,-10,2325,49.1,2159,37.9
14,1,6,70,21,6,change_speed,0,2325,49.1,2325,44.2
14,1,6,70,21,6,change_speed,10,2325,49.1,2491,50.5
14,1,6,70,22,0,add_lane,0,1196,64.2,1196,64.2
14,1,6,70,22,0,add_lane,1,1196,64.2,1340,70.6
14,1,6,70,22,0,add_lane,2,1196,64.2,1483,77.0
14,1,6,70,22,0,change_speed,-10,1196,64.2,1111,49.5
14,1,6,70,22,0,change_speed,0,1196,64.2,1196,57.8
14,1,6,70,22,0,change_speed,10,1196,64.2,1281,66.0
14,1,6,70,22,1,add_lane,0,2430,62.4,2430,62.4
14,1,6,70,22,1,add_lane,1,2430,62.4,2722,68.6
14,1,6,70,22,1,add_lane,2,2430,62.4,3013,74.9
14,1,6,70,22,1,change_speed,-10,2430,62.4,2256,48.1
14,1,6,70,22,1,change_speed,0,2430,62.4,2430,56.2
14,1,6,70,22,1,change_speed,10,2430,62.4,2604,64.2
14,1,6,70,22,2,add_lane,0,2357,62.1,2357,62.1
14,1,6,70,22,2,add_lane,1,2357,62.1,2640,68.3
14,1,6,70,22,2,add_lane,2,2357,62.1,2923,74.5
14,1,6,70,22,2,change_speed,-10,2357,62.1,2189,47.9
14,1,6,70,22,2,change_speed,0,2357,62.1,2357,55.9
14,1,6,70,22,2,change_speed,10,2357,62.1,2525,63.9
14,1,6,70,22,3,add_lane,0,2357,61.4,2357,61.4
14,1,6,70,22,3,add_lane,1,2357,61.4,2640,67.5
14,1,6,70,22,3,add_lane,2,2357,61.4,2923,73.7
14,1,6,70,22,3,change_speed,-10,2357,61.4,2189,47.4
14,1,6,70,22,3,change_speed,0,2357,61.4,2357,55.3
14,1,6,70,22,3,change_speed,10,2357,61.4,2525,63.2
14,1,6,70,22,4,add_lane,0,2357,61.2,2357,61.2
14,1,6,70,22,4,add_lane,1,2357,61.2,2640,67.3
14,1,6,70,22,4,add_lane,2,2357,61.2,2923,73.4
14,1,6,70,22,4,change_speed,-10,2357,61.2,2189,47.2
14,1,6,70,22,4,change_speed,0,2357,61.2,2357,55.1
14,1,6,70,22,4,change_speed,10,2357,61.2,2525,62.9
14,1,6,70,22,5,add_lane,0,1701,42.8,1701,42.8
14,1,6,70,22,5,add_lane,1,1701,42.8,1905,47.1
14,1,6,70,22,5,add_lane,2,1701,42.8,2109,51.4
14,1,6,70,22,5,change_speed,-10,1701,42.8,1580,33.0
14,1,6,70,22,5,change_speed,0,1701,42.8,1701,38.5
14,1,6,70,22,5,change_speed,10,1701,42.8,1822,44.0
14,1,6,70,22,6,add_lane,0,1494,53.4,1494,53.4
14,1,6,70,22,6,add_lane,1,1494,53.4,1673,58.7
14,1,6,70,22,6,add_lane,2,1494,53.4,1853,64.1
14,1,6,70,22,6,change_speed,-10,1494,53.4,1387,41.2
14,1,6,70,22,6,change_speed,0,1494,53.4,1494,48.1
14,1,6,70,22,6,change_speed,10,1494,53.4,1601,54.9
14,1,6,70,23,0,add_lane,0,797,65.9,797,65.9
14,1,6,70,23,0,add_lane,1,797,65.9,893,72.5
14,1,6,70,23,0,add_lane,2,797,65.9,988,79.1
14,1,6,70,23,0,change_speed,-10,797,65.9,740,50.8
14,1,6,70,23,0,change_speed,0,797,65.9,797,59.3
14,1,6,70,23,0,change_speed,10,797,65.9,854,67.8
14,1,6,70,23,1,add_lane,0,1620,59.0,1620,59.0
14,1,6,70,23,1,add_lane,1,1620,59.0,1814,64.9
14,1,6,70,23,1,add_lane,2,1620,59.0,2009,70.8
14,1,6,70,23,1,change_speed,-10,1620,59.0,1504,45.5
14,1,6,70,23,1,change_speed,0,1620,59.0,1620,53.1
14,1,6,70,23,1,change_speed,10,1620,59.0,1736,60.7
14,1,6,70,23,2,add_lane,0,1571,70.7,1571,70.7
14,1,6,70,23,2,add_lane,1,1571,70.7,1760,77.8
14,1,6,70,23,2,add_lane,2,1571,70.7,1948,84.8
14,1,6,70,23,2,change_speed,-10,1571,70.7,1459,54.5
14,1,6,70,23,2,change_speed,0,1571,70.7,1571,63.6
14,1,6,70,23,2,change_speed,10,1571,70.7,1683,72.7
14,1,6,70,23,3,add_lane,0,1571,54.8,1571,54.8
14,1,6,70,23,3,add_lane,1,1571,54.8,1760,60.3
14,1,6,70,23,3,add_lane,2,1571,54.8,1948,65.8
14,1,6,70,23,3,change_speed,-10,1571,54.8,1459,42.3
14,1,6,70,23,3,change_speed,0,1571,54.8,1571,49.3
14,1,6,70,23,3,change_speed,10,1571,54.8,1683,56.4
14,1,6,70,23,4,add_lane,0,1571,55.5,1571,55.5
14,1,6,70,23,4,add_lane,1,1571,55.5,1760,61.1
14,1,6,70,23,4,add_lane,2,1571,55.5,1948,66.6
14,1,6,70,23,4,change_speed,-10,1571,55.5,1459,42.8
14,1,6,70,23,4,change_speed,0,1571,55.5,1571,50.0
14,1,6,70,23,4,change_speed,10,1571,55.5,1683,57.1
14,1,6,70,23,5,add_lane,0,1134,43.9,1134,43.9
14,1,6,70,23,5,add_lane,1,1134,43.9,1270,48.3
14,1,6,70,23,5,add_lane,2,1134,43.9,1406,52.7
14,1,6,70,23,5,change_speed,-10,1134,43.9,1053,33.9
14,1,6,70,23,5,change_speed,0,1134,43.9,1134,39.5
14,1,6,70,23,5,change_speed,10,1134,43.9,1215,45.2
14,1,6,70,23,6,add_lane,0,996,53.6,996,53.6
14,1,6,70,23,6,add_lane,1,996,53.6,1116,59.0
14,1,6,70,23,6,add_lane,2,996,53.6,1235,64.3
14,1,6,70,23,6,change_speed,-10,996,53.6,925,41.3
14,1,6,70,23,6,change_speed,0,996,53.6,996,48.2
14,1,6,70,23,6,change_speed,10,996,53.6,1067,55.1
15,2,6,80,0,0,add_lane,0,930,67.7,930,67.7
15,2,6,80,0,0,add_lane,1,930,67.7,1042,74.5
15,2,6,80,0,0,add_lane,2,930,67.7,1153,81.2
15,2,6,80,0,0,change_speed,-10,930,67.7,872,53.3
15,2,6,80,0,0,change_speed,0,930,67.7,930,60.9
15,2,6,80,0,0,change_speed,10,930,67.7,988,68.5
15,2,6,80,0,1,add_lane,0,1890,75.4,1890,75.4
15,2,6,80,0,1,add_lane,1,1890,75.4,2117,82.9
15,2,6,80,0,1,add_lane,2,1890,75.4,2344,90.5
15,2,6,80,0,1,change_speed,-10,1890,75.4,1772,59.4
15,2,6,80,0,1,change_speed,0,1890,75.4,1890,67.9
15,2,6,80,0,1,change_speed,10,1890,75.4,2008,76.3
15,2,6,80,0,2,add_lane,0,1833,72.7,1833,72.7
15,2,6,80,0,2,add_lane,1,1833,72.7,2053,80.0
15,2,6,80,0,2,add_lane,2,1833,72.7,2273,87.2
15,2,6,80,0,2,change_speed,-10,1833,72.7,1718,57.3
15,2,6,80,0,2,change_speed,0,1833,72.7,1833,65.4
15,2,6,80,0,2,change_speed,10,1833,72.7,1948,73.6
15,2,6,80,0,3,add_lane,0,1833,78.6,1833,78.6
15,2,6,80,0,3,add_lane,1,1833,78.6,2053,86.5
15,2,6,80,0,3,add_lane,2,1833,78.6,2273,94.3
15,2,6,80,0,3,change_speed,-10,1833,78.6,1718,61.9
15,2,6,80,0,3,change_speed,0,1833,78.6,1833,70.7
15,2,6,80,0,3,change_speed,10,1833,78.6,1948,79.6
15,2,6,80,0,4,add_lane,0,1833,78.0,1833,78.0
15,2,6,80,0,4,add_lane,1,1833,78.0,2053,85.8
15,2,6,80,0,4,add_lane,2,1833,78.0,2273,93.6
15,2,6,80,0,4,change_speed,-10,1833,78.0,1718,61.4
15,2,6,80,0,4,change_speed,0,1833,78.0,1833,70.2
15,2,6,80,0,4,change_speed,10,1833,78.0,1948,79.0
15,2,6,80,0,5,add_lane,0,1323,45.2,1323,45.2
15,2,6,80,0,5,add_lane,1,1323,45.2,1482,49.7
15,2,6,80,0,5,add_lane,2,1323,45.2,1641,54.2
15,2,6,80,0,5,change_speed,-10,1323,45.2,1240,35.6
15,2,6,80,0,5,change_speed,0,1323,45.2,1323,40.7
15,2,6,80,0,5,change_speed,10,1323,45.2,1406,45.8
15,2,6,80,0,6,add_lane,0,1162,63.7,1162,63.7
15,2,6,80,0,6,add_lane,1,1162,63.7,1301,70.1
15,2,6,80,0,6,add_lane,2,1162,63.7,1441,76.4
15,2,6,80,0,6,change_speed,-10,1162,63.7,1089,50.2
15,2,6,80,0,6,change_speed,0,1162,63.7,1162,57.3
15,2,6,80,0,6,change_speed,10,1162,63.7,1235,64.5
15,2,6,80,1,0,add_lane,0,797,77.1,797,77.1
15,2,6,80,1,0,add_lane,1,797,77.1,893,84.8
15,2,6,80,1,0,add_lane,2,797,77.1,988,92.5
15,2,6,80,1,0,change_speed,-10,797,77.1,747,60.7
15,2,6,80,1,0,change_speed,0,797,77.1,797,69.4
15,2,6,80,1,0,change_speed,10,797,77.1,847,78.1
15,2,6,80,1,1,add_lane,0,1620,77.2,1620,77.2
15,2,6,80,1,1,add_lane,1,1620,77.2,1814,84.9
15,2,6,80,1,1,add_lane,2,1620,77.2,2009,92.6
15,2,6,80,1,1,change_speed,-10,1620,77.2,1519,60.8
15,2,6,80,1,1,change_speed,0,1620,77.2,1620,69.5
15,2,6,80,1,1,change_speed,10,1620,77.2,1721,78.2
15,2,6,80,1,2,add_lane,0,1571,75.1,1571,75.1
15,2,6,80,1,2,add_lane,1,1571,75.1,1760,82.6
15,2,6,80,1,2,add_lane,2,1571,75.1,1948,90.1
15,2,6,80,1,2,change_speed,-10,1571,75.1,1473,59.1
15,2,6,80,1,2,change_speed,0,1571,75.1,1571,67.6
15,2,6,80,1,2,change_speed,10,1571,75.1,1669,76.0
15,2,6,80,1,3,add_lane,0,1571,71.1,1571,71.1
15,2,6,80,1,3,add_lane,1,1571,71.1,1760,78.2
15,2,6,80,1,3,add_lane,2,1571,71.1,1948,85.3
15,2,6,80,1,3,change_speed,-10,1571,71.1,1473,56.0
15,2,6,80,1,3,change_speed,0,1571,71.1,1571,64.0
15,2,6,80,1,3,change_speed,10,1571,71.1,1669,72.0
15,2,6,80,1,4,add_lane,0,1571,68.7,1571,68.7
15,2,6,80,1,4,add_lane,1,1571,68.7,1760,75.6
15,2,6,80,1,4,add_lane,2,1571,68.7,1948,82.4
15,2,6,80,1,4,change_speed,-10,1571,68.7,1473,54.1
15,2,6,80,1,4,change_speed,0,1571,68.7,1571,61.8
15,2,6,80,1,4,change_speed,10,1571,68.7,1669,69.6
15,2,6,80,1,5,add_lane,0,1134,52.9,1134,52.9
15,2,6,80,1,5,add_lane,1,1134,52.9,1270,58.2
15,2,6,80,1,5,add_lane,2,1134,52.9,1406,63.5
15,2,6,80,1,5,change_speed,-10,1134,52.9,1063,41.7
15,2,6,80,1,5,change_speed,0,1134,52.9,1134,47.6
15,2,6,80,1,5,change_speed,10,1134,52.9,1205,53.6
15,2,6,80,1,6,add_lane,0,996,73.7,996,73.7
15,2,6,80,1,6,add_lane,1,996,73.7,1116,81.1
15,2,6,80,1,6,add_lane,2,996,73.7,1235,88.4
15,2,6,80,1,6,change_speed,-10,996,73.7,934,58.0
15,2,6,80,1,6,change_speed,0,996,73.7,996,66.3
15,2,6,80,1,6,change_speed,10,996,73.7,1058,74.6
15,2,6,80,2,0,add_lane,0,744,62.4,744,62.4
15,2,6,80,2,0,add_lane,1,744,62.4,833,68.6
15,2,6,80,2,0,add_lane,2,744,62.4,923,74.9
15,2,6,80,2,0,change_speed,-10,744,62.4,698,49.1
15,2,6,80,2,0,change_speed,0,744,62.4,744,56.2
15,2,6,80,2,0,change_speed,10,744,62.4,790,63.2
15,2,6,80,2,1,add_lane,0,1512,77.5,1512,77.5
15,2,6,80,2,1,add_lane,1,1512,77.5,1693,85.2
15,2,6,80,2,1,add_lane,2,1512,77.5,1875,93.0
15,2,6,80,2,1,change_speed,-10,1512,77.5,1418,61.0
15,2,6,80,2,1,change_speed,0,1512,77.5,1512,69.8
15,2,6,80,2,1,change_speed,10,1512,77.5,1606,78.5
15,2,6,80,2,2,add_lane,0,1467,79.0,1467,79.0
15,2,6,80,2,2,add_lane,1,1467,79.0,1643,86.9
15,2,6,80,2,2,add_lane,2,1467,79.0,1819,94.8
15,2,6,80,2,2,change_speed,-10,1467,79.0,1375,62.2
15,2,6,80,2,2,change_speed,0,1467,79.0,1467,71.1
15,2,6,80,2,2,change_speed,10,1467,79.0,1559,80.0
15,2,6,80,2,3,add_lane,0,1467,76.4,1467,76.4
15,2,6,80,2,3,add_lane,1,1467,76.4,1643,84.0
15,2,6,80,2,3,add_lane,2,1467,76.4,1819,91.7
15,2,6,80,2,3,change_speed,-10,1467,76.4,1375,60.2
15,2,6,80,2,3,change_speed,0,1467,76.4,1467,68.8
15,2,6,80,2,3,change_speed,10,1467,76.4,1559,77.4
15,2,6,80,2,4,add_lane,0,1467,70.1,1467,70.1
15,2,6,80,2,4,add_lane,1,1467,70.1,1643,77.1
15,2,6,80,2,4,add_lane,2,1467,70.1,1819,84.1
15,2,6,80,2,4,change_speed,-10,1467,70.1,1375,55.2
15,2,6,80,2,4,change_speed,0,1467,70.1,1467,63.1
15,2,6,80,2,4,change_speed,10,1467,70.1,1559,71.0
15,2,6,80,2,5,add_lane,0,1058,50.9,1058,50.9
15,2,6,80,2,5,add_lane,1,1058,50.9,1185,56.0
15,2,6,80,2,5,add_lane,2,1058,50.9,1312,61.1
15,2,6,80,2,5,change_speed,-10,1058,50.9,992,40.1
15,2,6,80,2,5,change_speed,0,1058,50.9,1058,45.8
15,2,6,80,2,5,change_speed,10,1058,50.9,1124,51.5
15,2,6,80,2,6,add_lane,0,930,67.2,930,67.2
15,2,6,80,2,6,add_lane,1,930,67.2,1042,73.9
15,2,6,80,2,6,add_lane,2,930,67.2,1153,80.6
15,2,6,80,2,6,change_speed,-10,930,67.2,872,52.9
15,2,6,80,2,6,change_speed,0,930,67.2,930,60.5
15,2,6,80,2,6,change_speed,10,930,67.2,988,68.0
15,2,6,80,3,0,add_lane,0,664,74.0,664,74.0
15,2,6,80,3,0,add_lane,1,664,74.0,744,81.4
15,2,6,80,3,0,add_lane,2,664,74.0,823,88.8
15,2,6,80,3,0,change_speed,-10,664,74.0,622,58.3
15,2,6,80,3,0,change_speed,0,664,74.0,664,66.6
15,2,6,80,3,0,change_speed,10,664,74.0,706,74.9
15,2,6,80,3,1,add_lane,0,1350,76.6,1350,76.6
15,2,6,80,3,1,add_lane,1,1350,76.6,1512,84.3
15,2,6,80,3,1,add_lane,2,1350,76.6,1674,91.9
15,2,6,80,3,1,change_speed,-10,1350,76.6,1266,60.3
15,2,6,80,3,1,change_speed,0,1350,76.6,1350,68.9
15,2,6,80,3,1,change_speed,10,1350,76.6,1434,77.6
15,2,6,80,3,2,add_lane,0,1310,78.9,1310,78.9
15,2,6,80,3,2,add_lane,1,1310,78.9,1467,86.8
15,2,6,80,3,2,add_lane,2,1310,78.9,1624,94.7
15,2,6,80,3,2,change_speed,-10,1310,78.9,1228,62.1
15,2,6,80,3,2,change_speed,0,1310,78.9,1310,71.0
15,2,6,80,3,2,change_speed,10,1310,78.9,1392,79.9
15,2,6,80,3,3,add_lane,0,1310,74.8,1310,74.8
15,2,6,80,3,3,add_lane,1,1310,74.8,1467,82.3
15,2,6,80,3,3,add_lane,2,1310,74.8,1624,89.8
15,2,6,80,3,3,change_speed,-10,1310,74.8,1228,58.9
15,2,6,80,3,3,change_speed,0,1310,74.8,1310,67.3
15,2,6,80,3,3,change_speed,10,1310,74.8,1392,75.7
15,2,6,80,3,4,add_lane,0,1310,73.8,1310,73.8
15,2,6,80,3,4,add_lane,1,1310,73.8,1467,81.2
15,2,6,80,3,4,add_lane,2,1310,73.8,1624,88.6
15,2,6,80,3,4,change_speed,-10,1310,73.8,1228,58.1
15,2,6,80,3,4,change_speed,0,1310,73.8,1310,66.4
15,2,6,80,3,4,change_speed,10,1310,73.8,1392,74.7
15,2,6,80,3,5,add_lane,0,945,53.7,945,53.7
15,2,6,80,3,5,add_lane,1,945,53.7,1058,59.1
15,2,6,80,3,5,add_lane,2,945,53.7,1172,64.4
15,2,6,80,3,5,change_speed,-10,945,53.7,886,42.3
15,2,6,80,3,5,change_speed,0,945,53.7,945,48.3
15,2,6,80,3,5,change_speed,10,945,53.7,1004,54.4
15,2,6,80,3,6,add_lane,0,830,63.7,830,63.7
15,2,6,80,3,6,add_lane,1,830,63.7,930,70.1
15,2,6,80,3,6,add_lane,2,830,63.7,1029,76.4
15,2,6,80,3,6,change_speed,-10,830,63.7,778,50.2
15,2,6,80,3,6,change_speed,0,830,63.7,830,57.3
15,2,6,80,3,6,change_speed,10,830,63.7,882,64.5
15,2,6,80,4,0,add_lane,0,744,72.2,744,72.2
15,2,6,80,4,0,add_lane,1,744,72.2,833,79.4
15,2,6,80,4,0,add_lane,2,744,72.2,923,86.6
15,2,6,80,4,0,change_speed,-10,744,72.2,698,56.9
15,2,6,80,4,0,change_speed,0,744,72.2,744,65.0
15,2,6,80,4,0,change_speed,10,744,72.2,790,73.1
15,2,6,80,4,1,add_lane,0,1512,79.6,1512,79.6
15,2,6,80,4,1,add_lane,1,1512,79.6,1693,87.6
15,2,6,80,4,1,add_lane,2,1512,79.6,1875,95.5
15,2,6,80,4,1,change_speed,-10,1512,79.6,1418,62.7
15,2,6,80,4,1,change_speed,0,1512,79.6,1512,71.6
15,2,6,80,4,1,change_speed,10,1512,79.6,1606,80.6
15,2,6,80,4,2,add_lane,0,1467,80.1,1467,80.1
15,2,6,80,4,2,add_lane,1,1467,80.1,1643,88.1
15,2,6,80,4,2,add_lane,2,1467,80.1,1819,96.1
15,2,6,80,4,2,change_speed,-10,1467,80.1,1375,63.1
15,2,6,80,4,2,change_speed,0,1467,80.1,1467,72.1
15,2,6,80,4,2,change_speed,10,1467,80.1,1559,81.1
15,2,6,80,4,3,add_lane,0,1467,69.1,1467,69.1
15,2,6,80,4,3,add_lane,1,1467,69.1,1643,76.0
15,2,6,80,4,3,add_lane,2,1467,69.1,1819,82.9
15,2,6,80,4,3,change_speed,-10,1467,69.1,1375,54.4
15,2,6,80,4,3,change_speed,0,1467,69.1,1467,62.2
15,2,6,80,4,3,change_speed,10,1467,69.1,1559,70.0
15,2,6,80,4,4,add_lane,0,1467,66.9,1467,66.9
15,2,6,80,4,4,add_lane,1,1467,66.9,1643,73.6
15,2,6,80,4,4,add_lane,2,1467,66.9,1819,80.3
15,2,6,80,4,4,change_speed,-10,1467,66.9,1375,52.7
15,2,6,80,4,4,change_speed,0,1467,66.9,1467,60.2
15,2,6,80,4,4,change_speed,10,1467,66.9,1559,67.7
15,2,6,80,4,5,add_lane,0,1058,45.6,1058,45.6
15,2,6,80,4,5,add_lane,1,1058,45.6,1185,50.2
15,2,6,80,4,5,add_lane,2,1058,45.6,1312,54.7
15,2,6,80,4,5,change_speed,-10,1058,45.6,992,35.9
15,2,6,80,4,5,change_speed,0,1058,45.6,1058,41.0
15,2,6,80,4,5,change_speed,10,1058,45.6,1124,46.2
15,2,6,80,4,6,add_lane,0,930,64.0,930,64.0
15,2,6,80,4,6,add_lane,1,930,64.0,1042,70.4
15,2,6,80,4,6,add_lane,2,930,64.0,1153,76.8
15,2,6,80,4,6,change_speed,-10,930,64.0,872,50.4
15,2,6,80,4,6,change_speed,0,930,64.0,930,57.6
15,2,6,80,4,6,change_speed,10,930,64.0,988,64.8
15,2,6,80,5,0,add_lane,0,1196,68.3,1196,68.3
15,2,6,80,5,0,add_lane,1,1196,68.3,1340,75.1
15,2,6,80,5,0,add_lane,2,1196,68.3,1483,82.0
15,2,6,80,5,0,change_speed,-10,1196,68.3,1121,53.8
15,2,6,80,5,0,change_speed,0,1196,68.3,1196,61.5
15,2,6,80,5,0,change_speed,10,1196,68.3,1271,69.2
15,2,6,80,5,1,add_lane,0,2430,73.1,2430,73.1
15,2,6,80,5,1,add_lane,1,2430,73.1,2722,80.4
15,2,6,80,5,1,add_lane,2,2430,73.1,3013,87.7
15,2,6,80,5,1,change_speed,-10,2430,73.1,2278,57.6
15,2,6,80,5,1,change_speed,0,2430,73.1,2430,65.8
15,2,6,80,5,1,change_speed,10,2430,73.1,2582,74.0
15,2,6,80,5,2,add_lane,0,2357,69.6,2357,69.6
15,2,6,80,5,2,add_lane,1,2357,69.6,2640,76.6
15,2,6,80,5,2,add_lane,2,2357,69.6,2923,83.5
15,2,6,80,5,2,change_speed,-10,2357,69.6,2210,54.8
15,2,6,80,5,2,change_speed,0,2357,69.6,2357,62.6
15,2,6,80,5,2,change_speed,10,2357,69.6,2504,70.5
15,2,6,80,5,3,add_lane,0,2357,65.2,2357,65.2
15,2,6,80,5,3,add_lane,1,2357,65.2,2640,71.7
15,2,6,80,5,3,add_lane,2,2357,65.2,2923,78.2
15,2,6,80,5,3,change_speed,-10,2357,65.2,2210,51.3
15,2,6,80,5,3,change_speed,0,2357,65.2,2357,58.7
15,2,6,80,5,3,change_speed,10,2357,65.2,2504,66.0
15,2,6,80,5,4,add_lane,0,2357,71.6,2357,71.6
15,2,6,80,5,4,add_lane,1,2357,71.6,2640,78.8
15,2,6,80,5,4,add_lane,2,2357,71.6,2923,85.9
15,2,6,80,5,4,change_speed,-10,2357,71.6,2210,56.4
15,2,6,80,5,4,change_speed,0,2357,71.6,2357,64.4
15,2,6,80,5,4,change_speed,10,2357,71.6,2504,72.5
15,2,6,80,5,5,add_lane,0,1701,50.8,1701,50.8
15,2,6,80,5,5,add_lane,1,1701,50.8,1905,55.9
15,2,6,80,5,5,add_lane,2,1701,50.8,2109,61.0
15,2,6,80,5,5,change_speed,-10,1701,50.8,1595,40.0
15,2,6,80,5,5,change_speed,0,1701,50.8,1701,45.7
15,2,6,80,5,5,change_speed,10,1701,50.8,1807,51.4
15,2,6,80,5,6,add_lane,0,1494,57.5,1494,57.5
15,2,6,80,5,6,add_lane,1,1494,57.5,1673,63.3
15,2,6,80,5,6,add_lane,2,1494,57.5,1853,69.0
15,2,6,80,5,6,change_speed,-10,1494,57.5,1401,45.3
15,2,6,80,5,6,change_speed,0,1494,57.5,1494,51.8
15,2,6,80,5,6,change_speed,10,1494,57.5,1587,58.2
15,2,6,80,6,0,add_lane,0,2125,64.7,2125,64.7
15,2,6,80,6,0,add_lane,1,2125,64.7,2380,71.2
15,2,6,80,6,0,add_lane,2,2125,64.7,2635,77.6
15,2,6,80,6,0,change_speed,-10,2125,64.7,1992,51.0
15,2,6,80,6,0,change_speed,0,2125,64.7,2125,58.2
15,2,6,80,6,0,change_speed,10,2125,64.7,2258,65.5
15,2,6,80,6,1,add_lane,0,4320,61.0,4320,61.0
15,2,6,80,6,1,add_lane,1,4320,61.0,4838,67.1
15,2,6,80,6,1,add_lane,2,4320,61.0,5357,73.2
15,2,6,80,6,1,change_speed,-10,4320,61.0,4050,48.0
15,2,6,80,6,1,change_speed,0,4320,61.0,4320,54.9
15,2,6,80,6,1,change_speed,10,4320,61.0,4590,61.8
15,2,6,80,6,2,add_lane,0,4190,50.8,4190,50.8
15,2,6,80,6,2,add_lane,1,4190,50.8,4693,55.9
15,2,6,80,6,2,add_lane,2,4190,50.8,5196,61.0
15,2,6,80,6,2,change_speed,-10,4190,50.8,3928,40.0
15,2,6,80,6,2,change_speed,0,4190,50.8,4190,45.7
15,2,6,80,6,2,change_speed,10,4190,50.8,4452,51.4
15,2,6,80,6,3,add_lane,0,4190,55.5,4190,55.5
15,2,6,80,6,3,add_lane,1,4190,55.5,4693,61.1
15,2,6,80,6,3,add_lane,2,4190,55.5,5196,66.6
15,2,6,80,6,3,change_speed,-10,4190,55.5,3928,43.7
15,2,6,80,6,3,change_speed,0,4190,55.5,4190,50.0
15,2,6,80,6,3,change_speed,10,4190,55.5,4452,56.2
15,2,6,80,6,4,add_lane,0,4190,60.1,4190,60.1
15,2,6,80,6,4,add_lane,1,4190,60.1,4693,66.1
15,2,6,80,6,4,add_lane,2,4190,60.1,5196,72.1
15,2,6,80,6,4,change_speed,-10,4190,60.1,3928,47.3
15,2,6,80,6,4,change_speed,0,4190,60.1,4190,54.1
15,2,6,80,6,4,change_speed,10,4190,60.1,4452,60.9
15,2,6,80,6,5,add_lane,0,3024,38.4,3024,38.4
15,2,6,80,6,5,add_lane,1,3024,38.4,3387,42.2
15,2,6,80,6,5,add_lane,2,3024,38.4,3750,46.1
15,2,6,80,6,5,change_speed,-10,3024,38.4,2835,30.2
15,2,6,80,6,5,change_speed,0,3024,38.4,3024,34.6
15,2,6,80,6,5,change_speed,10,3024,38.4,3213,38.9
15,2,6,80,6,6,add_lane,0,2657,53.3,2657,53.3
15,2,6,80,6,6,add_lane,1,2657,53.3,2976,58.6
15,2,6,80,6,6,add_lane,2,2657,53.3,3295,64.0
15,2,6,80,6,6,change_speed,-10,2657,53.3,2491,42.0
15,2,6,80,6,6,change_speed,0,2657,53.3,2657,48.0
15,2,6,80,6,6,change_speed,10,2657,53.3,2823,54.0
15,2,6,80,7,0,add_lane,0,4782,52.0,4782,52.0
15,2,6,80,7,0,add_lane,1,4782,52.0,5356,57.2
15,2,6,80,7,0,add_lane,2,4782,52.0,5930,62.4
15,2,6,80,7,0,change_speed,-10,4782,52.0,4483,41.0
15,2,6,80,7,0,change_speed,0,4782,52.0,4782,46.8
15,2,6,80,7,0,change_speed,10,4782,52.0,5081,52.6
15,2,6,80,7,1,add_lane,0,9720,28.1,9720,28.1
15,2,6,80,7,1,add_lane,1,9720,28.1,10886,30.9
15,2,6,80,7,1,add_lane,2,9720,28.1,12053,33.7
15,2,6,80,7,1,change_speed,-10,9720,28.1,9112,22.1
15,2,6,80,7,1,change_speed,0,9720,28.1,9720,25.3
15,2,6,80,7,1,change_speed,10,9720,28.1,10328,28.5
15,2,6,80,7,2,add_lane,0,9428,29.7,9428,29.7
15,2,6,80,7,2,add_lane,1,9428,29.7,10559,32.7
15,2,6,80,7,2,add_lane,2,9428,29.7,11691,35.6
15,2,6,80,7,2,change_speed,-10,9428,29.7,8839,23.4
15,2,6,80,7,2,change_speed,0,9428,29.7,9428,26.7
15,2,6,80,7,2,change_speed,10,9428,29.7,10017,30.1
15,2,6,80,7,3,add_lane,0,9428,29.6,9428,29.6
15,2,6,80,7,3,add_lane,1,9428,29.6,10559,32.6
15,2,6,80,7,3,add_lane,2,9428,29.6,11691,35.5
15,2,6,80,7,3,change_speed,-10,9428,29.6,8839,23.3
15,2,6,80,7,3,change_speed,0,9428,29.6,9428,26.6
15,2,6,80,7,3,change_speed,10,9428,29.6,10017,30.0
15,2,6,80,7,4,add_lane,0,9428,27.0,9428,27.0
15,2,6,80,7,4,add_lane,1,9428,27.0,10559,29.7
15,2,6,80,7,4,add_lane,2,9428,27.0,11691,32.4
15,2,6,80,7,4,change_speed,-10,9428,27.0,8839,21.3
15,2,6,80,7,4,change_speed,0,9428,27.0,9428,24.3
15,2,6,80,7,4,change_speed,10,9428,27.0,10017,27.3
15,2,6,80,7,5,add_lane,0,6804,31.6,6804,31.6
15,2,6,80,7,5,add_lane,1,6804,31.6,7620,34.8
15,2,6,80,7,5,add_lane,2,6804,31.6,8437,37.9
15,2,6,80,7,5,change_speed,-10,6804,31.6,6379,24.9
15,2,6,80,7,5,change_speed,0,6804,31.6,6804,28.4
15,2,6,80,7,5,change_speed,10,6804,31.6,7229,32.0
15,2,6,80,7,6,add_lane,0,5978,37.4,5978,37.4
15,2,6,80,7,6,add_lane,1,5978,37.4,6695,41.1
15,2,6,80,7,6,add_lane,2,5978,37.4,7413,44.9
15,2,6,80,7,6,change_speed,-10,5978,37.4,5604,29.5
15,2,6,80,7,6,change_speed,0,5978,37.4,5978,33.7
15,2,6,80,7,6,change_speed,10,5978,37.4,6352,37.9
15,2,6,80,8,0,add_lane,0,5845,39.7,5845,39.7
15,2,6,80,8,0,add_lane,1,5845,39.7,6546,43.7
15,2,6,80,8,0,add_lane,2,5845,39.7,7248,47.6
15,2,6,80,8,0,change_speed,-10,5845,39.7,5480,31.3
15,2,6,80,8,0,change_speed,0,5845,39.7,5845,35.7
15,2,6,80,8,0,change_speed,10,5845,39.7,6210,40.2
15,2,6,80,8,1,add_lane,0,11880,13.6,11880,13.6
15,2,6,80,8,1,add_lane,1,11880,13.6,13306,15.0
15,2,6,80,8,1,add_lane,2,11880,13.6,14731,16.3
15,2,6,80,8,1,change_speed,-10,11880,13.6,11138,10.7
15,2,6,80,8,1,change_speed,0,11880,13.6,11880,12.2
15,2,6,80,8,1,change_speed,10,11880,13.6,12622,13.8
15,2,6,80,8,2,add_lane,0,11524,15.1,11524,15.1
15,2,6,80,8,2,add_lane,1,11524,15.1,12907,16.6
15,2,6,80,8,2,add_lane,2,11524,15.1,14290,18.1
15,2,6,80,8,2,change_speed,-10,11524,15.1,10804,11.9
15,2,6,80,8,2,change_speed,0,11524,15.1,11524,13.6
15,2,6,80,8,2,change_speed,10,11524,15.1,12244,15.3
15,2,6,80,8,3,add_lane,0,11524,15.2,11524,15.2
15,2,6,80,8,3,add_lane,1,11524,15.2,12907,16.7
15,2,6,80,8,3,add_lane,2,11524,15.2,14290,18.2
15,2,6,80,8,3,change_speed,-10,11524,15.2,10804,12.0
15,2,6,80,8,3,change_speed,0,11524,15.2,11524,13.7
15,2,6,80,8,3,change_speed,10,11524,15.2,12244,15.4
15,2,6,80,8,4,add_lane,0,11524,14.7,11524,14.7
15,2,6,80,8,4,add_lane,1,11524,14.7,12907,16.2
15,2,6,80,8,4,add_lane,2,11524,14.7,14290,17.6
15,2,6,80,8,4,change_speed,-10,11524,14.7,10804,11.6
15,2,6,80,8,4,change_speed,0,11524,14.7,11524,13.2
15,2,6,80,8,4,change_speed,10,11524,14.7,12244,14.9
15,2,6,80,8,5,add_lane,0,8316,24.2,8316,24.2
15,2,6,80,8,5,add_lane,1,8316,24.2,9314,26.6
15,2,6,80,8,5,add_lane,2,8316,24.2,10312,29.0
15,2,6,80,8,5,change_speed,-10,8316,24.2,7796,19.1
15,2,6,80,8,5,change_speed,0,8316,24.2,8316,21.8
15,2,6,80,8,5,change_speed,10,8316,24.2,8836,24.5
15,2,6,80,8,6,add_lane,0,7306,34.5,7306,34.5
15,2,6,80,8,6,add_lane,1,7306,34.5,8183,38.0
15,2,6,80,8,6,add_lane,2,7306,34.5,9059,41.4
15,2,6,80,8,6,change_speed,-10,7306,34.5,6849,27.2
15,2,6,80,8,6,change_speed,0,7306,34.5,7306,31.1
15,2,6,80,8,6,change_speed,10,7306,34.5,7763,34.9
15,2,6,80,9,0,add_lane,0,4517,54.8,4517,54.8
15,2,6,80,9,0,add_lane,1,4517,54.8,5059,60.3
15,2,6,80,9,0,add_lane,2,4517,54.8,5601,65.8
15,2,6,80,9,0,change_speed,-10,4517,54.8,4235,43.2
15,2,6,80,9,0,change_speed,0,4517,54.8,4517,49.3
15,2,6,80,9,0,change_speed,10,4517,54.8,4799,55.5
15,2,6,80,9,1,add_lane,0,9180,29.9,9180,29.9
15,2,6,80,9,1,add_lane,1,9180,29.9,10282,32.9
15,2,6,80,9,1,add_lane,2,9180,29.9,11383,35.9
15,2,6,80,9,1,change_speed,-10,9180,29.9,8606,23.5
15,2,6,80,9,1,change_speed,0,9180,29.9,9180,26.9
15,2,6,80,9,1,change_speed,10,9180,29.9,9754,30.3
15,2,6,80,9,2,add_lane,0,8905,29.2,8905,29.2
15,2,6,80,9,2,add_lane,1,8905,29.2,9974,32.1
15,2,6,80,9,2,add_lane,2,8905,29.2,11042,35.0
15,2,6,80,9,2,change_speed,-10,8905,29.2,8348,23.0
15,2,6,80,9,2,change_speed,0,8905,29.2,8905,26.3
15,2,6,80,9,2,change_speed,10,8905,29.2,9462,29.6
15,2,6,80,9,3,add_lane,0,8905,29.9,8905,29.9
15,2,6,80,9,3,add_lane,1,8905,29.9,9974,32.9
15,2,6,80,9,3,add_lane,2,8905,29.9,11042,35.9
15,2,6,80,9,3,change_speed,-10,8905,29.9,8348,23.5
15,2,6,80,9,3,change_speed,0,8905,29.9,8905,26.9
15,2,6,80,9,3,change_speed,10,8905,29.9,9462,30.3
15,2,6,80,9,4,add_lane,0,8905,29.6,8905,29.6
15,2,6,80,9,4,add_lane,1,8905,29.6,9974,32.6
15,2,6,80,9,4,add_lane,2,8905,29.6,11042,35.5
15,2,6,80,9,4,change_speed,-10,8905,29.6,8348,23.3
15,2,6,80,9,4,change_speed,0,8905,29.6,8905,26.6
15,2,6,80,9,4,change_speed,10,8905,29.6,9462,30.0
15,2,6,80,9,5,add_lane,0,6426,30.6,6426,30.6
15,2,6,80,9,5,add_lane,1,6426,30.6,7197,33.7
15,2,6,80,9,5,add_lane,2,6426,30.6,7968,36.7
15,2,6,80,9,5,change_speed,-10,6426,30.6,6024,24.1
15,2,6,80,9,5,change_speed,0,6426,30.6,6426,27.5
15,2,6,80,9,5,change_speed,10,6426,30.6,6828,31.0
15,2,6,80,9,6,add_lane,0,5646,43.4,5646,43.4
15,2,6,80,9,6,add_lane,1,5646,43.4,6324,47.7
15,2,6,80,9,6,add_lane,2,5646,43.4,7001,52.1
15,2,6,80,9,6,change_speed,-10,5646,43.4,5293,34.2
15,2,6,80,9,6,change_speed,0,5646,43.4,5646,39.1
15,2,6,80,9,6,change_speed,10,5646,43.4,5999,43.9
15,2,6,80,10,0,add_lane,0,3454,56.0,3454,56.0
15,2,6,80,10,0,add_lane,1,3454,56.0,3868,61.6
15,2,6,80,10,0,add_lane,2,3454,56.0,4283,67.2
15,2,6,80,10,0,change_speed,-10,3454,56.0,3238,44.1
15,2,6,80,10,0,change_speed,0,3454,56.0,3454,50.4
15,2,6,80,10,0,change_speed,10,3454,56.0,3670,56.7
15,2,6,80,10,1,add_lane,0,7020,47.9,7020,47.9
15,2,6,80,10,1,add_lane,1,7020,47.9,7862,52.7
15,2,6,80,10,1,add_lane,2,7020,47.9,8705,57.5
15,2,6,80,10,1,change_speed,-10,7020,47.9,6581,37.7
15,2,6,80,10,1,change_speed,0,7020,47.9,7020,43.1
15,2,6,80,10,1,change_speed,10,7020,47.9,7459,48.5
15,2,6,80,10,2,add_lane,0,6809,44.2,6809,44.2
15,2,6,80,10,2,add_lane,1,6809,44.2,7626,48.6
15,2,6,80,10,2,add_lane,2,6809,44.2,8443,53.0
15,2,6,80,10,2,change_speed,-10,6809,44.2,6383,34.8
15,2,6,80,10,2,change_speed,0,6809,44.2,6809,39.8
15,2,6,80,10,2,change_speed,10,6809,44.2,7235,44.8
15,2,6,80,10,3,add_lane,0,6809,40.9,6809,40.9
15,2,6,80,10,3,add_lane,1,6809,40.9,7626,45.0
15,2,6,80,10,3,add_lane,2,6809,40.9,8443,49.1
15,2,6,80,10,3,change_speed,-10,6809,40.9,6383,32.2
15,2,6,80,10,3,change_speed,0,6809,40.9,6809,36.8
15,2,6,80,10,3,change_speed,10,6809,40.9,7235,41.4
15,2,6,80,10,4,add_lane,0,6809,44.9,6809,44.9
15,2,6,80,10,4,add_lane,1,6809,44.9,7626,49.4
15,2,6,80,10,4,add_lane,2,6809,44.9,8443,53.9
15,2,6,80,10,4,change_speed,-10,6809,44.9,6383,35.4
15,2,6,80,10,4,change_speed,0,6809,44.9,6809,40.4
15,2,6,80,10,4,change_speed,10,6809,44.9,7235,45.5
15,2,6,80,10,5,add_lane,0,4914,38.5,4914,38.5
15,2,6,80,10,5,add_lane,1,4914,38.5,5504,42.4
15,2,6,80,10,5,add_lane,2,4914,38.5,6093,46.2
15,2,6,80,10,5,change_speed,-10,4914,38.5,4607,30.3
15,2,6,80,10,5,change_speed,0,4914,38.5,4914,34.6
15,2,6,80,10,5,change_speed,10,4914,38.5,5221,39.0
15,2,6,80,10,6,add_lane,0,4317,49.1,4317,49.1
15,2,6,80,10,6,add_lane,1,4317,49.1,4835,54.0
15,2,6,80,10,6,add_lane,2,4317,49.1,5353,58.9
15,2,6,80,10,6,change_speed,-10,4317,49.1,4047,38.7
15,2,6,80,10,6,change_speed,0,4317,49.1,4317,44.2
15,2,6,80,10,6,change_speed,10,4317,49.1,4587,49.7
15,2,6,80,11,0,add_lane,0,3188,62.4,3188,62.4
15,2,6,80,11,0,add_lane,1,3188,62.4,3571,68.6
15,2,6,80,11,0,add_lane,2,3188,62.4,3953,74.9
15,2,6,80,11,0,change_speed,-10,3188,62.4,2989,49.1
15,2,6,80,11,0,change_speed,0,3188,62.4,3188,56.2
15,2,6,80,11,0,change_speed,10,3188,62.4,3387,63.2
15,2,6,80,11,1,add_lane,0,6480,49.2,6480,49.2
15,2,6,80,11,1,add_lane,1,6480,49.2,7258,54.1
15,2,6,80,11,1,add_lane,2,6480,49.2,8035,59.0
15,2,6,80,11,1,change_speed,-10,6480,49.2,6075,38.7
15,2,6,80,11,1,change_speed,0,6480,49.2,6480,44.3
15,2,6,80,11,1,change_speed,10,6480,49.2,6885,49.8
15,2,6,80,11,2,add_lane,0,6286,46.9,6286,46.9
15,2,6,80,11,2,add_lane,1,6286,46.9,7040,51.6
15,2,6,80,11,2,add_lane,2,6286,46.9,7795,56.3
15,2,6,80,11,2,change_speed,-10,6286,46.9,5893,36.9
15,2,6,80,11,2,change_speed,0,6286,46.9,6286,42.2
15,2,6,80,11,2,change_speed,10,6286,46.9,6679,47.5
15,2,6,80,11,3,add_lane,0,6286,49.7,6286,49.7
15,2,6,80,11,3,add_lane,1,6286,49.7,7040,54.7
15,2,6,80,11,3,add_lane,2,6286,49.7,7795,59.6
15,2,6,80,11,3,change_speed,-10,6286,49.7,5893,39.1
15,2,6,80,11,3,change_speed,0,6286,49.7,6286,44.7
15,2,6,80,11,3,change_speed,10,6286,49.7,6679,50.3
15,2,6,80,11,4,add_lane,0,6286,41.9,6286,41.9
15,2,6,80,11,4,add_lane,1,6286,41.9,7040,46.1
15,2,6,80,11,4,add_lane,2,6286,41.9,7795,50.3
15,2,6,80,11,4,change_speed,-10,6286,41.9,5893,33.0
15,2,6,80,11,4,change_speed,0,6286,41.9,6286,37.7
15,2,6,80,11,4,change_speed,10,6286,41.9,6679,42.4
15,2,6,80,11,5,add_lane,0,4536,36.5,4536,36.5
15,2,6,80,11,5,add_lane,1,4536,36.5,5080,40.2
15,2,6,80,11,5,add_lane,2,4536,36.5,5625,43.8
15,2,6,80,11,5,change_speed,-10,4536,36.5,4252,28.7
15,2,6,80,11,5,change_speed,0,4536,36.5,4536,32.9
15,2,6,80,11,5,change_speed,10,4536,36.5,4820,37.0
15,2,6,80,11,6,add_lane,0,3985,51.6,3985,51.6
15,2,6,80,11,6,add_lane,1,3985,51.6,4463,56.8
15,2,6,80,11,6,add_lane,2,3985,51.6,4941,61.9
15,2,6,80,11,6,change_speed,-10,3985,51.6,3736,40.6
15,2,6,80,11,6,change_speed,0,3985,51.6,3985,46.4
15,2,6,80,11,6,change_speed,10,3985,51.6,4234,52.2
15,2,6,80,12,0,add_lane,0,2922,62.6,2922,62.6
15,2,6,80,12,0,add_lane,1,2922,62.6,3273,68.9
15,2,6,80,12,0,add_lane,2,2922,62.6,3623,75.1
15,2,6,80,12,0,change_speed,-10,2922,62.6,2739,49.3
15,2,6,80,12,0,change_speed,0,2922,62.6,2922,56.3
15,2,6,80,12,0,change_speed,10,2922,62.6,3105,63.4
15,2,6,80,12,1,add_lane,0,5940,53.5,5940,53.5
15,2,6,80,12,1,add_lane,1,5940,53.5,6653,58.9
15,2,6,80,12,1,add_lane,2,5940,53.5,7366,64.2
15,2,6,80,12,1,change_speed,-10,5940,53.5,5569,42.1
15,2,6,80,12,1,change_speed,0,5940,53.5,5940,48.1
15,2,6,80,12,1,change_speed,10,5940,53.5,6311,54.2
15,2,6,80,12,2,add_lane,0,5762,47.3,5762,47.3
15,2,6,80,12,2,add_lane,1,5762,47.3,6453,52.0
15,2,6,80,12,2,add_lane,2,5762,47.3,7145,56.8
15,2,6,80,12,2,change_speed,-10,5762,47.3,5402,37.2
15,2,6,80,12,2,change_speed,0,5762,47.3,5762,42.6
15,2,6,80,12,2,change_speed,10,5762,47.3,6122,47.9
15,2,6,80,12,3,add_lane,0,5762,53.8,5762,53.8
15,2,6,80,12,3,add_lane,1,5762,53.8,6453,59.2
15,2,6,80,12,3,add_lane,2,5762,53.8,7145,64.6
15,2,6,80,12,3,change_speed,-10,5762,53.8,5402,42.4
15,2,6,80,12,3,change_speed,0,5762,53.8,5762,48.4
15,2,6,80,12,3,change_speed,10,5762,53.8,6122,54.5
15,2,6,80,12,4,add_lane,0,5762,48.3,5762,48.3
15,2,6,80,12,4,add_lane,1,5762,48.3,6453,53.1
15,2,6,80,12,4,add_lane,2,5762,48.3,7145,58.0
15,2,6,80,12,4,change_speed,-10,5762,48.3,5402,38.0
15,2,6,80,12,4,change_speed,0,5762,48.3,5762,43.5
15,2,6,80,12,4,change_speed,10,5762,48.3,6122,48.9
15,2,6,80,12,5,add_lane,0,4158,40.5,4158,40.5
15,2,6,80,12,5,add_lane,1,4158,40.5,4657,44.6
15,2,6,80,12,5,add_lane,2,4158,40.5,5156,48.6
15,2,6,80,12,5,change_speed,-10,4158,40.5,3898,31.9
15,2,6,80,12,5,change_speed,0,4158,40.5,4158,36.5
15,2,6,80,12,5,change_speed,10,4158,40.5,4418,41.0
15,2,6,80,12,6,add_lane,0,3653,49.8,3653,49.8
15,2,6,80,12,6,add_lane,1,3653,49.8,4091,54.8
15,2,6,80,12,6,add_lane,2,3653,49.8,4530,59.8
15,2,6,80,12,6,change_speed,-10,3653,49.8,3425,39.2
15,2,6,80,12,6,change_speed,0,3653,49.8,3653,44.8
15,2,6,80,12,6,change_speed,10,3653,49.8,3881,50.4
15,2,6,80,13,0,add_lane,0,2922,58.7,2922,58.7
15,2,6,80,13,0,add_lane,1,2922,58.7,3273,64.6
15,2,6,80,13,0,add_lane,2,2922,58.7,3623,70.4
15,2,6,80,13,0,change_speed,-10,2922,58.7,2739,46.2
15,2,6,80,13,0,change_speed,0,2922,58.7,2922,52.8
15,2,6,80,13,0,change_speed,10,2922,58.7,3105,59.4
15,2,6,80,13,1,add_lane,0,5940,54.7,5940,54.7
15,2,6,80,13,1,add_lane,1,5940,54.7,6653,60.2
15,2,6,80,13,1,add_lane,2,5940,54.7,7366,65.6
15,2,6,80,13,1,change_speed,-10,5940,54.7,5569,43.1
15,2,6,80,13,1,change_speed,0,5940,54.7,5940,49.2
15,2,6,80,13,1,change_speed,10,5940,54.7,6311,55.4
15,2,6,80,13,2,add_lane,0,5762,45.7,5762,45.7
15,2,6,80,13,2,add_lane,1,5762,45.7,6453,50.3
15,2,6,80,13,2,add_lane,2,5762,45.7,7145,54.8
15,2,6,80,13,2,change_speed,-10,5762,45.7,5402,36.0
15,2,6,80,13,2,change_speed,0,5762,45.7,5762,41.1
15,2,6,80,13,2,change_speed,10,5762,45.7,6122,46.3
15,2,6,80,13,3,add_lane,0,5762,53.0,5762,53.0
15,2,6,80,13,3,add_lane,1,5762,53.0,6453,58.3
15,2,6,80,13,3,add_lane,2,5762,53.0,7145,63.6
15,2,6,80,13,3,change_speed,-10,5762,53.0,5402,41.7
15,2,6,80,13,3,change_speed,0,5762,53.0,5762,47.7
15,2,6,80,13,3,change_speed,10,5762,53.0,6122,53.7
15,2,6,80,13,4,add_lane,0,5762,44.9,5762,44.9
15,2,6,80,13,4,add_lane,1,5762,44.9,6453,49.4
15,2,6,80,13,4,add_lane,2,5762,44.9,7145,53.9
15,2,6,80,13,4,change_speed,-10,5762,44.9,5402,35.4
15,2,6,80,13,4,change_speed,0,5762,44.9,5762,40.4
15,2,6,80,13,4,change_speed,10,5762,44.9,6122,45.5
15,2,6,80,13,5,add_lane,0,4158,42.3,4158,42.3
15,2,6,80,13,5,add_lane,1,4158,42.3,4657,46.5
15,2,6,80,13,5,add_lane,2,4158,42.3,5156,50.8
15,2,6,80,13,5,change_speed,-10,4158,42.3,3898,33.3
15,2,6,80,13,5,change_speed,0,4158,42.3,4158,38.1
15,2,6,80,13,5,change_speed,10,4158,42.3,4418,42.8
15,2,6,80,13,6,add_lane,0,3653,48.6,3653,48.6
15,2,6,80,13,6,add_lane,1,3653,48.6,4091,53.5
15,2,6,80,13,6,add_lane,2,3653,48.6,4530,58.3
15,2,6,80,13,6,change_speed,-10,3653,48.6,3425,38.3
15,2,6,80,13,6,change_speed,0,3653,48.6,3653,43.7
15,2,6,80,13,6,change_speed,10,3653,48.6,3881,49.2
15,2,6,80,14,0,add_lane,0,3188,58.6,3188,58.6
15,2,6,80,14,0,add_lane,1,3188,58.6,3571,64.5
15,2,6,80,14,0,add_lane,2,3188,58.6,3953,70.3
15,2,6,80,14,0,change_speed,-10,3188,58.6,2989,46.1
15,2,6,80,14,0,change_speed,0,3188,58.6,3188,52.7
15,2,6,80,14,0,change_speed,10,3188,58.6,3387,59.3
15,2,6,80,14,1,add_lane,0,6480,49.1,6480,49.1
15,2,6,80,14,1,add_lane,1,6480,49.1,7258,54.0
15,2,6,80,14,1,add_lane,2,6480,49.1,8035,58.9
15,2,6,80,14,1,change_speed,-10,6480,49.1,6075,38.7
15,2,6,80,14,1,change_speed,0,6480,49.1,6480,44.2
15,2,6,80,14,1,change_speed,10,6480,49.1,6885,49.7
15,2,6,80,14,2,add_lane,0,6286,47.7,6286,47.7
15,2,6,80,14,2,add_lane,1,6286,47.7,7040,52.5
15,2,6,80,14,2,add_lane,2,6286,47.7,7795,57.2
15,2,6,80,14,2,change_speed,-10,6286,47.7,5893,37.6
15,2,6,80,14,2,change_speed,0,6286,47.7,6286,42.9
15,2,6,80,14,2,change_speed,10,6286,47.7,6679,48.3
15,2,6,80,14,3,add_lane,0,6286,47.7,6286,47.7
15,2,6,80,14,3,add_lane,1,6286,47.7,7040,52.5
15,2,6,80,14,3,add_lane,2,6286,47.7,7795,57.2
15,2,6,80,14,3,change_speed,-10,6286,47.7,5893,37.6
15,2,6,80,14,3,change_speed,0,6286,47.7,6286,42.9
15,2,6,80,14,3,change_speed,10,6286,47.7,6679,48.3
15,2,6,80,14,4,add_lane,0,6286,48.5,6286,48.5
15,2,6,80,14,4,add_lane,1,6286,48.5,7040,53.4
15,2,6,80,14,4,add_lane,2,6286,48.5,7795,58.2
15,2,6,80,14,4,change_speed,-10,6286,48.5,5893,38.2
15,2,6,80,14,4,change_speed,0,6286,48.5,6286,43.6
15,2,6,80,14,4,change_speed,10,6286,48.5,6679,49.1
15,2,6,80,14,5,add_lane,0,4536,31.6,4536,31.6
15,2,6,80,14,5,add_lane,1,4536,31.6,5080,34.8
15,2,6,80,14,5,add_lane,2,4536,31.6,5625,37.9
15,2,6,80,14,5,change_speed,-10,4536,31.6,4252,24.9
15,2,6,80,14,5,change_speed,0,4536,31.6,4536,28.4
15,2,6,80,14,5,change_speed,10,4536,31.6,4820,32.0
15,2,6,80,14,6,add_lane,0,3985,47.0,3985,47.0
15,2,6,80,14,6,add_lane,1,3985,47.0,4463,51.7
15,2,6,80,14,6,add_lane,2,3985,47.0,4941,56.4
15,2,6,80,14,6,change_speed,-10,3985,47.0,3736,37.0
15,2,6,80,14,6,change_speed,0,3985,47.0,3985,42.3
15,2,6,80,14,6,change_speed,10,3985,47.0,4234,47.6
15,2,6,80,15,0,add_lane,0,3985,54.5,3985,54.5
15,2,6,80,15,0,add_lane,1,3985,54.5,4463,60.0
15,2,6,80,15,0,add_lane,2,3985,54.5,4941,65.4
15,2,6,80,15,0,change_speed,-10,3985,54.5,3736,42.9
15,2,6,80,15,0,change_speed,0,3985,54.5,3985,49.1
15,2,6,80,15,0,change_speed,10,3985,54.5,4234,55.2
15,2,6,80,15,1,add_lane,0,8100,39.6,8100,39.6
15,2,6,80,15,1,add_lane,1,8100,39.6,9072,43.6
15,2,6,80,15,1,add_lane,2,8100,39.6,10044,47.5
15,2,6,80,15,1,change_speed,-10,8100,39.6,7594,31.2
15,2,6,80,15,1,change_speed,0,8100,39.6,8100,35.6
15,2,6,80,15,1,change_speed,10,8100,39.6,8606,40.1
15,2,6,80,15,2,add_lane,0,7857,35.2,7857,35.2
15,2,6,80,15,2,add_lane,1,7857,35.2,8800,38.7
15,2,6,80,15,2,add_lane,2,7857,35.2,9743,42.2
15,2,6,80,15,2,change_speed,-10,7857,35.2,7366,27.7
15,2,6,80,15,2,change_speed,0,7857,35.2,7857,31.7
15,2,6,80,15,2,change_speed,10,7857,35.2,8348,35.6
15,2,6,80,15,3,add_lane,0,7857,37.7,7857,37.7
15,2,6,80,15,3,add_lane,1,7857,37.7,8800,41.5
15,2,6,80,15,3,add_lane,2,7857,37.7,9743,45.2
15,2,6,80,15,3,change_speed,-10,7857,37.7,7366,29.7
15,2,6,80,15,3,change_speed,0,7857,37.7,7857,33.9
15,2,6,80,15,3,change_speed,10,7857,37.7,8348,38.2
15,2,6,80,15,4,add_lane,0,7857,36.3,7857,36.3
15,2,6,80,15,4,add_lane,1,7857,36.3,8800,39.9
15,2,6,80,15,4,add_lane,2,7857,36.3,9743,43.6
15,2,6,80,15,4,change_speed,-10,7857,36.3,7366,28.6
15,2,6,80,15,4,change_speed,0,7857,36.3,7857,32.7
15,2,6,80,15,4,change_speed,10,7857,36.3,8348,36.8
15,2,6,80,15,5,add_lane,0,5670,33.3,5670,33.3
15,2,6,80,15,5,add_lane,1,5670,33.3,6350,36.6
15,2,6,80,15,5,add_lane,2,5670,33.3,7031,40.0
15,2,6,80,15,5,change_speed,-10,5670,33.3,5316,26.2
15,2,6,80,15,5,change_speed,0,5670,33.3,5670,30.0
15,2,6,80,15,5,change_speed,10,5670,33.3,6024,33.7
15,2,6,80,15,6,add_lane,0,4982,42.3,4982,42.3
15,2,6,80,15,6,add_lane,1,4982,42.3,5580,46.5
15,2,6,80,15,6,add_lane,2,4982,42.3,6178,50.8
15,2,6,80,15,6,change_speed,-10,4982,42.3,4671,33.3
15,2,6,80,15,6,change_speed,0,4982,42.3,4982,38.1
15,2,6,80,15,6,change_speed,10,4982,42.3,5293,42.8
15,2,6,80,16,0,add_lane,0,5048,53.6,5048,53.6
15,2,6,80,16,0,add_lane,1,5048,53.6,5654,59.0
15,2,6,80,16,0,add_lane,2,5048,53.6,6260,64.3
15,2,6,80,16,0,change_speed,-10,5048,53.6,4732,42.2
15,2,6,80,16,0,change_speed,0,5048,53.6,5048,48.2
15,2,6,80,16,0,change_speed,10,5048,53.6,5364,54.3
15,2,6,80,16,1,add_lane,0,10260,21.8,10260,21.8
15,2,6,80,16,1,add_lane,1,10260,21.8,11491,24.0
15,2,6,80,16,1,add_lane,2,10260,21.8,12722,26.2
15,2,6,80,16,1,change_speed,-10,10260,21.8,9619,17.2
15,2,6,80,16,1,change_speed,0,10260,21.8,10260,19.6
15,2,6,80,16,1,change_speed,10,10260,21.8,10901,22.1
15,2,6,80,16,2,add_lane,0,9952,24.8,9952,24.8
15,2,6,80,16,2,add_lane,1,9952,24.8,11146,27.3
15,2,6,80,16,2,add_lane,2,9952,24.8,12340,29.8
15,2,6,80,16,2,change_speed,-10,9952,24.8,9330,19.5
15,2,6,80,16,2,change_speed,0,9952,24.8,9952,22.3
15,2,6,80,16,2,change_speed,10,9952,24.8,10574,25.1
15,2,6,80,16,3,add_lane,0,9952,22.9,9952,22.9
15,2,6,80,16,3,add_lane,1,9952,22.9,11146,25.2
15,2,6,80,16,3,add_lane,2,9952,22.9,12340,27.5
15,2,6,80,16,3,change_speed,-10,9952,22.9,9330,18.0
15,2,6,80,16,3,change_speed,0,9952,22.9,9952,20.6
15,2,6,80,16,3,change_speed,10,9952,22.9,10574,23.2
15,2,6,80,16,4,add_lane,0,9952,25.5,9952,25.5
15,2,6,80,16,4,add_lane,1,9952,25.5,11146,28.1
15,2,6,80,16,4,add_lane,2,9952,25.5,12340,30.6
15,2,6,80,16,4,change_speed,-10,9952,25.5,9330,20.1
15,2,6,80,16,4,change_speed,0,9952,25.5,9952,22.9
15,2,6,80,16,4,change_speed,10,9952,25.5,10574,25.8
15,2,6,80,16,5,add_lane,0,7182,28.1,7182,28.1
15,2,6,80,16,5,add_lane,1,7182,28.1,8044,30.9
15,2,6,80,16,5,add_lane,2,7182,28.1,8906,33.7
15,2,6,80,16,5,change_speed,-10,7182,28.1,6733,22.1
15,2,6,80,16,5,change_speed,0,7182,28.1,7182,25.3
15,2,6,80,16,5,change_speed,10,7182,28.1,7631,28.5
15,2,6,80,16,6,add_lane,0,6310,39.8,6310,39.8
15,2,6,80,16,6,add_lane,1,6310,39.8,7067,43.8
15,2,6,80,16,6,add_lane,2,6310,39.8,7824,47.8
15,2,6,80,16,6,change_speed,-10,6310,39.8,5916,31.3
15,2,6,80,16,6,change_speed,0,6310,39.8,6310,35.8
15,2,6,80,16,6,change_speed,10,6310,39.8,6704,40.3
15,2,6,80,17,0,add_lane,0,5845,41.5,5845,41.5
15,2,6,80,17,0,add_lane,1,5845,41.5,6546,45.7
15,2,6,80,17,0,add_lane,2,5845,41.5,7248,49.8
15,2,6,80,17,0,change_speed,-10,5845,41.5,5480,32.7
15,2,6,80,17,0,change_speed,0,5845,41.5,5845,37.4
15,2,6,80,17,0,change_speed,10,5845,41.5,6210,42.0
15,2,6,80,17,1,add_lane,0,11880,14.1,11880,14.1
15,2,6,80,17,1,add_lane,1,11880,14.1,13306,15.5
15,2,6,80,17,1,add_lane,2,11880,14.1,14731,16.9
15,2,6,80,17,1,change_speed,-10,11880,14.1,11138,11.1
15,2,6,80,17,1,change_speed,0,11880,14.1,11880,12.7
15,2,6,80,17,1,change_speed,10,11880,14.1,12622,14.3
15,2,6,80,17,2,add_lane,0,11524,15.7,11524,15.7
15,2,6,80,17,2,add_lane,1,11524,15.7,12907,17.3
15,2,6,80,17,2,add_lane,2,11524,15.7,14290,18.8
15,2,6,80,17,2,change_speed,-10,11524,15.7,10804,12.4
15,2,6,80,17,2,change_speed,0,11524,15.7,11524,14.1
15,2,6,80,17,2,change_speed,10,11524,15.7,12244,15.9
15,2,6,80,17,3,add_lane,0,11524,15.1,11524,15.1
15,2,6,80,17,3,add_lane,1,11524,15.1,12907,16.6
15,2,6,80,17,3,add_lane,2,11524,15.1,14290,18.1
15,2,6,80,17,3,change_speed,-10,11524,15.1,10804,11.9
15,2,6,80,17,3,change_speed,0,11524,15.1,11524,13.6
15,2,6,80,17,3,change_speed,10,11524,15.1,12244,15.3
15,2,6,80,17,4,add_lane,0,11524,16.5,11524,16.5
15,2,6,80,17,4,add_lane,1,11524,16.5,12907,18.2
15,2,6,80,17,4,add_lane,2,11524,16.5,14290,19.8
15,2,6,80,17,4,change_speed,-10,11524,16.5,10804,13.0
15,2,6,80,17,4,change_speed,0,11524,16.5,11524,14.8
15,2,6,80,17,4,change_speed,10,11524,16.5,12244,16.7
15,2,6,80,17,5,add_lane,0,8316,23.2,8316,23.2
15,2,6,80,17,5,add_lane,1,8316,23.2,9314,25.5
15,2,6,80,17,5,add_lane,2,8316,23.2,10312,27.8
15,2,6,80,17,5,change_speed,-10,8316,23.2,7796,18.3
15,2,6,80,17,5,change_speed,0,8316,23.2,8316,20.9
15,2,6,80,17,5,change_speed,10,8316,23.2,8836,23.5
15,2,6,80,17,6,add_lane,0,7306,38.1,7306,38.1
15,2,6,80,17,6,add_lane,1,7306,38.1,8183,41.9
15,2,6,80,17,6,add_lane,2,7306,38.1,9059,45.7
15,2,6,80,17,6,change_speed,-10,7306,38.1,6849,30.0
15,2,6,80,17,6,change_speed,0,7306,38.1,7306,34.3
15,2,6,80,17,6,change_speed,10,7306,38.1,7763,38.6
15,2,6,80,18,0,add_lane,0,5579,44.8,5579,44.8
15,2,6,80,18,0,add_lane,1,5579,44.8,6248,49.3
15,2,6,80,18,0,add_lane,2,5579,44.8,6918,53.8
15,2,6,80,18,0,change_speed,-10,5579,44.8,5230,35.3
15,2,6,80,18,0,change_speed,0,5579,44.8,5579,40.3
15,2,6,80,18,0,change_speed,10,5579,44.8,5928,45.4
15,2,6,80,18,1,add_lane,0,11340,17.1,11340,17.1
15,2,6,80,18,1,add_lane,1,11340,17.1,12701,18.8
15,2,6,80,18,1,add_lane,2,11340,17.1,14062,20.5
15,2,6,80,18,1,change_speed,-10,11340,17.1,10631,13.5
15,2,6,80,18,1,change_speed,0,11340,17.1,11340,15.4
15,2,6,80,18,1,change_speed,10,11340,17.1,12049,17.3
15,2,6,80,18,2,add_lane,0,11000,19.5,11000,19.5
15,2,6,80,18,2,add_lane,1,11000,19.5,12320,21.5
15,2,6,80,18,2,add_lane,2,11000,19.5,13640,23.4
15,2,6,80,18,2,change_speed,-10,11000,19.5,10312,15.4
15,2,6,80,18,2,change_speed,0,11000,19.5,11000,17.6
15,2,6,80,18,2,change_speed,10,11000,19.5,11688,19.7
15,2,6,80,18,3,add_lane,0,11000,17.7,11000,17.7
15,2,6,80,18,3,add_lane,1,11000,17.7,12320,19.5
15,2,6,80,18,3,add_lane,2,11000,17.7,13640,21.2
15,2,6,80,18,3,change_speed,-10,11000,17.7,10312,13.9
15,2,6,80,18,3,change_speed,0,11000,17.7,11000,15.9
15,2,6,80,18,3,change_speed,10,11000,17.7,11688,17.9
15,2,6,80,18,4,add_lane,0,11000,19.9,11000,19.9
15,2,6,80,18,4,add_lane,1,11000,19.9,12320,21.9
15,2,6,80,18,4,add_lane,2,11000,19.9,13640,23.9
15,2,6,80,18,4,change_speed,-10,11000,19.9,10312,15.7
15,2,6,80,18,4,change_speed,0,11000,19.9,11000,17.9
15,2,6,80,18,4,change_speed,10,11000,19.9,11688,20.1
15,2,6,80,18,5,add_lane,0,7938,27.2,7938,27.2
15,2,6,80,18,5,add_lane,1,7938,27.2,8891,29.9
15,2,6,80,18,5,add_lane,2,7938,27.2,9843,32.6
15,2,6,80,18,5,change_speed,-10,7938,27.2,7442,21.4
15,2,6,80,18,5,change_speed,0,7938,27.2,7938,24.5
15,2,6,80,18,5,change_speed,10,7938,27.2,8434,27.5
15,2,6,80,18,6,add_lane,0,6974,33.4,6974,33.4
15,2,6,80,18,6,add_lane,1,6974,33.4,7811,36.7
15,2,6,80,18,6,add_lane,2,6974,33.4,8648,40.1
15,2,6,80,18,6,change_speed,-10,6974,33.4,6538,26.3
15,2,6,80,18,6,change_speed,0,6974,33.4,6974,30.1
15,2,6,80,18,6,change_speed,10,6974,33.4,7410,33.8
15,2,6,80,19,0,add_lane,0,4782,45.5,4782,45.5
15,2,6,80,19,0,add_lane,1,4782,45.5,5356,50.1
15,2,6,80,19,0,add_lane,2,4782,45.5,5930,54.6
15,2,6,80,19,0,change_speed,-10,4782,45.5,4483,35.8
15,2,6,80,19,0,change_speed,0,4782,45.5,4782,41.0
15,2,6,80,19,0,change_speed,10,4782,45.5,5081,46.1
15,2,6,80,19,1,add_lane,0,9720,30.2,9720,30.2
15,2,6,80,19,1,add_lane,1,9720,30.2,10886,33.2
15,2,6,80,19,1,add_lane,2,9720,30.2,12053,36.2
15,2,6,80,19,1,change_speed,-10,9720,30.2,9112,23.8
15,2,6,80,19,1,change_speed,0,9720,30.2,9720,27.2
15,2,6,80,19,1,change_speed,10,9720,30.2,10328,30.6
15,2,6,80,19,2,add_lane,0,9428,31.3,9428,31.3
15,2,6,80,19,2,add_lane,1,9428,31.3,10559,34.4
15,2,6,80,19,2,add_lane,2,9428,31.3,11691,37.6
15,2,6,80,19,2,change_speed,-10,9428,31.3,8839,24.6
15,2,6,80,19,2,change_speed,0,9428,31.3,9428,28.2
15,2,6,80,19,2,change_speed,10,9428,31.3,10017,31.7
15,2,6,80,19,3,add_lane,0,9428,24.7,9428,24.7
15,2,6,80,19,3,add_lane,1,9428,24.7,10559,27.2
15,2,6,80,19,3,add_lane,2,9428,24.7,11691,29.6
15,2,6,80,19,3,change_speed,-10,9428,24.7,8839,19.5
15,2,6,80,19,3,change_speed,0,9428,24.7,9428,22.2
15,2,6,80,19,3,change_speed,10,9428,24.7,10017,25.0
15,2,6,80,19,4,add_lane,0,9428,26.1,9428,26.1
15,2,6,80,19,4,add_lane,1,9428,26.1,10559,28.7
15,2,6,80,19,4,add_lane,2,9428,26.1,11691,31.3
15,2,6,80,19,4,change_speed,-10,9428,26.1,8839,20.6
15,2,6,80,19,4,change_speed,0,9428,26.1,9428,23.5
15,2,6,80,19,4,change_speed,10,9428,26.1,10017,26.4
15,2,6,80,19,5,add_lane,0,6804,27.6,6804,27.6
15,2,6,80,19,5,add_lane,1,6804,27.6,7620,30.4
15,2,6,80,19,5,add_lane,2,6804,27.6,8437,33.1
15,2,6,80,19,5,change_speed,-10,6804,27.6,6379,21.7
15,2,6,80,19,5,change_speed,0,6804,27.6,6804,24.8
15,2,6,80,19,5,change_speed,10,6804,27.6,7229,27.9
15,2,6,80,19,6,add_lane,0,5978,39.8,5978,39.8
15,2,6,80,19,6,add_lane,1,5978,39.8,6695,43.8
15,2,6,80,19,6,add_lane,2,5978,39.8,7413,47.8
15,2,6,80,19,6,change_speed,-10,5978,39.8,5604,31.3
15,2,6,80,19,6,change_speed,0,5978,39.8,5978,35.8
15,2,6,80,19,6,change_speed,10,5978,39.8,6352,40.3
15,2,6,80,20,0,add_lane,0,3720,56.4,3720,56.4
15,2,6,80,20,0,add_lane,1,3720,56.4,4166,62.0
15,2,6,80,20,0,add_lane,2,3720,56.4,4613,67.7
15,2,6,80,20,0,change_speed,-10,3720,56.4,3488,44.4
15,2,6,80,20,0,change_speed,0,3720,56.4,3720,50.8
15,2,6,80,20,0,change_speed,10,3720,56.4,3952,57.1
15,2,6,80,20,1,add_lane,0,7560,43.2,7560,43.2
15,2,6,80,20,1,add_lane,1,7560,43.2,8467,47.5
15,2,6,80,20,1,add_lane,2,7560,43.2,9374,51.8
15,2,6,80,20,1,change_speed,-10,7560,43.2,7088,34.0
15,2,6,80,20,1,change_speed,0,7560,43.2,7560,38.9
15,2,6,80,20,1,change_speed,10,7560,43.2,8032,43.7
15,2,6,80,20,2,add_lane,0,7333,40.7,7333,40.7
15,2,6,80,20,2,add_lane,1,7333,40.7,8213,44.8
15,2,6,80,20,2,add_lane,2,7333,40.7,9093,48.8
15,2,6,80,20,2,change_speed,-10,7333,40.7,6875,32.1
15,2,6,80,20,2,change_speed,0,7333,40.7,7333,36.6
15,2,6,80,20,2,change_speed,10,7333,40.7,7791,41.2
15,2,6,80,20,3,add_lane,0,7333,42.7,7333,42.7
15,2,6,80,20,3,add_lane,1,7333,42.7,8213,47.0
15,2,6,80,20,3,add_lane,2,7333,42.7,9093,51.2
15,2,6,80,20,3,change_speed,-10,7333,42.7,6875,33.6
15,2,6,80,20,3,change_speed,0,7333,42.7,7333,38.4
15,2,6,80,20,3,change_speed,10,7333,42.7,7791,43.2
15,2,6,80,20,4,add_lane,0,7333,40.9,7333,40.9
15,2,6,80,20,4,add_lane,1,7333,40.9,8213,45.0
15,2,6,80,20,4,add_lane,2,7333,40.9,9093,49.1
15,2,6,80,20,4,change_speed,-10,7333,40.9,6875,32.2
15,2,6,80,20,4,change_speed,0,7333,40.9,7333,36.8
15,2,6,80,20,4,change_speed,10,7333,40.9,7791,41.4
15,2,6,80,20,5,add_lane,0,5292,34.4,5292,34.4
15,2,6,80,20,5,add_lane,1,5292,34.4,5927,37.8
15,2,6,80,20,5,add_lane,2,5292,34.4,6562,41.3
15,2,6,80,20,5,change_speed,-10,5292,34.4,4961,27.1
15,2,6,80,20,5,change_speed,0,5292,34.4,5292,31.0
15,2,6,80,20,5,change_speed,10,5292,34.4,5623,34.8
15,2,6,80,20,6,add_lane,0,4649,47.8,4649,47.8
15,2,6,80,20,6,add_lane,1,4649,47.8,5207,52.6
15,2,6,80,20,6,add_lane,2,4649,47.8,5765,57.4
15,2,6,80,20,6,change_speed,-10,4649,47.8,4358,37.6
15,2,6,80,20,6,change_speed,0,4649,47.8,4649,43.0
15,2,6,80,20,6,change_speed,10,4649,47.8,4940,48.4
15,2,6,80,21,0,add_lane,0,2657,59.4,2657,59.4
15,2,6,80,21,0,add_lane,1,2657,59.4,2976,65.3
15,2,6,80,21,0,add_lane,2,2657,59.4,3295,71.3
15,2,6,80,21,0,change_speed,-10,2657,59.4,2491,46.8
15,2,6,80,21,0,change_speed,0,2657,59.4,2657,53.5
15,2,6,80,21,0,change_speed,10,2657,59.4,2823,60.1
15,2,6,80,21,1,add_lane,0,5400,52.3,5400,52.3
15,2,6,80,21,1,add_lane,1,5400,52.3,6048,57.5
15,2,6,80,21,1,add_lane,2,5400,52.3,6696,62.8
15,2,6,80,21,1,change_speed,-10,5400,52.3,5062,41.2
15,2,6,80,21,1,change_speed,0,5400,52.3,5400,47.1
15,2,6,80,21,1,change_speed,10,5400,52.3,5738,53.0
15,2,6,80,21,2,add_lane,0,5238,51.2,5238,51.2
15,2,6,80,21,2,add_lane,1,5238,51.2,5867,56.3
15,2,6,80,21,2,add_lane,2,5238,51.2,6495,61.4
15,2,6,80,21,2,change_speed,-10,5238,51.2,4911,40.3
15,2,6,80,21,2,change_speed,0,5238,51.2,5238,46.1
15,2,6,80,21,2,change_speed,10,5238,51.2,5565,51.8
15,2,6,80,21,3,add_lane,0,5238,50.4,5238,50.4
15,2,6,80,21,3,add_lane,1,5238,50.4,5867,55.4
15,2,6,80,21,3,add_lane,2,5238,50.4,6495,60.5
15,2,6,80,21,3,change_speed,-10,5238,50.4,4911,39.7
15,2,6,80,21,3,change_speed,0,5238,50.4,5238,45.4
15,2,6,80,21,3,change_speed,10,5238,50.4,5565,51.0
15,2,6,80,21,4,add_lane,0,5238,56.1,5238,56.1
15,2,6,80,21,4,add_lane,1,5238,56.1,5867,61.7
15,2,6,80,21,4,add_lane,2,5238,56.1,6495,67.3
15,2,6,80,21,4,change_speed,-10,5238,56.1,4911,44.2
15,2,6,80,21,4,change_speed,0,5238,56.1,5238,50.5
15,2,6,80,21,4,change_speed,10,5238,56.1,5565,56.8
15,2,6,80,21,5,add_lane,0,3780,37.1,3780,37.1
15,2,6,80,21,5,add_lane,1,3780,37.1,4234,40.8
15,2,6,80,21,5,add_lane,2,3780,37.1,4687,44.5
15,2,6,80,21,5,change_speed,-10,3780,37.1,3544,29.2
15,2,6,80,21,5,change_speed,0,3780,37.1,3780,33.4
15,2,6,80,21,5,change_speed,10,3780,37.1,4016,37.6
15,2,6,80,21,6,add_lane,0,3321,52.9,3321,52.9
15,2,6,80,21,6,add_lane,1,3321,52.9,3720,58.2
15,2,6,80,21,6,add_lane,2,3321,52.9,4118,63.5
15,2,6,80,21,6,change_speed,-10,3321,52.9,3113,41.7
15,2,6,80,21,6,change_speed,0,3321,52.9,3321,47.6
15,2,6,80,21,6,change_speed,10,3321,52.9,3529,53.6
15,2,6,80,22,0,add_lane,0,1860,64.0,1860,64.0
15,2,6,80,22,0,add_lane,1,1860,64.0,2083,70.4
15,2,6,80,22,0,add_lane,2,1860,64.0,2306,76.8
15,2,6,80,22,0,change_speed,-10,1860,64.0,1744,50.4
15,2,6,80,22,0,change_speed,0,1860,64.0,1860,57.6
15,2,6,80,22,0,change_speed,10,1860,64.0,1976,64.8
15,2,6,80,22,1,add_lane,0,3780,65.9,3780,65.9
15,2,6,80,22,1,add_lane,1,3780,65.9,4234,72.5
15,2,6,80,22,1,add_lane,2,3780,65.9,4687,79.1
15,2,6,80,22,1,change_speed,-10,3780,65.9,3544,51.9
15,2,6,80,22,1,change_speed,0,3780,65.9,3780,59.3
15,2,6,80,22,1,change_speed,10,3780,65.9,4016,66.7
15,2,6,80,22,2,add_lane,0,3667,68.0,3667,68.0
15,2,6,80,22,2,add_lane,1,3667,68.0,4107,74.8
15,2,6,80,22,2,add_lane,2,3667,68.0,4547,81.6
15,2,6,80,22,2,change_speed,-10,3667,68.0,3438,53.6
15,2,6,80,22,2,change_speed,0,3667,68.0,3667,61.2
15,2,6,80,22,2,change_speed,10,3667,68.0,3896,68.9
15,2,6,80,22,3,add_lane,0,3667,66.3,3667,66.3
15,2,6,80,22,3,add_lane,1,3667,66.3,4107,72.9
15,2,6,80,22,3,add_lane,2,3667,66.3,4547,79.6
15,2,6,80,22,3,change_speed,-10,3667,66.3,3438,52.2
15,2,6,80,22,3,change_speed,0,3667,66.3,3667,59.7
15,2,6,80,22,3,change_speed,10,3667,66.3,3896,67.1
15,2,6,80,22,4,add_lane,0,3667,64.5,3667,64.5
15,2,6,80,22,4,add_lane,1,3667,64.5,4107,71.0
15,2,6,80,22,4,add_lane,2,3667,64.5,4547,77.4
15,2,6,80,22,4,change_speed,-10,3667,64.5,3438,50.8
15,2,6,80,22,4,change_speed,0,3667,64.5,3667,58.1
15,2,6,80,22,4,change_speed,10,3667,64.5,3896,65.3
15,2,6,80,22,5,add_lane,0,2646,50.7,2646,50.7
15,2,6,80,22,5,add_lane,1,2646,50.7,2964,55.8
15,2,6,80,22,5,add_lane,2,2646,50.7,3281,60.8
15,2,6,80,22,5,change_speed,-10,2646,50.7,2481,39.9
15,2,6,80,22,5,change_speed,0,2646,50.7,2646,45.6
15,2,6,80,22,5,change_speed,10,2646,50.7,2811,51.3
15,2,6,80,22,6,add_lane,0,2325,60.0,2325,60.0
15,2,6,80,22,6,add_lane,1,2325,60.0,2604,66.0
15,2,6,80,22,6,add_lane,2,2325,60.0,2883,72.0
15,2,6,80,22,6,change_speed,-10,2325,60.0,2180,47.2
15,2,6,80,22,6,change_speed,0,2325,60.0,2325,54.0
15,2,6,80,22,6,change_speed,10,2325,60.0,2470,60.8
15,2,6,80,23,0,add_lane,0,1328,75.0,1328,75.0
15,2,6,80,23,0,add_lane,1,1328,75.0,1487,82.5
15,2,6,80,23,0,add_lane,2,1328,75.0,1647,90.0
15,2,6,80,23,0,change_speed,-10,1328,75.0,1245,59.1
15,2,6,80,23,0,change_speed,0,1328,75.0,1328,67.5
15,2,6,80,23,0,change_speed,10,1328,75.0,1411,75.9
15,2,6,80,23,1,add_lane,0,2700,71.9,2700,71.9
15,2,6,80,23,1,add_lane,1,2700,71.9,3024,79.1
15,2,6,80,23,1,add_lane,2,2700,71.9,3348,86.3
15,2,6,80,23,1,change_speed,-10,2700,71.9,2531,56.6
15,2,6,80,23,1,change_speed,0,2700,71.9,2700,64.7
15,2,6,80,23,1,change_speed,10,2700,71.9,2869,72.8
15,2,6,80,23,2,add_lane,0,2619,72.4,2619,72.4
15,2,6,80,23,2,add_lane,1,2619,72.4,2933,79.6
15,2,6,80,23,2,add_lane,2,2619,72.4,3248,86.9
15,2,6,80,23,2,change_speed,-10,2619,72.4,2455,57.0
15,2,6,80,23,2,change_speed,0,2619,72.4,2619,65.2
15,2,6,80,23,2,change_speed,10,2619,72.4,2783,73.3
15,2,6,80,23,3,add_lane,0,2619,71.7,2619,71.7
15,2,6,80,23,3,add_lane,1,2619,71.7,2933,78.9
15,2,6,80,23,3,add_lane,2,2619,71.7,3248,86.0
15,2,6,80,23,3,change_speed,-10,2619,71.7,2455,56.5
15,2,6,80,23,3,change_speed,0,2619,71.7,2619,64.5
15,2,6,80,23,3,change_speed,10,2619,71.7,2783,72.6
15,2,6,80,23,4,add_lane,0,2619,71.3,2619,71.3
15,2,6,80,23,4,add_lane,1,2619,71.3,2933,78.4
15,2,6,80,23,4,add_lane,2,2619,71.3,3248,85.6
15,2,6,80,23,4,change_speed,-10,2619,71.3,2455,56.1
15,2,6,80,23,4,change_speed,0,2619,71.3,2619,64.2
15,2,6,80,23,4,change_speed,10,2619,71.3,2783,72.2
15,2,6,80,23,5,add_lane,0,1890,48.8,1890,48.8
15,2,6,80,23,5,add_lane,1,1890,48.8,2117,53.7
15,2,6,80,23,5,add_lane,2,1890,48.8,2344,58.6
15,2,6,80,23,5,change_speed,-10,1890,48.8,1772,38.4
15,2,6,80,23,5,change_speed,0,1890,48.8,1890,43.9
15,2,6,80,23,5,change_speed,10,1890,48.8,2008,49.4
15,2,6,80,23,6,add_lane,0,1660,60.0,1660,60.0
15,2,6,80,23,6,add_lane,1,1660,60.0,1859,66.0
15,2,6,80,23,6,add_lane,2,1660,60.0,2058,72.0
15,2,6,80,23,6,change_speed,-10,1660,60.0,1556,47.2
15,2,6,80,23,6,change_speed,0,1660,60.0,1660,54.0
15,2,6,80,23,6,change_speed,10,1660,60.0,1764,60.8
16,0,4,50,0,0,add_lane,0,266,43.9,266,43.9
16,0,4,50,0,0,add_lane,1,266,43.9,298,48.3
16,0,4,50,0,0,add_lane,2,266,43.9,330,52.7
16,0,4,50,0,0,change_speed,-10,266,43.9,239,31.6
16,0,4,50,0,0,change_speed,0,266,43.9,266,39.5
16,0,4,50,0,0,change_speed,10,266,43.9,293,47.4
16,0,4,50,0,1,add_lane,0,540,53.3,540,53.3
16,0,4,50,0,1,add_lane,1,540,53.3,605,58.6
16,0,4,50,0,1,add_lane,2,540,53.3,670,64.0
16,0,4,50,0,1,change_speed,-10,540,53.3,486,38.4
16,0,4,50,0,1,change_speed,0,540,53.3,540,48.0
16,0,4,50,0,1,change_speed,10,540,53.3,594,57.6
16,0,4,50,0,2,add_lane,0,524,49.8,524,49.8
16,0,4,50,0,2,add_lane,1,524,49.8,587,54.8
16,0,4,50,0,2,add_lane,2,524,49.8,650,59.8
16,0,4,50,0,2,change_speed,-10,524,49.8,472,35.9
16,0,4,50,0,2,change_speed,0,524,49.8,524,44.8
16,0,4,50,0,2,change_speed,10,524,49.8,576,53.8
16,0,4,50,0,3,add_lane,0,524,51.0,524,51.0
16,0,4,50,0,3,add_lane,1,524,51.0,587,56.1
16,0,4,50,0,3,add_lane,2,524,51.0,650,61.2
16,0,4,50,0,3,change_speed,-10,524,51.0,472,36.7
16,0,4,50,0,3,change_speed,0,524,51.0,524,45.9
16,0,4,50,0,3,change_speed,10,524,51.0,576,55.1
16,0,4,50,0,4,add_lane,0,524,44.1,524,44.1
16,0,4,50,0,4,add_lane,1,524,44.1,587,48.5
16,0,4,50,0,4,add_lane,2,524,44.1,650,52.9
16,0,4,50,0,4,change_speed,-10,524,44.1,472,31.8
16,0,4,50,0,4,change_speed,0,524,44.1,524,39.7
16,0,4,50,0,4,change_speed,10,524,44.1,576,47.6
16,0,4,50,0,5,add_lane,0,378,33.4,378,33.4
16,0,4,50,0,5,add_lane,1,378,33.4,423,36.7
16,0,4,50,0,5,add_lane,2,378,33.4,469,40.1
16,0,4,50,0,5,change_speed,-10,378,33.4,340,24.0
16,0,4,50,0,5,change_speed,0,378,33.4,378,30.1
16,0,4,50,0,5,change_speed,10,378,33.4,416,36.1
16,0,4,50,0,6,add_lane,0,332,40.7,332,40.7
16,0,4,50,0,6,add_lane,1,332,40.7,372,44.8
16,0,4,50,0,6,add_lane,2,332,40.7,412,48.8
16,0,4,50,0,6,change_speed,-10,332,40.7,299,29.3
16,0,4,50,0,6,change_speed,0,332,40.7,332,36.6
16,0,4,50,0,6,change_speed,10,332,40.7,365,44.0
16,0,4,50,1,0,add_lane,0,213,46.0,213,46.0
16,0,4,50,1,0,add_lane,1,213,46.0,239,50.6
16,0,4,50,1,0,add_lane,2,213,46.0,264,55.2
16,0,4,50,1,0,change_speed,-10,213,46.0,192,33.1
16,0,4,50,1,0,change_speed,0,213,46.0,213,41.4
16,0,4,50,1,0,change_speed,10,213,46.0,234,49.7
16,0,4,50,1,1,add_lane,0,432,49.3,432,49.3
16,0,4,50,1,1,add_lane,1,432,49.3,484,54.2
16,0,4,50,1,1,add_lane,2,432,49.3,536,59.2
16,0,4,50,1,1,change_speed,-10,432,49.3,389,35.5
16,0,4,50,1,1,change_speed,0,432,49.3,432,44.4
16,0,4,50,1,1,change_speed,10,432,49.3,475,53.2
16,0,4,50,1,2,add_lane,0,419,50.6,419,50.6
16,0,4,50,1,2,add_lane,1,419,50.6,469,55.7
16,0,4,50,1,2,add_lane,2,419,50.6,520,60.7
16,0,4,50,1,2,change_speed,-10,419,50.6,377,36.4
16,0,4,50,1,2,change_speed,0,419,50.6,419,45.5
16,0,4,50,1,2,change_speed,10,419,50.6,461,54.6
16,0,4,50,1,3,add_lane,0,419,51.8,419,51.8
16,0,4,50,1,3,add_lane,1,419,51.8,469,57.0
16,0,4,50,1,3,add_lane,2,419,51.8,520,62.2
16,0,4,50,1,3,change_speed,-10,419,51.8,377,37.3
16,0,4,50,1,3,change_speed,0,419,51.8,419,46.6
16,0,4,50,1,3,change_speed,10,419,51.8,461,55.9
16,0,4,50,1,4,add_lane,0,419,52.0,419,52.0
16,0,4,50,1,4,add_lane,1,419,52.0,469,57.2
16,0,4,50,1,4,add_lane,2,419,52.0,520,62.4
16,0,4,50,1,4,change_speed,-10,419,52.0,377,37.4
16,0,4,50,1,4,change_speed,0,419,52.0,419,46.8
16,0,4,50,1,4,change_speed,10,419,52.0,461,56.2
16,0,4,50,1,5,add_lane,0,302,34.5,302,34.5
16,0,4,50,1,5,add_lane,1,302,34.5,338,38.0
16,0,4,50,1,5,add_lane,2,302,34.5,374,41.4
16,0,4,50,1,5,change_speed,-10,302,34.5,272,24.8
16,0,4,50,1,5,change_speed,0,302,34.5,302,31.1
16,0,4,50,1,5,change_speed,10,302,34.5,332,37.3
16,0,4,50,1,6,add_lane,0,266,42.3,266,42.3
16,0,4,50,1,6,add_lane,1,266,42.3,298,46.5
16,0,4,50,1,6,add_lane,2,266,42.3,330,50.8
16,0,4,50,1,6,change_speed,-10,266,42.3,239,30.5
16,0,4,50,1,6,change_speed,0,266,42.3,266,38.1
16,0,4,50,1,6,change_speed,10,266,42.3,293,45.7
16,0,4,50,2,0,add_lane,0,177,45.3,177,45.3
16,0,4,50,2,0,add_lane,1,177,45.3,198,49.8
16,0,4,50,2,0,add_lane,2,177,45.3,219,54.4
16,0,4,50,2,0,change_speed,-10,177,45.3,159,32.6
16,0,4,50,2,0,change_speed,0,177,45.3,177,40.8
16,0,4,50,2,0,change_speed,10,177,45.3,195,48.9
16,0,4,50,2,1,add_lane,0,360,54.0,360,54.0
16,0,4,50,2,1,add_lane,1,360,54.0,403,59.4
16,0,4,50,2,1,add_lane,2,360,54.0,446,64.8
16,0,4,50,2,1,change_speed,-10,360,54.0,324,38.9
16,0,4,50,2,1,change_speed,0,360,54.0,360,48.6
16,0,4,50,2,1,change_speed,10,360,54.0,396,58.3
16,0,4,50,2,2,add_lane,0,349,50.4,349,50.4
16,0,4,50,2,2,add_lane,1,349,50.4,391,55.4
16,0,4,50,2,2,add_lane,2,349,50.4,433,60.5
16,0,4,50,2,2,change_speed,-10,349,50.4,314,36.3
16,0,4,50,2,2,change_speed,0,349,50.4,349,45.4
16,0,4,50,2,2,change_speed,10,349,50.4,384,54.4
16,0,4,50,2,3,add_lane,0,349,48.5,349,48.5
16,0,4,50,2,3,add_lane,1,349,48.5,391,53.4
16,0,4,50,2,3,add_lane,2,349,48.5,433,58.2
16,0,4,50,2,3,change_speed,-10,349,48.5,314,34.9
16,0,4,50,2,3,change_speed,0,349,48.5,349,43.6
16,0,4,50,2,3,change_speed,10,349,48.5,384,52.4
16,0,4,50,2,4,add_lane,0,349,47.9,349,47.9
16,0,4,50,2,4,add_lane,1,349,47.9,391,52.7
16,0,4,50,2,4,add_lane,2,349,47.9,433,57.5
16,0,4,50,2,4,change_speed,-10,349,47.9,314,34.5
16,0,4,50,2,4,change_speed,0,349,47.9,349,43.1
16,0,4,50,2,4,change_speed,10,349,47.9,384,51.7
16,0,4,50,2,5,add_lane,0,252,36.1,252,36.1
16,0,4,50,2,5,add_lane,1,252,36.1,282,39.7
16,0,4,50,2,5,add_lane,2,252,36.1,312,43.3
16,0,4,50,2,5,change_speed,-10,252,36.1,227,26.0
16,0,4,50,2,5,change_speed,0,252,36.1,252,32.5
16,0,4,50,2,5,change_speed,10,252,36.1,277,39.0
16,0,4,50,2,6,add_lane,0,221,43.8,221,43.8
16,0,4,50,2,6,add_lane,1,221,43.8,248,48.2
16,0,4,50,2,6,add_lane,2,221,43.8,274,52.6
16,0,4,50,2,6,change_speed,-10,221,43.8,199,31.5
16,0,4,50,2,6,change_speed,0,221,43.8,221,39.4
16,0,4,50,2,6,change_speed,10,221,43.8,243,47.3
16,0,4,50,3,0,add_lane,0,142,45.7,142,45.7
16,0,4,50,3,0,add_lane,1,142,45.7,159,50.3
16,0,4,50,3,0,add_lane,2,142,45.7,176,54.8
16,0,4,50,3,0,change_speed,-10,142,45.7,128,32.9
16,0,4,50,3,0,change_speed,0,142,45.7,142,41.1
16,0,4,50,3,0,change_speed,10,142,45.7,156,49.4
16,0,4,50,3,1,add_lane,0,288,52.6,288,52.6
16,0,4,50,3,1,add_lane,1,288,52.6,323,57.9
16,0,4,50,3,1,add_lane,2,288,52.6,357,63.1
16,0,4,50,3,1,change_speed,-10,288,52.6,259,37.9
16,0,4,50,3,1,change_speed,0,288,52.6,288,47.3
16,0,4,50,3,1,change_speed,10,288,52.6,317,56.8
16,0,4,50,3,2,add_lane,0,279,51.2,279,51.2
16,0,4,50,3,2,add_lane,1,279,51.2,312,56.3
16,0,4,50,3,2,add_lane,2,279,51.2,346,61.4
16,0,4,50,3,2,change_speed,-10,279,51.2,251,36.9
16,0,4,50,3,2,change_speed,0,279,51.2,279,46.1
16,0,4,50,3,2,change_speed,10,279,51.2,307,55.3
16,0,4,50,3,3,add_lane,0,279,56.4,279,56.4
16,0,4,50,3,3,add_lane,1,279,56.4,312,62.0
16,0,4,50,3,3,add_lane,2,279,56.4,346,67.7
16,0,4,50,3,3,change_speed,-10,279,56.4,251,40.6
16,0,4,50,3,3,change_speed,0,279,56.4,279,50.8
16,0,4,50,3,3,change_speed,10,279,56.4,307,60.9
16,0,4,50,3,4,add_lane,0,279,52.7,279,52.7
16,0,4,50,3,4,add_lane,1,279,52.7,312,58.0
16,0,4,50,3,4,add_lane,2,279,52.7,346,63.2
16,0,4,50,3,4,change_speed,-10,279,52.7,251,37.9
16,0,4,50,3,4,change_speed,0,279,52.7,279,47.4
16,0,4,50,3,4,change_speed,10,279,52.7,307,56.9
16,0,4,50,3,5,add_lane,0,202,35.7,202,35.7
16,0,4,50,3,5,add_lane,1,202,35.7,226,39.3
16,0,4,50,3,5,add_lane,2,202,35.7,250,42.8
16,0,4,50,3,5,change_speed,-10,202,35.7,182,25.7
16,0,4,50,3,5,change_speed,0,202,35.7,202,32.1
16,0,4,50,3,5,change_speed,10,202,35.7,222,38.6
16,0,4,50,3,6,add_lane,0,177,46.5,177,46.5
16,0,4,50,3,6,add_lane,1,177,46.5,198,51.2
16,0,4,50,3,6,add_lane,2,177,46.5,219,55.8
16,0,4,50,3,6,change_speed,-10,177,46.5,159,33.5
16,0,4,50,3,6,change_speed,0,177,46.5,177,41.9
16,0,4,50,3,6,change_speed,10,177,46.5,195,50.2
16,0,4,50,4,0,add_lane,0,177,54.4,177,54.4
16,0,4,50,4,0,add_lane,1,177,54.4,198,59.8
16,0,4,50,4,0,add_lane,2,177,54.4,219,65.3
16,0,4,50,4,0,change_speed,-10,177,54.4,159,39.2
16,0,4,50,4,0,change_speed,0,177,54.4,177,49.0
16,0,4,50,4,0,change_speed,10,177,54.4,195,58.8
16,0,4,50,4,1,add_lane,0,360,53.8,360,53.8
16,0,4,50,4,1,add_lane,1,360,53.8,403,59.2
16,0,4,50,4,1,add_lane,2,360,53.8,446,64.6
16,0,4,50,4,1,change_speed,-10,360,53.8,324,38.7
16,0,4,50,4,1,change_speed,0,360,53.8,360,48.4
16,0,4,50,4,1,change_speed,10,360,53.8,396,58.1
16,0,4,50,4,2,add_lane,0,349,50.0,349,50.0
16,0,4,50,4,2,add_lane,1,349,50.0,391,55.0
16,0,4,50,4,2,add_lane,2,349,50.0,433,60.0
16,0,4,50,4,2,change_speed,-10,349,50.0,314,36.0
16,0,4,50,4,2,change_speed,0,349,50.0,349,45.0
16,0,4,50,4,2,change_speed,10,349,50.0,384,54.0
16,0,4,50,4,3,add_lane,0,349,50.4,349,50.4
16,0,4,50,4,3,add_lane,1,349,50.4,391,55.4
16,0,4,50,4,3,add_lane,2,349,50.4,433,60.5
16,0,4,50,4,3,change_speed,-10,349,50.4,314,36.3
16,0,4,50,4,3,change_speed,0,349,50.4,349,45.4
16,0,4,50,4,3,change_speed,10,349,50.4,384,54.4
16,0,4,50,4,4,add_lane,0,349,52.3,349,52.3
16,0,4,50,4,4,add_lane,1,349,52.3,391,57.5
16,0,4,50,4,4,add_lane,2,349,52.3,433,62.8
16,0,4,50,4,4,change_speed,-10,349,52.3,314,37.7
16,0,4,50,4,4,change_speed,0,349,52.3,349,47.1
16,0,4,50,4,4,change_speed,10,349,52.3,384,56.5
16,0,4,50,4,5,add_lane,0,252,40.3,252,40.3
16,0,4,50,4,5,add_lane,1,252,40.3,282,44.3
16,0,4,50,4,5,add_lane,2,252,40.3,312,48.4
16,0,4,50,4,5,change_speed,-10,252,40.3,227,29.0
16,0,4,50,4,5,change_speed,0,252,40.3,252,36.3
16,0,4,50,4,5,change_speed,10,252,40.3,277,43.5
16,0,4,50,4,6,add_lane,0,221,43.9,221,43.9
16,0,4,50,4,6,add_lane,1,221,43.9,248,48.3
16,0,4,50,4,6,add_lane,2,221,43.9,274,52.7
16,0,4,50,4,6,change_speed,-10,221,43.9,199,31.6
16,0,4,50,4,6,change_speed,0,221,43.9,221,39.5
16,0,4,50,4,6,change_speed,10,221,43.9,243,47.4
16,0,4,50,5,0,add_lane,0,354,41.0,354,41.0
16,0,4,50,5,0,add_lane,1,354,41.0,396,45.1
16,0,4,50,5,0,add_lane,2,354,41.0,439,49.2
16,0,4,50,5,0,change_speed,-10,354,41.0,319,29.5
16,0,4,50,5,0,change_speed,0,354,41.0,354,36.9
16,0,4,50,5,0,change_speed,10,354,41.0,389,44.3
16,0,4,50,5,1,add_lane,0,720,48.6,720,48.6
16,0,4,50,5,1,add_lane,1,720,48.6,806,53.5
16,0,4,50,5,1,add_lane,2,720,48.6,893,58.3
16,0,4,50,5,1,change_speed,-10,720,48.6,648,35.0
16,0,4,50,5,1,change_speed,0,720,48.6,720,43.7
16,0,4,50,5,1,change_speed,10,720,48.6,792,52.5
16,0,4,50,5,2,add_lane,0,698,45.5,698,45.5
16,0,4,50,5,2,add_lane,1,698,45.5,782,50.1
16,0,4,50,5,2,add_lane,2,698,45.5,866,54.6
16,0,4,50,5,2,change_speed,-10,698,45.5,628,32.8
16,0,4,50,5,2,change_speed,0,698,45.5,698,41.0
16,0,4,50,5,2,change_speed,10,698,45.5,768,49.1
16,0,4,50,5,3,add_lane,0,698,49.3,698,49.3
16,0,4,50,5,3,add_lane,1,698,49.3,782,54.2
16,0,4,50,5,3,add_lane,2,698,49.3,866,59.2
16,0,4,50,5,3,change_speed,-10,698,49.3,628,35.5
16,0,4,50,5,3,change_speed,0,698,49.3,698,44.4
16,0,4,50,5,3,change_speed,10,698,49.3,768,53.2
16,0,4,50,5,4,add_lane,0,698,50.1,698,50.1
16,0,4,50,5,4,add_lane,1,698,50.1,782,55.1
16,0,4,50,5,4,add_lane,2,698,50.1,866,60.1
16,0,4,50,5,4,change_speed,-10,698,50.1,628,36.1
16,0,4,50,5,4,change_speed,0,698,50.1,698,45.1
16,0,4,50,5,4,change_speed,10,698,50.1,768,54.1
16,0,4,50,5,5,add_lane,0,504,34.8,504,34.8
16,0,4,50,5,5,add_lane,1,504,34.8,564,38.3
16,0,4,50,5,5,add_lane,2,504,34.8,625,41.8
16,0,4,50,5,5,change_speed,-10,504,34.8,454,25.1
16,0,4,50,5,5,change_speed,0,504,34.8,504,31.3
16,0,4,50,5,5,change_speed,10,504,34.8,554,37.6
16,0,4,50,5,6,add_lane,0,443,41.3,443,41.3
16,0,4,50,5,6,add_lane,1,443,41.3,496,45.4
16,0,4,50,5,6,add_lane,2,443,41.3,549,49.6
16,0,4,50,5,6,change_speed,-10,443,41.3,399,29.7
16,0,4,50,5,6,change_speed,0,443,41.3,443,37.2
16,0,4,50,5,6,change_speed,10,443,41.3,487,44.6
16,0,4,50,6,0,add_lane,0,708,45.6,708,45.6
16,0,4,50,6,0,add_lane,1,708,45.6,793,50.2
16,0,4,50,6,0,add_lane,2,708,45.6,878,54.7
16,0,4,50,6,0,change_speed,-10,708,45.6,637,32.8
16,0,4,50,6,0,change_speed,0,708,45.6,708,41.0
16,0,4,50,6,0,change_speed,10,708,45.6,779,49.2
16,0,4,50,6,1,add_lane,0,1440,44.9,1440,44.9
16,0,4,50,6,1,add_lane,1,1440,44.9,1613,49.4
16,0,4,50,6,1,add_lane,2,1440,44.9,1786,53.9
16,0,4,50,6,1,change_speed,-10,1440,44.9,1296,32.3
16,0,4,50,6,1,change_speed,0,1440,44.9,1440,40.4
16,0,4,50,6,1,change_speed,10,1440,44.9,1584,48.5
16,0,4,50,6,2,add_lane,0,1397,44.5,1397,44.5
16,0,4,50,6,2,add_lane,1,1397,44.5,1565,49.0
16,0,4,50,6,2,add_lane,2,1397,44.5,1732,53.4
16,0,4,50,6,2,change_speed,-10,1397,44.5,1257,32.0
16,0,4,50,6,2,change_speed,0,1397,44.5,1397,40.1
16,0,4,50,6,2,change_speed,10,1397,44.5,1537,48.1
16,0,4,50,6,3,add_lane,0,1397,42.8,1397,42.8
16,0,4,50,6,3,add_lane,1,1397,42.8,1565,47.1
16,0,4,50,6,3,add_lane,2,1397,42.8,1732,51.4
16,0,4,50,6,3,change_speed,-10,1397,42.8,1257,30.8
16,0,4,50,6,3,change_speed,0,1397,42.8,1397,38.5
16,0,4,50,6,3,change_speed,10,1397,42.8,1537,46.2
16,0,4,50,6,4,add_lane,0,1397,44.2,1397,44.2
16,0,4,50,6,4,add_lane,1,1397,44.2,1565,48.6
16,0,4,50,6,4,add_lane,2,1397,44.2,1732,53.0
16,0,4,50,6,4,change_speed,-10,1397,44.2,1257,31.8
16,0,4,50,6,4,change_speed,0,1397,44.2,1397,39.8
16,0,4,50,6,4,change_speed,10,1397,44.2,1537,47.7
16,0,4,50,6,5,add_lane,0,1008,31.0,1008,31.0
16,0,4,50,6,5,add_lane,1,1008,31.0,1129,34.1
16,0,4,50,6,5,add_lane,2,1008,31.0,1250,37.2
16,0,4,50,6,5,change_speed,-10,1008,31.0,907,22.3
16,0,4,50,6,5,change_speed,0,1008,31.0,1008,27.9
16,0,4,50,6,5,change_speed,10,1008,31.0,1109,33.5
16,0,4,50,6,6,add_lane,0,886,41.8,886,41.8
16,0,4,50,6,6,add_lane,1,886,41.8,992,46.0
16,0,4,50,6,6,add_lane,2,886,41.8,1099,50.2
16,0,4,50,6,6,change_speed,-10,886,41.8,797,30.1
16,0,4,50,6,6,change_speed,0,886,41.8,886,37.6
16,0,4,50,6,6,change_speed,10,886,41.8,975,45.1
16,0,4,50,7,0,add_lane,0,1594,45.2,1594,45.2
16,0,4,50,7,0,add_lane,1,1594,45.2,1785,49.7
16,0,4,50,7,0,add_lane,2,1594,45.2,1977,54.2
16,0,4,50,7,0,change_speed,-10,1594,45.2,1435,32.5
16,0,4,50,7,0,change_speed,0,1594,45.2,1594,40.7
16,0,4,50,7,0,change_speed,10,1594,45.2,1753,48.8
16,0,4,50,7,1,add_lane,0,3240,38.6,3240,38.6
16,0,4,50,7,1,add_lane,1,3240,38.6,3629,42.5
16,0,4,50,7,1,add_lane,2,3240,38.6,4018,46.3
16,0,4,50,7,1,change_speed,-10,3240,38.6,2916,27.8
16,0,4,50,7,1,change_speed,0,3240,38.6,3240,34.7
16,0,4,50,7,1,change_speed,10,3240,38.6,3564,41.7
16,0,4,50,7,2,add_lane,0,3143,38.5,3143,38.5
16,0,4,50,7,2,add_lane,1,3143,38.5,3520,42.4
16,0,4,50,7,2,add_lane,2,3143,38.5,3897,46.2
16,0,4,50,7,2,change_speed,-10,3143,38.5,2829,27.7
16,0,4,50,7,2,change_speed,0,3143,38.5,3143,34.6
16,0,4,50,7,2,change_speed,10,3143,38.5,3457,41.6
16,0,4,50,7,3,add_lane,0,3143,32.9,3143,32.9
16,0,4,50,7,3,add_lane,1,3143,32.9,3520,36.2
16,0,4,50,7,3,add_lane,2,3143,32.9,3897,39.5
16,0,4,50,7,3,change_speed,-10,3143,32.9,2829,23.7
16,0,4,50,7,3,change_speed,0,3143,32.9,3143,29.6
16,0,4,50,7,3,change_speed,10,3143,32.9,3457,35.5
16,0,4,50,7,4,add_lane,0,3143,37.5,3143,37.5
16,0,4,50,7,4,add_lane,1,3143,37.5,3520,41.2
16,0,4,50,7,4,add_lane,2,3143,37.5,3897,45.0
16,0,4,50,7,4,change_speed,-10,3143,37.5,2829,27.0
16,0,4,50,7,4,change_speed,0,3143,37.5,3143,33.8
16,0,4,50,7,4,change_speed,10,3143,37.5,3457,40.5
16,0,4,50,7,5,add_lane,0,2268,26.2,2268,26.2
16,0,4,50,7,5,add_lane,1,2268,26.2,2540,28.8
16,0,4,50,7,5,add_lane,2,2268,26.2,2812,31.4
16,0,4,50,7,5,change_speed,-10,2268,26.2,2041,18.9
16,0,4,50,7,5,change_speed,0,2268,26.2,2268,23.6
16,0,4,50,7,5,change_speed,10,2268,26.2,2495,28.3
16,0,4,50,7,6,add_lane,0,1993,36.8,1993,36.8
16,0,4,50,7,6,add_lane,1,1993,36.8,2232,40.5
16,0,4,50,7,6,add_lane,2,1993,36.8,2471,44.2
16,0,4,50,7,6,change_speed,-10,1993,36.8,1794,26.5
16,0,4,50,7,6,change_speed,0,1993,36.8,1993,33.1
16,0,4,50,7,6,change_speed,10,1993,36.8,2192,39.7
16,0,4,50,8,0,add_lane,0,2125,39.2,2125,39.2
16,0,4,50,8,0,add_lane,1,2125,39.2,2380,43.1
16,0,4,50,8,0,add_lane,2,2125,39.2,2635,47.0
16,0,4,50,8,0,change_speed,-10,2125,39.2,1912,28.2
16,0,4,50,8,0,change_speed,0,2125,39.2,2125,35.3
16,0,4,50,8,0,change_speed,10,2125,39.2,2338,42.3
16,0,4,50,8,1,add_lane,0,4320,27.9,4320,27.9
16,0,4,50,8,1,add_lane,1,4320,27.9,4838,30.7
16,0,4,50,8,1,add_lane,2,4320,27.9,5357,33.5
16,0,4,50,8,1,change_speed,-10,4320,27.9,3888,20.1
16,0,4,50,8,1,change_speed,0,4320,27.9,4320,25.1
16,0,4,50,8,1,change_speed,10,4320,27.9,4752,30.1
16,0,4,50,8,2,add_lane,0,4190,27.6,4190,27.6
16,0,4,50,8,2,add_lane,1,4190,27.6,4693,30.4
16,0,4,50,8,2,add_lane,2,4190,27.6,5196,33.1
16,0,4,50,8,2,change_speed,-10,4190,27.6,3771,19.9
16,0,4,50,8,2,change_speed,0,4190,27.6,4190,24.8
16,0,4,50,8,2,change_speed,10,4190,27.6,4609,29.8
16,0,4,50,8,3,add_lane,0,4190,29.8,4190,29.8
16,0,4,50,8,3,add_lane,1,4190,29.8,4693,32.8
16,0,4,50,8,3,add_lane,2,4190,29.8,5196,35.8
16,0,4,50,8,3,change_speed,-10,4190,29.8,3771,21.5
16,0,4,50,8,3,change_speed,0,4190,29.8,4190,26.8
16,0,4,50,8,3,change_speed,10,4190,29.8,4609,32.2
16,0,4,50,8,4,add_lane,0,4190,29.9,4190,29.9
16,0,4,50,8,4,add_lane,1,4190,29.9,4693,32.9
16,0,4,50,8,4,add_lane,2,4190,29.9,5196,35.9
16,0,4,50,8,4,change_speed,-10,4190,29.9,3771,21.5
16,0,4,50,8,4,change_speed,0,4190,29.9,4190,26.9
16,0,4,50,8,4,change_speed,10,4190,29.9,4609,32.3
16,0,4,50,8,5,add_lane,0,3024,23.7,3024,23.7
16,0,4,50,8,5,add_lane,1,3024,23.7,3387,26.1
16,0,4,50,8,5,add_lane,2,3024,23.7,3750,28.4
16,0,4,50,8,5,change_speed,-10,3024,23.7,2722,17.1
16,0,4,50,8,5,change_speed,0,3024,23.7,3024,21.3
16,0,4,50,8,5,change_speed,10,3024,23.7,3326,25.6
16,0,4,50,8,6,add_lane,0,2657,31.0,2657,31.0
16,0,4,50,8,6,add_lane,1,2657,31.0,2976,34.1
16,0,4,50,8,6,add_lane,2,2657,31.0,3295,37.2
16,0,4,50,8,6,change_speed,-10,2657,31.0,2391,22.3
16,0,4,50,8,6,change_speed,0,2657,31.0,2657,27.9
16,0,4,50,8,6,change_speed,10,2657,31.0,2923,33.5
16,0,4,50,9,0,add_lane,0,1594,39.6,1594,39.6
16,0,4,50,9,0,add_lane,1,1594,39.6,1785,43.6
16,0,4,50,9,0,add_lane,2,1594,39.6,1977,47.5
16,0,4,50,9,0,change_speed,-10,1594,39.6,1435,28.5
16,0,4,50,9,0,change_speed,0,1594,39.6,1594,35.6
16,0,4,50,9,0,change_speed,10,1594,39.6,1753,42.8
16,0,4,50,9,1,add_lane,0,3240,34.0,3240,34.0
16,0,4,50,9,1,add_lane,1,3240,34.0,3629,37.4
16,0,4,50,9,1,add_lane,2,3240,34.0,4018,40.8
16,0,4,50,9,1,change_speed,-10,3240,34.0,2916,24.5
16,0,4,50,9,1,change_speed,0,3240,34.0,3240,30.6
16,0,4,50,9,1,change_speed,10,3240,34.0,3564,36.7
16,0,4,50,9,2,add_lane,0,3143,34.2,3143,34.2
16,0,4,50,9,2,add_lane,1,3143,34.2,3520,37.6
16,0,4,50,9,2,add_lane,2,3143,34.2,3897,41.0
16,0,4,50,9,2,change_speed,-10,3143,34.2,2829,24.6
16,0,4,50,9,2,change_speed,0,3143,34.2,3143,30.8
16,0,4,50,9,2,change_speed,10,3143,34.2,3457,36.9
16,0,4,50,9,3,add_lane,0,3143,35.3,3143,35.3
16,0,4,50,9,3,add_lane,1,3143,35.3,3520,38.8
16,0,4,50,9,3,add_lane,2,3143,35.3,3897,42.4
16,0,4,50,9,3,change_speed,-10,3143,35.3,2829,25.4
16,0,4,50,9,3,change_speed,0,3143,35.3,3143,31.8
16,0,4,50,9,3,change_speed,10,3143,35.3,3457,38.1
16,0,4,50,9,4,add_lane,0,3143,35.5,3143,35.5
16,0,4,50,9,4,add_lane,1,3143,35.5,3520,39.1
16,0,4,50,9,4,add_lane,2,3143,35.5,3897,42.6
16,0,4,50,9,4,change_speed,-10,3143,35.5,2829,25.6
16,0,4,50,9,4,change_speed,0,3143,35.5,3143,31.9
16,0,4,50,9,4,change_speed,10,3143,35.5,3457,38.3
16,0,4,50,9,5,add_lane,0,2268,24.7,2268,24.7
16,0,4,50,9,5,add_lane,1,2268,24.7,2540,27.2
16,0,4,50,9,5,add_lane,2,2268,24.7,2812,29.6
16,0,4,50,9,5,change_speed,-10,2268,24.7,2041,17.8
16,0,4,50,9,5,change_speed,0,2268,24.7,2268,22.2
16,0,4,50,9,5,change_speed,10,2268,24.7,2495,26.7
16,0,4,50,9,6,add_lane,0,1993,34.4,1993,34.4
16,0,4,50,9,6,add_lane,1,1993,34.4,2232,37.8
16,0,4,50,9,6,add_lane,2,1993,34.4,2471,41.3
16,0,4,50,9,6,change_speed,-10,1993,34.4,1794,24.8
16,0,4,50,9,6,change_speed,0,1993,34.4,1993,31.0
16,0,4,50,9,6,change_speed,10,1993,34.4,2192,37.2
16,0,4,50,10,0,add_lane,0,1240,38.4,1240,38.4
16,0,4,50,10,0,add_lane,1,1240,38.4,1389,42.2
16,0,4,50,10,0,add_lane,2,1240,38.4,1538,46.1
16,0,4,50,10,0,change_speed,-10,1240,38.4,1116,27.6
16,0,4,50,10,0,change_speed,0,1240,38.4,1240,34.6
16,0,4,50,10,0,change_speed,10,1240,38.4,1364,41.5
16,0,4,50,10,1,add_lane,0,2520,40.1,2520,40.1
16,0,4,50,10,1,add_lane,1,2520,40.1,2822,44.1
16,0,4,50,10,1,add_lane,2,2520,40.1,3125,48.1
16,0,4,50,10,1,change_speed,-10,2520,40.1,2268,28.9
16,0,4,50,10,1,change_speed,0,2520,40.1,2520,36.1
16,0,4,50,10,1,change_speed,10,2520,40.1,2772,43.3
16,0,4,50,10,2,add_lane,0,2444,36.6,2444,36.6
16,0,4,50,10,2,add_lane,1,2444,36.6,2737,40.3
16,0,4,50,10,2,add_lane,2,2444,36.6,3031,43.9
16,0,4,50,10,2,change_speed,-10,2444,36.6,2200,26.4
16,0,4,50,10,2,change_speed,0,2444,36.6,2444,32.9
16,0,4,50,10,2,change_speed,10,2444,36.6,2688,39.5
16,0,4,50,10,3,add_lane,0,2444,36.8,2444,36.8
16,0,4,50,10,3,add_lane,1,2444,36.8,2737,40.5
16,0,4,50,10,3,add_lane,2,2444,36.8,3031,44.2
16,0,4,50,10,3,change_speed,-10,2444,36.8,2200,26.5
16,0,4,50,10,3,change_speed,0,2444,36.8,2444,33.1
16,0,4,50,10,3,change_speed,10,2444,36.8,2688,39.7
16,0,4,50,10,4,add_lane,0,2444,36.5,2444,36.5
16,0,4,50,10,4,add_lane,1,2444,36.5,2737,40.2
16,0,4,50,10,4,add_lane,2,2444,36.5,3031,43.8
16,0,4,50,10,4,change_speed,-10,2444,36.5,2200,26.3
16,0,4,50,10,4,change_speed,0,2444,36.5,2444,32.9
16,0,4,50,10,4,change_speed,10,2444,36.5,2688,39.4
16,0,4,50,10,5,add_lane,0,1764,29.1,1764,29.1
16,0,4,50,10,5,add_lane,1,1764,29.1,1976,32.0
16,0,4,50,10,5,add_lane,2,1764,29.1,2187,34.9
16,0,4,50,10,5,change_speed,-10,1764,29.1,1588,21.0
16,0,4,50,10,5,change_speed,0,1764,29.1,1764,26.2
16,0,4,50,10,5,change_speed,10,1764,29.1,1940,31.4
16,0,4,50,10,6,add_lane,0,1550,35.8,1550,35.8
16,0,4,50,10,6,add_lane,1,1550,35.8,1736,39.4
16,0,4,50,10,6,add_lane,2,1550,35.8,1922,43.0
16,0,4,50,10,6,change_speed,-10,1550,35.8,1395,25.8
16,0,4,50,10,6,change_speed,0,1550,35.8,1550,32.2
16,0,4,50,10,6,change_speed,10,1550,35.8,1705,38.7
16,0,4,50,11,0,add_lane,0,1063,45.5,1063,45.5
16,0,4,50,11,0,add_lane,1,1063,45.5,1191,50.1
16,0,4,50,11,0,add_lane,2,1063,45.5,1318,54.6
16,0,4,50,11,0,change_speed,-10,1063,45.5,957,32.8
16,0,4,50,11,0,change_speed,0,1063,45.5,1063,41.0
16,0,4,50,11,0,change_speed,10,1063,45.5,1169,49.1
16,0,4,50,11,1,add_lane,0,2160,40.4,2160,40.4
16,0,4,50,11,1,add_lane,1,2160,40.4,2419,44.4
16,0,4,50,11,1,add_lane,2,2160,40.4,2678,48.5
16,0,4,50,11,1,change_speed,-10,2160,40.4,1944,29.1
16,0,4,50,11,1,change_speed,0,2160,40.4,2160,36.4
16,0,4,50,11,1,change_speed,10,2160,40.4,2376,43.6
16,0,4,50,11,2,add_lane,0,2095,43.4,2095,43.4
16,0,4,50,11,2,add_lane,1,2095,43.4,2346,47.7
16,0,4,50,11,2,add_lane,2,2095,43.4,2598,52.1
16,0,4,50,11,2,change_speed,-10,2095,43.4,1886,31.2
16,0,4,50,11,2,change_speed,0,2095,43.4,2095,39.1
16,0,4,50,11,2,change_speed,10,2095,43.4,2304,46.9
16,0,4,50,11,3,add_lane,0,2095,37.1,2095,37.1
16,0,4,50,11,3,add_lane,1,2095,37.1,2346,40.8
16,0,4,50,11,3,add_lane,2,2095,37.1,2598,44.5
16,0,4,50,11,3,change_speed,-10,2095,37.1,1886,26.7
16,0,4,50,11,3,change_speed,0,2095,37.1,2095,33.4
16,0,4,50,11,3,change_speed,10,2095,37.1,2304,40.1
16,0,4,50,11,4,add_lane,0,2095,41.6,2095,41.6
16,0,4,50,11,4,add_lane,1,2095,41.6,2346,45.8
16,0,4,50,11,4,add_lane,2,2095,41.6,2598,49.9
16,0,4,50,11,4,change_speed,-10,2095,41.6,1886,30.0
16,0,4,50,11,4,change_speed,0,2095,41.6,2095,37.4
16,0,4,50,11,4,change_speed,10,2095,41.6,2304,44.9
16,0,4,50,11,5,add_lane,0,1512,31.4,1512,31.4
16,0,4,50,11,5,add_lane,1,1512,31.4,1693,34.5
16,0,4,50,11,5,add_lane,2,1512,31.4,1875,37.7
16,0,4,50,11,5,change_speed,-10,1512,31.4,1361,22.6
16,0,4,50,11,5,change_speed,0,1512,31.4,1512,28.3
16,0,4,50,11,5,change_speed,10,1512,31.4,1663,33.9
16,0,4,50,11,6,add_lane,0,1328,39.7,1328,39.7
16,0,4,50,11,6,add_lane,1,1328,39.7,1487,43.7
16,0,4,50,11,6,add_lane,2,1328,39.7,1647,47.6
16,0,4,50,11,6,change_speed,-10,1328,39.7,1195,28.6
16,0,4,50,11,6,change_speed,0,1328,39.7,1328,35.7
16,0,4,50,11,6,change_speed,10,1328,39.7,1461,42.9
16,0,4,50,12,0,add_lane,0,974,45.0,974,45.0
16,0,4,50,12,0,add_lane,1,974,45.0,1091,49.5
16,0,4,50,12,0,add_lane,2,974,45.0,1208,54.0
16,0,4,50,12,0,change_speed,-10,974,45.0,877,32.4
16,0,4,50,12,0,change_speed,0,974,45.0,974,40.5
16,0,4,50,12,0,change_speed,10,974,45.0,1071,48.6
16,0,4,50,12,1,add_lane,0,1980,41.1,1980,41.1
16,0,4,50,12,1,add_lane,1,1980,41.1,2218,45.2
16,0,4,50,12,1,add_lane,2,1980,41.1,2455,49.3
16,0,4,50,12,1,change_speed,-10,1980,41.1,1782,29.6
16,0,4,50,12,1,change_speed,0,1980,41.1,1980,37.0
16,0,4,50,12,1,change_speed,10,1980,41.1,2178,44.4
16,0,4,50,12,2,add_lane,0,1921,43.7,1921,43.7
16,0,4,50,12,2,add_lane,1,1921,43.7,2152,48.1
16,0,4,50,12,2,add_lane,2,1921,43.7,2382,52.4
16,0,4,50,12,2,change_speed,-10,1921,43.7,1729,31.5
16,0,4,50,12,2,change_speed,0,1921,43.7,1921,39.3
16,0,4,50,12,2,change_speed,10,1921,43.7,2113,47.2
16,0,4,50,12,3,add_lane,0,1921,38.4,1921,38.4
16,0,4,50,12,3,add_lane,1,1921,38.4,2152,42.2
16,0,4,50,12,3,add_lane,2,1921,38.4,2382,46.1
16,0,4,50,12,3,change_speed,-10,1921,38.4,1729,27.6
16,0,4,50,12,3,change_speed,0,1921,38.4,1921,34.6
16,0,4,50,12,3,change_speed,10,1921,38.4,2113,41.5
16,0,4,50,12,4,add_lane,0,1921,46.5,1921,46.5
16,0,4,50,12,4,add_lane,1,1921,46.5,2152,51.2
16,0,4,50,12,4,add_lane,2,1921,46.5,2382,55.8
16,0,4,50,12,4,change_speed,-10,1921,46.5,1729,33.5
16,0,4,50,12,4,change_speed,0,1921,46.5,1921,41.9
16,0,4,50,12,4,change_speed,10,1921,46.5,2113,50.2
16,0,4,50,12,5,add_lane,0,1386,29.4,1386,29.4
16,0,4,50,12,5,add_lane,1,1386,29.4,1552,32.3
16,0,4,50,12,5,add_lane,2,1386,29.4,1719,35.3
16,0,4,50,12,5,change_speed,-10,1386,29.4,1247,21.2
16,0,4,50,12,5,change_speed,0,1386,29.4,1386,26.5
16,0,4,50,12,5,change_speed,10,1386,29.4,1525,31.8
16,0,4,50,12,6,add_lane,0,1218,38.5,1218,38.5
16,0,4,50,12,6,add_lane,1,1218,38.5,1364,42.4
16,0,4,50,12,6,add_lane,2,1218,38.5,1510,46.2
16,0,4,50,12,6,change_speed,-10,1218,38.5,1096,27.7
16,0,4,50,12,6,change_speed,0,1218,38.5,1218,34.6
16,0,4,50,12,6,change_speed,10,1218,38.5,1340,41.6
16,0,4,50,13,0,add_lane,0,974,38.7,974,38.7
16,0,4,50,13,0,add_lane,1,974,38.7,1091,42.6
16,0,4,50,13,0,add_lane,2,974,38.7,1208,46.4
16,0,4,50,13,0,change_speed,-10,974,38.7,877,27.9
16,0,4,50,13,0,change_speed,0,974,38.7,974,34.8
16,0,4,50,13,0,change_speed,10,974,38.7,1071,41.8
16,0,4,50,13,1,add_lane,0,1980,43.7,1980,43.7
16,0,4,50,13,1,add_lane,1,1980,43.7,2218,48.1
16,0,4,50,13,1,add_lane,2,1980,43.7,2455,52.4
16,0,4,50,13,1,change_speed,-10,1980,43.7,1782,31.5
16,0,4,50,13,1,change_speed,0,1980,43.7,1980,39.3
16,0,4,50,13,1,change_speed,10,1980,43.7,2178,47.2
16,0,4,50,13,2,add_lane,0,1921,38.4,1921,38.4
16,0,4,50,13,2,add_lane,1,1921,38.4,2152,42.2
16,0,4,50,13,2,add_lane,2,1921,38.4,2382,46.1
16,0,4,50,13,2,change_speed,-10,1921,38.4,1729,27.6
16,0,4,50,13,2,change_speed,0,1921,38.4,1921,34.6
16,0,4,50,13,2,change_speed,10,1921,38.4,2113,41.5
16,0,4,50,13,3,add_lane,0,1921,44.6,1921,44.6
16,0,4,50,13,3,add_lane,1,1921,44.6,2152,49.1
16,0,4,50,13,3,add_lane,2,1921,44.6,2382,53.5
16,0,4,50,13,3,change_speed,-10,1921,44.6,1729,32.1
16,0,4,50,13,3,change_speed,0,1921,44.6,1921,40.1
16,0,4,50,13,3,change_speed,10,1921,44.6,2113,48.2
16,0,4,50,13,4,add_lane,0,1921,38.1,1921,38.1
16,0,4,50,13,4,add_lane,1,1921,38.1,2152,41.9
16,0,4,50,13,4,add_lane,2,1921,38.1,2382,45.7
16,0,4,50,13,4,change_speed,-10,1921,38.1,1729,27.4
16,0,4,50,13,4,change_speed,0,1921,38.1,1921,34.3
16,0,4,50,13,4,change_speed,10,1921,38.1,2113,41.1
16,0,4,50,13,5,add_lane,0,1386,29.0,1386,29.0
16,0,4,50,13,5,add_lane,1,1386,29.0,1552,31.9
16,0,4,50,13,5,add_lane,2,1386,29.0,1719,34.8
16,0,4,50,13,5,change_speed,-10,1386,29.0,1247,20.9
16,0,4,50,13,5,change_speed,0,1386,29.0,1386,26.1
16,0,4,50,13,5,change_speed,10,1386,29.0,1525,31.3
16,0,4,50,13,6,add_lane,0,1218,35.1,1218,35.1
16,0,4,50,13,6,add_lane,1,1218,35.1,1364,38.6
16,0,4,50,13,6,add_lane,2,1218,35.1,1510,42.1
16,0,4,50,13,6,change_speed,-10,1218,35.1,1096,25.3
16,0,4,50,13,6,change_speed,0,1218,35.1,1218,31.6
16,0,4,50,13,6,change_speed,10,1218,35.1,1340,37.9
16,0,4,50,14,0,add_lane,0,1063,41.3,1063,41.3
16,0,4,50,14,0,add_lane,1,1063,41.3,1191,45.4
16,0,4,50,14,0,add_lane,2,1063,41.3,1318,49.6
16,0,4,50,14,0,change_speed,-10,1063,41.3,957,29.7
16,0,4,50,14,0,change_speed,0,1063,41.3,1063,37.2
16,0,4,50,14,0,change_speed,10,1063,41.3,1169,44.6
16,0,4,50,14,1,add_lane,0,2160,38.6,2160,38.6
16,0,4,50,14,1,add_lane,1,2160,38.6,2419,42.5
16,0,4,50,14,1,add_lane,2,2160,38.6,2678,46.3
16,0,4,50,14,1,change_speed,-10,2160,38.6,1944,27.8
16,0,4,50,14,1,change_speed,0,2160,38.6,2160,34.7
16,0,4,50,14,1,change_speed,10,2160,38.6,2376,41.7
16,0,4,50,14,2,add_lane,0,2095,35.7,2095,35.7
16,0,4,50,14,2,add_lane,1,2095,35.7,2346,39.3
16,0,4,50,14,2,add_lane,2,2095,35.7,2598,42.8
16,0,4,50,14,2,change_speed,-10,2095,35.7,1886,25.7
16,0,4,50,14,2,change_speed,0,2095,35.7,2095,32.1
16,0,4,50,14,2,change_speed,10,2095,35.7,2304,38.6
16,0,4,50,14,3,add_lane,0,2095,39.1,2095,39.1
16,0,4,50,14,3,add_lane,1,2095,39.1,2346,43.0
16,0,4,50,14,3,add_lane,2,2095,39.1,2598,46.9
16,0,4,50,14,3,change_speed,-10,2095,39.1,1886,28.2
16,0,4,50,14,3,change_speed,0,2095,39.1,2095,35.2
16,0,4,50,14,3,change_speed,10,2095,39.1,2304,42.2
16,0,4,50,14,4,add_lane,0,2095,42.4,2095,42.4
16,0,4,50,14,4,add_lane,1,2095,42.4,2346,46.6
16,0,4,50,14,4,add_lane,2,2095,42.4,2598,50.9
16,0,4,50,14,4,change_speed,-10,2095,42.4,1886,30.5
16,0,4,50,14,4,change_speed,0,2095,42.4,2095,38.2
16,0,4,50,14,4,change_speed,10,2095,42.4,2304,45.8
16,0,4,50,14,5,add_lane,0,1512,32.7,1512,32.7
16,0,4,50,14,5,add_lane,1,1512,32.7,1693,36.0
16,0,4,50,14,5,add_lane,2,1512,32.7,1875,39.2
16,0,4,50,14,5,change_speed,-10,1512,32.7,1361,23.5
16,0,4,50,14,5,change_speed,0,1512,32.7,1512,29.4
16,0,4,50,14,5,change_speed,10,1512,32.7,1663,35.3
16,0,4,50,14,6,add_lane,0,1328,38.7,1328,38.7
16,0,4,50,14,6,add_lane,1,1328,38.7,1487,42.6
16,0,4,50,14,6,add_lane,2,1328,38.7,1647,46.4
16,0,4,50,14,6,change_speed,-10,1328,38.7,1195,27.9
16,0,4,50,14,6,change_speed,0,1328,38.7,1328,34.8
16,0,4,50,14,6,change_speed,10,1328,38.7,1461,41.8
16,0,4,50,15,0,add_lane,0,1417,37.4,1417,37.4
16,0,4,50,15,0,add_lane,1,1417,37.4,1587,41.1
16,0,4,50,15,0,add_lane,2,1417,37.4,1757,44.9
16,0,4,50,15,0,change_speed,-10,1417,37.4,1275,26.9
16,0,4,50,15,0,change_speed,0,1417,37.4,1417,33.7
16,0,4,50,15,0,change_speed,10,1417,37.4,1559,40.4
16,0,4,50,15,1,add_lane,0,2880,35.9,2880,35.9
16,0,4,50,15,1,add_lane,1,2880,35.9,3226,39.5
16,0,4,50,15,1,add_lane,2,2880,35.9,3571,43.1
16,0,4,50,15,1,change_speed,-10,2880,35.9,2592,25.8
16,0,4,50,15,1,change_speed,0,2880,35.9,2880,32.3
16,0,4,50,15,1,change_speed,10,2880,35.9,3168,38.8
16,0,4,50,15,2,add_lane,0,2794,38.6,2794,38.6
16,0,4,50,15,2,add_lane,1,2794,38.6,3129,42.5
16,0,4,50,15,2,add_lane,2,2794,38.6,3465,46.3
16,0,4,50,15,2,change_speed,-10,2794,38.6,2515,27.8
16,0,4,50,15,2,change_speed,0,2794,38.6,2794,34.7
16,0,4,50,15,2,change_speed,10,2794,38.6,3073,41.7
16,0,4,50,15,3,add_lane,0,2794,36.0,2794,36.0
16,0,4,50,15,3,add_lane,1,2794,36.0,3129,39.6
16,0,4,50,15,3,add_lane,2,2794,36.0,3465,43.2
16,0,4,50,15,3,change_speed,-10,2794,36.0,2515,25.9
16,0,4,50,15,3,change_speed,0,2794,36.0,2794,32.4
16,0,4,50,15,3,change_speed,10,2794,36.0,3073,38.9
16,0,4,50,15,4,add_lane,0,2794,38.6,2794,38.6
16,0,4,50,15,4,add_lane,1,2794,38.6,3129,42.5
16,0,4,50,15,4,add_lane,2,2794,38.6,3465,46.3
16,0,4,50,15,4,change_speed,-10,2794,38.6,2515,27.8
16,0,4,50,15,4,change_speed,0,2794,38.6,2794,34.7
16,0,4,50,15,4,change_speed,10,2794,38.6,3073,41.7
16,0,4,50,15,5,add_lane,0,2016,25.7,2016,25.7
16,0,4,50,15,5,add_lane,1,2016,25.7,2258,28.3
16,0,4,50,15,5,add_lane,2,2016,25.7,2500,30.8
16,0,4,50,15,5,change_speed,-10,2016,25.7,1814,18.5
16,0,4,50,15,5,change_speed,0,2016,25.7,2016,23.1
16,0,4,50,15,5,change_speed,10,2016,25.7,2218,27.8
16,0,4,50,15,6,add_lane,0,1771,38.9,1771,38.9
16,0,4,50,15,6,add_lane,1,1771,38.9,1984,42.8
16,0,4,50,15,6,add_lane,2,1771,38.9,2196,46.7
16,0,4,50,15,6,change_speed,-10,1771,38.9,1594,28.0
16,0,4,50,15,6,change_speed,0,1771,38.9,1771,35.0
16,0,4,50,15,6,change_speed,10,1771,38.9,1948,42.0
16,0,4,50,16,0,add_lane,0,1771,32.0,1771,32.0
16,0,4,50,16,0,add_lane,1,1771,32.0,1984,35.2
16,0,4,50,16,0,add_lane,2,1771,32.0,2196,38.4
16,0,4,50,16,0,change_speed,-10,1771,32.0,1594,23.0
16,0,4,50,16,0,change_speed,0,1771,32.0,1771,28.8
16,0,4,50,16,0,change_speed,10,1771,32.0,1948,34.6
16,0,4,50,16,1,add_lane,0,3600,38.1,3600,38.1
16,0,4,50,16,1,add_lane,1,3600,38.1,4032,41.9
16,0,4,50,16,1,add_lane,2,3600,38.1,4464,45.7
16,0,4,50,16,1,change_speed,-10,3600,38.1,3240,27.4
16,0,4,50,16,1,change_speed,0,3600,38.1,3600,34.3
16,0,4,50,16,1,change_speed,10,3600,38.1,3960,41.1
16,0,4,50,16,2,add_lane,0,3492,30.2,3492,30.2
16,0,4,50,16,2,add_lane,1,3492,30.2,3911,33.2
16,0,4,50,16,2,add_lane,2,3492,30.2,4330,36.2
16,0,4,50,16,2,change_speed,-10,3492,30.2,3143,21.7
16,0,4,50,16,2,change_speed,0,3492,30.2,3492,27.2
16,0,4,50,16,2,change_speed,10,3492,30.2,3841,32.6
16,0,4,50,16,3,add_lane,0,3492,35.7,3492,35.7
16,0,4,50,16,3,add_lane,1,3492,35.7,3911,39.3
16,0,4,50,16,3,add_lane,2,3492,35.7,4330,42.8
16,0,4,50,16,3,change_speed,-10,3492,35.7,3143,25.7
16,0,4,50,16,3,change_speed,0,3492,35.7,3492,32.1
16,0,4,50,16,3,change_speed,10,3492,35.7,3841,38.6
16,0,4,50,16,4,add_lane,0,3492,36.3,3492,36.3
16,0,4,50,16,4,add_lane,1,3492,36.3,3911,39.9
16,0,4,50,16,4,add_lane,2,3492,36.3,4330,43.6
16,0,4,50,16,4,change_speed,-10,3492,36.3,3143,26.1
16,0,4,50,16,4,change_speed,0,3492,36.3,3492,32.7
16,0,4,50,16,4,change_speed,10,3492,36.3,3841,39.2
16,0,4,50,16,5,add_lane,0,2520,22.9,2520,22.9
16,0,4,50,16,5,add_lane,1,2520,22.9,2822,25.2
16,0,4,50,16,5,add_lane,2,2520,22.9,3125,27.5
16,0,4,50,16,5,change_speed,-10,2520,22.9,2268,16.5
16,0,4,50,16,5,change_speed,0,2520,22.9,2520,20.6
16,0,4,50,16,5,change_speed,10,2520,22.9,2772,24.7
16,0,4,50,16,6,add_lane,0,2214,36.8,2214,36.8
16,0,4,50,16,6,add_lane,1,2214,36.8,2480,40.5
16,0,4,50,16,6,add_lane,2,2214,36.8,2745,44.2
16,0,4,50,16,6,change_speed,-10,2214,36.8,1993,26.5
16,0,4,50,16,6,change_speed,0,2214,36.8,2214,33.1
16,0,4,50,16,6,change_speed,10,2214,36.8,2435,39.7
16,0,4,50,17,0,add_lane,0,2125,34.1,2125,34.1
16,0,4,50,17,0,add_lane,1,2125,34.1,2380,37.5
16,0,4,50,17,0,add_lane,2,2125,34.1,2635,40.9
16,0,4,50,17,0,change_speed,-10,2125,34.1,1912,24.6
16,0,4,50,17,0,change_speed,0,2125,34.1,2125,30.7
16,0,4,50,17,0,change_speed,10,2125,34.1,2338,36.8
16,0,4,50,17,1,add_lane,0,4320,30.6,4320,30.6
16,0,4,50,17,1,add_lane,1,4320,30.6,4838,33.7
16,0,4,50,17,1,add_lane,2,4320,30.6,5357,36.7
16,0,4,50,17,1,change_speed,-10,4320,30.6,3888,22.0
16,0,4,50,17,1,change_speed,0,4320,30.6,4320,27.5
16,0,4,50,17,1,change_speed,10,4320,30.6,4752,33.0
16,0,4,50,17,2,add_lane,0,4190,30.4,4190,30.4
16,0,4,50,17,2,add_lane,1,4190,30.4,4693,33.4
16,0,4,50,17,2,add_lane,2,4190,30.4,5196,36.5
16,0,4,50,17,2,change_speed,-10,4190,30.4,3771,21.9
16,0,4,50,17,2,change_speed,0,4190,30.4,4190,27.4
16,0,4,50,17,2,change_speed,10,4190,30.4,4609,32.8
16,0,4,50,17,3,add_lane,0,4190,27.0,4190,27.0
16,0,4,50,17,3,add_lane,1,4190,27.0,4693,29.7
16,0,4,50,17,3,add_lane,2,4190,27.0,5196,32.4
16,0,4,50,17,3,change_speed,-10,4190,27.0,3771,19.4
16,0,4,50,17,3,change_speed,0,4190,27.0,4190,24.3
16,0,4,50,17,3,change_speed,10,4190,27.0,4609,29.2
16,0,4,50,17,4,add_lane,0,4190,30.3,4190,30.3
16,0,4,50,17,4,add_lane,1,4190,30.3,4693,33.3
16,0,4,50,17,4,add_lane,2,4190,30.3,5196,36.4
16,0,4,50,17,4,change_speed,-10,4190,30.3,3771,21.8
16,0,4,50,17,4,change_speed,0,4190,30.3,4190,27.3
16,0,4,50,17,4,change_speed,10,4190,30.3,4609,32.7
16,0,4,50,17,5,add_lane,0,3024,22.6,3024,22.6
16,0,4,50,17,5,add_lane,1,3024,22.6,3387,24.9
16,0,4,50,17,5,add_lane,2,3024,22.6,3750,27.1
16,0,4,50,17,5,change_speed,-10,3024,22.6,2722,16.3
16,0,4,50,17,5,change_speed,0,3024,22.6,3024,20.3
16,0,4,50,17,5,change_speed,10,3024,22.6,3326,24.4
16,0,4,50,17,6,add_lane,0,2657,30.7,2657,30.7
16,0,4,50,17,6,add_lane,1,2657,30.7,2976,33.8
16,0,4,50,17,6,add_lane,2,2657,30.7,3295,36.8
16,0,4,50,17,6,change_speed,-10,2657,30.7,2391,22.1
16,0,4,50,17,6,change_speed,0,2657,30.7,2657,27.6
16,0,4,50,17,6,change_speed,10,2657,30.7,2923,33.2
16,0,4,50,18,0,add_lane,0,1948,37.9,1948,37.9
16,0,4,50,18,0,add_lane,1,1948,37.9,2182,41.7
16,0,4,50,18,0,add_lane,2,1948,37.9,2416,45.5
16,0,4,50,18,0,change_speed,-10,1948,37.9,1753,27.3
16,0,4,50,18,0,change_speed,0,1948,37.9,1948,34.1
16,0,4,50,18,0,change_speed,10,1948,37.9,2143,40.9
16,0,4,50,18,1,add_lane,0,3960,30.4,3960,30.4
16,0,4,50,18,1,add_lane,1,3960,30.4,4435,33.4
16,0,4,50,18,1,add_lane,2,3960,30.4,4910,36.5
16,0,4,50,18,1,change_speed,-10,3960,30.4,3564,21.9
16,0,4,50,18,1,change_speed,0,3960,30.4,3960,27.4
16,0,4,50,18,1,change_speed,10,3960,30.4,4356,32.8
16,0,4,50,18,2,add_lane,0,3841,29.7,3841,29.7
16,0,4,50,18,2,add_lane,1,3841,29.7,4302,32.7
16,0,4,50,18,2,add_lane,2,3841,29.7,4763,35.6
16,0,4,50,18,2,change_speed,-10,3841,29.7,3457,21.4
16,0,4,50,18,2,change_speed,0,3841,29.7,3841,26.7
16,0,4,50,18,2,change_speed,10,3841,29.7,4225,32.1
16,0,4,50,18,3,add_lane,0,3841,29.6,3841,29.6
16,0,4,50,18,3,add_lane,1,3841,29.6,4302,32.6
16,0,4,50,18,3,add_lane,2,3841,29.6,4763,35.5
16,0,4,50,18,3,change_speed,-10,3841,29.6,3457,21.3
16,0,4,50,18,3,change_speed,0,3841,29.6,3841,26.6
16,0,4,50,18,3,change_speed,10,3841,29.6,4225,32.0
16,0,4,50,18,4,add_lane,0,3841,30.9,3841,30.9
16,0,4,50,18,4,add_lane,1,3841,30.9,4302,34.0
16,0,4,50,18,4,add_lane,2,3841,30.9,4763,37.1
16,0,4,50,18,4,change_speed,-10,3841,30.9,3457,22.2
16,0,4,50,18,4,change_speed,0,3841,30.9,3841,27.8
16,0,4,50,18,4,change_speed,10,3841,30.9,4225,33.4
16,0,4,50,18,5,add_lane,0,2772,22.9,2772,22.9
16,0,4,50,18,5,add_lane,1,2772,22.9,3105,25.2
16,0,4,50,18,5,add_lane,2,2772,22.9,3437,27.5
16,0,4,50,18,5,change_speed,-10,2772,22.9,2495,16.5
16,0,4,50,18,5,change_speed,0,2772,22.9,2772,20.6
16,0,4,50,18,5,change_speed,10,2772,22.9,3049,24.7
16,0,4,50,18,6,add_lane,0,2435,31.3,2435,31.3
16,0,4,50,18,6,add_lane,1,2435,31.3,2727,34.4
16,0,4,50,18,6,add_lane,2,2435,31.3,3019,37.6
16,0,4,50,18,6,change_speed,-10,2435,31.3,2192,22.5
16,0,4,50,18,6,change_speed,0,2435,31.3,2435,28.2
16,0,4,50,18,6,change_speed,10,2435,31.3,2678,33.8
16,0,4,50,19,0,add_lane,0,1594,40.8,1594,40.8
16,0,4,50,19,0,add_lane,1,1594,40.8,1785,44.9
16,0,4,50,19,0,add_lane,2,1594,40.8,1977,49.0
16,0,4,50,19,0,change_speed,-10,1594,40.8,1435,29.4
16,0,4,50,19,0,change_speed,0,1594,40.8,1594,36.7
16,0,4,50,19,0,change_speed,10,1594,40.8,1753,44.1
16,0,4,50,19,1,add_lane,0,3240,37.0,3240,37.0
16,0,4,50,19,1,add_lane,1,3240,37.0,3629,40.7
16,0,4,50,19,1,add_lane,2,3240,37.0,4018,44.4
16,0,4,50,19,1,change_speed,-10,3240,37.0,2916,26.6
16,0,4,50,19,1,change_speed,0,3240,37.0,3240,33.3
16,0,4,50,19,1,change_speed,10,3240,37.0,3564,40.0
16,0,4,50,19,2,add_lane,0,3143,36.3,3143,36.3
16,0,4,50,19,2,add_lane,1,3143,36.3,3520,39.9
16,0,4,50,19,2,add_lane,2,3143,36.3,3897,43.6
16,0,4,50,19,2,change_speed,-10,3143,36.3,2829,26.1
16,0,4,50,19,2,change_speed,0,3143,36.3,3143,32.7
16,0,4,50,19,2,change_speed,10,3143,36.3,3457,39.2
16,0,4,50,19,3,add_lane,0,3143,33.2,3143,33.2
16,0,4,50,19,3,add_lane,1,3143,33.2,3520,36.5
16,0,4,50,19,3,add_lane,2,3143,33.2,3897,39.8
16,0,4,50,19,3,change_speed,-10,3143,33.2,2829,23.9
16,0,4,50,19,3,change_speed,0,3143,33.2,3143,29.9
16,0,4,50,19,3,change_speed,10,3143,33.2,3457,35.9
16,0,4,50,19,4,add_lane,0,3143,35.7,3143,35.7
16,0,4,50,19,4,add_lane,1,3143,35.7,3520,39.3
16,0,4,50,19,4,add_lane,2,3143,35.7,3897,42.8
16,0,4,50,19,4,change_speed,-10,3143,35.7,2829,25.7
16,0,4,50,19,4,change_speed,0,3143,35.7,3143,32.1
16,0,4,50,19,4,change_speed,10,3143,35.7,3457,38.6
16,0,4,50,19,5,add_lane,0,2268,27.8,2268,27.8
16,0,4,50,19,5,add_lane,1,2268,27.8,2540,30.6
16,0,4,50,19,5,add_lane,2,2268,27.8,2812,33.4
16,0,4,50,19,5,change_speed,-10,2268,27.8,2041,20.0
16,0,4,50,19,5,change_speed,0,2268,27.8,2268,25.0
16,0,4,50,19,5,change_speed,10,2268,27.8,2495,30.0
16,0,4,50,19,6,add_lane,0,1993,38.6,1993,38.6
16,0,4,50,19,6,add_lane,1,1993,38.6,2232,42.5
16,0,4,50,19,6,add_lane,2,1993,38.6,2471,46.3
16,0,4,50,19,6,change_speed,-10,1993,38.6,1794,27.8
16,0,4,50,19,6,change_speed,0,1993,38.6,1993,34.7
16,0,4,50,19,6,change_speed,10,1993,38.6,2192,41.7
16,0,4,50,20,0,add_lane,0,1151,40.9,1151,40.9
16,0,4,50,20,0,add_lane,1,1151,40.9,1289,45.0
16,0,4,50,20,0,add_lane,2,1151,40.9,1427,49.1
16,0,4,50,20,0,change_speed,-10,1151,40.9,1036,29.4
16,0,4,50,20,0,change_speed,0,1151,40.9,1151,36.8
16,0,4,50,20,0,change_speed,10,1151,40.9,1266,44.2
16,0,4,50,20,1,add_lane,0,2340,42.7,2340,42.7
16,0,4,50,20,1,add_lane,1,2340,42.7,2621,47.0
16,0,4,50,20,1,add_lane,2,2340,42.7,2902,51.2
16,0,4,50,20,1,change_speed,-10,2340,42.7,2106,30.7
16,0,4,50,20,1,change_speed,0,2340,42.7,2340,38.4
16,0,4,50,20,1,change_speed,10,2340,42.7,2574,46.1
16,0,4,50,20,2,add_lane,0,2270,40.7,2270,40.7
16,0,4,50,20,2,add_lane,1,2270,40.7,2542,44.8
16,0,4,50,20,2,add_lane,2,2270,40.7,2815,48.8
16,0,4,50,20,2,change_speed,-10,2270,40.7,2043,29.3
16,0,4,50,20,2,change_speed,0,2270,40.7,2270,36.6
16,0,4,50,20,2,change_speed,10,2270,40.7,2497,44.0
16,0,4,50,20,3,add_lane,0,2270,43.5,2270,43.5
16,0,4,50,20,3,add_lane,1,2270,43.5,2542,47.9
16,0,4,50,20,3,add_lane,2,2270,43.5,2815,52.2
16,0,4,50,20,3,change_speed,-10,2270,43.5,2043,31.3
16,0,4,50,20,3,change_speed,0,2270,43.5,2270,39.1
16,0,4,50,20,3,change_speed,10,2270,43.5,2497,47.0
16,0,4,50,20,4,add_lane,0,2270,39.0,2270,39.0
16,0,4,50,20,4,add_lane,1,2270,39.0,2542,42.9
16,0,4,50,20,4,add_lane,2,2270,39.0,2815,46.8
16,0,4,50,20,4,change_speed,-10,2270,39.0,2043,28.1
16,0,4,50,20,4,change_speed,0,2270,39.0,2270,35.1
16,0,4,50,20,4,change_speed,10,2270,39.0,2497,42.1
16,0,4,50,20,5,add_lane,0,1638,28.9,1638,28.9
16,0,4,50,20,5,add_lane,1,1638,28.9,1835,31.8
16,0,4,50,20,5,add_lane,2,1638,28.9,2031,34.7
16,0,4,50,20,5,change_speed,-10,1638,28.9,1474,20.8
16,0,4,50,20,5,change_speed,0,1638,28.9,1638,26.0
16,0,4,50,20,5,change_speed,10,1638,28.9,1802,31.2
16,0,4,50,20,6,add_lane,0,1439,40.8,1439,40.8
16,0,4,50,20,6,add_lane,1,1439,40.8,1612,44.9
16,0,4,50,20,6,add_lane,2,1439,40.8,1784,49.0
16,0,4,50,20,6,change_speed,-10,1439,40.8,1295,29.4
16,0,4,50,20,6,change_speed,0,1439,40.8,1439,36.7
16,0,4,50,20,6,change_speed,10,1439,40.8,1583,44.1
16,0,4,50,21,0,add_lane,0,797,47.1,797,47.1
16,0,4,50,21,0,add_lane,1,797,47.1,893,51.8
16,0,4,50,21,0,add_lane,2,797,47.1,988,56.5
16,0,4,50,21,0,change_speed,-10,797,47.1,717,33.9
16,0,4,50,21,0,change_speed,0,797,47.1,797,42.4
16,0,4,50,21,0,change_speed,10,797,47.1,877,50.9
16,0,4,50,21,1,add_lane,0,1620,48.2,1620,48.2
16,0,4,50,21,1,add_lane,1,1620,48.2,1814,53.0
16,0,4,50,21,1,add_lane,2,1620,48.2,2009,57.8
16,0,4,50,21,1,change_speed,-10,1620,48.2,1458,34.7
16,0,4,50,21,1,change_speed,0,1620,48.2,1620,43.4
16,0,4,50,21,1,change_speed,10,1620,48.2,1782,52.1
16,0,4,50,21,2,add_lane,0,1571,42.1,1571,42.1
16,0,4,50,21,2,add_lane,1,1571,42.1,1760,46.3
16,0,4,50,21,2,add_lane,2,1571,42.1,1948,50.5
16,0,4,50,21,2,change_speed,-10,1571,42.1,1414,30.3
16,0,4,50,21,2,change_speed,0,1571,42.1,1571,37.9
16,0,4,50,21,2,change_speed,10,1571,42.1,1728,45.5
16,0,4,50,21,3,add_lane,0,1571,48.7,1571,48.7
16,0,4,50,21,3,add_lane,1,1571,48.7,1760,53.6
16,0,4,50,21,3,add_lane,2,1571,48.7,1948,58.4
16,0,4,50,21,3,change_speed,-10,1571,48.7,1414,35.1
16,0,4,50,21,3,change_speed,0,1571,48.7,1571,43.8
16,0,4,50,21,3,change_speed,10,1571,48.7,1728,52.6
16,0,4,50,21,4,add_lane,0,1571,46.7,1571,46.7
16,0,4,50,21,4,add_lane,1,1571,46.7,1760,51.4
16,0,4,50,21,4,add_lane,2,1571,46.7,1948,56.0
16,0,4,50,21,4,change_speed,-10,1571,46.7,1414,33.6
16,0,4,50,21,4,change_speed,0,1571,46.7,1571,42.0
16,0,4,50,21,4,change_speed,10,1571,46.7,1728,50.4
16,0,4,50,21,5,add_lane,0,1134,31.0,1134,31.0
16,0,4,50,21,5,add_lane,1,1134,31.0,1270,34.1
16,0,4,50,21,5,add_lane,2,1134,31.0,1406,37.2
16,0,4,50,21,5,change_speed,-10,1134,31.0,1021,22.3
16,0,4,50,21,5,change_speed,0,1134,31.0,1134,27.9
16,0,4,50,21,5,change_speed,10,1134,31.0,1247,33.5
16,0,4,50,21,6,add_lane,0,996,40.4,996,40.4
16,0,4,50,21,6,add_lane,1,996,40.4,1116,44.4
16,0,4,50,21,6,add_lane,2,996,40.4,1235,48.5
16,0,4,50,21,6,change_speed,-10,996,40.4,896,29.1
16,0,4,50,21,6,change_speed,0,996,40.4,996,36.4
16,0,4,50,21,6,change_speed,10,996,40.4,1096,43.6
16,0,4,50,22,0,add_lane,0,531,47.6,531,47.6
16,0,4,50,22,0,add_lane,1,531,47.6,595,52.4
16,0,4,50,22,0,add_lane,2,531,47.6,658,57.1
16,0,4,50,22,0,change_speed,-10,531,47.6,478,34.3
16,0,4,50,22,0,change_speed,0,531,47.6,531,42.8
16,0,4,50,22,0,change_speed,10,531,47.6,584,51.4
16,0,4,50,22,1,add_lane,0,1080,48.3,1080,48.3
16,0,4,50,22,1,add_lane,1,1080,48.3,1210,53.1
16,0,4,50,22,1,add_lane,2,1080,48.3,1339,58.0
16,0,4,50,22,1,change_speed,-10,1080,48.3,972,34.8
16,0,4,50,22,1,change_speed,0,1080,48.3,1080,43.5
16,0,4,50,22,1,change_speed,10,1080,48.3,1188,52.2
16,0,4,50,22,2,add_lane,0,1048,44.0,1048,44.0
16,0,4,50,22,2,add_lane,1,1048,44.0,1174,48.4
16,0,4,50,22,2,add_lane,2,1048,44.0,1300,52.8
16,0,4,50,22,2,change_speed,-10,1048,44.0,943,31.7
16,0,4,50,22,2,change_speed,0,1048,44.0,1048,39.6
16,0,4,50,22,2,change_speed,10,1048,44.0,1153,47.5
16,0,4,50,22,3,add_lane,0,1048,48.5,1048,48.5
16,0,4,50,22,3,add_lane,1,1048,48.5,1174,53.4
16,0,4,50,22,3,add_lane,2,1048,48.5,1300,58.2
16,0,4,50,22,3,change_speed,-10,1048,48.5,943,34.9
16,0,4,50,22,3,change_speed,0,1048,48.5,1048,43.6
16,0,4,50,22,3,change_speed,10,1048,48.5,1153,52.4
16,0,4,50,22,4,add_lane,0,1048,42.1,1048,42.1
16,0,4,50,22,4,add_lane,1,1048,42.1,1174,46.3
16,0,4,50,22,4,add_lane,2,1048,42.1,1300,50.5
16,0,4,50,22,4,change_speed,-10,1048,42.1,943,30.3
16,0,4,50,22,4,change_speed,0,1048,42.1,1048,37.9
16,0,4,50,22,4,change_speed,10,1048,42.1,1153,45.5
16,0,4,50,22,5,add_lane,0,756,35.2,756,35.2
16,0,4,50,22,5,add_lane,1,756,35.2,847,38.7
16,0,4,50,22,5,add_lane,2,756,35.2,937,42.2
16,0,4,50,22,5,change_speed,-10,756,35.2,680,25.3
16,0,4,50,22,5,change_speed,0,756,35.2,756,31.7
16,0,4,50,22,5,change_speed,10,756,35.2,832,38.0
16,0,4,50,22,6,add_lane,0,664,36.7,664,36.7
16,0,4,50,22,6,add_lane,1,664,36.7,744,40.4
16,0,4,50,22,6,add_lane,2,664,36.7,823,44.0
16,0,4,50,22,6,change_speed,-10,664,36.7,598,26.4
16,0,4,50,22,6,change_speed,0,664,36.7,664,33.0
16,0,4,50,22,6,change_speed,10,664,36.7,730,39.6
16,0,4,50,23,0,add_lane,0,354,45.4,354,45.4
16,0,4,50,23,0,add_lane,1,354,45.4,396,49.9
16,0,4,50,23,0,add_lane,2,354,45.4,439,54.5
16,0,4,50,23,0,change_speed,-10,354,45.4,319,32.7
16,0,4,50,23,0,change_speed,0,354,45.4,354,40.9
16,0,4,50,23,0,change_speed,10,354,45.4,389,49.0
16,0,4,50,23,1,add_lane,0,720,53.8,720,53.8
16,0,4,50,23,1,add_lane,1,720,53.8,806,59.2
16,0,4,50,23,1,add_lane,2,720,53.8,893,64.6
16,0,4,50,23,1,change_speed,-10,720,53.8,648,38.7
16,0,4,50,23,1,change_speed,0,720,53.8,720,48.4
16,0,4,50,23,1,change_speed,10,720,53.8,792,58.1
16,0,4,50,23,2,add_lane,0,698,50.0,698,50.0
16,0,4,50,23,2,add_lane,1,698,50.0,782,55.0
16,0,4,50,23,2,add_lane,2,698,50.0,866,60.0
16,0,4,50,23,2,change_speed,-10,698,50.0,628,36.0
16,0,4,50,23,2,change_speed,0,698,50.0,698,45.0
16,0,4,50,23,2,change_speed,10,698,50.0,768,54.0
16,0,4,50,23,3,add_lane,0,698,50.6,698,50.6
16,0,4,50,23,3,add_lane,1,698,50.6,782,55.7
16,0,4,50,23,3,add_lane,2,698,50.6,866,60.7
16,0,4,50,23,3,change_speed,-10,698,50.6,628,36.4
16,0,4,50,23,3,change_speed,0,698,50.6,698,45.5
16,0,4,50,23,3,change_speed,10,698,50.6,768,54.6
16,0,4,50,23,4,add_lane,0,698,47.0,698,47.0
16,0,4,50,23,4,add_lane,1,698,47.0,782,51.7
16,0,4,50,23,4,add_lane,2,698,47.0,866,56.4
16,0,4,50,23,4,change_speed,-10,698,47.0,628,33.8
16,0,4,50,23,4,change_speed,0,698,47.0,698,42.3
16,0,4,50,23,4,change_speed,10,698,47.0,768,50.8
16,0,4,50,23,5,add_lane,0,504,32.4,504,32.4
16,0,4,50,23,5,add_lane,1,504,32.4,564,35.6
16,0,4,50,23,5,add_lane,2,504,32.4,625,38.9
16,0,4,50,23,5,change_speed,-10,504,32.4,454,23.3
16,0,4,50,23,5,change_speed,0,504,32.4,504,29.2
16,0,4,50,23,5,change_speed,10,504,32.4,554,35.0
16,0,4,50,23,6,add_lane,0,443,40.4,443,40.4
16,0,4,50,23,6,add_lane,1,443,40.4,496,44.4
16,0,4,50,23,6,add_lane,2,443,40.4,549,48.5
16,0,4,50,23,6,change_speed,-10,443,40.4,399,29.1
16,0,4,50,23,6,change_speed,0,443,40.4,443,36.4
16,0,4,50,23,6,change_speed,10,443,40.4,487,43.6
17,0,4,50,0,0,add_lane,0,266,45.5,266,45.5
17,0,4,50,0,0,add_lane,1,266,45.5,298,50.1
17,0,4,50,0,0,add_lane,2,266,45.5,330,54.6
17,0,4,50,0,0,change_speed,-10,266,45.5,239,32.8
17,0,4,50,0,0,change_speed,0,266,45.5,266,41.0
17,0,4,50,0,0,change_speed,10,266,45.5,293,49.1
17,0,4,50,0,1,add_lane,0,540,45.5,540,45.5
17,0,4,50,0,1,add_lane,1,540,45.5,605,50.1
17,0,4,50,0,1,add_lane,2,540,45.5,670,54.6
17,0,4,50,0,1,change_speed,-10,540,45.5,486,32.8
17,0,4,50,0,1,change_speed,0,540,45.5,540,41.0
17,0,4,50,0,1,change_speed,10,540,45.5,594,49.1
17,0,4,50,0,2,add_lane,0,524,47.3,524,47.3
17,0,4,50,0,2,add_lane,1,524,47.3,587,52.0
17,0,4,50,0,2,add_lane,2,524,47.3,650,56.8
17,0,4,50,0,2,change_speed,-10,524,47.3,472,34.1
17,0,4,50,0,2,change_speed,0,524,47.3,524,42.6
17,0,4,50,0,2,change_speed,10,524,47.3,576,51.1
17,0,4,50,0,3,add_lane,0,524,47.6,524,47.6
17,0,4,50,0,3,add_lane,1,524,47.6,587,52.4
17,0,4,50,0,3,add_lane,2,524,47.6,650,57.1
17,0,4,50,0,3,change_speed,-10,524,47.6,472,34.3
17,0,4,50,0,3,change_speed,0,524,47.6,524,42.8
17,0,4,50,0,3,change_speed,10,524,47.6,576,51.4
17,0,4,50,0,4,add_lane,0,524,50.7,524,50.7
17,0,4,50,0,4,add_lane,1,524,50.7,587,55.8
17,0,4,50,0,4,add_lane,2,524,50.7,650,60.8
17,0,4,50,0,4,change_speed,-10,524,50.7,472,36.5
17,0,4,50,0,4,change_speed,0,524,50.7,524,45.6
17,0,4,50,0,4,change_speed,10,524,50.7,576,54.8
17,0,4,50,0,5,add_lane,0,378,35.9,378,35.9
17,0,4,50,0,5,add_lane,1,378,35.9,423,39.5
17,0,4,50,0,5,add_lane,2,378,35.9,469,43.1
17,0,4,50,0,5,change_speed,-10,378,35.9,340,25.8
17,0,4,50,0,5,change_speed,0,378,35.9,378,32.3
17,0,4,50,0,5,change_speed,10,378,35.9,416,38.8
17,0,4,50,0,6,add_lane,0,332,39.7,332,39.7
17,0,4,50,0,6,add_lane,1,332,39.7,372,43.7
17,0,4,50,0,6,add_lane,2,332,39.7,412,47.6
17,0,4,50,0,6,change_speed,-10,332,39.7,299,28.6
17,0,4,50,0,6,change_speed,0,332,39.7,332,35.7
17,0,4,50,0,6,change_speed,10,332,39.7,365,42.9
17,0,4,50,1,0,add_lane,0,213,47.5,213,47.5
17,0,4,50,1,0,add_lane,1,213,47.5,239,52.3
17,0,4,50,1,0,add_lane,2,213,47.5,264,57.0
17,0,4,50,1,0,change_speed,-10,213,47.5,192,34.2
17,0,4,50,1,0,change_speed,0,213,47.5,213,42.8
17,0,4,50,1,0,change_speed,10,213,47.5,234,51.3
17,0,4,50,1,1,add_lane,0,432,49.1,432,49.1
17,0,4,50,1,1,add_lane,1,432,49.1,484,54.0
17,0,4,50,1,1,add_lane,2,432,49.1,536,58.9
17,0,4,50,1,1,change_speed,-10,432,49.1,389,35.4
17,0,4,50,1,1,change_speed,0,432,49.1,432,44.2
17,0,4,50,1,1,change_speed,10,432,49.1,475,53.0
17,0,4,50,1,2,add_lane,0,419,53.2,419,53.2
17,0,4,50,1,2,add_lane,1,419,53.2,469,58.5
17,0,4,50,1,2,add_lane,2,419,53.2,520,63.8
17,0,4,50,1,2,change_speed,-10,419,53.2,377,38.3
17,0,4,50,1,2,change_speed,0,419,53.2,419,47.9
17,0,4,50,1,2,change_speed,10,419,53.2,461,57.5
17,0,4,50,1,3,add_lane,0,419,55.8,419,55.8
17,0,4,50,1,3,add_lane,1,419,55.8,469,61.4
17,0,4,50,1,3,add_lane,2,419,55.8,520,67.0
17,0,4,50,1,3,change_speed,-10,419,55.8,377,40.2
17,0,4,50,1,3,change_speed,0,419,55.8,419,50.2
17,0,4,50,1,3,change_speed,10,419,55.8,461,60.3
17,0,4,50,1,4,add_lane,0,419,53.4,419,53.4
17,0,4,50,1,4,add_lane,1,419,53.4,469,58.7
17,0,4,50,1,4,add_lane,2,419,53.4,520,64.1
17,0,4,50,1,4,change_speed,-10,419,53.4,377,38.4
17,0,4,50,1,4,change_speed,0,419,53.4,419,48.1
17,0,4,50,1,4,change_speed,10,419,53.4,461,57.7
17,0,4,50,1,5,add_lane,0,302,37.7,302,37.7
17,0,4,50,1,5,add_lane,1,302,37.7,338,41.5
17,0,4,50,1,5,add_lane,2,302,37.7,374,45.2
17,0,4,50,1,5,change_speed,-10,302,37.7,272,27.1
17,0,4,50,1,5,change_speed,0,302,37.7,302,33.9
17,0,4,50,1,5,change_speed,10,302,37.7,332,40.7
17,0,4,50,1,6,add_lane,0,266,47.4,266,47.4
17,0,4,50,1,6,add_lane,1,266,47.4,298,52.1
17,0,4,50,1,6,add_lane,2,266,47.4,330,56.9
17,0,4,50,1,6,change_speed,-10,266,47.4,239,34.1
17,0,4,50,1,6,change_speed,0,266,47.4,266,42.7
17,0,4,50,1,6,change_speed,10,266,47.4,293,51.2
17,0,4,50,2,0,add_lane,0,177,46.6,177,46.6
17,0,4,50,2,0,add_lane,1,177,46.6,198,51.3
17,0,4,50,2,0,add_lane,2,177,46.6,219,55.9
17,0,4,50,2,0,change_speed,-10,177,46.6,159,33.6
17,0,4,50,2,0,change_speed,0,177,46.6,177,41.9
17,0,4,50,2,0,change_speed,10,177,46.6,195,50.3
17,0,4,50,2,1,add_lane,0,360,53.4,360,53.4
17,0,4,50,2,1,add_lane,1,360,53.4,403,58.7
17,0,4,50,2,1,add_lane,2,360,53.4,446,64.1
17,0,4,50,2,1,change_speed,-10,360,53.4,324,38.4
17,0,4,50,2,1,change_speed,0,360,53.4,360,48.1
17,0,4,50,2,1,change_speed,10,360,53.4,396,57.7
17,0,4,50,2,2,add_lane,0,349,47.8,349,47.8
17,0,4,50,2,2,add_lane,1,349,47.8,391,52.6
17,0,4,50,2,2,add_lane,2,349,47.8,433,57.4
17,0,4,50,2,2,change_speed,-10,349,47.8,314,34.4
17,0,4,50,2,2,change_speed,0,349,47.8,349,43.0
17,0,4,50,2,2,change_speed,10,349,47.8,384,51.6
17,0,4,50,2,3,add_lane,0,349,51.1,349,51.1
17,0,4,50,2,3,add_lane,1,349,51.1,391,56.2
17,0,4,50,2,3,add_lane,2,349,51.1,433,61.3
17,0,4,50,2,3,change_speed,-10,349,51.1,314,36.8
17,0,4,50,2,3,change_speed,0,349,51.1,349,46.0
17,0,4,50,2,3,change_speed,10,349,51.1,384,55.2
17,0,4,50,2,4,add_lane,0,349,50.3,349,50.3
17,0,4,50,2,4,add_lane,1,349,50.3,391,55.3
17,0,4,50,2,4,add_lane,2,349,50.3,433,60.4
17,0,4,50,2,4,change_speed,-10,349,50.3,314,36.2
17,0,4,50,2,4,change_speed,0,349,50.3,349,45.3
17,0,4,50,2,4,change_speed,10,349,50.3,384,54.3
17,0,4,50,2,5,add_lane,0,252,33.8,252,33.8
17,0,4,50,2,5,add_lane,1,252,33.8,282,37.2
17,0,4,50,2,5,add_lane,2,252,33.8,312,40.6
17,0,4,50,2,5,change_speed,-10,252,33.8,227,24.3
17,0,4,50,2,5,change_speed,0,252,33.8,252,30.4
17,0,4,50,2,5,change_speed,10,252,33.8,277,36.5
17,0,4,50,2,6,add_lane,0,221,39.0,221,39.0
17,0,4,50,2,6,add_lane,1,221,39.0,248,42.9
17,0,4,50,2,6,add_lane,2,221,39.0,274,46.8
17,0,4,50,2,6,change_speed,-10,221,39.0,199,28.1
17,0,4,50,2,6,change_speed,0,221,39.0,221,35.1
17,0,4,50,2,6,change_speed,10,221,39.0,243,42.1
17,0,4,50,3,0,add_lane,0,142,42.8,142,42.8
17,0,4,50,3,0,add_lane,1,142,42.8,159,47.1
17,0,4,50,3,0,add_lane,2,142,42.8,176,51.4
17,0,4,50,3,0,change_speed,-10,142,42.8,128,30.8
17,0,4,50,3,0,change_speed,0,142,42.8,142,38.5
17,0,4,50,3,0,change_speed,10,142,42.8,156,46.2
17,0,4,50,3,1,add_lane,0,288,54.4,288,54.4
17,0,4,50,3,1,add_lane,1,288,54.4,323,59.8
17,0,4,50,3,1,add_lane,2,288,54.4,357,65.3
17,0,4,50,3,1,change_speed,-10,288,54.4,259,39.2
17,0,4,50,3,1,change_speed,0,288,54.4,288,49.0
17,0,4,50,3,1,change_speed,10,288,54.4,317,58.8
17,0,4,50,3,2,add_lane,0,279,51.8,279,51.8
17,0,4,50,3,2,add_lane,1,279,51.8,312,57.0
17,0,4,50,3,2,add_lane,2,279,51.8,346,62.2
17,0,4,50,3,2,change_speed,-10,279,51.8,251,37.3
17,0,4,50,3,2,change_speed,0,279,51.8,279,46.6
17,0,4,50,3,2,change_speed,10,279,51.8,307,55.9
17,0,4,50,3,3,add_lane,0,279,53.3,279,53.3
17,0,4,50,3,3,add_lane,1,279,53.3,312,58.6
17,0,4,50,3,3,add_lane,2,279,53.3,346,64.0
17,0,4,50,3,3,change_speed,-10,279,53.3,251,38.4
17,0,4,50,3,3,change_speed,0,279,53.3,279,48.0
17,0,4,50,3,3,change_speed,10,279,53.3,307,57.6
17,0,4,50,3,4,add_lane,0,279,48.3,279,48.3
17,0,4,50,3,4,add_lane,1,279,48.3,312,53.1
17,0,4,50,3,4,add_lane,2,279,48.3,346,58.0
17,0,4,50,3,4,change_speed,-10,279,48.3,251,34.8
17,0,4,50,3,4,change_speed,0,279,48.3,279,43.5
17,0,4,50,3,4,change_speed,10,279,48.3,307,52.2
17,0,4,50,3,5,add_lane,0,202,36.5,202,36.5
17,0,4,50,3,5,add_lane,1,202,36.5,226,40.2
17,0,4,50,3,5,add_lane,2,202,36.5,250,43.8
17,0,4,50,3,5,change_speed,-10,202,36.5,182,26.3
17,0,4,50,3,5,change_speed,0,202,36.5,202,32.9
17,0,4,50,3,5,change_speed,10,202,36.5,222,39.4
17,0,4,50,3,6,add_lane,0,177,47.8,177,47.8
17,0,4,50,3,6,add_lane,1,177,47.8,198,52.6
17,0,4,50,3,6,add_lane,2,177,47.8,219,57.4
17,0,4,50,3,6,change_speed,-10,177,47.8,159,34.4
17,0,4,50,3,6,change_speed,0,177,47.8,177,43.0
17,0,4,50,3,6,change_speed,10,177,47.8,195,51.6
17,0,4,50,4,0,add_lane,0,177,45.8,177,45.8
17,0,4,50,4,0,add_lane,1,177,45.8,198,50.4
17,0,4,50,4,0,add_lane,2,177,45.8,219,55.0
17,0,4,50,4,0,change_speed,-10,177,45.8,159,33.0
17,0,4,50,4,0,change_speed,0,177,45.8,177,41.2
17,0,4,50,4,0,change_speed,10,177,45.8,195,49.5
17,0,4,50,4,1,add_lane,0,360,50.0,360,50.0
17,0,4,50,4,1,add_lane,1,360,50.0,403,55.0
17,0,4,50,4,1,add_lane,2,360,50.0,446,60.0
17,0,4,50,4,1,change_speed,-10,360,50.0,324,36.0
17,0,4,50,4,1,change_speed,0,360,50.0,360,45.0
17,0,4,50,4,1,change_speed,10,360,50.0,396,54.0
17,0,4,50,4,2,add_lane,0,349,49.1,349,49.1
17,0,4,50,4,2,add_lane,1,349,49.1,391,54.0
17,0,4,50,4,2,add_lane,2,349,49.1,433,58.9
17,0,4,50,4,2,change_speed,-10,349,49.1,314,35.4
17,0,4,50,4,2,change_speed,0,349,49.1,349,44.2
17,0,4,50,4,2,change_speed,10,349,49.1,384,53.0
17,0,4,50,4,3,add_lane,0,349,50.0,349,50.0
17,0,4,50,4,3,add_lane,1,349,50.0,391,55.0
17,0,4,50,4,3,add_lane,2,349,50.0,433,60.0
17,0,4,50,4,3,change_speed,-10,349,50.0,314,36.0
17,0,4,50,4,3,change_speed,0,349,50.0,349,45.0
17,0,4,50,4,3,change_speed,10,349,50.0,384,54.0
17,0,4,50,4,4,add_lane,0,349,49.7,349,49.7
17,0,4,50,4,4,add_lane,1,349,49.7,391,54.7
17,0,4,50,4,4,add_lane,2,349,49.7,433,59.6
17,0,4,50,4,4,change_speed,-10,349,49.7,314,35.8
17,0,4,50,4,4,change_speed,0,349,49.7,349,44.7
17,0,4,50,4,4,change_speed,10,349,49.7,384,53.7
17,0,4,50,4,5,add_lane,0,252,34.3,252,34.3
17,0,4,50,4,5,add_lane,1,252,34.3,282,37.7
17,0,4,50,4,5,add_lane,2,252,34.3,312,41.2
17,0,4,50,4,5,change_speed,-10,252,34.3,227,24.7
17,0,4,50,4,5,change_speed,0,252,34.3,252,30.9
17,0,4,50,4,5,change_speed,10,252,34.3,277,37.0
17,0,4,50,4,6,add_lane,0,221,42.7,221,42.7
17,0,4,50,4,6,add_lane,1,221,42.7,248,47.0
17,0,4,50,4,6,add_lane,2,221,42.7,274,51.2
17,0,4,50,4,6,change_speed,-10,221,42.7,199,30.7
17,0,4,50,4,6,change_speed,0,221,42.7,221,38.4
17,0,4,50,4,6,change_speed,10,221,42.7,243,46.1
17,0,4,50,5,0,add_lane,0,354,47.6,354,47.6
17,0,4,50,5,0,add_lane,1,354,47.6,396,52.4
17,0,4,50,5,0,add_lane,2,354,47.6,439,57.1
17,0,4,50,5,0,change_speed,-10,354,47.6,319,34.3
17,0,4,50,5,0,change_speed,0,354,47.6,354,42.8
17,0,4,50,5,0,change_speed,10,354,47.6,389,51.4
17,0,4,50,5,1,add_lane,0,720,51.6,720,51.6
17,0,4,50,5,1,add_lane,1,720,51.6,806,56.8
17,0,4,50,5,1,add_lane,2,720,51.6,893,61.9
17,0,4,50,5,1,change_speed,-10,720,51.6,648,37.2
17,0,4,50,5,1,change_speed,0,720,51.6,720,46.4
17,0,4,50,5,1,change_speed,10,720,51.6,792,55.7
17,0,4,50,5,2,add_lane,0,698,48.4,698,48.4
17,0,4,50,5,2,add_lane,1,698,48.4,782,53.2
17,0,4,50,5,2,add_lane,2,698,48.4,866,58.1
17,0,4,50,5,2,change_speed,-10,698,48.4,628,34.8
17,0,4,50,5,2,change_speed,0,698,48.4,698,43.6
17,0,4,50,5,2,change_speed,10,698,48.4,768,52.3
17,0,4,50,5,3,add_lane,0,698,47.6,698,47.6
17,0,4,50,5,3,add_lane,1,698,47.6,782,52.4
17,0,4,50,5,3,add_lane,2,698,47.6,866,57.1
17,0,4,50,5,3,change_speed,-10,698,47.6,628,34.3
17,0,4,50,5,3,change_speed,0,698,47.6,698,42.8
17,0,4,50,5,3,change_speed,10,698,47.6,768,51.4
17,0,4,50,5,4,add_lane,0,698,47.3,698,47.3
17,0,4,50,5,4,add_lane,1,698,47.3,782,52.0
17,0,4,50,5,4,add_lane,2,698,47.3,866,56.8
17,0,4,50,5,4,change_speed,-10,698,47.3,628,34.1
17,0,4,50,5,4,change_speed,0,698,47.3,698,42.6
17,0,4,50,5,4,change_speed,10,698,47.3,768,51.1
17,0,4,50,5,5,add_lane,0,504,35.7,504,35.7
17,0,4,50,5,5,add_lane,1,504,35.7,564,39.3
17,0,4,50,5,5,add_lane,2,504,35.7,625,42.8
17,0,4,50,5,5,change_speed,-10,504,35.7,454,25.7
17,0,4,50,5,5,change_speed,0,504,35.7,504,32.1
17,0,4,50,5,5,change_speed,10,504,35.7,554,38.6
17,0,4,50,5,6,add_lane,0,443,38.9,443,38.9
17,0,4,50,5,6,add_lane,1,443,38.9,496,42.8
17,0,4,50,5,6,add_lane,2,443,38.9,549,46.7
17,0,4,50,5,6,change_speed,-10,443,38.9,399,28.0
17,0,4,50,5,6,change_speed,0,443,38.9,443,35.0
17,0,4,50,5,6,change_speed,10,443,38.9,487,42.0
17,0,4,50,6,0,add_lane,0,708,47.4,708,47.4
17,0,4,50,6,0,add_lane,1,708,47.4,793,52.1
17,0,4,50,6,0,add_lane,2,708,47.4,878,56.9
17,0,4,50,6,0,change_speed,-10,708,47.4,637,34.1
17,0,4,50,6,0,change_speed,0,708,47.4,708,42.7
17,0,4,50,6,0,change_speed,10,708,47.4,779,51.2
17,0,4,50,6,1,add_lane,0,1440,44.8,1440,44.8
17,0,4,50,6,1,add_lane,1,1440,44.8,1613,49.3
17,0,4,50,6,1,add_lane,2,1440,44.8,1786,53.8
17,0,4,50,6,1,change_speed,-10,1440,44.8,1296,32.3
17,0,4,50,6,1,change_speed,0,1440,44.8,1440,40.3
17,0,4,50,6,1,change_speed,10,1440,44.8,1584,48.4
17,0,4,50,6,2,add_lane,0,1397,42.6,1397,42.6
17,0,4,50,6,2,add_lane,1,1397,42.6,1565,46.9
17,0,4,50,6,2,add_lane,2,1397,42.6,1732,51.1
17,0,4,50,6,2,change_speed,-10,1397,42.6,1257,30.7
17,0,4,50,6,2,change_speed,0,1397,42.6,1397,38.3
17,0,4,50,6,2,change_speed,10,1397,42.6,1537,46.0
17,0,4,50,6,3,add_lane,0,1397,48.9,1397,48.9
17,0,4,50,6,3,add_lane,1,1397,48.9,1565,53.8
17,0,4,50,6,3,add_lane,2,1397,48.9,1732,58.7
17,0,4,50,6,3,change_speed,-10,1397,48.9,1257,35.2
17,0,4,50,6,3,change_speed,0,1397,48.9,1397,44.0
17,0,4,50,6,3,change_speed,10,1397,48.9,1537,52.8
17,0,4,50,6,4,add_lane,0,1397,43.6,1397,43.6
17,0,4,50,6,4,add_lane,1,1397,43.6,1565,48.0
17,0,4,50,6,4,add_lane,2,1397,43.6,1732,52.3
17,0,4,50,6,4,change_speed,-10,1397,43.6,1257,31.4
17,0,4,50,6,4,change_speed,0,1397,43.6,1397,39.2
17,0,4,50,6,4,change_speed,10,1397,43.6,1537,47.1
17,0,4,50,6,5,add_lane,0,1008,28.9,1008,28.9
17,0,4,50,6,5,add_lane,1,1008,28.9,1129,31.8
17,0,4,50,6,5,add_lane,2,1008,28.9,1250,34.7
17,0,4,50,6,5,change_speed,-10,1008,28.9,907,20.8
17,0,4,50,6,5,change_speed,0,1008,28.9,1008,26.0
17,0,4,50,6,5,change_speed,10,1008,28.9,1109,31.2
17,0,4,50,6,6,add_lane,0,886,42.2,886,42.2
17,0,4,50,6,6,add_lane,1,886,42.2,992,46.4
17,0,4,50,6,6,add_lane,2,886,42.2,1099,50.6
17,0,4,50,6,6,change_speed,-10,886,42.2,797,30.4
17,0,4,50,6,6,change_speed,0,886,42.2,886,38.0
17,0,4,50,6,6,change_speed,10,886,42.2,975,45.6
17,0,4,50,7,0,add_lane,0,1594,41.7,1594,41.7
17,0,4,50,7,0,add_lane,1,1594,41.7,1785,45.9
17,0,4,50,7,0,add_lane,2,1594,41.7,1977,50.0
17,0,4,50,7,0,change_speed,-10,1594,41.7,1435,30.0
17,0,4,50,7,0,change_speed,0,1594,41.7,1594,37.5
17,0,4,50,7,0,change_speed,10,1594,41.7,1753,45.0
17,0,4,50,7,1,add_lane,0,3240,35.5,3240,35.5
17,0,4,50,7,1,add_lane,1,3240,35.5,3629,39.1
17,0,4,50,7,1,add_lane,2,3240,35.5,4018,42.6
17,0,4,50,7,1,change_speed,-10,3240,35.5,2916,25.6
17,0,4,50,7,1,change_speed,0,3240,35.5,3240,31.9
17,0,4,50,7,1,change_speed,10,3240,35.5,3564,38.3
17,0,4,50,7,2,add_lane,0,3143,34.4,3143,34.4
17,0,4,50,7,2,add_lane,1,3143,34.4,3520,37.8
17,0,4,50,7,2,add_lane,2,3143,34.4,3897,41.3
17,0,4,50,7,2,change_speed,-10,3143,34.4,2829,24.8
17,0,4,50,7,2,change_speed,0,3143,34.4,3143,31.0
17,0,4,50,7,2,change_speed,10,3143,34.4,3457,37.2
17,0,4,50,7,3,add_lane,0,3143,35.9,3143,35.9
17,0,4,50,7,3,add_lane,1,3143,35.9,3520,39.5
17,0,4,50,7,3,add_lane,2,3143,35.9,3897,43.1
17,0,4,50,7,3,change_speed,-10,3143,35.9,2829,25.8
17,0,4,50,7,3,change_speed,0,3143,35.9,3143,32.3
17,0,4,50,7,3,change_speed,10,3143,35.9,3457,38.8
17,0,4,50,7,4,add_lane,0,3143,33.9,3143,33.9
17,0,4,50,7,4,add_lane,1,3143,33.9,3520,37.3
17,0,4,50,7,4,add_lane,2,3143,33.9,3897,40.7
17,0,4,50,7,4,change_speed,-10,3143,33.9,2829,24.4
17,0,4,50,7,4,change_speed,0,3143,33.9,3143,30.5
17,0,4,50,7,4,change_speed,10,3143,33.9,3457,36.6
17,0,4,50,7,5,add_lane,0,2268,24.5,2268,24.5
17,0,4,50,7,5,add_lane,1,2268,24.5,2540,27.0
17,0,4,50,7,5,add_lane,2,2268,24.5,2812,29.4
17,0,4,50,7,5,change_speed,-10,2268,24.5,2041,17.6
17,0,4,50,7,5,change_speed,0,2268,24.5,2268,22.1
17,0,4,50,7,5,change_speed,10,2268,24.5,2495,26.5
17,0,4,50,7,6,add_lane,0,1993,36.0,1993,36.0
17,0,4,50,7,6,add_lane,1,1993,36.0,2232,39.6
17,0,4,50,7,6,add_lane,2,1993,36.0,2471,43.2
17,0,4,50,7,6,change_speed,-10,1993,36.0,1794,25.9
17,0,4,50,7,6,change_speed,0,1993,36.0,1993,32.4
17,0,4,50,7,6,change_speed,10,1993,36.0,2192,38.9
17,0,4,50,8,0,add_lane,0,2125,37.5,2125,37.5
17,0,4,50,8,0,add_lane,1,2125,37.5,2380,41.2
17,0,4,50,8,0,add_lane,2,2125,37.5,2635,45.0
17,0,4,50,8,0,change_speed,-10,2125,37.5,1912,27.0
17,0,4,50,8,0,change_speed,0,2125,37.5,2125,33.8
17,0,4,50,8,0,change_speed,10,2125,37.5,2338,40.5
17,0,4,50,8,1,add_lane,0,4320,31.6,4320,31.6
17,0,4,50,8,1,add_lane,1,4320,31.6,4838,34.8
17,0,4,50,8,1,add_lane,2,4320,31.6,5357,37.9
17,0,4,50,8,1,change_speed,-10,4320,31.6,3888,22.8
17,0,4,50,8,1,change_speed,0,4320,31.6,4320,28.4
17,0,4,50,8,1,change_speed,10,4320,31.6,4752,34.1
17,0,4,50,8,2,add_lane,0,4190,24.5,4190,24.5
17,0,4,50,8,2,add_lane,1,4190,24.5,4693,27.0
17,0,4,50,8,2,add_lane,2,4190,24.5,5196,29.4
17,0,4,50,8,2,change_speed,-10,4190,24.5,3771,17.6
17,0,4,50,8,2,change_speed,0,4190,24.5,4190,22.1
17,0,4,50,8,2,change_speed,10,4190,24.5,4609,26.5
17,0,4,50,8,3,add_lane,0,4190,31.5,4190,31.5
17,0,4,50,8,3,add_lane,1,4190,31.5,4693,34.7
17,0,4,50,8,3,add_lane,2,4190,31.5,5196,37.8
17,0,4,50,8,3,change_speed,-10,4190,31.5,3771,22.7
17,0,4,50,8,3,change_speed,0,4190,31.5,4190,28.4
17,0,4,50,8,3,change_speed,10,4190,31.5,4609,34.0
17,0,4,50,8,4,add_lane,0,4190,28.2,4190,28.2
17,0,4,50,8,4,add_lane,1,4190,28.2,4693,31.0
17,0,4,50,8,4,add_lane,2,4190,28.2,5196,33.8
17,0,4,50,8,4,change_speed,-10,4190,28.2,3771,20.3
17,0,4,50,8,4,change_speed,0,4190,28.2,4190,25.4
17,0,4,50,8,4,change_speed,10,4190,28.2,4609,30.5
17,0,4,50,8,5,add_lane,0,3024,23.7,3024,23.7
17,0,4,50,8,5,add_lane,1,3024,23.7,3387,26.1
17,0,4,50,8,5,add_lane,2,3024,23.7,3750,28.4
17,0,4,50,8,5,change_speed,-10,3024,23.7,2722,17.1
17,0,4,50,8,5,change_speed,0,3024,23.7,3024,21.3
17,0,4,50,8,5,change_speed,10,3024,23.7,3326,25.6
17,0,4,50,8,6,add_lane,0,2657,29.2,2657,29.2
17,0,4,50,8,6,add_lane,1,2657,29.2,2976,32.1
17,0,4,50,8,6,add_lane,2,2657,29.2,3295,35.0
17,0,4,50,8,6,change_speed,-10,2657,29.2,2391,21.0
17,0,4,50,8,6,change_speed,0,2657,29.2,2657,26.3
17,0,4,50,8,6,change_speed,10,2657,29.2,2923,31.5
17,0,4,50,9,0,add_lane,0,1594,42.9,1594,42.9
17,0,4,50,9,0,add_lane,1,1594,42.9,1785,47.2
17,0,4,50,9,0,add_lane,2,1594,42.9,1977,51.5
17,0,4,50,9,0,change_speed,-10,1594,42.9,1435,30.9
17,0,4,50,9,0,change_speed,0,1594,42.9,1594,38.6
17,0,4,50,9,0,change_speed,10,1594,42.9,1753,46.3
17,0,4,50,9,1,add_lane,0,3240,38.0,3240,38.0
17,0,4,50,9,1,add_lane,1,3240,38.0,3629,41.8
17,0,4,50,9,1,add_lane,2,3240,38.0,4018,45.6
17,0,4,50,9,1,change_speed,-10,3240,38.0,2916,27.4
17,0,4,50,9,1,change_speed,0,3240,38.0,3240,34.2
17,0,4,50,9,1,change_speed,10,3240,38.0,3564,41.0
17,0,4,50,9,2,add_lane,0,3143,33.1,3143,33.1
17,0,4,50,9,2,add_lane,1,3143,33.1,3520,36.4
17,0,4,50,9,2,add_lane,2,3143,33.1,3897,39.7
17,0,4,50,9,2,change_speed,-10,3143,33.1,2829,23.8
17,0,4,50,9,2,change_speed,0,3143,33.1,3143,29.8
17,0,4,50,9,2,change_speed,10,3143,33.1,3457,35.7
17,0,4,50,9,3,add_lane,0,3143,35.3,3143,35.3
17,0,4,50,9,3,add_lane,1,3143,35.3,3520,38.8
17,0,4,50,9,3,add_lane,2,3143,35.3,3897,42.4
17,0,4,50,9,3,change_speed,-10,3143,35.3,2829,25.4
17,0,4,50,9,3,change_speed,0,3143,35.3,3143,31.8
17,0,4,50,9,3,change_speed,10,3143,35.3,3457,38.1
17,0,4,50,9,4,add_lane,0,3143,31.2,3143,31.2
17,0,4,50,9,4,add_lane,1,3143,31.2,3520,34.3
17,0,4,50,9,4,add_lane,2,3143,31.2,3897,37.4
17,0,4,50,9,4,change_speed,-10,3143,31.2,2829,22.5
17,0,4,50,9,4,change_speed,0,3143,31.2,3143,28.1
17,0,4,50,9,4,change_speed,10,3143,31.2,3457,33.7
17,0,4,50,9,5,add_lane,0,2268,25.7,2268,25.7
17,0,4,50,9,5,add_lane,1,2268,25.7,2540,28.3
17,0,4,50,9,5,add_lane,2,2268,25.7,2812,30.8
17,0,4,50,9,5,change_speed,-10,2268,25.7,2041,18.5
17,0,4,50,9,5,change_speed,0,2268,25.7,2268,23.1
17,0,4,50,9,5,change_speed,10,2268,25.7,2495,27.8
17,0,4,50,9,6,add_lane,0,1993,34.6,1993,34.6
17,0,4,50,9,6,add_lane,1,1993,34.6,2232,38.1
17,0,4,50,9,6,add_lane,2,1993,34.6,2471,41.5
17,0,4,50,9,6,change_speed,-10,1993,34.6,1794,24.9
17,0,4,50,9,6,change_speed,0,1993,34.6,1993,31.1
17,0,4,50,9,6,change_speed,10,1993,34.6,2192,37.4
17,0,4,50,10,0,add_lane,0,1240,42.3,1240,42.3
17,0,4,50,10,0,add_lane,1,1240,42.3,1389,46.5
17,0,4,50,10,0,add_lane,2,1240,42.3,1538,50.8
17,0,4,50,10,0,change_speed,-10,1240,42.3,1116,30.5
17,0,4,50,10,0,change_speed,0,1240,42.3,1240,38.1
17,0,4,50,10,0,change_speed,10,1240,42.3,1364,45.7
17,0,4,50,10,1,add_lane,0,2520,37.9,2520,37.9
17,0,4,50,10,1,add_lane,1,2520,37.9,2822,41.7
17,0,4,50,10,1,add_lane,2,2520,37.9,3125,45.5
17,0,4,50,10,1,change_speed,-10,2520,37.9,2268,27.3
17,0,4,50,10,1,change_speed,0,2520,37.9,2520,34.1
17,0,4,50,10,1,change_speed,10,2520,37.9,2772,40.9
17,0,4,50,10,2,add_lane,0,2444,37.3,2444,37.3
17,0,4,50,10,2,add_lane,1,2444,37.3,2737,41.0
17,0,4,50,10,2,add_lane,2,2444,37.3,3031,44.8
17,0,4,50,10,2,change_speed,-10,2444,37.3,2200,26.9
17,0,4,50,10,2,change_speed,0,2444,37.3,2444,33.6
17,0,4,50,10,2,change_speed,10,2444,37.3,2688,40.3
17,0,4,50,10,3,add_lane,0,2444,36.7,2444,36.7
17,0,4,50,10,3,add_lane,1,2444,36.7,2737,40.4
17,0,4,50,10,3,add_lane,2,2444,36.7,3031,44.0
17,0,4,50,10,3,change_speed,-10,2444,36.7,2200,26.4
17,0,4,50,10,3,change_speed,0,2444,36.7,2444,33.0
17,0,4,50,10,3,change_speed,10,2444,36.7,2688,39.6
17,0,4,50,10,4,add_lane,0,2444,39.4,2444,39.4
17,0,4,50,10,4,add_lane,1,2444,39.4,2737,43.3
17,0,4,50,10,4,add_lane,2,2444,39.4,3031,47.3
17,0,4,50,10,4,change_speed,-10,2444,39.4,2200,28.4
17,0,4,50,10,4,change_speed,0,2444,39.4,2444,35.5
17,0,4,50,10,4,change_speed,10,2444,39.4,2688,42.6
17,0,4,50,10,5,add_lane,0,1764,28.1,1764,28.1
17,0,4,50,10,5,add_lane,1,1764,28.1,1976,30.9
17,0,4,50,10,5,add_lane,2,1764,28.1,2187,33.7
17,0,4,50,10,5,change_speed,-10,1764,28.1,1588,20.2
17,0,4,50,10,5,change_speed,0,1764,28.1,1764,25.3
17,0,4,50,10,5,change_speed,10,1764,28.1,1940,30.3
17,0,4,50,10,6,add_lane,0,1550,39.8,1550,39.8
17,0,4,50,10,6,add_lane,1,1550,39.8,1736,43.8
17,0,4,50,10,6,add_lane,2,1550,39.8,1922,47.8
17,0,4,50,10,6,change_speed,-10,1550,39.8,1395,28.7
17,0,4,50,10,6,change_speed,0,1550,39.8,1550,35.8
17,0,4,50,10,6,change_speed,10,1550,39.8,1705,43.0
17,0,4,50,11,0,add_lane,0,1063,41.9,1063,41.9
17,0,4,50,11,0,add_lane,1,1063,41.9,1191,46.1
17,0,4,50,11,0,add_lane,2,1063,41.9,1318,50.3
17,0,4,50,11,0,change_speed,-10,1063,41.9,957,30.2
17,0,4,50,11,0,change_speed,0,1063,41.9,1063,37.7
17,0,4,50,11,0,change_speed,10,1063,41.9,1169,45.3
17,0,4,50,11,1,add_lane,0,2160,39.7,2160,39.7
17,0,4,50,11,1,add_lane,1,2160,39.7,2419,43.7
17,0,4,50,11,1,add_lane,2,2160,39.7,2678,47.6
17,0,4,50,11,1,change_speed,-10,2160,39.7,1944,28.6
17,0,4,50,11,1,change_speed,0,2160,39.7,2160,35.7
17,0,4,50,11,1,change_speed,10,2160,39.7,2376,42.9
17,0,4,50,11,2,add_lane,0,2095,40.4,2095,40.4
17,0,4,50,11,2,add_lane,1,2095,40.4,2346,44.4
17,0,4,50,11,2,add_lane,2,2095,40.4,2598,48.5
17,0,4,50,11,2,change_speed,-10,2095,40.4,1886,29.1
17,0,4,50,11,2,change_speed,0,2095,40.4,2095,36.4
17,0,4,50,11,2,change_speed,10,2095,40.4,2304,43.6
17,0,4,50,11,3,add_lane,0,2095,39.2,2095,39.2
17,0,4,50,11,3,add_lane,1,2095,39.2,2346,43.1
17,0,4,50,11,3,add_lane,2,2095,39.2,2598,47.0
17,0,4,50,11,3,change_speed,-10,2095,39.2,1886,28.2
17,0,4,50,11,3,change_speed,0,2095,39.2,2095,35.3
17,0,4,50,11,3,change_speed,10,2095,39.2,2304,42.3
17,0,4,50,11,4,add_lane,0,2095,42.3,2095,42.3
17,0,4,50,11,4,add_lane,1,2095,42.3,2346,46.5
17,0,4,50,11,4,add_lane,2,2095,42.3,2598,50.8
17,0,4,50,11,4,change_speed,-10,2095,42.3,1886,30.5
17,0,4,50,11,4,change_speed,0,2095,42.3,2095,38.1
17,0,4,50,11,4,change_speed,10,2095,42.3,2304,45.7
17,0,4,50,11,5,add_lane,0,1512,29.6,1512,29.6
17,0,4,50,11,5,add_lane,1,1512,29.6,1693,32.6
17,0,4,50,11,5,add_lane,2,1512,29.6,1875,35.5
17,0,4,50,11,5,change_speed,-10,1512,29.6,1361,21.3
17,0,4,50,11,5,change_speed,0,1512,29.6,1512,26.6
17,0,4,50,11,5,change_speed,10,1512,29.6,1663,32.0
17,0,4,50,11,6,add_lane,0,1328,36.9,1328,36.9
17,0,4,50,11,6,add_lane,1,1328,36.9,1487,40.6
17,0,4,50,11,6,add_lane,2,1328,36.9,1647,44.3
17,0,4,50,11,6,change_speed,-10,1328,36.9,1195,26.6
17,0,4,50,11,6,change_speed,0,1328,36.9,1328,33.2
17,0,4,50,11,6,change_speed,10,1328,36.9,1461,39.9
17,0,4,50,12,0,add_lane,0,974,46.4,974,46.4
17,0,4,50,12,0,add_lane,1,974,46.4,1091,51.0
17,0,4,50,12,0,add_lane,2,974,46.4,1208,55.7
17,0,4,50,12,0,change_speed,-10,974,46.4,877,33.4
17,0,4,50,12,0,change_speed,0,974,46.4,974,41.8
17,0,4,50,12,0,change_speed,10,974,46.4,1071,50.1
17,0,4,50,12,1,add_lane,0,1980,42.4,1980,42.4
17,0,4,50,12,1,add_lane,1,1980,42.4,2218,46.6
17,0,4,50,12,1,add_lane,2,1980,42.4,2455,50.9
17,0,4,50,12,1,change_speed,-10,1980,42.4,1782,30.5
17,0,4,50,12,1,change_speed,0,1980,42.4,1980,38.2
17,0,4,50,12,1,change_speed,10,1980,42.4,2178,45.8
17,0,4,50,12,2,add_lane,0,1921,44.8,1921,44.8
17,0,4,50,12,2,add_lane,1,1921,44.8,2152,49.3
17,0,4,50,12,2,add_lane,2,1921,44.8,2382,53.8
17,0,4,50,12,2,change_speed,-10,1921,44.8,1729,32.3
17,0,4,50,12,2,change_speed,0,1921,44.8,1921,40.3
17,0,4,50,12,2,change_speed,10,1921,44.8,2113,48.4
17,0,4,50,12,3,add_lane,0,1921,41.8,1921,41.8
17,0,4,50,12,3,add_lane,1,1921,41.8,2152,46.0
17,0,4,50,12,3,add_lane,2,1921,41.8,2382,50.2
17,0,4,50,12,3,change_speed,-10,1921,41.8,1729,30.1
17,0,4,50,12,3,change_speed,0,1921,41.8,1921,37.6
17,0,4,50,12,3,change_speed,10,1921,41.8,2113,45.1
17,0,4,50,12,4,add_lane,0,1921,45.3,1921,45.3
17,0,4,50,12,4,add_lane,1,1921,45.3,2152,49.8
17,0,4,50,12,4,add_lane,2,1921,45.3,2382,54.4
17,0,4,50,12,4,change_speed,-10,1921,45.3,1729,32.6
17,0,4,50,12,4,change_speed,0,1921,45.3,1921,40.8
17,0,4,50,12,4,change_speed,10,1921,45.3,2113,48.9
17,0,4,50,12,5,add_lane,0,1386,31.8,1386,31.8
17,0,4,50,12,5,add_lane,1,1386,31.8,1552,35.0
17,0,4,50,12,5,add_lane,2,1386,31.8,1719,38.2
17,0,4,50,12,5,change_speed,-10,1386,31.8,1247,22.9
17,0,4,50,12,5,change_speed,0,1386,31.8,1386,28.6
17,0,4,50,12,5,change_speed,10,1386,31.8,1525,34.3
17,0,4,50,12,6,add_lane,0,1218,42.2,1218,42.2
17,0,4,50,12,6,add_lane,1,1218,42.2,1364,46.4
17,0,4,50,12,6,add_lane,2,1218,42.2,1510,50.6
17,0,4,50,12,6,change_speed,-10,1218,42.2,1096,30.4
17,0,4,50,12,6,change_speed,0,1218,42.2,1218,38.0
17,0,4,50,12,6,change_speed,10,1218,42.2,1340,45.6
17,0,4,50,13,0,add_lane,0,974,44.4,974,44.4
17,0,4,50,13,0,add_lane,1,974,44.4,1091,48.8
17,0,4,50,13,0,add_lane,2,974,44.4,1208,53.3
17,0,4,50,13,0,change_speed,-10,974,44.4,877,32.0
17,0,4,50,13,0,change_speed,0,974,44.4,974,40.0
17,0,4,50,13,0,change_speed,10,974,44.4,1071,48.0
17,0,4,50,13,1,add_lane,0,1980,43.4,1980,43.4
17,0,4,50,13,1,add_lane,1,1980,43.4,2218,47.7
17,0,4,50,13,1,add_lane,2,1980,43.4,2455,52.1
17,0,4,50,13,1,change_speed,-10,1980,43.4,1782,31.2
17,0,4,50,13,1,change_speed,0,1980,43.4,1980,39.1
17,0,4,50,13,1,change_speed,10,1980,43.4,2178,46.9
17,0,4,50,13,2,add_lane,0,1921,39.8,1921,39.8
17,0,4,50,13,2,add_lane,1,1921,39.8,2152,43.8
17,0,4,50,13,2,add_lane,2,1921,39.8,2382,47.8
17,0,4,50,13,2,change_speed,-10,1921,39.8,1729,28.7
17,0,4,50,13,2,change_speed,0,1921,39.8,1921,35.8
17,0,4,50,13,2,change_speed,10,1921,39.8,2113,43.0
17,0,4,50,13,3,add_lane,0,1921,40.0,1921,40.0
17,0,4,50,13,3,add_lane,1,1921,40.0,2152,44.0
17,0,4,50,13,3,add_lane,2,1921,40.0,2382,48.0
17,0,4,50,13,3,change_speed,-10,1921,40.0,1729,28.8
17,0,4,50,13,3,change_speed,0,1921,40.0,1921,36.0
17,0,4,50,13,3,change_speed,10,1921,40.0,2113,43.2
17,0,4,50,13,4,add_lane,0,1921,43.7,1921,43.7
17,0,4,50,13,4,add_lane,1,1921,43.7,2152,48.1
17,0,4,50,13,4,add_lane,2,1921,43.7,2382,52.4
17,0,4,50,13,4,change_speed,-10,1921,43.7,1729,31.5
17,0,4,50,13,4,change_speed,0,1921,43.7,1921,39.3
17,0,4,50,13,4,change_speed,10,1921,43.7,2113,47.2
17,0,4,50,13,5,add_lane,0,1386,29.7,1386,29.7
17,0,4,50,13,5,add_lane,1,1386,29.7,1552,32.7
17,0,4,50,13,5,add_lane,2,1386,29.7,1719,35.6
17,0,4,50,13,5,change_speed,-10,1386,29.7,1247,21.4
17,0,4,50,13,5,change_speed,0,1386,29.7,1386,26.7
17,0,4,50,13,5,change_speed,10,1386,29.7,1525,32.1
17,0,4,50,13,6,add_lane,0,1218,36.6,1218,36.6
17,0,4,50,13,6,add_lane,1,1218,36.6,1364,40.3
17,0,4,50,13,6,add_lane,2,1218,36.6,1510,43.9
17,0,4,50,13,6,change_speed,-10,1218,36.6,1096,26.4
17,0,4,50,13,6,change_speed,0,1218,36.6,1218,32.9
17,0,4,50,13,6,change_speed,10,1218,36.6,1340,39.5
17,0,4,50,14,0,add_lane,0,1063,45.4,1063,45.4
17,0,4,50,14,0,add_lane,1,1063,45.4,1191,49.9
17,0,4,50,14,0,add_lane,2,1063,45.4,1318,54.5
17,0,4,50,14,0,change_speed,-10,1063,45.4,957,32.7
17,0,4,50,14,0,change_speed,0,1063,45.4,1063,40.9
17,0,4,50,14,0,change_speed,10,1063,45.4,1169,49.0
17,0,4,50,14,1,add_lane,0,2160,40.7,2160,40.7
17,0,4,50,14,1,add_lane,1,2160,40.7,2419,44.8
17,0,4,50,14,1,add_lane,2,2160,40.7,2678,48.8
17,0,4,50,14,1,change_speed,-10,2160,40.7,1944,29.3
17,0,4,50,14,1,change_speed,0,2160,40.7,2160,36.6
17,0,4,50,14,1,change_speed,10,2160,40.7,2376,44.0
17,0,4,50,14,2,add_lane,0,2095,44.1,2095,44.1
17,0,4,50,14,2,add_lane,1,2095,44.1,2346,48.5
17,0,4,50,14,2,add_lane,2,2095,44.1,2598,52.9
17,0,4,50,14,2,change_speed,-10,2095,44.1,1886,31.8
17,0,4,50,14,2,change_speed,0,2095,44.1,2095,39.7
17,0,4,50,14,2,change_speed,10,2095,44.1,2304,47.6
17,0,4,50,14,3,add_lane,0,2095,37.9,2095,37.9
17,0,4,50,14,3,add_lane,1,2095,37.9,2346,41.7
17,0,4,50,14,3,add_lane,2,2095,37.9,2598,45.5
17,0,4,50,14,3,change_speed,-10,2095,37.9,1886,27.3
17,0,4,50,14,3,change_speed,0,2095,37.9,2095,34.1
17,0,4,50,14,3,change_speed,10,2095,37.9,2304,40.9
17,0,4,50,14,4,add_lane,0,2095,42.6,2095,42.6
17,0,4,50,14,4,add_lane,1,2095,42.6,2346,46.9
17,0,4,50,14,4,add_lane,2,2095,42.6,2598,51.1
17,0,4,50,14,4,change_speed,-10,2095,42.6,1886,30.7
17,0,4,50,14,4,change_speed,0,2095,42.6,2095,38.3
17,0,4,50,14,4,change_speed,10,2095,42.6,2304,46.0
17,0,4,50,14,5,add_lane,0,1512,28.5,1512,28.5
17,0,4,50,14,5,add_lane,1,1512,28.5,1693,31.4
17,0,4,50,14,5,add_lane,2,1512,28.5,1875,34.2
17,0,4,50,14,5,change_speed,-10,1512,28.5,1361,20.5
17,0,4,50,14,5,change_speed,0,1512,28.5,1512,25.7
17,0,4,50,14,5,change_speed,10,1512,28.5,1663,30.8
17,0,4,50,14,6,add_lane,0,1328,34.1,1328,34.1
17,0,4,50,14,6,add_lane,1,1328,34.1,1487,37.5
17,0,4,50,14,6,add_lane,2,1328,34.1,1647,40.9
17,0,4,50,14,6,change_speed,-10,1328,34.1,1195,24.6
17,0,4,50,14,6,change_speed,0,1328,34.1,1328,30.7
17,0,4,50,14,6,change_speed,10,1328,34.1,1461,36.8
17,0,4,50,15,0,add_lane,0,1417,37.5,1417,37.5
17,0,4,50,15,0,add_lane,1,1417,37.5,1587,41.2
17,0,4,50,15,0,add_lane,2,1417,37.5,1757,45.0
17,0,4,50,15,0,change_speed,-10,1417,37.5,1275,27.0
17,0,4,50,15,0,change_speed,0,1417,37.5,1417,33.8
17,0,4,50,15,0,change_speed,10,1417,37.5,1559,40.5
17,0,4,50,15,1,add_lane,0,2880,40.6,2880,40.6
17,0,4,50,15,1,add_lane,1,2880,40.6,3226,44.7
17,0,4,50,15,1,add_lane,2,2880,40.6,3571,48.7
17,0,4,50,15,1,change_speed,-10,2880,40.6,2592,29.2
17,0,4,50,15,1,change_speed,0,2880,40.6,2880,36.5
17,0,4,50,15,1,change_speed,10,2880,40.6,3168,43.8
17,0,4,50,15,2,add_lane,0,2794,34.8,2794,34.8
17,0,4,50,15,2,add_lane,1,2794,34.8,3129,38.3
17,0,4,50,15,2,add_lane,2,2794,34.8,3465,41.8
17,0,4,50,15,2,change_speed,-10,2794,34.8,2515,25.1
17,0,4,50,15,2,change_speed,0,2794,34.8,2794,31.3
17,0,4,50,15,2,change_speed,10,2794,34.8,3073,37.6
17,0,4,50,15,3,add_lane,0,2794,39.4,2794,39.4
17,0,4,50,15,3,add_lane,1,2794,39.4,3129,43.3
17,0,4,50,15,3,add_lane,2,2794,39.4,3465,47.3
17,0,4,50,15,3,change_speed,-10,2794,39.4,2515,28.4
17,0,4,50,15,3,change_speed,0,2794,39.4,2794,35.5
17,0,4,50,15,3,change_speed,10,2794,39.4,3073,42.6
17,0,4,50,15,4,add_lane,0,2794,37.4,2794,37.4
17,0,4,50,15,4,add_lane,1,2794,37.4,3129,41.1
17,0,4,50,15,4,add_lane,2,2794,37.4,3465,44.9
17,0,4,50,15,4,change_speed,-10,2794,37.4,2515,26.9
17,0,4,50,15,4,change_speed,0,2794,37.4,2794,33.7
17,0,4,50,15,4,change_speed,10,2794,37.4,3073,40.4
17,0,4,50,15,5,add_lane,0,2016,27.5,2016,27.5
17,0,4,50,15,5,add_lane,1,2016,27.5,2258,30.3
17,0,4,50,15,5,add_lane,2,2016,27.5,2500,33.0
17,0,4,50,15,5,change_speed,-10,2016,27.5,1814,19.8
17,0,4,50,15,5,change_speed,0,2016,27.5,2016,24.8
17,0,4,50,15,5,change_speed,10,2016,27.5,2218,29.7
17,0,4,50,15,6,add_lane,0,1771,35.8,1771,35.8
17,0,4,50,15,6,add_lane,1,1771,35.8,1984,39.4
17,0,4,50,15,6,add_lane,2,1771,35.8,2196,43.0
17,0,4,50,15,6,change_speed,-10,1771,35.8,1594,25.8
17,0,4,50,15,6,change_speed,0,1771,35.8,1771,32.2
17,0,4,50,15,6,change_speed,10,1771,35.8,1948,38.7
17,0,4,50,16,0,add_lane,0,1771,36.6,1771,36.6
17,0,4,50,16,0,add_lane,1,1771,36.6,1984,40.3
17,0,4,50,16,0,add_lane,2,1771,36.6,2196,43.9
17,0,4,50,16,0,change_speed,-10,1771,36.6,1594,26.4
17,0,4,50,16,0,change_speed,0,1771,36.6,1771,32.9
17,0,4,50,16,0,change_speed,10,1771,36.6,1948,39.5
17,0,4,50,16,1,add_lane,0,3600,34.7,3600,34.7
17,0,4,50,16,1,add_lane,1,3600,34.7,4032,38.2
17,0,4,50,16,1,add_lane,2,3600,34.7,4464,41.6
17,0,4,50,16,1,change_speed,-10,3600,34.7,3240,25.0
17,0,4,50,16,1,change_speed,0,3600,34.7,3600,31.2
17,0,4,50,16,1,change_speed,10,3600,34.7,3960,37.5
17,0,4,50,16,2,add_lane,0,3492,30.7,3492,30.7
17,0,4,50,16,2,add_lane,1,3492,30.7,3911,33.8
17,0,4,50,16,2,add_lane,2,3492,30.7,4330,36.8
17,0,4,50,16,2,change_speed,-10,3492,30.7,3143,22.1
17,0,4,50,16,2,change_speed,0,3492,30.7,3492,27.6
17,0,4,50,16,2,change_speed,10,3492,30.7,3841,33.2
17,0,4,50,16,3,add_lane,0,3492,31.8,3492,31.8
17,0,4,50,16,3,add_lane,1,3492,31.8,3911,35.0
17,0,4,50,16,3,add_lane,2,3492,31.8,4330,38.2
17,0,4,50,16,3,change_speed,-10,3492,31.8,3143,22.9
17,0,4,50,16,3,change_speed,0,3492,31.8,3492,28.6
17,0,4,50,16,3,change_speed,10,3492,31.8,3841,34.3
17,0,4,50,16,4,add_lane,0,3492,29.4,3492,29.4
17,0,4,50,16,4,add_lane,1,3492,29.4,3911,32.3
17,0,4,50,16,4,add_lane,2,3492,29.4,4330,35.3
17,0,4,50,16,4,change_speed,-10,3492,29.4,3143,21.2
17,0,4,50,16,4,change_speed,0,3492,29.4,3492,26.5
17,0,4,50,16,4,change_speed,10,3492,29.4,3841,31.8
17,0,4,50,16,5,add_lane,0,2520,25.0,2520,25.0
17,0,4,50,16,5,add_lane,1,2520,25.0,2822,27.5
17,0,4,50,16,5,add_lane,2,2520,25.0,3125,30.0
17,0,4,50,16,5,change_speed,-10,2520,25.0,2268,18.0
17,0,4,50,16,5,change_speed,0,2520,25.0,2520,22.5
17,0,4,50,16,5,change_speed,10,2520,25.0,2772,27.0
17,0,4,50,16,6,add_lane,0,2214,30.7,2214,30.7
17,0,4,50,16,6,add_lane,1,2214,30.7,2480,33.8
17,0,4,50,16,6,add_lane,2,2214,30.7,2745,36.8
17,0,4,50,16,6,change_speed,-10,2214,30.7,1993,22.1
17,0,4,50,16,6,change_speed,0,2214,30.7,2214,27.6
17,0,4,50,16,6,change_speed,10,2214,30.7,2435,33.2
17,0,4,50,17,0,add_lane,0,2125,35.0,2125,35.0
17,0,4,50,17,0,add_lane,1,2125,35.0,2380,38.5
17,0,4,50,17,0,add_lane,2,2125,35.0,2635,42.0
17,0,4,50,17,0,change_speed,-10,2125,35.0,1912,25.2
17,0,4,50,17,0,change_speed,0,2125,35.0,2125,31.5
17,0,4,50,17,0,change_speed,10,2125,35.0,2338,37.8
17,0,4,50,17,1,add_lane,0,4320,30.5,4320,30.5
17,0,4,50,17,1,add_lane,1,4320,30.5,4838,33.6
17,0,4,50,17,1,add_lane,2,4320,30.5,5357,36.6
17,0,4,50,17,1,change_speed,-10,4320,30.5,3888,22.0
17,0,4,50,17,1,change_speed,0,4320,30.5,4320,27.4
17,0,4,50,17,1,change_speed,10,4320,30.5,4752,32.9
17,0,4,50,17,2,add_lane,0,4190,25.7,4190,25.7
17,0,4,50,17,2,add_lane,1,4190,25.7,4693,28.3
17,0,4,50,17,2,add_lane,2,4190,25.7,5196,30.8
17,0,4,50,17,2,change_speed,-10,4190,25.7,3771,18.5
17,0,4,50,17,2,change_speed,0,4190,25.7,4190,23.1
17,0,4,50,17,2,change_speed,10,4190,25.7,4609,27.8
17,0,4,50,17,3,add_lane,0,4190,29.2,4190,29.2
17,0,4,50,17,3,add_lane,1,4190,29.2,4693,32.1
17,0,4,50,17,3,add_lane,2,4190,29.2,5196,35.0
17,0,4,50,17,3,change_speed,-10,4190,29.2,3771,21.0
17,0,4,50,17,3,change_speed,0,4190,29.2,4190,26.3
17,0,4,50,17,3,change_speed,10,4190,29.2,4609,31.5
17,0,4,50,17,4,add_lane,0,4190,29.5,4190,29.5
17,0,4,50,17,4,add_lane,1,4190,29.5,4693,32.5
17,0,4,50,17,4,add_lane,2,4190,29.5,5196,35.4
17,0,4,50,17,4,change_speed,-10,4190,29.5,3771,21.2
17,0,4,50,17,4,change_speed,0,4190,29.5,4190,26.6
17,0,4,50,17,4,change_speed,10,4190,29.5,4609,31.9
17,0,4,50,17,5,add_lane,0,3024,22.9,3024,22.9
17,0,4,50,17,5,add_lane,1,3024,22.9,3387,25.2
17,0,4,50,17,5,add_lane,2,3024,22.9,3750,27.5
17,0,4,50,17,5,change_speed,-10,3024,22.9,2722,16.5
17,0,4,50,17,5,change_speed,0,3024,22.9,3024,20.6
17,0,4,50,17,5,change_speed,10,3024,22.9,3326,24.7
17,0,4,50,17,6,add_lane,0,2657,31.8,2657,31.8
17,0,4,50,17,6,add_lane,1,2657,31.8,2976,35.0
17,0,4,50,17,6,add_lane,2,2657,31.8,3295,38.2
17,0,4,50,17,6,change_speed,-10,2657,31.8,2391,22.9
17,0,4,50,17,6,change_speed,0,2657,31.8,2657,28.6
17,0,4,50,17,6,change_speed,10,2657,31.8,2923,34.3
17,0,4,50,18,0,add_lane,0,1948,38.1,1948,38.1
17,0,4,50,18,0,add_lane,1,1948,38.1,2182,41.9
17,0,4,50,18,0,add_lane,2,1948,38.1,2416,45.7
17,0,4,50,18,0,change_speed,-10,1948,38.1,1753,27.4
17,0,4,50,18,0,change_speed,0,1948,38.1,1948,34.3
17,0,4,50,18,0,change_speed,10,1948,38.1,2143,41.1
17,0,4,50,18,1,add_lane,0,3960,29.4,3960,29.4
17,0,4,50,18,1,add_lane,1,3960,29.4,4435,32.3
17,0,4,50,18,1,add_lane,2,3960,29.4,4910,35.3
17,0,4,50,18,1,change_speed,-10,3960,29.4,3564,21.2
17,0,4,50,18,1,change_speed,0,3960,29.4,3960,26.5
17,0,4,50,18,1,change_speed,10,3960,29.4,4356,31.8
17,0,4,50,18,2,add_lane,0,3841,32.1,3841,32.1
17,0,4,50,18,2,add_lane,1,3841,32.1,4302,35.3
17,0,4,50,18,2,add_lane,2,3841,32.1,4763,38.5
17,0,4,50,18,2,change_speed,-10,3841,32.1,3457,23.1
17,0,4,50,18,2,change_speed,0,3841,32.1,3841,28.9
17,0,4,50,18,2,change_speed,10,3841,32.1,4225,34.7
17,0,4,50,18,3,add_lane,0,3841,31.5,3841,31.5
17,0,4,50,18,3,add_lane,1,3841,31.5,4302,34.7
17,0,4,50,18,3,add_lane,2,3841,31.5,4763,37.8
17,0,4,50,18,3,change_speed,-10,3841,31.5,3457,22.7
17,0,4,50,18,3,change_speed,0,3841,31.5,3841,28.4
17,0,4,50,18,3,change_speed,10,3841,31.5,4225,34.0
17,0,4,50,18,4,add_lane,0,3841,31.1,3841,31.1
17,0,4,50,18,4,add_lane,1,3841,31.1,4302,34.2
17,0,4,50,18,4,add_lane,2,3841,31.1,4763,37.3
17,0,4,50,18,4,change_speed,-10,3841,31.1,3457,22.4
17,0,4,50,18,4,change_speed,0,3841,31.1,3841,28.0
17,0,4,50,18,4,change_speed,10,3841,31.1,4225,33.6
17,0,4,50,18,5,add_lane,0,2772,22.8,2772,22.8
17,0,4,50,18,5,add_lane,1,2772,22.8,3105,25.1
17,0,4,50,18,5,add_lane,2,2772,22.8,3437,27.4
17,0,4,50,18,5,change_speed,-10,2772,22.8,2495,16.4
17,0,4,50,18,5,change_speed,0,2772,22.8,2772,20.5
17,0,4,50,18,5,change_speed,10,2772,22.8,3049,24.6
17,0,4,50,18,6,add_lane,0,2435,32.6,2435,32.6
17,0,4,50,18,6,add_lane,1,2435,32.6,2727,35.9
17,0,4,50,18,6,add_lane,2,2435,32.6,3019,39.1
17,0,4,50,18,6,change_speed,-10,2435,32.6,2192,23.5
17,0,4,50,18,6,change_speed,0,2435,32.6,2435,29.3
17,0,4,50,18,6,change_speed,10,2435,32.6,2678,35.2
17,0,4,50,19,0,add_lane,0,1594,43.8,1594,43.8
17,0,4,50,19,0,add_lane,1,1594,43.8,1785,48.2
17,0,4,50,19,0,add_lane,2,1594,43.8,1977,52.6
17,0,4,50,19,0,change_speed,-10,1594,43.8,1435,31.5
17,0,4,50,19,0,change_speed,0,1594,43.8,1594,39.4
17,0,4,50,19,0,change_speed,10,1594,43.8,1753,47.3
17,0,4,50,19,1,add_lane,0,3240,38.6,3240,38.6
17,0,4,50,19,1,add_lane,1,3240,38.6,3629,42.5
17,0,4,50,19,1,add_lane,2,3240,38.6,4018,46.3
17,0,4,50,19,1,change_speed,-10,3240,38.6,2916,27.8
17,0,4,50,19,1,change_speed,0,3240,38.6,3240,34.7
17,0,4,50,19,1,change_speed,10,3240,38.6,3564,41.7
17,0,4,50,19,2,add_lane,0,3143,35.0,3143,35.0
17,0,4,50,19,2,add_lane,1,3143,35.0,3520,38.5
17,0,4,50,19,2,add_lane,2,3143,35.0,3897,42.0
17,0,4,50,19,2,change_speed,-10,3143,35.0,2829,25.2
17,0,4,50,19,2,change_speed,0,3143,35.0,3143,31.5
17,0,4,50,19,2,change_speed,10,3143,35.0,3457,37.8
17,0,4,50,19,3,add_lane,0,3143,33.6,3143,33.6
17,0,4,50,19,3,add_lane,1,3143,33.6,3520,37.0
17,0,4,50,19,3,add_lane,2,3143,33.6,3897,40.3
17,0,4,50,19,3,change_speed,-10,3143,33.6,2829,24.2
17,0,4,50,19,3,change_speed,0,3143,33.6,3143,30.2
17,0,4,50,19,3,change_speed,10,3143,33.6,3457,36.3
17,0,4,50,19,4,add_lane,0,3143,37.0,3143,37.0
17,0,4,50,19,4,add_lane,1,3143,37.0,3520,40.7
17,0,4,50,19,4,add_lane,2,3143,37.0,3897,44.4
17,0,4,50,19,4,change_speed,-10,3143,37.0,2829,26.6
17,0,4,50,19,4,change_speed,0,3143,37.0,3143,33.3
17,0,4,50,19,4,change_speed,10,3143,37.0,3457,40.0
17,0,4,50,19,5,add_lane,0,2268,27.2,2268,27.2
17,0,4,50,19,5,add_lane,1,2268,27.2,2540,29.9
17,0,4,50,19,5,add_lane,2,2268,27.2,2812,32.6
17,0,4,50,19,5,change_speed,-10,2268,27.2,2041,19.6
17,0,4,50,19,5,change_speed,0,2268,27.2,2268,24.5
17,0,4,50,19,5,change_speed,10,2268,27.2,2495,29.4
17,0,4,50,19,6,add_lane,0,1993,33.1,1993,33.1
17,0,4,50,19,6,add_lane,1,1993,33.1,2232,36.4
17,0,4,50,19,6,add_lane,2,1993,33.1,2471,39.7
17,0,4,50,19,6,change_speed,-10,1993,33.1,1794,23.8
17,0,4,50,19,6,change_speed,0,1993,33.1,1993,29.8
17,0,4,50,19,6,change_speed,10,1993,33.1,2192,35.7
17,0,4,50,20,0,add_lane,0,1151,38.9,1151,38.9
17,0,4,50,20,0,add_lane,1,1151,38.9,1289,42.8
17,0,4,50,20,0,add_lane,2,1151,38.9,1427,46.7
17,0,4,50,20,0,change_speed,-10,1151,38.9,1036,28.0
17,0,4,50,20,0,change_speed,0,1151,38.9,1151,35.0
17,0,4,50,20,0,change_speed,10,1151,38.9,1266,42.0
17,0,4,50,20,1,add_lane,0,2340,34.3,2340,34.3
17,0,4,50,20,1,add_lane,1,2340,34.3,2621,37.7
17,0,4,50,20,1,add_lane,2,2340,34.3,2902,41.2
17,0,4,50,20,1,change_speed,-10,2340,34.3,2106,24.7
17,0,4,50,20,1,change_speed,0,2340,34.3,2340,30.9
17,0,4,50,20,1,change_speed,10,2340,34.3,2574,37.0
17,0,4,50,20,2,add_lane,0,2270,41.0,2270,41.0
17,0,4,50,20,2,add_lane,1,2270,41.0,2542,45.1
17,0,4,50,20,2,add_lane,2,2270,41.0,2815,49.2
17,0,4,50,20,2,change_speed,-10,2270,41.0,2043,29.5
17,0,4,50,20,2,change_speed,0,2270,41.0,2270,36.9
17,0,4,50,20,2,change_speed,10,2270,41.0,2497,44.3
17,0,4,50,20,3,add_lane,0,2270,43.1,2270,43.1
17,0,4,50,20,3,add_lane,1,2270,43.1,2542,47.4
17,0,4,50,20,3,add_lane,2,2270,43.1,2815,51.7
17,0,4,50,20,3,change_speed,-10,2270,43.1,2043,31.0
17,0,4,50,20,3,change_speed,0,2270,43.1,2270,38.8
17,0,4,50,20,3,change_speed,10,2270,43.1,2497,46.5
17,0,4,50,20,4,add_lane,0,2270,41.0,2270,41.0
17,0,4,50,20,4,add_lane,1,2270,41.0,2542,45.1
17,0,4,50,20,4,add_lane,2,2270,41.0,2815,49.2
17,0,4,50,20,4,change_speed,-10,2270,41.0,2043,29.5
17,0,4,50,20,4,change_speed,0,2270,41.0,2270,36.9
17,0,4,50,20,4,change_speed,10,2270,41.0,2497,44.3
17,0,4,50,20,5,add_lane,0,1638,28.5,1638,28.5
17,0,4,50,20,5,add_lane,1,1638,28.5,1835,31.4
17,0,4,50,20,5,add_lane,2,1638,28.5,2031,34.2
17,0,4,50,20,5,change_speed,-10,1638,28.5,1474,20.5
17,0,4,50,20,5,change_speed,0,1638,28.5,1638,25.7
17,0,4,50,20,5,change_speed,10,1638,28.5,1802,30.8
17,0,4,50,20,6,add_lane,0,1439,41.5,1439,41.5
17,0,4,50,20,6,add_lane,1,1439,41.5,1612,45.7
17,0,4,50,20,6,add_lane,2,1439,41.5,1784,49.8
17,0,4,50,20,6,change_speed,-10,1439,41.5,1295,29.9
17,0,4,50,20,6,change_speed,0,1439,41.5,1439,37.4
17,0,4,50,20,6,change_speed,10,1439,41.5,1583,44.8
17,0,4,50,21,0,add_lane,0,797,45.9,797,45.9
17,0,4,50,21,0,add_lane,1,797,45.9,893,50.5
17,0,4,50,21,0,add_lane,2,797,45.9,988,55.1
17,0,4,50,21,0,change_speed,-10,797,45.9,717,33.0
17,0,4,50,21,0,change_speed,0,797,45.9,797,41.3
17,0,4,50,21,0,change_speed,10,797,45.9,877,49.6
17,0,4,50,21,1,add_lane,0,1620,47.8,1620,47.8
17,0,4,50,21,1,add_lane,1,1620,47.8,1814,52.6
17,0,4,50,21,1,add_lane,2,1620,47.8,2009,57.4
17,0,4,50,21,1,change_speed,-10,1620,47.8,1458,34.4
17,0,4,50,21,1,change_speed,0,1620,47.8,1620,43.0
17,0,4,50,21,1,change_speed,10,1620,47.8,1782,51.6
17,0,4,50,21,2,add_lane,0,1571,43.9,1571,43.9
17,0,4,50,21,2,add_lane,1,1571,43.9,1760,48.3
17,0,4,50,21,2,add_lane,2,1571,43.9,1948,52.7
17,0,4,50,21,2,change_speed,-10,1571,43.9,1414,31.6
17,0,4,50,21,2,change_speed,0,1571,43.9,1571,39.5
17,0,4,50,21,2,change_speed,10,1571,43.9,1728,47.4
17,0,4,50,21,3,add_lane,0,1571,40.6,1571,40.6
17,0,4,50,21,3,add_lane,1,1571,40.6,1760,44.7
17,0,4,50,21,3,add_lane,2,1571,40.6,1948,48.7
17,0,4,50,21,3,change_speed,-10,1571,40.6,1414,29.2
17,0,4,50,21,3,change_speed,0,1571,40.6,1571,36.5
17,0,4,50,21,3,change_speed,10,1571,40.6,1728,43.8
17,0,4,50,21,4,add_lane,0,1571,43.2,1571,43.2
17,0,4,50,21,4,add_lane,1,1571,43.2,1760,47.5
17,0,4,50,21,4,add_lane,2,1571,43.2,1948,51.8
17,0,4,50,21,4,change_speed,-10,1571,43.2,1414,31.1
17,0,4,50,21,4,change_speed,0,1571,43.2,1571,38.9
17,0,4,50,21,4,change_speed,10,1571,43.2,1728,46.7
17,0,4,50,21,5,add_lane,0,1134,33.3,1134,33.3
17,0,4,50,21,5,add_lane,1,1134,33.3,1270,36.6
17,0,4,50,21,5,add_lane,2,1134,33.3,1406,40.0
17,0,4,50,21,5,change_speed,-10,1134,33.3,1021,24.0
17,0,4,50,21,5,change_speed,0,1134,33.3,1134,30.0
17,0,4,50,21,5,change_speed,10,1134,33.3,1247,36.0
17,0,4,50,21,6,add_lane,0,996,39.3,996,39.3
17,0,4,50,21,6,add_lane,1,996,39.3,1116,43.2
17,0,4,50,21,6,add_lane,2,996,39.3,1235,47.2
17,0,4,50,21,6,change_speed,-10,996,39.3,896,28.3
17,0,4,50,21,6,change_speed,0,996,39.3,996,35.4
17,0,4,50,21,6,change_speed,10,996,39.3,1096,42.4
17,0,4,50,22,0,add_lane,0,531,41.6,531,41.6
17,0,4,50,22,0,add_lane,1,531,41.6,595,45.8
17,0,4,50,22,0,add_lane,2,531,41.6,658,49.9
17,0,4,50,22,0,change_speed,-10,531,41.6,478,30.0
17,0,4,50,22,0,change_speed,0,531,41.6,531,37.4
17,0,4,50,22,0,change_speed,10,531,41.6,584,44.9
17,0,4,50,22,1,add_lane,0,1080,51.4,1080,51.4
17,0,4,50,22,1,add_lane,1,1080,51.4,1210,56.5
17,0,4,50,22,1,add_lane,2,1080,51.4,1339,61.7
17,0,4,50,22,1,change_speed,-10,1080,51.4,972,37.0
17,0,4,50,22,1,change_speed,0,1080,51.4,1080,46.3
17,0,4,50,22,1,change_speed,10,1080,51.4,1188,55.5
17,0,4,50,22,2,add_lane,0,1048,46.4,1048,46.4
17,0,4,50,22,2,add_lane,1,1048,46.4,1174,51.0
17,0,4,50,22,2,add_lane,2,1048,46.4,1300,55.7
17,0,4,50,22,2,change_speed,-10,1048,46.4,943,33.4
17,0,4,50,22,2,change_speed,0,1048,46.4,1048,41.8
17,0,4,50,22,2,change_speed,10,1048,46.4,1153,50.1
17,0,4,50,22,3,add_lane,0,1048,47.2,1048,47.2
17,0,4,50,22,3,add_lane,1,1048,47.2,1174,51.9
17,0,4,50,22,3,add_lane,2,1048,47.2,1300,56.6
17,0,4,50,22,3,change_speed,-10,1048,47.2,943,34.0
17,0,4,50,22,3,change_speed,0,1048,47.2,1048,42.5
17,0,4,50,22,3,change_speed,10,1048,47.2,1153,51.0
17,0,4,50,22,4,add_lane,0,1048,51.9,1048,51.9
17,0,4,50,22,4,add_lane,1,1048,51.9,1174,57.1
17,0,4,50,22,4,add_lane,2,1048,51.9,1300,62.3
17,0,4,50,22,4,change_speed,-10,1048,51.9,943,37.4
17,0,4,50,22,4,change_speed,0,1048,51.9,1048,46.7
17,0,4,50,22,4,change_speed,10,1048,51.9,1153,56.1
17,0,4,50,22,5,add_lane,0,756,30.0,756,30.0
17,0,4,50,22,5,add_lane,1,756,30.0,847,33.0
17,0,4,50,22,5,add_lane,2,756,30.0,937,36.0
17,0,4,50,22,5,change_speed,-10,756,30.0,680,21.6
17,0,4,50,22,5,change_speed,0,756,30.0,756,27.0
17,0,4,50,22,5,change_speed,10,756,30.0,832,32.4
17,0,4,50,22,6,add_lane,0,664,43.0,664,43.0
17,0,4,50,22,6,add_lane,1,664,43.0,744,47.3
17,0,4,50,22,6,add_lane,2,664,43.0,823,51.6
17,0,4,50,22,6,change_speed,-10,664,43.0,598,31.0
17,0,4,50,22,6,change_speed,0,664,43.0,664,38.7
17,0,4,50,22,6,change_speed,10,664,43.0,730,46.4
17,0,4,50,23,0,add_lane,0,354,51.5,354,51.5
17,0,4,50,23,0,add_lane,1,354,51.5,396,56.7
17,0,4,50,23,0,add_lane,2,354,51.5,439,61.8
17,0,4,50,23,0,change_speed,-10,354,51.5,319,37.1
17,0,4,50,23,0,change_speed,0,354,51.5,354,46.4
17,0,4,50,23,0,change_speed,10,354,51.5,389,55.6
17,0,4,50,23,1,add_lane,0,720,49.5,720,49.5
17,0,4,50,23,1,add_lane,1,720,49.5,806,54.5
17,0,4,50,23,1,add_lane,2,720,49.5,893,59.4
17,0,4,50,23,1,change_speed,-10,720,49.5,648,35.6
17,0,4,50,23,1,change_speed,0,720,49.5,720,44.6
17,0,4,50,23,1,change_speed,10,720,49.5,792,53.5
17,0,4,50,23,2,add_lane,0,698,49.2,698,49.2
17,0,4,50,23,2,add_lane,1,698,49.2,782,54.1
17,0,4,50,23,2,add_lane,2,698,49.2,866,59.0
17,0,4,50,23,2,change_speed,-10,698,49.2,628,35.4
17,0,4,50,23,2,change_speed,0,698,49.2,698,44.3
17,0,4,50,23,2,change_speed,10,698,49.2,768,53.1
17,0,4,50,23,3,add_lane,0,698,49.1,698,49.1
17,0,4,50,23,3,add_lane,1,698,49.1,782,54.0
17,0,4,50,23,3,add_lane,2,698,49.1,866,58.9
17,0,4,50,23,3,change_speed,-10,698,49.1,628,35.4
17,0,4,50,23,3,change_speed,0,698,49.1,698,44.2
17,0,4,50,23,3,change_speed,10,698,49.1,768,53.0
17,0,4,50,23,4,add_lane,0,698,50.8,698,50.8
17,0,4,50,23,4,add_lane,1,698,50.8,782,55.9
17,0,4,50,23,4,add_lane,2,698,50.8,866,61.0
17,0,4,50,23,4,change_speed,-10,698,50.8,628,36.6
17,0,4,50,23,4,change_speed,0,698,50.8,698,45.7
17,0,4,50,23,4,change_speed,10,698,50.8,768,54.9
17,0,4,50,23,5,add_lane,0,504,32.7,504,32.7
17,0,4,50,23,5,add_lane,1,504,32.7,564,36.0
17,0,4,50,23,5,add_lane,2,504,32.7,625,39.2
17,0,4,50,23,5,change_speed,-10,504,32.7,454,23.5
17,0,4,50,23,5,change_speed,0,504,32.7,504,29.4
17,0,4,50,23,5,change_speed,10,504,32.7,554,35.3
17,0,4,50,23,6,add_lane,0,443,44.3,443,44.3
17,0,4,50,23,6,add_lane,1,443,44.3,496,48.7
17,0,4,50,23,6,add_lane,2,443,44.3,549,53.2
17,0,4,50,23,6,change_speed,-10,443,44.3,399,31.9
17,0,4,50,23,6,change_speed,0,443,44.3,443,39.9
17,0,4,50,23,6,change_speed,10,443,44.3,487,47.8
18,1,6,60,0,0,add_lane,0,664,49.1,664,49.1
18,1,6,60,0,0,add_lane,1,664,49.1,744,54.0
18,1,6,60,0,0,add_lane,2,664,49.1,823,58.9
18,1,6,60,0,0,change_speed,-10,664,49.1,609,36.8
18,1,6,60,0,0,change_speed,0,664,49.1,664,44.2
18,1,6,60,0,0,change_speed,10,664,49.1,719,51.6
18,1,6,60,0,1,add_lane,0,1350,64.2,1350,64.2
18,1,6,60,0,1,add_lane,1,1350,64.2,1512,70.6
18,1,6,60,0,1,add_lane,2,1350,64.2,1674,77.0
18,1,6,60,0,1,change_speed,-10,1350,64.2,1238,48.2
18,1,6,60,0,1,change_speed,0,1350,64.2,1350,57.8
18,1,6,60,0,1,change_speed,10,1350,64.2,1463,67.4
18,1,6,60,0,2,add_lane,0,1310,64.2,1310,64.2
18,1,6,60,0,2,add_lane,1,1310,64.2,1467,70.6
18,1,6,60,0,2,add_lane,2,1310,64.2,1624,77.0
18,1,6,60,0,2,change_speed,-10,1310,64.2,1201,48.2
18,1,6,60,0,2,change_speed,0,1310,64.2,1310,57.8
18,1,6,60,0,2,change_speed,10,1310,64.2,1419,67.4
18,1,6,60,0,3,add_lane,0,1310,56.7,1310,56.7
18,1,6,60,0,3,add_lane,1,1310,56.7,1467,62.4
18,1,6,60,0,3,add_lane,2,1310,56.7,1624,68.0
18,1,6,60,0,3,change_speed,-10,1310,56.7,1201,42.5
18,1,6,60,0,3,change_speed,0,1310,56.7,1310,51.0
18,1,6,60,0,3,change_speed,10,1310,56.7,1419,59.5
18,1,6,60,0,4,add_lane,0,1310,58.0,1310,58.0
18,1,6,60,0,4,add_lane,1,1310,58.0,1467,63.8
18,1,6,60,0,4,add_lane,2,1310,58.0,1624,69.6
18,1,6,60,0,4,change_speed,-10,1310,58.0,1201,43.5
18,1,6,60,0,4,change_speed,0,1310,58.0,1310,52.2
18,1,6,60,0,4,change_speed,10,1310,58.0,1419,60.9
18,1,6,60,0,5,add_lane,0,945,44.4,945,44.4
18,1,6,60,0,5,add_lane,1,945,44.4,1058,48.8
18,1,6,60,0,5,add_lane,2,945,44.4,1172,53.3
18,1,6,60,0,5,change_speed,-10,945,44.4,866,33.3
18,1,6,60,0,5,change_speed,0,945,44.4,945,40.0
18,1,6,60,0,5,change_speed,10,945,44.4,1024,46.6
18,1,6,60,0,6,add_lane,0,830,54.9,830,54.9
18,1,6,60,0,6,add_lane,1,830,54.9,930,60.4
18,1,6,60,0,6,add_lane,2,830,54.9,1029,65.9
18,1,6,60,0,6,change_speed,-10,830,54.9,761,41.2
18,1,6,60,0,6,change_speed,0,830,54.9,830,49.4
18,1,6,60,0,6,change_speed,10,830,54.9,899,57.6
18,1,6,60,1,0,add_lane,0,531,57.3,531,57.3
18,1,6,60,1,0,add_lane,1,531,57.3,595,63.0
18,1,6,60,1,0,add_lane,2,531,57.3,658,68.8
18,1,6,60,1,0,change_speed,-10,531,57.3,487,43.0
18,1,6,60,1,0,change_speed,0,531,57.3,531,51.6
18,1,6,60,1,0,change_speed,10,531,57.3,575,60.2
18,1,6,60,1,1,add_lane,0,1080,60.7,1080,60.7
18,1,6,60,1,1,add_lane,1,1080,60.7,1210,66.8
18,1,6,60,1,1,add_lane,2,1080,60.7,1339,72.8
18,1,6,60,1,1,change_speed,-10,1080,60.7,990,45.5
18,1,6,60,1,1,change_speed,0,1080,60.7,1080,54.6
18,1,6,60,1,1,change_speed,10,1080,60.7,1170,63.7
18,1,6,60,1,2,add_lane,0,1048,56.4,1048,56.4
18,1,6,60,1,2,add_lane,1,1048,56.4,1174,62.0
18,1,6,60,1,2,add_lane,2,1048,56.4,1300,67.7
18,1,6,60,1,2,change_speed,-10,1048,56.4,961,42.3
18,1,6,60,1,2,change_speed,0,1048,56.4,1048,50.8
18,1,6,60,1,2,change_speed,10,1048,56.4,1135,59.2
18,1,6,60,1,3,add_lane,0,1048,53.5,1048,53.5
18,1,6,60,1,3,add_lane,1,1048,53.5,1174,58.9
18,1,6,60,1,3,add_lane,2,1048,53.5,1300,64.2
18,1,6,60,1,3,change_speed,-10,1048,53.5,961,40.1
18,1,6,60,1,3,change_speed,0,1048,53.5,1048,48.1
18,1,6,60,1,3,change_speed,10,1048,53.5,1135,56.2
18,1,6,60,1,4,add_lane,0,1048,59.6,1048,59.6
18,1,6,60,1,4,add_lane,1,1048,59.6,1174,65.6
18,1,6,60,1,4,add_lane,2,1048,59.6,1300,71.5
18,1,6,60,1,4,change_speed,-10,1048,59.6,961,44.7
18,1,6,60,1,4,change_speed,0,1048,59.6,1048,53.6
18,1,6,60,1,4,change_speed,10,1048,59.6,1135,62.6
18,1,6,60,1,5,add_lane,0,756,38.3,756,38.3
18,1,6,60,1,5,add_lane,1,756,38.3,847,42.1
18,1,6,60,1,5,add_lane,2,756,38.3,937,46.0
18,1,6,60,1,5,change_speed,-10,756,38.3,693,28.7
18,1,6,60,1,5,change_speed,0,756,38.3,756,34.5
18,1,6,60,1,5,change_speed,10,756,38.3,819,40.2
18,1,6,60,1,6,add_lane,0,664,46.7,664,46.7
18,1,6,60,1,6,add_lane,1,664,46.7,744,51.4
18,1,6,60,1,6,add_lane,2,664,46.7,823,56.0
18,1,6,60,1,6,change_speed,-10,664,46.7,609,35.0
18,1,6,60,1,6,change_speed,0,664,46.7,664,42.0
18,1,6,60,1,6,change_speed,10,664,46.7,719,49.0
18,1,6,60,2,0,add_lane,0,478,58.0,478,58.0
18,1,6,60,2,0,add_lane,1,478,58.0,535,63.8
18,1,6,60,2,0,add_lane,2,478,58.0,593,69.6
18,1,6,60,2,0,change_speed,-10,478,58.0,438,43.5
18,1,6,60,2,0,change_speed,0,478,58.0,478,52.2
18,1,6,60,2,0,change_speed,10,478,58.0,518,60.9
18,1,6,60,2,1,add_lane,0,972,61.7,972,61.7
18,1,6,60,2,1,add_lane,1,972,61.7,1089,67.9
18,1,6,60,2,1,add_lane,2,972,61.7,1205,74.0
18,1,6,60,2,1,change_speed,-10,972,61.7,891,46.3
18,1,6,60,2,1,change_speed,0,972,61.7,972,55.5
18,1,6,60,2,1,change_speed,10,972,61.7,1053,64.8
18,1,6,60,2,2,add_lane,0,943,65.7,943,65.7
18,1,6,60,2,2,add_lane,1,943,65.7,1056,72.3
18,1,6,60,2,2,add_lane,2,943,65.7,1169,78.8
18,1,6,60,2,2,change_speed,-10,943,65.7,864,49.3
18,1,6,60,2,2,change_speed,0,943,65.7,943,59.1
18,1,6,60,2,2,change_speed,10,943,65.7,1022,69.0
18,1,6,60,2,3,add_lane,0,943,61.6,943,61.6
18,1,6,60,2,3,add_lane,1,943,61.6,1056,67.8
18,1,6,60,2,3,add_lane,2,943,61.6,1169,73.9
18,1,6,60,2,3,change_speed,-10,943,61.6,864,46.2
18,1,6,60,2,3,change_speed,0,943,61.6,943,55.4
18,1,6,60,2,3,change_speed,10,943,61.6,1022,64.7
18,1,6,60,2,4,add_lane,0,943,58.7,943,58.7
18,1,6,60,2,4,add_lane,1,943,58.7,1056,64.6
18,1,6,60,2,4,add_lane,2,943,58.7,1169,70.4
18,1,6,60,2,4,change_speed,-10,943,58.7,864,44.0
18,1,6,60,2,4,change_speed,0,943,58.7,943,52.8
18,1,6,60,2,4,change_speed,10,943,58.7,1022,61.6
18,1,6,60,2,5,add_lane,0,680,40.3,680,40.3
18,1,6,60,2,5,add_lane,1,680,40.3,762,44.3
18,1,6,60,2,5,add_lane,2,680,40.3,843,48.4
18,1,6,60,2,5,change_speed,-10,680,40.3,623,30.2
18,1,6,60,2,5,change_speed,0,680,40.3,680,36.3
18,1,6,60,2,5,change_speed,10,680,40.3,737,42.3
18,1,6,60,2,6,add_lane,0,598,45.2,598,45.2
18,1,6,60,2,6,add_lane,1,598,45.2,670,49.7
18,1,6,60,2,6,add_lane,2,598,45.2,742,54.2
18,1,6,60,2,6,change_speed,-10,598,45.2,548,33.9
18,1,6,60,2,6,change_speed,0,598,45.2,598,40.7
18,1,6,60,2,6,change_speed,10,598,45.2,648,47.5
18,1,6,60,3,0,add_lane,0,399,57.5,399,57.5
18,1,6,60,3,0,add_lane,1,399,57.5,447,63.3
18,1,6,60,3,0,add_lane,2,399,57.5,495,69.0
18,1,6,60,3,0,change_speed,-10,399,57.5,366,43.1
18,1,6,60,3,0,change_speed,0,399,57.5,399,51.8
18,1,6,60,3,0,change_speed,10,399,57.5,432,60.4
18,1,6,60,3,1,add_lane,0,810,63.5,810,63.5
18,1,6,60,3,1,add_lane,1,810,63.5,907,69.9
18,1,6,60,3,1,add_lane,2,810,63.5,1004,76.2
18,1,6,60,3,1,change_speed,-10,810,63.5,743,47.6
18,1,6,60,3,1,change_speed,0,810,63.5,810,57.1
18,1,6,60,3,1,change_speed,10,810,63.5,878,66.7
18,1,6,60,3,2,add_lane,0,786,62.2,786,62.2
18,1,6,60,3,2,add_lane,1,786,62.2,880,68.4
18,1,6,60,3,2,add_lane,2,786,62.2,975,74.6
18,1,6,60,3,2,change_speed,-10,786,62.2,721,46.7
18,1,6,60,3,2,change_speed,0,786,62.2,786,56.0
18,1,6,60,3,2,change_speed,10,786,62.2,852,65.3
18,1,6,60,3,3,add_lane,0,786,61.9,786,61.9
18,1,6,60,3,3,add_lane,1,786,61.9,880,68.1
18,1,6,60,3,3,add_lane,2,786,61.9,975,74.3
18,1,6,60,3,3,change_speed,-10,786,61.9,721,46.4
18,1,6,60,3,3,change_speed,0,786,61.9,786,55.7
18,1,6,60,3,3,change_speed,10,786,61.9,852,65.0
18,1,6,60,3,4,add_lane,0,786,59.3,786,59.3
18,1,6,60,3,4,add_lane,1,786,59.3,880,65.2
18,1,6,60,3,4,add_lane,2,786,59.3,975,71.2
18,1,6,60,3,4,change_speed,-10,786,59.3,721,44.5
18,1,6,60,3,4,change_speed,0,786,59.3,786,53.4
18,1,6,60,3,4,change_speed,10,786,59.3,852,62.3
18,1,6,60,3,5,add_lane,0,567,38.2,567,38.2
18,1,6,60,3,5,add_lane,1,567,38.2,635,42.0
18,1,6,60,3,5,add_lane,2,567,38.2,703,45.8
18,1,6,60,3,5,change_speed,-10,567,38.2,520,28.7
18,1,6,60,3,5,change_speed,0,567,38.2,567,34.4
18,1,6,60,3,5,change_speed,10,567,38.2,614,40.1
18,1,6,60,3,6,add_lane,0,498,56.2,498,56.2
18,1,6,60,3,6,add_lane,1,498,56.2,558,61.8
18,1,6,60,3,6,add_lane,2,498,56.2,618,67.4
18,1,6,60,3,6,change_speed,-10,498,56.2,457,42.2
18,1,6,60,3,6,change_speed,0,498,56.2,498,50.6
18,1,6,60,3,6,change_speed,10,498,56.2,540,59.0
18,1,6,60,4,0,add_lane,0,531,52.0,531,52.0
18,1,6,60,4,0,add_lane,1,531,52.0,595,57.2
18,1,6,60,4,0,add_lane,2,531,52.0,658,62.4
18,1,6,60,4,0,change_speed,-10,531,52.0,487,39.0
18,1,6,60,4,0,change_speed,0,531,52.0,531,46.8
18,1,6,60,4,0,change_speed,10,531,52.0,575,54.6
18,1,6,60,4,1,add_lane,0,1080,69.0,1080,69.0
18,1,6,60,4,1,add_lane,1,1080,69.0,1210,75.9
18,1,6,60,4,1,add_lane,2,1080,69.0,1339,82.8
18,1,6,60,4,1,change_speed,-10,1080,69.0,990,51.8
18,1,6,60,4,1,change_speed,0,1080,69.0,1080,62.1
18,1,6,60,4,1,change_speed,10,1080,69.0,1170,72.5
18,1,6,60,4,2,add_lane,0,1048,59.3,1048,59.3
18,1,6,60,4,2,add_lane,1,1048,59.3,1174,65.2
18,1,6,60,4,2,add_lane,2,1048,59.3,1300,71.2
18,1,6,60,4,2,change_speed,-10,1048,59.3,961,44.5
18,1,6,60,4,2,change_speed,0,1048,59.3,1048,53.4
18,1,6,60,4,2,change_speed,10,1048,59.3,1135,62.3
18,1,6,60,4,3,add_lane,0,1048,55.7,1048,55.7
18,1,6,60,4,3,add_lane,1,1048,55.7,1174,61.3
18,1,6,60,4,3,add_lane,2,1048,55.7,1300,66.8
18,1,6,60,4,3,change_speed,-10,1048,55.7,961,41.8
18,1,6,60,4,3,change_speed,0,1048,55.7,1048,50.1
18,1,6,60,4,3,change_speed,10,1048,55.7,1135,58.5
18,1,6,60,4,4,add_lane,0,1048,50.5,1048,50.5
18,1,6,60,4,4,add_lane,1,1048,50.5,1174,55.6
18,1,6,60,4,4,add_lane,2,1048,50.5,1300,60.6
18,1,6,60,4,4,change_speed,-10,1048,50.5,961,37.9
18,1,6,60,4,4,change_speed,0,1048,50.5,1048,45.5
18,1,6,60,4,4,change_speed,10,1048,50.5,1135,53.0
18,1,6,60,4,5,add_lane,0,756,37.3,756,37.3
18,1,6,60,4,5,add_lane,1,756,37.3,847,41.0
18,1,6,60,4,5,add_lane,2,756,37.3,937,44.8
18,1,6,60,4,5,change_speed,-10,756,37.3,693,28.0
18,1,6,60,4,5,change_speed,0,756,37.3,756,33.6
18,1,6,60,4,5,change_speed,10,756,37.3,819,39.2
18,1,6,60,4,6,add_lane,0,664,52.1,664,52.1
18,1,6,60,4,6,add_lane,1,664,52.1,744,57.3
18,1,6,60,4,6,add_lane,2,664,52.1,823,62.5
18,1,6,60,4,6,change_speed,-10,664,52.1,609,39.1
18,1,6,60,4,6,change_speed,0,664,52.1,664,46.9
18,1,6,60,4,6,change_speed,10,664,52.1,719,54.7
18,1,6,60,5,0,add_lane,0,930,49.9,930,49.9
18,1,6,60,5,0,add_lane,1,930,49.9,1042,54.9
18,1,6,60,5,0,add_lane,2,930,49.9,1153,59.9
18,1,6,60,5,0,change_speed,-10,930,49.9,853,37.4
18,1,6,60,5,0,change_speed,0,930,49.9,930,44.9
18,1,6,60,5,0,change_speed,10,930,49.9,1008,52.4
18,1,6,60,5,1,add_lane,0,1890,61.8,1890,61.8
18,1,6,60,5,1,add_lane,1,1890,61.8,2117,68.0
18,1,6,60,5,1,add_lane,2,1890,61.8,2344,74.2
18,1,6,60,5,1,change_speed,-10,1890,61.8,1733,46.4
18,1,6,60,5,1,change_speed,0,1890,61.8,1890,55.6
18,1,6,60,5,1,change_speed,10,1890,61.8,2048,64.9
18,1,6,60,5,2,add_lane,0,1833,56.4,1833,56.4
18,1,6,60,5,2,add_lane,1,1833,56.4,2053,62.0
18,1,6,60,5,2,add_lane,2,1833,56.4,2273,67.7
18,1,6,60,5,2,change_speed,-10,1833,56.4,1680,42.3
18,1,6,60,5,2,change_speed,0,1833,56.4,1833,50.8
18,1,6,60,5,2,change_speed,10,1833,56.4,1986,59.2
18,1,6,60,5,3,add_lane,0,1833,56.9,1833,56.9
18,1,6,60,5,3,add_lane,1,1833,56.9,2053,62.6
18,1,6,60,5,3,add_lane,2,1833,56.9,2273,68.3
18,1,6,60,5,3,change_speed,-10,1833,56.9,1680,42.7
18,1,6,60,5,3,change_speed,0,1833,56.9,1833,51.2
18,1,6,60,5,3,change_speed,10,1833,56.9,1986,59.7
18,1,6,60,5,4,add_lane,0,1833,51.6,1833,51.6
18,1,6,60,5,4,add_lane,1,1833,51.6,2053,56.8
18,1,6,60,5,4,add_lane,2,1833,51.6,2273,61.9
18,1,6,60,5,4,change_speed,-10,1833,51.6,1680,38.7
18,1,6,60,5,4,change_speed,0,1833,51.6,1833,46.4
18,1,6,60,5,4,change_speed,10,1833,51.6,1986,54.2
18,1,6,60,5,5,add_lane,0,1323,42.5,1323,42.5
18,1,6,60,5,5,add_lane,1,1323,42.5,1482,46.8
18,1,6,60,5,5,add_lane,2,1323,42.5,1641,51.0
18,1,6,60,5,5,change_speed,-10,1323,42.5,1213,31.9
18,1,6,60,5,5,change_speed,0,1323,42.5,1323,38.2
18,1,6,60,5,5,change_speed,10,1323,42.5,1433,44.6
18,1,6,60,5,6,add_lane,0,1162,48.8,1162,48.8
18,1,6,60,5,6,add_lane,1,1162,48.8,1301,53.7
18,1,6,60,5,6,add_lane,2,1162,48.8,1441,58.6
18,1,6,60,5,6,change_speed,-10,1162,48.8,1065,36.6
18,1,6,60,5,6,change_speed,0,1162,48.8,1162,43.9
18,1,6,60,5,6,change_speed,10,1162,48.8,1259,51.2
18,1,6,60,6,0,add_lane,0,1727,53.9,1727,53.9
18,1,6,60,6,0,add_lane,1,1727,53.9,1934,59.3
18,1,6,60,6,0,add_lane,2,1727,53.9,2141,64.7
18,1,6,60,6,0,change_speed,-10,1727,53.9,1583,40.4
18,1,6,60,6,0,change_speed,0,1727,53.9,1727,48.5
18,1,6,60,6,0,change_speed,10,1727,53.9,1871,56.6
18,1,6,60,6,1,add_lane,0,3510,51.7,3510,51.7
18,1,6,60,6,1,add_lane,1,3510,51.7,3931,56.9
18,1,6,60,6,1,add_lane,2,3510,51.7,4352,62.0
18,1,6,60,6,1,change_speed,-10,3510,51.7,3218,38.8
18,1,6,60,6,1,change_speed,0,3510,51.7,3510,46.5
18,1,6,60,6,1,change_speed,10,3510,51.7,3803,54.3
18,1,6,60,6,2,add_lane,0,3405,38.5,3405,38.5
18,1,6,60,6,2,add_lane,1,3405,38.5,3814,42.4
18,1,6,60,6,2,add_lane,2,3405,38.5,4222,46.2
18,1,6,60,6,2,change_speed,-10,3405,38.5,3121,28.9
18,1,6,60,6,2,change_speed,0,3405,38.5,3405,34.6
18,1,6,60,6,2,change_speed,10,3405,38.5,3689,40.4
18,1,6,60,6,3,add_lane,0,3405,48.6,3405,48.6
18,1,6,60,6,3,add_lane,1,3405,48.6,3814,53.5
18,1,6,60,6,3,add_lane,2,3405,48.6,4222,58.3
18,1,6,60,6,3,change_speed,-10,3405,48.6,3121,36.5
18,1,6,60,6,3,change_speed,0,3405,48.6,3405,43.7
18,1,6,60,6,3,change_speed,10,3405,48.6,3689,51.0
18,1,6,60,6,4,add_lane,0,3405,46.0,3405,46.0
18,1,6,60,6,4,add_lane,1,3405,46.0,3814,50.6
18,1,6,60,6,4,add_lane,2,3405,46.0,4222,55.2
18,1,6,60,6,4,change_speed,-10,3405,46.0,3121,34.5
18,1,6,60,6,4,change_speed,0,3405,46.0,3405,41.4
18,1,6,60,6,4,change_speed,10,3405,46.0,3689,48.3
18,1,6,60,6,5,add_lane,0,2457,35.8,2457,35.8
18,1,6,60,6,5,add_lane,1,2457,35.8,2752,39.4
18,1,6,60,6,5,add_lane,2,2457,35.8,3047,43.0
18,1,6,60,6,5,change_speed,-10,2457,35.8,2252,26.8
18,1,6,60,6,5,change_speed,0,2457,35.8,2457,32.2
18,1,6,60,6,5,change_speed,10,2457,35.8,2662,37.6
18,1,6,60,6,6,add_lane,0,2159,44.4,2159,44.4
18,1,6,60,6,6,add_lane,1,2159,44.4,2418,48.8
18,1,6,60,6,6,add_lane,2,2159,44.4,2677,53.3
18,1,6,60,6,6,change_speed,-10,2159,44.4,1979,33.3
18,1,6,60,6,6,change_speed,0,2159,44.4,2159,40.0
18,1,6,60,6,6,change_speed,10,2159,44.4,2339,46.6
18,1,6,60,7,0,add_lane,0,3985,43.5,3985,43.5
18,1,6,60,7,0,add_lane,1,3985,43.5,4463,47.9
18,1,6,60,7,0,add_lane,2,3985,43.5,4941,52.2
18,1,6,60,7,0,change_speed,-10,3985,43.5,3653,32.6
18,1,6,60,7,0,change_speed,0,3985,43.5,3985,39.1
18,1,6,60,7,0,change_speed,10,3985,43.5,4317,45.7
18,1,6,60,7,1,add_lane,0,8100,26.6,8100,26.6
18,1,6,60,7,1,add_lane,1,8100,26.6,9072,29.3
18,1,6,60,7,1,add_lane,2,8100,26.6,10044,31.9
18,1,6,60,7,1,change_speed,-10,8100,26.6,7425,20.0
18,1,6,60,7,1,change_speed,0,8100,26.6,8100,23.9
18,1,6,60,7,1,change_speed,10,8100,26.6,8775,27.9
18,1,6,60,7,2,add_lane,0,7857,27.4,7857,27.4
18,1,6,60,7,2,add_lane,1,7857,27.4,8800,30.1
18,1,6,60,7,2,add_lane,2,7857,27.4,9743,32.9
18,1,6,60,7,2,change_speed,-10,7857,27.4,7202,20.6
18,1,6,60,7,2,change_speed,0,7857,27.4,7857,24.7
18,1,6,60,7,2,change_speed,10,7857,27.4,8512,28.8
18,1,6,60,7,3,add_lane,0,7857,25.7,7857,25.7
18,1,6,60,7,3,add_lane,1,7857,25.7,8800,28.3
18,1,6,60,7,3,add_lane,2,7857,25.7,9743,30.8
18,1,6,60,7,3,change_speed,-10,7857,25.7,7202,19.3
18,1,6,60,7,3,change_speed,0,7857,25.7,7857,23.1
18,1,6,60,7,3,change_speed,10,7857,25.7,8512,27.0
18,1,6,60,7,4,add_lane,0,7857,28.6,7857,28.6
18,1,6,60,7,4,add_lane,1,7857,28.6,8800,31.5
18,1,6,60,7,4,add_lane,2,7857,28.6,9743,34.3
18,1,6,60,7,4,change_speed,-10,7857,28.6,7202,21.5
18,1,6,60,7,4,change_speed,0,7857,28.6,7857,25.7
18,1,6,60,7,4,change_speed,10,7857,28.6,8512,30.0
18,1,6,60,7,5,add_lane,0,5670,25.9,5670,25.9
18,1,6,60,7,5,add_lane,1,5670,25.9,6350,28.5
18,1,6,60,7,5,add_lane,2,5670,25.9,7031,31.1
18,1,6,60,7,5,change_speed,-10,5670,25.9,5198,19.4
18,1,6,60,7,5,change_speed,0,5670,25.9,5670,23.3
18,1,6,60,7,5,change_speed,10,5670,25.9,6143,27.2
18,1,6,60,7,6,add_lane,0,4982,33.5,4982,33.5
18,1,6,60,7,6,add_lane,1,4982,33.5,5580,36.9
18,1,6,60,7,6,add_lane,2,4982,33.5,6178,40.2
18,1,6,60,7,6,change_speed,-10,4982,33.5,4567,25.1
18,1,6,60,7,6,change_speed,0,4982,33.5,4982,30.2
18,1,6,60,7,6,change_speed,10,4982,33.5,5397,35.2
18,1,6,60,8,0,add_lane,0,4782,40.0,4782,40.0
18,1,6,60,8,0,add_lane,1,4782,40.0,5356,44.0
18,1,6,60,8,0,add_lane,2,4782,40.0,5930,48.0
18,1,6,60,8,0,change_speed,-10,4782,40.0,4384,30.0
18,1,6,60,8,0,change_speed,0,4782,40.0,4782,36.0
18,1,6,60,8,0,change_speed,10,4782,40.0,5181,42.0
18,1,6,60,8,1,add_lane,0,9720,20.7,9720,20.7
18,1,6,60,8,1,add_lane,1,9720,20.7,10886,22.8
18,1,6,60,8,1,add_lane,2,9720,20.7,12053,24.8
18,1,6,60,8,1,change_speed,-10,9720,20.7,8910,15.5
18,1,6,60,8,1,change_speed,0,9720,20.7,9720,18.6
18,1,6,60,8,1,change_speed,10,9720,20.7,10530,21.7
18,1,6,60,8,2,add_lane,0,9428,20.0,9428,20.0
18,1,6,60,8,2,add_lane,1,9428,20.0,10559,22.0
18,1,6,60,8,2,add_lane,2,9428,20.0,11691,24.0
18,1,6,60,8,2,change_speed,-10,9428,20.0,8642,15.0
18,1,6,60,8,2,change_speed,0,9428,20.0,9428,18.0
18,1,6,60,8,2,change_speed,10,9428,20.0,10214,21.0
18,1,6,60,8,3,add_lane,0,9428,19.8,9428,19.8
18,1,6,60,8,3,add_lane,1,9428,19.8,10559,21.8
18,1,6,60,8,3,add_lane,2,9428,19.8,11691,23.8
18,1,6,60,8,3,change_speed,-10,9428,19.8,8642,14.8
18,1,6,60,8,3,change_speed,0,9428,19.8,9428,17.8
18,1,6,60,8,3,change_speed,10,9428,19.8,10214,20.8
18,1,6,60,8,4,add_lane,0,9428,18.8,9428,18.8
18,1,6,60,8,4,add_lane,1,9428,18.8,10559,20.7
18,1,6,60,8,4,add_lane,2,9428,18.8,11691,22.6
18,1,6,60,8,4,change_speed,-10,9428,18.8,8642,14.1
18,1,6,60,8,4,change_speed,0,9428,18.8,9428,16.9
18,1,6,60,8,4,change_speed,10,9428,18.8,10214,19.7
18,1,6,60,8,5,add_lane,0,6804,20.0,6804,20.0
18,1,6,60,8,5,add_lane,1,6804,20.0,7620,22.0
18,1,6,60,8,5,add_lane,2,6804,20.0,8437,24.0
18,1,6,60,8,5,change_speed,-10,6804,20.0,6237,15.0
18,1,6,60,8,5,change_speed,0,6804,20.0,6804,18.0
18,1,6,60,8,5,change_speed,10,6804,20.0,7371,21.0
18,1,6,60,8,6,add_lane,0,5978,32.0,5978,32.0
18,1,6,60,8,6,add_lane,1,5978,32.0,6695,35.2
18,1,6,60,8,6,add_lane,2,5978,32.0,7413,38.4
18,1,6,60,8,6,change_speed,-10,5978,32.0,5480,24.0
18,1,6,60,8,6,change_speed,0,5978,32.0,5978,28.8
18,1,6,60,8,6,change_speed,10,5978,32.0,6476,33.6
18,1,6,60,9,0,add_lane,0,3720,44.9,3720,44.9
18,1,6,60,9,0,add_lane,1,3720,44.9,4166,49.4
18,1,6,60,9,0,add_lane,2,3720,44.9,4613,53.9
18,1,6,60,9,0,change_speed,-10,3720,44.9,3410,33.7
18,1,6,60,9,0,change_speed,0,3720,44.9,3720,40.4
18,1,6,60,9,0,change_speed,10,3720,44.9,4030,47.1
18,1,6,60,9,1,add_lane,0,7560,29.2,7560,29.2
18,1,6,60,9,1,add_lane,1,7560,29.2,8467,32.1
18,1,6,60,9,1,add_lane,2,7560,29.2,9374,35.0
18,1,6,60,9,1,change_speed,-10,7560,29.2,6930,21.9
18,1,6,60,9,1,change_speed,0,7560,29.2,7560,26.3
18,1,6,60,9,1,change_speed,10,7560,29.2,8190,30.7
18,1,6,60,9,2,add_lane,0,7333,34.0,7333,34.0
18,1,6,60,9,2,add_lane,1,7333,34.0,8213,37.4
18,1,6,60,9,2,add_lane,2,7333,34.0,9093,40.8
18,1,6,60,9,2,change_speed,-10,7333,34.0,6722,25.5
18,1,6,60,9,2,change_speed,0,7333,34.0,7333,30.6
18,1,6,60,9,2,change_speed,10,7333,34.0,7944,35.7
18,1,6,60,9,3,add_lane,0,7333,32.2,7333,32.2
18,1,6,60,9,3,add_lane,1,7333,32.2,8213,35.4
18,1,6,60,9,3,add_lane,2,7333,32.2,9093,38.6
18,1,6,60,9,3,change_speed,-10,7333,32.2,6722,24.2
18,1,6,60,9,3,change_speed,0,7333,32.2,7333,29.0
18,1,6,60,9,3,change_speed,10,7333,32.2,7944,33.8
18,1,6,60,9,4,add_lane,0,7333,29.2,7333,29.2
18,1,6,60,9,4,add_lane,1,7333,29.2,8213,32.1
18,1,6,60,9,4,add_lane,2,7333,29.2,9093,35.0
18,1,6,60,9,4,change_speed,-10,7333,29.2,6722,21.9
18,1,6,60,9,4,change_speed,0,7333,29.2,7333,26.3
18,1,6,60,9,4,change_speed,10,7333,29.2,7944,30.7
18,1,6,60,9,5,add_lane,0,5292,27.4,5292,27.4
18,1,6,60,9,5,add_lane,1,5292,27.4,5927,30.1
18,1,6,60,9,5,add_lane,2,5292,27.4,6562,32.9
18,1,6,60,9,5,change_speed,-10,5292,27.4,4851,20.6
18,1,6,60,9,5,change_speed,0,5292,27.4,5292,24.7
18,1,6,60,9,5,change_speed,10,5292,27.4,5733,28.8
18,1,6,60,9,6,add_lane,0,4649,32.3,4649,32.3
18,1,6,60,9,6,add_lane,1,4649,32.3,5207,35.5
18,1,6,60,9,6,add_lane,2,4649,32.3,5765,38.8
18,1,6,60,9,6,change_speed,-10,4649,32.3,4262,24.2
18,1,6,60,9,6,change_speed,0,4649,32.3,4649,29.1
18,1,6,60,9,6,change_speed,10,4649,32.3,5036,33.9
18,1,6,60,10,0,add_lane,0,2657,42.0,2657,42.0
18,1,6,60,10,0,add_lane,1,2657,42.0,2976,46.2
18,1,6,60,10,0,add_lane,2,2657,42.0,3295,50.4
18,1,6,60,10,0,change_speed,-10,2657,42.0,2436,31.5
18,1,6,60,10,0,change_speed,0,2657,42.0,2657,37.8
18,1,6,60,10,0,change_speed,10,2657,42.0,2878,44.1
18,1,6,60,10,1,add_lane,0,5400,42.8,5400,42.8
18,1,6,60,10,1,add_lane,1,5400,42.8,6048,47.1
18,1,6,60,10,1,add_lane,2,5400,42.8,6696,51.4
18,1,6,60,10,1,change_speed,-10,5400,42.8,4950,32.1
18,1,6,60,10,1,change_speed,0,5400,42.8,5400,38.5
18,1,6,60,10,1,change_speed,10,5400,42.8,5850,44.9
18,1,6,60,10,2,add_lane,0,5238,38.6,5238,38.6
18,1,6,60,10,2,add_lane,1,5238,38.6,5867,42.5
18,1,6,60,10,2,add_lane,2,5238,38.6,6495,46.3
18,1,6,60,10,2,change_speed,-10,5238,38.6,4802,29.0
18,1,6,60,10,2,change_speed,0,5238,38.6,5238,34.7
18,1,6,60,10,2,change_speed,10,5238,38.6,5675,40.5
18,1,6,60,10,3,add_lane,0,5238,40.2,5238,40.2
18,1,6,60,10,3,add_lane,1,5238,40.2,5867,44.2
18,1,6,60,10,3,add_lane,2,5238,40.2,6495,48.2
18,1,6,60,10,3,change_speed,-10,5238,40.2,4802,30.2
18,1,6,60,10,3,change_speed,0,5238,40.2,5238,36.2
18,1,6,60,10,3,change_speed,10,5238,40.2,5675,42.2
18,1,6,60,10,4,add_lane,0,5238,37.9,5238,37.9
18,1,6,60,10,4,add_lane,1,5238,37.9,5867,41.7
18,1,6,60,10,4,add_lane,2,5238,37.9,6495,45.5
18,1,6,60,10,4,change_speed,-10,5238,37.9,4802,28.4
18,1,6,60,10,4,change_speed,0,5238,37.9,5238,34.1
18,1,6,60,10,4,change_speed,10,5238,37.9,5675,39.8
18,1,6,60,10,5,add_lane,0,3780,33.6,3780,33.6
18,1,6,60,10,5,add_lane,1,3780,33.6,4234,37.0
18,1,6,60,10,5,add_lane,2,3780,33.6,4687,40.3
18,1,6,60,10,5,change_speed,-10,3780,33.6,3465,25.2
18,1,6,60,10,5,change_speed,0,3780,33.6,3780,30.2
18,1,6,60,10,5,change_speed,10,3780,33.6,4095,35.3
18,1,6,60,10,6,add_lane,0,3321,41.5,3321,41.5
18,1,6,60,10,6,add_lane,1,3321,41.5,3720,45.7
18,1,6,60,10,6,add_lane,2,3321,41.5,4118,49.8
18,1,6,60,10,6,change_speed,-10,3321,41.5,3044,31.1
18,1,6,60,10,6,change_speed,0,3321,41.5,3321,37.4
18,1,6,60,10,6,change_speed,10,3321,41.5,3598,43.6
18,1,6,60,11,0,add_lane,0,2391,42.9,2391,42.9
18,1,6,60,11,0,add_lane,1,2391,42.9,2678,47.2
18,1,6,60,11,0,add_lane,2,2391,42.9,2965,51.5
18,1,6,60,11,0,change_speed,-10,2391,42.9,2192,32.2
18,1,6,60,11,0,change_speed,0,2391,42.9,2391,38.6
18,1,6,60,11,0,change_speed,10,2391,42.9,2590,45.0
18,1,6,60,11,1,add_lane,0,4860,43.6,4860,43.6
18,1,6,60,11,1,add_lane,1,4860,43.6,5443,48.0
18,1,6,60,11,1,add_lane,2,4860,43.6,6026,52.3
18,1,6,60,11,1,change_speed,-10,4860,43.6,4455,32.7
18,1,6,60,11,1,change_speed,0,4860,43.6,4860,39.2
18,1,6,60,11,1,change_speed,10,4860,43.6,5265,45.8
18,1,6,60,11,2,add_lane,0,4714,41.7,4714,41.7
18,1,6,60,11,2,add_lane,1,4714,41.7,5280,45.9
18,1,6,60,11,2,add_lane,2,4714,41.7,5845,50.0
18,1,6,60,11,2,change_speed,-10,4714,41.7,4321,31.3
18,1,6,60,11,2,change_speed,0,4714,41.7,4714,37.5
18,1,6,60,11,2,change_speed,10,4714,41.7,5107,43.8
18,1,6,60,11,3,add_lane,0,4714,40.3,4714,40.3
18,1,6,60,11,3,add_lane,1,4714,40.3,5280,44.3
18,1,6,60,11,3,add_lane,2,4714,40.3,5845,48.4
18,1,6,60,11,3,change_speed,-10,4714,40.3,4321,30.2
18,1,6,60,11,3,change_speed,0,4714,40.3,4714,36.3
18,1,6,60,11,3,change_speed,10,4714,40.3,5107,42.3
18,1,6,60,11,4,add_lane,0,4714,42.1,4714,42.1
18,1,6,60,11,4,add_lane,1,4714,42.1,5280,46.3
18,1,6,60,11,4,add_lane,2,4714,42.1,5845,50.5
18,1,6,60,11,4,change_speed,-10,4714,42.1,4321,31.6
18,1,6,60,11,4,change_speed,0,4714,42.1,4714,37.9
18,1,6,60,11,4,change_speed,10,4714,42.1,5107,44.2
18,1,6,60,11,5,add_lane,0,3402,34.8,3402,34.8
18,1,6,60,11,5,add_lane,1,3402,34.8,3810,38.3
18,1,6,60,11,5,add_lane,2,3402,34.8,4218,41.8
18,1,6,60,11,5,change_speed,-10,3402,34.8,3119,26.1
18,1,6,60,11,5,change_speed,0,3402,34.8,3402,31.3
18,1,6,60,11,5,change_speed,10,3402,34.8,3686,36.5
18,1,6,60,11,6,add_lane,0,2989,44.2,2989,44.2
18,1,6,60,11,6,add_lane,1,2989,44.2,3348,48.6
18,1,6,60,11,6,add_lane,2,2989,44.2,3706,53.0
18,1,6,60,11,6,change_speed,-10,2989,44.2,2740,33.2
18,1,6,60,11,6,change_speed,0,2989,44.2,2989,39.8
18,1,6,60,11,6,change_speed,10,2989,44.2,3238,46.4
18,1,6,60,12,0,add_lane,0,2258,46.0,2258,46.0
18,1,6,60,12,0,add_lane,1,2258,46.0,2529,50.6
18,1,6,60,12,0,add_lane,2,2258,46.0,2800,55.2
18,1,6,60,12,0,change_speed,-10,2258,46.0,2070,34.5
18,1,6,60,12,0,change_speed,0,2258,46.0,2258,41.4
18,1,6,60,12,0,change_speed,10,2258,46.0,2446,48.3
18,1,6,60,12,1,add_lane,0,4590,41.5,4590,41.5
18,1,6,60,12,1,add_lane,1,4590,41.5,5141,45.7
18,1,6,60,12,1,add_lane,2,4590,41.5,5692,49.8
18,1,6,60,12,1,change_speed,-10,4590,41.5,4208,31.1
18,1,6,60,12,1,change_speed,0,4590,41.5,4590,37.4
18,1,6,60,12,1,change_speed,10,4590,41.5,4973,43.6
18,1,6,60,12,2,add_lane,0,4452,42.8,4452,42.8
18,1,6,60,12,2,add_lane,1,4452,42.8,4986,47.1
18,1,6,60,12,2,add_lane,2,4452,42.8,5520,51.4
18,1,6,60,12,2,change_speed,-10,4452,42.8,4081,32.1
18,1,6,60,12,2,change_speed,0,4452,42.8,4452,38.5
18,1,6,60,12,2,change_speed,10,4452,42.8,4823,44.9
18,1,6,60,12,3,add_lane,0,4452,40.7,4452,40.7
18,1,6,60,12,3,add_lane,1,4452,40.7,4986,44.8
18,1,6,60,12,3,add_lane,2,4452,40.7,5520,48.8
18,1,6,60,12,3,change_speed,-10,4452,40.7,4081,30.5
18,1,6,60,12,3,change_speed,0,4452,40.7,4452,36.6
18,1,6,60,12,3,change_speed,10,4452,40.7,4823,42.7
18,1,6,60,12,4,add_lane,0,4452,44.1,4452,44.1
18,1,6,60,12,4,add_lane,1,4452,44.1,4986,48.5
18,1,6,60,12,4,add_lane,2,4452,44.1,5520,52.9
18,1,6,60,12,4,change_speed,-10,4452,44.1,4081,33.1
18,1,6,60,12,4,change_speed,0,4452,44.1,4452,39.7
18,1,6,60,12,4,change_speed,10,4452,44.1,4823,46.3
18,1,6,60,12,5,add_lane,0,3213,34.5,3213,34.5
18,1,6,60,12,5,add_lane,1,3213,34.5,3599,38.0
18,1,6,60,12,5,add_lane,2,3213,34.5,3984,41.4
18,1,6,60,12,5,change_speed,-10,3213,34.5,2945,25.9
18,1,6,60,12,5,change_speed,0,3213,34.5,3213,31.1
18,1,6,60,12,5,change_speed,10,3213,34.5,3481,36.2
18,1,6,60,12,6,add_lane,0,2823,44.1,2823,44.1
18,1,6,60,12,6,add_lane,1,2823,44.1,3162,48.5
18,1,6,60,12,6,add_lane,2,2823,44.1,3501,52.9
18,1,6,60,12,6,change_speed,-10,2823,44.1,2588,33.1
18,1,6,60,12,6,change_speed,0,2823,44.1,2823,39.7
18,1,6,60,12,6,change_speed,10,2823,44.1,3058,46.3
18,1,6,60,13,0,add_lane,0,2258,46.5,2258,46.5
18,1,6,60,13,0,add_lane,1,2258,46.5,2529,51.2
18,1,6,60,13,0,add_lane,2,2258,46.5,2800,55.8
18,1,6,60,13,0,change_speed,-10,2258,46.5,2070,34.9
18,1,6,60,13,0,change_speed,0,2258,46.5,2258,41.9
18,1,6,60,13,0,change_speed,10,2258,46.5,2446,48.8
18,1,6,60,13,1,add_lane,0,4590,44.8,4590,44.8
18,1,6,60,13,1,add_lane,1,4590,44.8,5141,49.3
18,1,6,60,13,1,add_lane,2,4590,44.8,5692,53.8
18,1,6,60,13,1,change_speed,-10,4590,44.8,4208,33.6
18,1,6,60,13,1,change_speed,0,4590,44.8,4590,40.3
18,1,6,60,13,1,change_speed,10,4590,44.8,4973,47.0
18,1,6,60,13,2,add_lane,0,4452,39.6,4452,39.6
18,1,6,60,13,2,add_lane,1,4452,39.6,4986,43.6
18,1,6,60,13,2,add_lane,2,4452,39.6,5520,47.5
18,1,6,60,13,2,change_speed,-10,4452,39.6,4081,29.7
18,1,6,60,13,2,change_speed,0,4452,39.6,4452,35.6
18,1,6,60,13,2,change_speed,10,4452,39.6,4823,41.6
18,1,6,60,13,3,add_lane,0,4452,41.6,4452,41.6
18,1,6,60,13,3,add_lane,1,4452,41.6,4986,45.8
18,1,6,60,13,3,add_lane,2,4452,41.6,5520,49.9
18,1,6,60,13,3,change_speed,-10,4452,41.6,4081,31.2
18,1,6,60,13,3,change_speed,0,4452,41.6,4452,37.4
18,1,6,60,13,3,change_speed,10,4452,41.6,4823,43.7
18,1,6,60,13,4,add_lane,0,4452,41.3,4452,41.3
18,1,6,60,13,4,add_lane,1,4452,41.3,4986,45.4
18,1,6,60,13,4,add_lane,2,4452,41.3,5520,49.6
18,1,6,60,13,4,change_speed,-10,4452,41.3,4081,31.0
18,1,6,60,13,4,change_speed,0,4452,41.3,4452,37.2
18,1,6,60,13,4,change_speed,10,4452,41.3,4823,43.4
18,1,6,60,13,5,add_lane,0,3213,30.9,3213,30.9
18,1,6,60,13,5,add_lane,1,3213,30.9,3599,34.0
18,1,6,60,13,5,add_lane,2,3213,30.9,3984,37.1
18,1,6,60,13,5,change_speed,-10,3213,30.9,2945,23.2
18,1,6,60,13,5,change_speed,0,3213,30.9,3213,27.8
18,1,6,60,13,5,change_speed,10,3213,30.9,3481,32.4
18,1,6,60,13,6,add_lane,0,2823,42.1,2823,42.1
18,1,6,60,13,6,add_lane,1,2823,42.1,3162,46.3
18,1,6,60,13,6,add_lane,2,2823,42.1,3501,50.5
18,1,6,60,13,6,change_speed,-10,2823,42.1,2588,31.6
18,1,6,60,13,6,change_speed,0,2823,42.1,2823,37.9
18,1,6,60,13,6,change_speed,10,2823,42.1,3058,44.2
18,1,6,60,14,0,add_lane,0,2524,45.2,2524,45.2
18,1,6,60,14,0,add_lane,1,2524,45.2,2827,49.7
18,1,6,60,14,0,add_lane,2,2524,45.2,3130,54.2
18,1,6,60,14,0,change_speed,-10,2524,45.2,2314,33.9
18,1,6,60,14,0,change_speed,0,2524,45.2,2524,40.7
18,1,6,60,14,0,change_speed,10,2524,45.2,2734,47.5
18,1,6,60,14,1,add_lane,0,5130,39.9,5130,39.9
18,1,6,60,14,1,add_lane,1,5130,39.9,5746,43.9
18,1,6,60,14,1,add_lane,2,5130,39.9,6361,47.9
18,1,6,60,14,1,change_speed,-10,5130,39.9,4702,29.9
18,1,6,60,14,1,change_speed,0,5130,39.9,5130,35.9
18,1,6,60,14,1,change_speed,10,5130,39.9,5558,41.9
18,1,6,60,14,2,add_lane,0,4976,39.2,4976,39.2
18,1,6,60,14,2,add_lane,1,4976,39.2,5573,43.1
18,1,6,60,14,2,add_lane,2,4976,39.2,6170,47.0
18,1,6,60,14,2,change_speed,-10,4976,39.2,4561,29.4
18,1,6,60,14,2,change_speed,0,4976,39.2,4976,35.3
18,1,6,60,14,2,change_speed,10,4976,39.2,5391,41.2
18,1,6,60,14,3,add_lane,0,4976,39.5,4976,39.5
18,1,6,60,14,3,add_lane,1,4976,39.5,5573,43.5
18,1,6,60,14,3,add_lane,2,4976,39.5,6170,47.4
18,1,6,60,14,3,change_speed,-10,4976,39.5,4561,29.6
18,1,6,60,14,3,change_speed,0,4976,39.5,4976,35.6
18,1,6,60,14,3,change_speed,10,4976,39.5,5391,41.5
18,1,6,60,14,4,add_lane,0,4976,39.2,4976,39.2
18,1,6,60,14,4,add_lane,1,4976,39.2,5573,43.1
18,1,6,60,14,4,add_lane,2,4976,39.2,6170,47.0
18,1,6,60,14,4,change_speed,-10,4976,39.2,4561,29.4
18,1,6,60,14,4,change_speed,0,4976,39.2,4976,35.3
18,1,6,60,14,4,change_speed,10,4976,39.2,5391,41.2
18,1,6,60,14,5,add_lane,0,3591,32.6,3591,32.6
18,1,6,60,14,5,add_lane,1,3591,32.6,4022,35.9
18,1,6,60,14,5,add_lane,2,3591,32.6,4453,39.1
18,1,6,60,14,5,change_speed,-10,3591,32.6,3292,24.5
18,1,6,60,14,5,change_speed,0,3591,32.6,3591,29.3
18,1,6,60,14,5,change_speed,10,3591,32.6,3890,34.2
18,1,6,60,14,6,add_lane,0,3155,41.0,3155,41.0
18,1,6,60,14,6,add_lane,1,3155,41.0,3534,45.1
18,1,6,60,14,6,add_lane,2,3155,41.0,3912,49.2
18,1,6,60,14,6,change_speed,-10,3155,41.0,2892,30.8
18,1,6,60,14,6,change_speed,0,3155,41.0,3155,36.9
18,1,6,60,14,6,change_speed,10,3155,41.0,3418,43.1
18,1,6,60,15,0,add_lane,0,3188,44.9,3188,44.9
18,1,6,60,15,0,add_lane,1,3188,44.9,3571,49.4
18,1,6,60,15,0,add_lane,2,3188,44.9,3953,53.9
18,1,6,60,15,0,change_speed,-10,3188,44.9,2922,33.7
18,1,6,60,15,0,change_speed,0,3188,44.9,3188,40.4
18,1,6,60,15,0,change_speed,10,3188,44.9,3454,47.1
18,1,6,60,15,1,add_lane,0,6480,36.0,6480,36.0
18,1,6,60,15,1,add_lane,1,6480,36.0,7258,39.6
18,1,6,60,15,1,add_lane,2,6480,36.0,8035,43.2
18,1,6,60,15,1,change_speed,-10,6480,36.0,5940,27.0
18,1,6,60,15,1,change_speed,0,6480,36.0,6480,32.4
18,1,6,60,15,1,change_speed,10,6480,36.0,7020,37.8
18,1,6,60,15,2,add_lane,0,6286,36.5,6286,36.5
18,1,6,60,15,2,add_lane,1,6286,36.5,7040,40.2
18,1,6,60,15,2,add_lane,2,6286,36.5,7795,43.8
18,1,6,60,15,2,change_speed,-10,6286,36.5,5762,27.4
18,1,6,60,15,2,change_speed,0,6286,36.5,6286,32.9
18,1,6,60,15,2,change_speed,10,6286,36.5,6810,38.3
18,1,6,60,15,3,add_lane,0,6286,33.0,6286,33.0
18,1,6,60,15,3,add_lane,1,6286,33.0,7040,36.3
18,1,6,60,15,3,add_lane,2,6286,33.0,7795,39.6
18,1,6,60,15,3,change_speed,-10,6286,33.0,5762,24.8
18,1,6,60,15,3,change_speed,0,6286,33.0,6286,29.7
18,1,6,60,15,3,change_speed,10,6286,33.0,6810,34.6
18,1,6,60,15,4,add_lane,0,6286,33.4,6286,33.4
18,1,6,60,15,4,add_lane,1,6286,33.4,7040,36.7
18,1,6,60,15,4,add_lane,2,6286,33.4,7795,40.1
18,1,6,60,15,4,change_speed,-10,6286,33.4,5762,25.1
18,1,6,60,15,4,change_speed,0,6286,33.4,6286,30.1
18,1,6,60,15,4,change_speed,10,6286,33.4,6810,35.1
18,1,6,60,15,5,add_lane,0,4536,30.3,4536,30.3
18,1,6,60,15,5,add_lane,1,4536,30.3,5080,33.3
18,1,6,60,15,5,add_lane,2,4536,30.3,5625,36.4
18,1,6,60,15,5,change_speed,-10,4536,30.3,4158,22.7
18,1,6,60,15,5,change_speed,0,4536,30.3,4536,27.3
18,1,6,60,15,5,change_speed,10,4536,30.3,4914,31.8
18,1,6,60,15,6,add_lane,0,3985,40.8,3985,40.8
18,1,6,60,15,6,add_lane,1,3985,40.8,4463,44.9
18,1,6,60,15,6,add_lane,2,3985,40.8,4941,49.0
18,1,6,60,15,6,change_speed,-10,3985,40.8,3653,30.6
18,1,6,60,15,6,change_speed,0,3985,40.8,3985,36.7
18,1,6,60,15,6,change_speed,10,3985,40.8,4317,42.8
18,1,6,60,16,0,add_lane,0,4251,42.5,4251,42.5
18,1,6,60,16,0,add_lane,1,4251,42.5,4761,46.8
18,1,6,60,16,0,add_lane,2,4251,42.5,5271,51.0
18,1,6,60,16,0,change_speed,-10,4251,42.5,3897,31.9
18,1,6,60,16,0,change_speed,0,4251,42.5,4251,38.2
18,1,6,60,16,0,change_speed,10,4251,42.5,4605,44.6
18,1,6,60,16,1,add_lane,0,8640,24.3,8640,24.3
18,1,6,60,16,1,add_lane,1,8640,24.3,9677,26.7
18,1,6,60,16,1,add_lane,2,8640,24.3,10714,29.2
18,1,6,60,16,1,change_speed,-10,8640,24.3,7920,18.2
18,1,6,60,16,1,change_speed,0,8640,24.3,8640,21.9
18,1,6,60,16,1,change_speed,10,8640,24.3,9360,25.5
18,1,6,60,16,2,add_lane,0,8381,22.2,8381,22.2
18,1,6,60,16,2,add_lane,1,8381,22.2,9387,24.4
18,1,6,60,16,2,add_lane,2,8381,22.2,10392,26.6
18,1,6,60,16,2,change_speed,-10,8381,22.2,7683,16.7
18,1,6,60,16,2,change_speed,0,8381,22.2,8381,20.0
18,1,6,60,16,2,change_speed,10,8381,22.2,9079,23.3
18,1,6,60,16,3,add_lane,0,8381,22.8,8381,22.8
18,1,6,60,16,3,add_lane,1,8381,22.8,9387,25.1
18,1,6,60,16,3,add_lane,2,8381,22.8,10392,27.4
18,1,6,60,16,3,change_speed,-10,8381,22.8,7683,17.1
18,1,6,60,16,3,change_speed,0,8381,22.8,8381,20.5
18,1,6,60,16,3,change_speed,10,8381,22.8,9079,23.9
18,1,6,60,16,4,add_lane,0,8381,24.9,8381,24.9
18,1,6,60,16,4,add_lane,1,8381,24.9,9387,27.4
18,1,6,60,16,4,add_lane,2,8381,24.9,10392,29.9
18,1,6,60,16,4,change_speed,-10,8381,24.9,7683,18.7
18,1,6,60,16,4,change_speed,0,8381,24.9,8381,22.4
18,1,6,60,16,4,change_speed,10,8381,24.9,9079,26.1
18,1,6,60,16,5,add_lane,0,6048,21.9,6048,21.9
18,1,6,60,16,5,add_lane,1,6048,21.9,6774,24.1
18,1,6,60,16,5,add_lane,2,6048,21.9,7500,26.3
18,1,6,60,16,5,change_speed,-10,6048,21.9,5544,16.4
18,1,6,60,16,5,change_speed,0,6048,21.9,6048,19.7
18,1,6,60,16,5,change_speed,10,6048,21.9,6552,23.0
18,1,6,60,16,6,add_lane,0,5314,34.1,5314,34.1
18,1,6,60,16,6,add_lane,1,5314,34.1,5952,37.5
18,1,6,60,16,6,add_lane,2,5314,34.1,6589,40.9
18,1,6,60,16,6,change_speed,-10,5314,34.1,4871,25.6
18,1,6,60,16,6,change_speed,0,5314,34.1,5314,30.7
18,1,6,60,16,6,change_speed,10,5314,34.1,5757,35.8
18,1,6,60,17,0,add_lane,0,4782,37.0,4782,37.0
18,1,6,60,17,0,add_lane,1,4782,37.0,5356,40.7
18,1,6,60,17,0,add_lane,2,4782,37.0,5930,44.4
18,1,6,60,17,0,change_speed,-10,4782,37.0,4384,27.8
18,1,6,60,17,0,change_speed,0,4782,37.0,4782,33.3
18,1,6,60,17,0,change_speed,10,4782,37.0,5181,38.9
18,1,6,60,17,1,add_lane,0,9720,20.6,9720,20.6
18,1,6,60,17,1,add_lane,1,9720,20.6,10886,22.7
18,1,6,60,17,1,add_lane,2,9720,20.6,12053,24.7
18,1,6,60,17,1,change_speed,-10,9720,20.6,8910,15.5
18,1,6,60,17,1,change_speed,0,9720,20.6,9720,18.5
18,1,6,60,17,1,change_speed,10,9720,20.6,10530,21.6
18,1,6,60,17,2,add_lane,0,9428,21.2,9428,21.2
18,1,6,60,17,2,add_lane,1,9428,21.2,10559,23.3
18,1,6,60,17,2,add_lane,2,9428,21.2,11691,25.4
18,1,6,60,17,2,change_speed,-10,9428,21.2,8642,15.9
18,1,6,60,17,2,change_speed,0,9428,21.2,9428,19.1
18,1,6,60,17,2,change_speed,10,9428,21.2,10214,22.3
18,1,6,60,17,3,add_lane,0,9428,22.3,9428,22.3
18,1,6,60,17,3,add_lane,1,9428,22.3,10559,24.5
18,1,6,60,17,3,add_lane,2,9428,22.3,11691,26.8
18,1,6,60,17,3,change_speed,-10,9428,22.3,8642,16.7
18,1,6,60,17,3,change_speed,0,9428,22.3,9428,20.1
18,1,6,60,17,3,change_speed,10,9428,22.3,10214,23.4
18,1,6,60,17,4,add_lane,0,9428,20.8,9428,20.8
18,1,6,60,17,4,add_lane,1,9428,20.8,10559,22.9
18,1,6,60,17,4,add_lane,2,9428,20.8,11691,25.0
18,1,6,60,17,4,change_speed,-10,9428,20.8,8642,15.6
18,1,6,60,17,4,change_speed,0,9428,20.8,9428,18.7
18,1,6,60,17,4,change_speed,10,9428,20.8,10214,21.8
18,1,6,60,17,5,add_lane,0,6804,20.7,6804,20.7
18,1,6,60,17,5,add_lane,1,6804,20.7,7620,22.8
18,1,6,60,17,5,add_lane,2,6804,20.7,8437,24.8
18,1,6,60,17,5,change_speed,-10,6804,20.7,6237,15.5
18,1,6,60,17,5,change_speed,0,6804,20.7,6804,18.6
18,1,6,60,17,5,change_speed,10,6804,20.7,7371,21.7
18,1,6,60,17,6,add_lane,0,5978,33.6,5978,33.6
18,1,6,60,17,6,add_lane,1,5978,33.6,6695,37.0
18,1,6,60,17,6,add_lane,2,5978,33.6,7413,40.3
18,1,6,60,17,6,change_speed,-10,5978,33.6,5480,25.2
18,1,6,60,17,6,change_speed,0,5978,33.6,5978,30.2
18,1,6,60,17,6,change_speed,10,5978,33.6,6476,35.3
18,1,6,60,18,0,add_lane,0,4517,36.9,4517,36.9
18,1,6,60,18,0,add_lane,1,4517,36.9,5059,40.6
18,1,6,60,18,0,add_lane,2,4517,36.9,5601,44.3
18,1,6,60,18,0,change_speed,-10,4517,36.9,4141,27.7
18,1,6,60,18,0,change_speed,0,4517,36.9,4517,33.2
18,1,6,60,18,0,change_speed,10,4517,36.9,4893,38.7
18,1,6,60,18,1,add_lane,0,9180,24.1,9180,24.1
18,1,6,60,18,1,add_lane,1,9180,24.1,10282,26.5
18,1,6,60,18,1,add_lane,2,9180,24.1,11383,28.9
18,1,6,60,18,1,change_speed,-10,9180,24.1,8415,18.1
18,1,6,60,18,1,change_speed,0,9180,24.1,9180,21.7
18,1,6,60,18,1,change_speed,10,9180,24.1,9945,25.3
18,1,6,60,18,2,add_lane,0,8905,21.9,8905,21.9
18,1,6,60,18,2,add_lane,1,8905,21.9,9974,24.1
18,1,6,60,18,2,add_lane,2,8905,21.9,11042,26.3
18,1,6,60,18,2,change_speed,-10,8905,21.9,8163,16.4
18,1,6,60,18,2,change_speed,0,8905,21.9,8905,19.7
18,1,6,60,18,2,change_speed,10,8905,21.9,9647,23.0
18,1,6,60,18,3,add_lane,0,8905,24.5,8905,24.5
18,1,6,60,18,3,add_lane,1,8905,24.5,9974,27.0
18,1,6,60,18,3,add_lane,2,8905,24.5,11042,29.4
18,1,6,60,18,3,change_speed,-10,8905,24.5,8163,18.4
18,1,6,60,18,3,change_speed,0,8905,24.5,8905,22.1
18,1,6,60,18,3,change_speed,10,8905,24.5,9647,25.7
18,1,6,60,18,4,add_lane,0,8905,25.0,8905,25.0
18,1,6,60,18,4,add_lane,1,8905,25.0,9974,27.5
18,1,6,60,18,4,add_lane,2,8905,25.0,11042,30.0
18,1,6,60,18,4,change_speed,-10,8905,25.0,8163,18.8
18,1,6,60,18,4,change_speed,0,8905,25.0,8905,22.5
18,1,6,60,18,4,change_speed,10,8905,25.0,9647,26.2
18,1,6,60,18,5,add_lane,0,6426,24.6,6426,24.6
18,1,6,60,18,5,add_lane,1,6426,24.6,7197,27.1
18,1,6,60,18,5,add_lane,2,6426,24.6,7968,29.5
18,1,6,60,18,5,change_speed,-10,6426,24.6,5891,18.5
18,1,6,60,18,5,change_speed,0,6426,24.6,6426,22.1
18,1,6,60,18,5,change_speed,10,6426,24.6,6962,25.8
18,1,6,60,18,6,add_lane,0,5646,28.4,5646,28.4
18,1,6,60,18,6,add_lane,1,5646,28.4,6324,31.2
18,1,6,60,18,6,add_lane,2,5646,28.4,7001,34.1
18,1,6,60,18,6,change_speed,-10,5646,28.4,5176,21.3
18,1,6,60,18,6,change_speed,0,5646,28.4,5646,25.6
18,1,6,60,18,6,change_speed,10,5646,28.4,6117,29.8
18,1,6,60,19,0,add_lane,0,3720,44.0,3720,44.0
18,1,6,60,19,0,add_lane,1,3720,44.0,4166,48.4
18,1,6,60,19,0,add_lane,2,3720,44.0,4613,52.8
18,1,6,60,19,0,change_speed,-10,3720,44.0,3410,33.0
18,1,6,60,19,0,change_speed,0,3720,44.0,3720,39.6
18,1,6,60,19,0,change_speed,10,3720,44.0,4030,46.2
18,1,6,60,19,1,add_lane,0,7560,30.6,7560,30.6
18,1,6,60,19,1,add_lane,1,7560,30.6,8467,33.7
18,1,6,60,19,1,add_lane,2,7560,30.6,9374,36.7
18,1,6,60,19,1,change_speed,-10,7560,30.6,6930,23.0
18,1,6,60,19,1,change_speed,0,7560,30.6,7560,27.5
18,1,6,60,19,1,change_speed,10,7560,30.6,8190,32.1
18,1,6,60,19,2,add_lane,0,7333,32.5,7333,32.5
18,1,6,60,19,2,add_lane,1,7333,32.5,8213,35.8
18,1,6,60,19,2,add_lane,2,7333,32.5,9093,39.0
18,1,6,60,19,2,change_speed,-10,7333,32.5,6722,24.4
18,1,6,60,19,2,change_speed,0,7333,32.5,7333,29.2
18,1,6,60,19,2,change_speed,10,7333,32.5,7944,34.1
18,1,6,60,19,3,add_lane,0,7333,27.8,7333,27.8
18,1,6,60,19,3,add_lane,1,7333,27.8,8213,30.6
18,1,6,60,19,3,add_lane,2,7333,27.8,9093,33.4
18,1,6,60,19,3,change_speed,-10,7333,27.8,6722,20.9
18,1,6,60,19,3,change_speed,0,7333,27.8,7333,25.0
18,1,6,60,19,3,change_speed,10,7333,27.8,7944,29.2
18,1,6,60,19,4,add_lane,0,7333,28.3,7333,28.3
18,1,6,60,19,4,add_lane,1,7333,28.3,8213,31.1
18,1,6,60,19,4,add_lane,2,7333,28.3,9093,34.0
18,1,6,60,19,4,change_speed,-10,7333,28.3,6722,21.2
18,1,6,60,19,4,change_speed,0,7333,28.3,7333,25.5
18,1,6,60,19,4,change_speed,10,7333,28.3,7944,29.7
18,1,6,60,19,5,add_lane,0,5292,28.2,5292,28.2
18,1,6,60,19,5,add_lane,1,5292,28.2,5927,31.0
18,1,6,60,19,5,add_lane,2,5292,28.2,6562,33.8
18,1,6,60,19,5,change_speed,-10,5292,28.2,4851,21.2
18,1,6,60,19,5,change_speed,0,5292,28.2,5292,25.4
18,1,6,60,19,5,change_speed,10,5292,28.2,5733,29.6
18,1,6,60,19,6,add_lane,0,4649,37.3,4649,37.3
18,1,6,60,19,6,add_lane,1,4649,37.3,5207,41.0
18,1,6,60,19,6,add_lane,2,4649,37.3,5765,44.8
18,1,6,60,19,6,change_speed,-10,4649,37.3,4262,28.0
18,1,6,60,19,6,change_speed,0,4649,37.3,4649,33.6
18,1,6,60,19,6,change_speed,10,4649,37.3,5036,39.2
18,1,6,60,20,0,add_lane,0,2657,45.5,2657,45.5
18,1,6,60,20,0,add_lane,1,2657,45.5,2976,50.1
18,1,6,60,20,0,add_lane,2,2657,45.5,3295,54.6
18,1,6,60,20,0,change_speed,-10,2657,45.5,2436,34.1
18,1,6,60,20,0,change_speed,0,2657,45.5,2657,41.0
18,1,6,60,20,0,change_speed,10,2657,45.5,2878,47.8
18,1,6,60,20,1,add_lane,0,5400,39.8,5400,39.8
18,1,6,60,20,1,add_lane,1,5400,39.8,6048,43.8
18,1,6,60,20,1,add_lane,2,5400,39.8,6696,47.8
18,1,6,60,20,1,change_speed,-10,5400,39.8,4950,29.8
18,1,6,60,20,1,change_speed,0,5400,39.8,5400,35.8
18,1,6,60,20,1,change_speed,10,5400,39.8,5850,41.8
18,1,6,60,20,2,add_lane,0,5238,40.4,5238,40.4
18,1,6,60,20,2,add_lane,1,5238,40.4,5867,44.4
18,1,6,60,20,2,add_lane,2,5238,40.4,6495,48.5
18,1,6,60,20,2,change_speed,-10,5238,40.4,4802,30.3
18,1,6,60,20,2,change_speed,0,5238,40.4,5238,36.4
18,1,6,60,20,2,change_speed,10,5238,40.4,5675,42.4
18,1,6,60,20,3,add_lane,0,5238,39.8,5238,39.8
18,1,6,60,20,3,add_lane,1,5238,39.8,5867,43.8
18,1,6,60,20,3,add_lane,2,5238,39.8,6495,47.8
18,1,6,60,20,3,change_speed,-10,5238,39.8,4802,29.8
18,1,6,60,20,3,change_speed,0,5238,39.8,5238,35.8
18,1,6,60,20,3,change_speed,10,5238,39.8,5675,41.8
18,1,6,60,20,4,add_lane,0,5238,43.6,5238,43.6
18,1,6,60,20,4,add_lane,1,5238,43.6,5867,48.0
18,1,6,60,20,4,add_lane,2,5238,43.6,6495,52.3
18,1,6,60,20,4,change_speed,-10,5238,43.6,4802,32.7
18,1,6,60,20,4,change_speed,0,5238,43.6,5238,39.2
18,1,6,60,20,4,change_speed,10,5238,43.6,5675,45.8
18,1,6,60,20,5,add_lane,0,3780,28.5,3780,28.5
18,1,6,60,20,5,add_lane,1,3780,28.5,4234,31.4
18,1,6,60,20,5,add_lane,2,3780,28.5,4687,34.2
18,1,6,60,20,5,change_speed,-10,3780,28.5,3465,21.4
18,1,6,60,20,5,change_speed,0,3780,28.5,3780,25.7
18,1,6,60,20,5,change_speed,10,3780,28.5,4095,29.9
18,1,6,60,20,6,add_lane,0,3321,38.4,3321,38.4
18,1,6,60,20,6,add_lane,1,3321,38.4,3720,42.2
18,1,6,60,20,6,add_lane,2,3321,38.4,4118,46.1
18,1,6,60,20,6,change_speed,-10,3321,38.4,3044,28.8
18,1,6,60,20,6,change_speed,0,3321,38.4,3321,34.6
18,1,6,60,20,6,change_speed,10,3321,38.4,3598,40.3
18,1,6,60,21,0,add_lane,0,1860,49.8,1860,49.8
18,1,6,60,21,0,add_lane,1,1860,49.8,2083,54.8
18,1,6,60,21,0,add_lane,2,1860,49.8,2306,59.8
18,1,6,60,21,0,change_speed,-10,1860,49.8,1705,37.4
18,1,6,60,21,0,change_speed,0,1860,49.8,1860,44.8
18,1,6,60,21,0,change_speed,10,1860,49.8,2015,52.3
18,1,6,60,21,1,add_lane,0,3780,48.9,3780,48.9
18,1,6,60,21,1,add_lane,1,3780,48.9,4234,53.8
18,1,6,60,21,1,add_lane,2,3780,48.9,4687,58.7
18,1,6,60,21,1,change_speed,-10,3780,48.9,3465,36.7
18,1,6,60,21,1,change_speed,0,3780,48.9,3780,44.0
18,1,6,60,21,1,change_speed,10,3780,48.9,4095,51.3
18,1,6,60,21,2,add_lane,0,3667,42.2,3667,42.2
18,1,6,60,21,2,add_lane,1,3667,42.2,4107,46.4
18,1,6,60,21,2,add_lane,2,3667,42.2,4547,50.6
18,1,6,60,21,2,change_speed,-10,3667,42.2,3361,31.7
18,1,6,60,21,2,change_speed,0,3667,42.2,3667,38.0
18,1,6,60,21,2,change_speed,10,3667,42.2,3973,44.3
18,1,6,60,21,3,add_lane,0,3667,43.9,3667,43.9
18,1,6,60,21,3,add_lane,1,3667,43.9,4107,48.3
18,1,6,60,21,3,add_lane,2,3667,43.9,4547,52.7
18,1,6,60,21,3,change_speed,-10,3667,43.9,3361,32.9
18,1,6,60,21,3,change_speed,0,3667,43.9,3667,39.5
18,1,6,60,21,3,change_speed,10,3667,43.9,3973,46.1
18,1,6,60,21,4,add_lane,0,3667,43.0,3667,43.0
18,1,6,60,21,4,add_lane,1,3667,43.0,4107,47.3
18,1,6,60,21,4,add_lane,2,3667,43.0,4547,51.6
18,1,6,60,21,4,change_speed,-10,3667,43.0,3361,32.2
18,1,6,60,21,4,change_speed,0,3667,43.0,3667,38.7
18,1,6,60,21,4,change_speed,10,3667,43.0,3973,45.2
18,1,6,60,21,5,add_lane,0,2646,36.5,2646,36.5
18,1,6,60,21,5,add_lane,1,2646,36.5,2964,40.2
18,1,6,60,21,5,add_lane,2,2646,36.5,3281,43.8
18,1,6,60,21,5,change_speed,-10,2646,36.5,2426,27.4
18,1,6,60,21,5,change_speed,0,2646,36.5,2646,32.9
18,1,6,60,21,5,change_speed,10,2646,36.5,2867,38.3
18,1,6,60,21,6,add_lane,0,2325,43.9,2325,43.9
18,1,6,60,21,6,add_lane,1,2325,43.9,2604,48.3
18,1,6,60,21,6,add_lane,2,2325,43.9,2883,52.7
18,1,6,60,21,6,change_speed,-10,2325,43.9,2131,32.9
18,1,6,60,21,6,change_speed,0,2325,43.9,2325,39.5
18,1,6,60,21,6,change_speed,10,2325,43.9,2519,46.1
18,1,6,60,22,0,add_lane,0,1196,51.2,1196,51.2
18,1,6,60,22,0,add_lane,1,1196,51.2,1340,56.3
18,1,6,60,22,0,add_lane,2,1196,51.2,1483,61.4
18,1,6,60,22,0,change_speed,-10,1196,51.2,1096,38.4
18,1,6,60,22,0,change_speed,0,1196,51.2,1196,46.1
18,1,6,60,22,0,change_speed,10,1196,51.2,1296,53.8
18,1,6,60,22,1,add_lane,0,2430,56.9,2430,56.9
18,1,6,60,22,1,add_lane,1,2430,56.9,2722,62.6
18,1,6,60,22,1,add_lane,2,2430,56.9,3013,68.3
18,1,6,60,22,1,change_speed,-10,2430,56.9,2228,42.7
18,1,6,60,22,1,change_speed,0,2430,56.9,2430,51.2
18,1,6,60,22,1,change_speed,10,2430,56.9,2633,59.7
18,1,6,60,22,2,add_lane,0,2357,50.9,2357,50.9
18,1,6,60,22,2,add_lane,1,2357,50.9,2640,56.0
18,1,6,60,22,2,add_lane,2,2357,50.9,2923,61.1
18,1,6,60,22,2,change_speed,-10,2357,50.9,2161,38.2
18,1,6,60,22,2,change_speed,0,2357,50.9,2357,45.8
18,1,6,60,22,2,change_speed,10,2357,50.9,2553,53.4
18,1,6,60,22,3,add_lane,0,2357,51.4,2357,51.4
18,1,6,60,22,3,add_lane,1,2357,51.4,2640,56.5
18,1,6,60,22,3,add_lane,2,2357,51.4,2923,61.7
18,1,6,60,22,3,change_speed,-10,2357,51.4,2161,38.6
18,1,6,60,22,3,change_speed,0,2357,51.4,2357,46.3
18,1,6,60,22,3,change_speed,10,2357,51.4,2553,54.0
18,1,6,60,22,4,add_lane,0,2357,55.2,2357,55.2
18,1,6,60,22,4,add_lane,1,2357,55.2,2640,60.7
18,1,6,60,22,4,add_lane,2,2357,55.2,2923,66.2
18,1,6,60,22,4,change_speed,-10,2357,55.2,2161,41.4
18,1,6,60,22,4,change_speed,0,2357,55.2,2357,49.7
18,1,6,60,22,4,change_speed,10,2357,55.2,2553,58.0
18,1,6,60,22,5,add_lane,0,1701,37.9,1701,37.9
18,1,6,60,22,5,add_lane,1,1701,37.9,1905,41.7
18,1,6,60,22,5,add_lane,2,1701,37.9,2109,45.5
18,1,6,60,22,5,change_speed,-10,1701,37.9,1559,28.4
18,1,6,60,22,5,change_speed,0,1701,37.9,1701,34.1
18,1,6,60,22,5,change_speed,10,1701,37.9,1843,39.8
18,1,6,60,22,6,add_lane,0,1494,51.1,1494,51.1
18,1,6,60,22,6,add_lane,1,1494,51.1,1673,56.2
18,1,6,60,22,6,add_lane,2,1494,51.1,1853,61.3
18,1,6,60,22,6,change_speed,-10,1494,51.1,1370,38.3
18,1,6,60,22,6,change_speed,0,1494,51.1,1494,46.0
18,1,6,60,22,6,change_speed,10,1494,51.1,1619,53.7
18,1,6,60,23,0,add_lane,0,797,54.9,797,54.9
18,1,6,60,23,0,add_lane,1,797,54.9,893,60.4
18,1,6,60,23,0,add_lane,2,797,54.9,988,65.9
18,1,6,60,23,0,change_speed,-10,797,54.9,731,41.2
18,1,6,60,23,0,change_speed,0,797,54.9,797,49.4
18,1,6,60,23,0,change_speed,10,797,54.9,863,57.6
18,1,6,60,23,1,add_lane,0,1620,54.5,1620,54.5
18,1,6,60,23,1,add_lane,1,1620,54.5,1814,60.0
18,1,6,60,23,1,add_lane,2,1620,54.5,2009,65.4
18,1,6,60,23,1,change_speed,-10,1620,54.5,1485,40.9
18,1,6,60,23,1,change_speed,0,1620,54.5,1620,49.1
18,1,6,60,23,1,change_speed,10,1620,54.5,1755,57.2
18,1,6,60,23,2,add_lane,0,1571,57.2,1571,57.2
18,1,6,60,23,2,add_lane,1,1571,57.2,1760,62.9
18,1,6,60,23,2,add_lane,2,1571,57.2,1948,68.6
18,1,6,60,23,2,change_speed,-10,1571,57.2,1440,42.9
18,1,6,60,23,2,change_speed,0,1571,57.2,1571,51.5
18,1,6,60,23,2,change_speed,10,1571,57.2,1702,60.1
18,1,6,60,23,3,add_lane,0,1571,54.6,1571,54.6
18,1,6,60,23,3,add_lane,1,1571,54.6,1760,60.1
18,1,6,60,23,3,add_lane,2,1571,54.6,1948,65.5
18,1,6,60,23,3,change_speed,-10,1571,54.6,1440,41.0
18,1,6,60,23,3,change_speed,0,1571,54.6,1571,49.1
18,1,6,60,23,3,change_speed,10,1571,54.6,1702,57.3
18,1,6,60,23,4,add_lane,0,1571,54.1,1571,54.1
18,1,6,60,23,4,add_lane,1,1571,54.1,1760,59.5
18,1,6,60,23,4,add_lane,2,1571,54.1,1948,64.9
18,1,6,60,23,4,change_speed,-10,1571,54.1,1440,40.6
18,1,6,60,23,4,change_speed,0,1571,54.1,1571,48.7
18,1,6,60,23,4,change_speed,10,1571,54.1,1702,56.8
18,1,6,60,23,5,add_lane,0,1134,41.3,1134,41.3
18,1,6,60,23,5,add_lane,1,1134,41.3,1270,45.4
18,1,6,60,23,5,add_lane,2,1134,41.3,1406,49.6
18,1,6,60,23,5,change_speed,-10,1134,41.3,1040,31.0
18,1,6,60,23,5,change_speed,0,1134,41.3,1134,37.2
18,1,6,60,23,5,change_speed,10,1134,41.3,1229,43.4
18,1,6,60,23,6,add_lane,0,996,46.1,996,46.1
18,1,6,60,23,6,add_lane,1,996,46.1,1116,50.7
18,1,6,60,23,6,add_lane,2,996,46.1,1235,55.3
18,1,6,60,23,6,change_speed,-10,996,46.1,913,34.6
18,1,6,60,23,6,change_speed,0,996,46.1,996,41.5
18,1,6,60,23,6,change_speed,10,996,46.1,1079,48.4
19,2,6,100,0,0,add_lane,0,930,83.4,930,83.4
19,2,6,100,0,0,add_lane,1,930,83.4,1042,91.7
19,2,6,100,0,0,add_lane,2,930,83.4,1153,100.1
19,2,6,100,0,0,change_speed,-10,930,83.4,884,67.6
19,2,6,100,0,0,change_speed,0,930,83.4,930,75.1
19,2,6,100,0,0,change_speed,10,930,83.4,976,82.6
19,2,6,100,0,1,add_lane,0,1890,96.8,1890,96.8
19,2,6,100,0,1,add_lane,1,1890,96.8,2117,106.5
19,2,6,100,0,1,add_lane,2,1890,96.8,2344,116.2
19,2,6,100,0,1,change_speed,-10,1890,96.8,1796,78.4
19,2,6,100,0,1,change_speed,0,1890,96.8,1890,87.1
19,2,6,100,0,1,change_speed,10,1890,96.8,1984,95.8
19,2,6,100,0,2,add_lane,0,1833,89.3,1833,89.3
19,2,6,100,0,2,add_lane,1,1833,89.3,2053,98.2
19,2,6,100,0,2,add_lane,2,1833,89.3,2273,107.2
19,2,6,100,0,2,change_speed,-10,1833,89.3,1741,72.3
19,2,6,100,0,2,change_speed,0,1833,89.3,1833,80.4
19,2,6,100,0,2,change_speed,10,1833,89.3,1925,88.4
19,2,6,100,0,3,add_lane,0,1833,88.6,1833,88.6
19,2,6,100,0,3,add_lane,1,1833,88.6,2053,97.5
19,2,6,100,0,3,add_lane,2,1833,88.6,2273,106.3
19,2,6,100,0,3,change_speed,-10,1833,88.6,1741,71.8
19,2,6,100,0,3,change_speed,0,1833,88.6,1833,79.7
19,2,6,100,0,3,change_speed,10,1833,88.6,1925,87.7
19,2,6,100,0,4,add_lane,0,1833,86.0,1833,86.0
19,2,6,100,0,4,add_lane,1,1833,86.0,2053,94.6
19,2,6,100,0,4,add_lane,2,1833,86.0,2273,103.2
19,2,6,100,0,4,change_speed,-10,1833,86.0,1741,69.7
19,2,6,100,0,4,change_speed,0,1833,86.0,1833,77.4
19,2,6,100,0,4,change_speed,10,1833,86.0,1925,85.1
19,2,6,100,0,5,add_lane,0,1323,62.3,1323,62.3
19,2,6,100,0,5,add_lane,1,1323,62.3,1482,68.5
19,2,6,100,0,5,add_lane,2,1323,62.3,1641,74.8
19,2,6,100,0,5,change_speed,-10,1323,62.3,1257,50.5
19,2,6,100,0,5,change_speed,0,1323,62.3,1323,56.1
19,2,6,100,0,5,change_speed,10,1323,62.3,1389,61.7
19,2,6,100,0,6,add_lane,0,1162,91.0,1162,91.0
19,2,6,100,0,6,add_lane,1,1162,91.0,1301,100.1
19,2,6,100,0,6,add_lane,2,1162,91.0,1441,109.2
19,2,6,100,0,6,change_speed,-10,1162,91.0,1104,73.7
19,2,6,100,0,6,change_speed,0,1162,91.0,1162,81.9
19,2,6,100,0,6,change_speed,10,1162,91.0,1220,90.1
19,2,6,100,1,0,add_lane,0,797,93.6,797,93.6
19,2,6,100,1,0,add_lane,1,797,93.6,893,103.0
19,2,6,100,1,0,add_lane,2,797,93.6,988,112.3
19,2,6,100,1,0,change_speed,-10,797,93.6,757,75.8
19,2,6,100,1,0,change_speed,0,797,93.6,797,84.2
19,2,6,100,1,0,change_speed,10,797,93.6,837,92.7
19,2,6,100,1,1,add_lane,0,1620,105.1,1620,105.1
19,2,6,100,1,1,add_lane,1,1620,105.1,1814,115.6
19,2,6,100,1,1,add_lane,2,1620,105.1,2009,126.1
19,2,6,100,1,1,change_speed,-10,1620,105.1,1539,85.1
19,2,6,100,1,1,change_speed,0,1620,105.1,1620,94.6
19,2,6,100,1,1,change_speed,10,1620,105.1,1701,104.0
19,2,6,100,1,2,add_lane,0,1571,93.7,1571,93.7
19,2,6,100,1,2,add_lane,1,1571,93.7,1760,103.1
19,2,6,100,1,2,add_lane,2,1571,93.7,1948,112.4
19,2,6,100,1,2,change_speed,-10,1571,93.7,1492,75.9
19,2,6,100,1,2,change_speed,0,1571,93.7,1571,84.3
19,2,6,100,1,2,change_speed,10,1571,93.7,1650,92.8
19,2,6,100,1,3,add_lane,0,1571,104.0,1571,104.0
19,2,6,100,1,3,add_lane,1,1571,104.0,1760,114.4
19,2,6,100,1,3,add_lane,2,1571,104.0,1948,124.8
19,2,6,100,1,3,change_speed,-10,1571,104.0,1492,84.2
19,2,6,100,1,3,change_speed,0,1571,104.0,1571,93.6
19,2,6,100,1,3,change_speed,10,1571,104.0,1650,103.0
19,2,6,100,1,4,add_lane,0,1571,100.2,1571,100.2
19,2,6,100,1,4,add_lane,1,1571,100.2,1760,110.2
19,2,6,100,1,4,add_lane,2,1571,100.2,1948,120.2
19,2,6,100,1,4,change_speed,-10,1571,100.2,1492,81.2
19,2,6,100,1,4,change_speed,0,1571,100.2,1571,90.2
19,2,6,100,1,4,change_speed,10,1571,100.2,1650,99.2
19,2,6,100,1,5,add_lane,0,1134,68.3,1134,68.3
19,2,6,100,1,5,add_lane,1,1134,68.3,1270,75.1
19,2,6,100,1,5,add_lane,2,1134,68.3,1406,82.0
19,2,6,100,1,5,change_speed,-10,1134,68.3,1077,55.3
19,2,6,100,1,5,change_speed,0,1134,68.3,1134,61.5
19,2,6,100,1,5,change_speed,10,1134,68.3,1191,67.6
19,2,6,100,1,6,add_lane,0,996,87.2,996,87.2
19,2,6,100,1,6,add_lane,1,996,87.2,1116,95.9
19,2,6,100,1,6,add_lane,2,996,87.2,1235,104.6
19,2,6,100,1,6,change_speed,-10,996,87.2,946,70.6
19,2,6,100,1,6,change_speed,0,996,87.2,996,78.5
19,2,6,100,1,6,change_speed,10,996,87.2,1046,86.3
19,2,6,100,2,0,add_lane,0,744,89.9,744,89.9
19,2,6,100,2,0,add_lane,1,744,89.9,833,98.9
19,2,6,100,2,0,add_lane,2,744,89.9,923,107.9
19,2,6,100,2,0,change_speed,-10,744,89.9,707,72.8
19,2,6,100,2,0,change_speed,0,744,89.9,744,80.9
19,2,6,100,2,0,change_speed,10,744,89.9,781,89.0
19,2,6,100,2,1,add_lane,0,1512,101.6,1512,101.6
19,2,6,100,2,1,add_lane,1,1512,101.6,1693,111.8
19,2,6,100,2,1,add_lane,2,1512,101.6,1875,121.9
19,2,6,100,2,1,change_speed,-10,1512,101.6,1436,82.3
19,2,6,100,2,1,change_speed,0,1512,101.6,1512,91.4
19,2,6,100,2,1,change_speed,10,1512,101.6,1588,100.6
19,2,6,100,2,2,add_lane,0,1467,93.5,1467,93.5
19,2,6,100,2,2,add_lane,1,1467,93.5,1643,102.9
19,2,6,100,2,2,add_lane,2,1467,93.5,1819,112.2
19,2,6,100,2,2,change_speed,-10,1467,93.5,1394,75.7
19,2,6,100,2,2,change_speed,0,1467,93.5,1467,84.2
19,2,6,100,2,2,change_speed,10,1467,93.5,1540,92.6
19,2,6,100,2,3,add_lane,0,1467,91.2,1467,91.2
19,2,6,100,2,3,add_lane,1,1467,91.2,1643,100.3
19,2,6,100,2,3,add_lane,2,1467,91.2,1819,109.4
19,2,6,100,2,3,change_speed,-10,1467,91.2,1394,73.9
19,2,6,100,2,3,change_speed,0,1467,91.2,1467,82.1
19,2,6,100,2,3,change_speed,10,1467,91.2,1540,90.3
19,2,6,100,2,4,add_lane,0,1467,94.1,1467,94.1
19,2,6,100,2,4,add_lane,1,1467,94.1,1643,103.5
19,2,6,100,2,4,add_lane,2,1467,94.1,1819,112.9
19,2,6,100,2,4,change_speed,-10,1467,94.1,1394,76.2
19,2,6,100,2,4,change_speed,0,1467,94.1,1467,84.7
19,2,6,100,2,4,change_speed,10,1467,94.1,1540,93.2
19,2,6,100,2,5,add_lane,0,1058,69.5,1058,69.5
19,2,6,100,2,5,add_lane,1,1058,69.5,1185,76.5
19,2,6,100,2,5,add_lane,2,1058,69.5,1312,83.4
19,2,6,100,2,5,change_speed,-10,1058,69.5,1005,56.3
19,2,6,100,2,5,change_speed,0,1058,69.5,1058,62.6
19,2,6,100,2,5,change_speed,10,1058,69.5,1111,68.8
19,2,6,100,2,6,add_lane,0,930,85.1,930,85.1
19,2,6,100,2,6,add_lane,1,930,85.1,1042,93.6
19,2,6,100,2,6,add_lane,2,930,85.1,1153,102.1
19,2,6,100,2,6,change_speed,-10,930,85.1,884,68.9
19,2,6,100,2,6,change_speed,0,930,85.1,930,76.6
19,2,6,100,2,6,change_speed,10,930,85.1,976,84.2
19,2,6,100,3,0,add_lane,0,664,86.4,664,86.4
19,2,6,100,3,0,add_lane,1,664,86.4,744,95.0
19,2,6,100,3,0,add_lane,2,664,86.4,823,103.7
19,2,6,100,3,0,change_speed,-10,664,86.4,631,70.0
19,2,6,100,3,0,change_speed,0,664,86.4,664,77.8
19,2,6,100,3,0,change_speed,10,664,86.4,697,85.5
19,2,6,100,3,1,add_lane,0,1350,99.8,1350,99.8
19,2,6,100,3,1,add_lane,1,1350,99.8,1512,109.8
19,2,6,100,3,1,add_lane,2,1350,99.8,1674,119.8
19,2,6,100,3,1,change_speed,-10,1350,99.8,1282,80.8
19,2,6,100,3,1,change_speed,0,1350,99.8,1350,89.8
19,2,6,100,3,1,change_speed,10,1350,99.8,1418,98.8
19,2,6,100,3,2,add_lane,0,1310,99.7,1310,99.7
19,2,6,100,3,2,add_lane,1,1310,99.7,1467,109.7
19,2,6,100,3,2,add_lane,2,1310,99.7,1624,119.6
19,2,6,100,3,2,change_speed,-10,1310,99.7,1244,80.8
19,2,6,100,3,2,change_speed,0,1310,99.7,1310,89.7
19,2,6,100,3,2,change_speed,10,1310,99.7,1376,98.7
19,2,6,100,3,3,add_lane,0,1310,90.2,1310,90.2
19,2,6,100,3,3,add_lane,1,1310,90.2,1467,99.2
19,2,6,100,3,3,add_lane,2,1310,90.2,1624,108.2
19,2,6,100,3,3,change_speed,-10,1310,90.2,1244,73.1
19,2,6,100,3,3,change_speed,0,1310,90.2,1310,81.2
19,2,6,100,3,3,change_speed,10,1310,90.2,1376,89.3
19,2,6,100,3,4,add_lane,0,1310,95.1,1310,95.1
19,2,6,100,3,4,add_lane,1,1310,95.1,1467,104.6
19,2,6,100,3,4,add_lane,2,1310,95.1,1624,114.1
19,2,6,100,3,4,change_speed,-10,1310,95.1,1244,77.0
19,2,6,100,3,4,change_speed,0,1310,95.1,1310,85.6
19,2,6,100,3,4,change_speed,10,1310,95.1,1376,94.1
19,2,6,100,3,5,add_lane,0,945,65.3,945,65.3
19,2,6,100,3,5,add_lane,1,945,65.3,1058,71.8
19,2,6,100,3,5,add_lane,2,945,65.3,1172,78.4
19,2,6,100,3,5,change_speed,-10,945,65.3,898,52.9
19,2,6,100,3,5,change_speed,0,945,65.3,945,58.8
19,2,6,100,3,5,change_speed,10,945,65.3,992,64.6
19,2,6,100,3,6,add_lane,0,830,78.2,830,78.2
19,2,6,100,3,6,add_lane,1,830,78.2,930,86.0
19,2,6,100,3,6,add_lane,2,830,78.2,1029,93.8
19,2,6,100,3,6,change_speed,-10,830,78.2,788,63.3
19,2,6,100,3,6,change_speed,0,830,78.2,830,70.4
19,2,6,100,3,6,change_speed,10,830,78.2,872,77.4
19,2,6,100,4,0,add_lane,0,744,92.9,744,92.9
19,2,6,100,4,0,add_lane,1,744,92.9,833,102.2
19,2,6,100,4,0,add_lane,2,744,92.9,923,111.5
19,2,6,100,4,0,change_speed,-10,744,92.9,707,75.2
19,2,6,100,4,0,change_speed,0,744,92.9,744,83.6
19,2,6,100,4,0,change_speed,10,744,92.9,781,92.0
19,2,6,100,4,1,add_lane,0,1512,102.0,1512,102.0
19,2,6,100,4,1,add_lane,1,1512,102.0,1693,112.2
19,2,6,100,4,1,add_lane,2,1512,102.0,1875,122.4
19,2,6,100,4,1,change_speed,-10,1512,102.0,1436,82.6
19,2,6,100,4,1,change_speed,0,1512,102.0,1512,91.8
19,2,6,100,4,1,change_speed,10,1512,102.0,1588,101.0
19,2,6,100,4,2,add_lane,0,1467,96.1,1467,96.1
19,2,6,100,4,2,add_lane,1,1467,96.1,1643,105.7
19,2,6,100,4,2,add_lane,2,1467,96.1,1819,115.3
19,2,6,100,4,2,change_speed,-10,1467,96.1,1394,77.8
19,2,6,100,4,2,change_speed,0,1467,96.1,1467,86.5
19,2,6,100,4,2,change_speed,10,1467,96.1,1540,95.1
19,2,6,100,4,3,add_lane,0,1467,89.4,1467,89.4
19,2,6,100,4,3,add_lane,1,1467,89.4,1643,98.3
19,2,6,100,4,3,add_lane,2,1467,89.4,1819,107.3
19,2,6,100,4,3,change_speed,-10,1467,89.4,1394,72.4
19,2,6,100,4,3,change_speed,0,1467,89.4,1467,80.5
19,2,6,100,4,3,change_speed,10,1467,89.4,1540,88.5
19,2,6,100,4,4,add_lane,0,1467,92.1,1467,92.1
19,2,6,100,4,4,add_lane,1,1467,92.1,1643,101.3
19,2,6,100,4,4,add_lane,2,1467,92.1,1819,110.5
19,2,6,100,4,4,change_speed,-10,1467,92.1,1394,74.6
19,2,6,100,4,4,change_speed,0,1467,92.1,1467,82.9
19,2,6,100,4,4,change_speed,10,1467,92.1,1540,91.2
19,2,6,100,4,5,add_lane,0,1058,66.2,1058,66.2
19,2,6,100,4,5,add_lane,1,1058,66.2,1185,72.8
19,2,6,100,4,5,add_lane,2,1058,66.2,1312,79.4
19,2,6,100,4,5,change_speed,-10,1058,66.2,1005,53.6
19,2,6,100,4,5,change_speed,0,1058,66.2,1058,59.6
19,2,6,100,4,5,change_speed,10,1058,66.2,1111,65.5
19,2,6,100,4,6,add_lane,0,930,81.3,930,81.3
19,2,6,100,4,6,add_lane,1,930,81.3,1042,89.4
19,2,6,100,4,6,add_lane,2,930,81.3,1153,97.6
19,2,6,100,4,6,change_speed,-10,930,81.3,884,65.9
19,2,6,100,4,6,change_speed,0,930,81.3,930,73.2
19,2,6,100,4,6,change_speed,10,930,81.3,976,80.5
19,2,6,100,5,0,add_lane,0,1196,83.0,1196,83.0
19,2,6,100,5,0,add_lane,1,1196,83.0,1340,91.3
19,2,6,100,5,0,add_lane,2,1196,83.0,1483,99.6
19,2,6,100,5,0,change_speed,-10,1196,83.0,1136,67.2
19,2,6,100,5,0,change_speed,0,1196,83.0,1196,74.7
19,2,6,100,5,0,change_speed,10,1196,83.0,1256,82.2
19,2,6,100,5,1,add_lane,0,2430,93.5,2430,93.5
19,2,6,100,5,1,add_lane,1,2430,93.5,2722,102.9
19,2,6,100,5,1,add_lane,2,2430,93.5,3013,112.2
19,2,6,100,5,1,change_speed,-10,2430,93.5,2308,75.7
19,2,6,100,5,1,change_speed,0,2430,93.5,2430,84.2
19,2,6,100,5,1,change_speed,10,2430,93.5,2552,92.6
19,2,6,100,5,2,add_lane,0,2357,86.8,2357,86.8
19,2,6,100,5,2,add_lane,1,2357,86.8,2640,95.5
19,2,6,100,5,2,add_lane,2,2357,86.8,2923,104.2
19,2,6,100,5,2,change_speed,-10,2357,86.8,2239,70.3
19,2,6,100,5,2,change_speed,0,2357,86.8,2357,78.1
19,2,6,100,5,2,change_speed,10,2357,86.8,2475,85.9
19,2,6,100,5,3,add_lane,0,2357,92.5,2357,92.5
19,2,6,100,5,3,add_lane,1,2357,92.5,2640,101.8
19,2,6,100,5,3,add_lane,2,2357,92.5,2923,111.0
19,2,6,100,5,3,change_speed,-10,2357,92.5,2239,74.9
19,2,6,100,5,3,change_speed,0,2357,92.5,2357,83.2
19,2,6,100,5,3,change_speed,10,2357,92.5,2475,91.6
19,2,6,100,5,4,add_lane,0,2357,84.0,2357,84.0
19,2,6,100,5,4,add_lane,1,2357,84.0,2640,92.4
19,2,6,100,5,4,add_lane,2,2357,84.0,2923,100.8
19,2,6,100,5,4,change_speed,-10,2357,84.0,2239,68.0
19,2,6,100,5,4,change_speed,0,2357,84.0,2357,75.6
19,2,6,100,5,4,change_speed,10,2357,84.0,2475,83.2
19,2,6,100,5,5,add_lane,0,1701,60.4,1701,60.4
19,2,6,100,5,5,add_lane,1,1701,60.4,1905,66.4
19,2,6,100,5,5,add_lane,2,1701,60.4,2109,72.5
19,2,6,100,5,5,change_speed,-10,1701,60.4,1616,48.9
19,2,6,100,5,5,change_speed,0,1701,60.4,1701,54.4
19,2,6,100,5,5,change_speed,10,1701,60.4,1786,59.8
19,2,6,100,5,6,add_lane,0,1494,77.0,1494,77.0
19,2,6,100,5,6,add_lane,1,1494,77.0,1673,84.7
19,2,6,100,5,6,add_lane,2,1494,77.0,1853,92.4
19,2,6,100,5,6,change_speed,-10,1494,77.0,1419,62.4
19,2,6,100,5,6,change_speed,0,1494,77.0,1494,69.3
19,2,6,100,5,6,change_speed,10,1494,77.0,1569,76.2
19,2,6,100,6,0,add_lane,0,2125,77.2,2125,77.2
19,2,6,100,6,0,add_lane,1,2125,77.2,2380,84.9
19,2,6,100,6,0,add_lane,2,2125,77.2,2635,92.6
19,2,6,100,6,0,change_speed,-10,2125,77.2,2019,62.5
19,2,6,100,6,0,change_speed,0,2125,77.2,2125,69.5
19,2,6,100,6,0,change_speed,10,2125,77.2,2231,76.4
19,2,6,100,6,1,add_lane,0,4320,79.8,4320,79.8
19,2,6,100,6,1,add_lane,1,4320,79.8,4838,87.8
19,2,6,100,6,1,add_lane,2,4320,79.8,5357,95.8
19,2,6,100,6,1,change_speed,-10,4320,79.8,4104,64.6
19,2,6,100,6,1,change_speed,0,4320,79.8,4320,71.8
19,2,6,100,6,1,change_speed,10,4320,79.8,4536,79.0
19,2,6,100,6,2,add_lane,0,4190,73.6,4190,73.6
19,2,6,100,6,2,add_lane,1,4190,73.6,4693,81.0
19,2,6,100,6,2,add_lane,2,4190,73.6,5196,88.3
19,2,6,100,6,2,change_speed,-10,4190,73.6,3980,59.6
19,2,6,100,6,2,change_speed,0,4190,73.6,4190,66.2
19,2,6,100,6,2,change_speed,10,4190,73.6,4400,72.9
19,2,6,100,6,3,add_lane,0,4190,66.2,4190,66.2
19,2,6,100,6,3,add_lane,1,4190,66.2,4693,72.8
19,2,6,100,6,3,add_lane,2,4190,66.2,5196,79.4
19,2,6,100,6,3,change_speed,-10,4190,66.2,3980,53.6
19,2,6,100,6,3,change_speed,0,4190,66.2,4190,59.6
19,2,6,100,6,3,change_speed,10,4190,66.2,4400,65.5
19,2,6,100,6,4,add_lane,0,4190,72.7,4190,72.7
19,2,6,100,6,4,add_lane,1,4190,72.7,4693,80.0
19,2,6,100,6,4,add_lane,2,4190,72.7,5196,87.2
19,2,6,100,6,4,change_speed,-10,4190,72.7,3980,58.9
19,2,6,100,6,4,change_speed,0,4190,72.7,4190,65.4
19,2,6,100,6,4,change_speed,10,4190,72.7,4400,72.0
19,2,6,100,6,5,add_lane,0,3024,61.8,3024,61.8
19,2,6,100,6,5,add_lane,1,3024,61.8,3387,68.0
19,2,6,100,6,5,add_lane,2,3024,61.8,3750,74.2
19,2,6,100,6,5,change_speed,-10,3024,61.8,2873,50.1
19,2,6,100,6,5,change_speed,0,3024,61.8,3024,55.6
19,2,6,100,6,5,change_speed,10,3024,61.8,3175,61.2
19,2,6,100,6,6,add_lane,0,2657,66.2,2657,66.2
19,2,6,100,6,6,add_lane,1,2657,66.2,2976,72.8
19,2,6,100,6,6,add_lane,2,2657,66.2,3295,79.4
19,2,6,100,6,6,change_speed,-10,2657,66.2,2524,53.6
19,2,6,100,6,6,change_speed,0,2657,66.2,2657,59.6
19,2,6,100,6,6,change_speed,10,2657,66.2,2790,65.5
19,2,6,100,7,0,add_lane,0,4782,58.3,4782,58.3
19,2,6,100,7,0,add_lane,1,4782,58.3,5356,64.1
19,2,6,100,7,0,add_lane,2,4782,58.3,5930,70.0
19,2,6,100,7,0,change_speed,-10,4782,58.3,4543,47.2
19,2,6,100,7,0,change_speed,0,4782,58.3,4782,52.5
19,2,6,100,7,0,change_speed,10,4782,58.3,5021,57.7
19,2,6,100,7,1,add_lane,0,9720,30.1,9720,30.1
19,2,6,100,7,1,add_lane,1,9720,30.1,10886,33.1
19,2,6,100,7,1,add_lane,2,9720,30.1,12053,36.1
19,2,6,100,7,1,change_speed,-10,9720,30.1,9234,24.4
19,2,6,100,7,1,change_speed,0,9720,30.1,9720,27.1
19,2,6,100,7,1,change_speed,10,9720,30.1,10206,29.8
19,2,6,100,7,2,add_lane,0,9428,32.5,9428,32.5
19,2,6,100,7,2,add_lane,1,9428,32.5,10559,35.8
19,2,6,100,7,2,add_lane,2,9428,32.5,11691,39.0
19,2,6,100,7,2,change_speed,-10,9428,32.5,8957,26.3
19,2,6,100,7,2,change_speed,0,9428,32.5,9428,29.2
19,2,6,100,7,2,change_speed,10,9428,32.5,9899,32.2
19,2,6,100,7,3,add_lane,0,9428,33.1,9428,33.1
19,2,6,100,7,3,add_lane,1,9428,33.1,10559,36.4
19,2,6,100,7,3,add_lane,2,9428,33.1,11691,39.7
19,2,6,100,7,3,change_speed,-10,9428,33.1,8957,26.8
19,2,6,100,7,3,change_speed,0,9428,33.1,9428,29.8
19,2,6,100,7,3,change_speed,10,9428,33.1,9899,32.8
19,2,6,100,7,4,add_lane,0,9428,28.0,9428,28.0
19,2,6,100,7,4,add_lane,1,9428,28.0,10559,30.8
19,2,6,100,7,4,add_lane,2,9428,28.0,11691,33.6
19,2,6,100,7,4,change_speed,-10,9428,28.0,8957,22.7
19,2,6,100,7,4,change_speed,0,9428,28.0,9428,25.2
19,2,6,100,7,4,change_speed,10,9428,28.0,9899,27.7
19,2,6,100,7,5,add_lane,0,6804,36.8,6804,36.8
19,2,6,100,7,5,add_lane,1,6804,36.8,7620,40.5
19,2,6,100,7,5,add_lane,2,6804,36.8,8437,44.2
19,2,6,100,7,5,change_speed,-10,6804,36.8,6464,29.8
19,2,6,100,7,5,change_speed,0,6804,36.8,6804,33.1
19,2,6,100,7,5,change_speed,10,6804,36.8,7144,36.4
19,2,6,100,7,6,add_lane,0,5978,54.1,5978,54.1
19,2,6,100,7,6,add_lane,1,5978,54.1,6695,59.5
19,2,6,100,7,6,add_lane,2,5978,54.1,7413,64.9
19,2,6,100,7,6,change_speed,-10,5978,54.1,5679,43.8
19,2,6,100,7,6,change_speed,0,5978,54.1,5978,48.7
19,2,6,100,7,6,change_speed,10,5978,54.1,6277,53.6
19,2,6,100,8,0,add_lane,0,5845,50.0,5845,50.0
19,2,6,100,8,0,add_lane,1,5845,50.0,6546,55.0
19,2,6,100,8,0,add_lane,2,5845,50.0,7248,60.0
19,2,6,100,8,0,change_speed,-10,5845,50.0,5553,40.5
19,2,6,100,8,0,change_speed,0,5845,50.0,5845,45.0
19,2,6,100,8,0,change_speed,10,5845,50.0,6137,49.5
19,2,6,100,8,1,add_lane,0,11880,15.8,11880,15.8
19,2,6,100,8,1,add_lane,1,11880,15.8,13306,17.4
19,2,6,100,8,1,add_lane,2,11880,15.8,14731,19.0
19,2,6,100,8,1,change_speed,-10,11880,15.8,11286,12.8
19,2,6,100,8,1,change_speed,0,11880,15.8,11880,14.2
19,2,6,100,8,1,change_speed,10,11880,15.8,12474,15.6
19,2,6,100,8,2,add_lane,0,11524,20.9,11524,20.9
19,2,6,100,8,2,add_lane,1,11524,20.9,12907,23.0
19,2,6,100,8,2,add_lane,2,11524,20.9,14290,25.1
19,2,6,100,8,2,change_speed,-10,11524,20.9,10948,16.9
19,2,6,100,8,2,change_speed,0,11524,20.9,11524,18.8
19,2,6,100,8,2,change_speed,10,11524,20.9,12100,20.7
19,2,6,100,8,3,add_lane,0,11524,20.9,11524,20.9
19,2,6,100,8,3,add_lane,1,11524,20.9,12907,23.0
19,2,6,100,8,3,add_lane,2,11524,20.9,14290,25.1
19,2,6,100,8,3,change_speed,-10,11524,20.9,10948,16.9
19,2,6,100,8,3,change_speed,0,11524,20.9,11524,18.8
19,2,6,100,8,3,change_speed,10,11524,20.9,12100,20.7
19,2,6,100,8,4,add_lane,0,11524,17.1,11524,17.1
19,2,6,100,8,4,add_lane,1,11524,17.1,12907,18.8
19,2,6,100,8,4,add_lane,2,11524,17.1,14290,20.5
19,2,6,100,8,4,change_speed,-10,11524,17.1,10948,13.9
19,2,6,100,8,4,change_speed,0,11524,17.1,11524,15.4
19,2,6,100,8,4,change_speed,10,11524,17.1,12100,16.9
19,2,6,100,8,5,add_lane,0,8316,27.8,8316,27.8
19,2,6,100,8,5,add_lane,1,8316,27.8,9314,30.6
19,2,6,100,8,5,add_lane,2,8316,27.8,10312,33.4
19,2,6,100,8,5,change_speed,-10,8316,27.8,7900,22.5
19,2,6,100,8,5,change_speed,0,8316,27.8,8316,25.0
19,2,6,100,8,5,change_speed,10,8316,27.8,8732,27.5
19,2,6,100,8,6,add_lane,0,7306,41.4,7306,41.4
19,2,6,100,8,6,add_lane,1,7306,41.4,8183,45.5
19,2,6,100,8,6,add_lane,2,7306,41.4,9059,49.7
19,2,6,100,8,6,change_speed,-10,7306,41.4,6941,33.5
19,2,6,100,8,6,change_speed,0,7306,41.4,7306,37.3
19,2,6,100,8,6,change_speed,10,7306,41.4,7671,41.0
19,2,6,100,9,0,add_lane,0,4517,66.7,4517,66.7
19,2,6,100,9,0,add_lane,1,4517,66.7,5059,73.4
19,2,6,100,9,0,add_lane,2,4517,66.7,5601,80.0
19,2,6,100,9,0,change_speed,-10,4517,66.7,4291,54.0
19,2,6,100,9,0,change_speed,0,4517,66.7,4517,60.0
19,2,6,100,9,0,change_speed,10,4517,66.7,4743,66.0
19,2,6,100,9,1,add_lane,0,9180,40.8,9180,40.8
19,2,6,100,9,1,add_lane,1,9180,40.8,10282,44.9
19,2,6,100,9,1,add_lane,2,9180,40.8,11383,49.0
19,2,6,100,9,1,change_speed,-10,9180,40.8,8721,33.0
19,2,6,100,9,1,change_speed,0,9180,40.8,9180,36.7
19,2,6,100,9,1,change_speed,10,9180,40.8,9639,40.4
19,2,6,100,9,2,add_lane,0,8905,45.4,8905,45.4
19,2,6,100,9,2,add_lane,1,8905,45.4,9974,49.9
19,2,6,100,9,2,add_lane,2,8905,45.4,11042,54.5
19,2,6,100,9,2,change_speed,-10,8905,45.4,8460,36.8
19,2,6,100,9,2,change_speed,0,8905,45.4,8905,40.9
19,2,6,100,9,2,change_speed,10,8905,45.4,9350,44.9
19,2,6,100,9,3,add_lane,0,8905,39.1,8905,39.1
19,2,6,100,9,3,add_lane,1,8905,39.1,9974,43.0
19,2,6,100,9,3,add_lane,2,8905,39.1,11042,46.9
19,2,6,100,9,3,change_speed,-10,8905,39.1,8460,31.7
19,2,6,100,9,3,change_speed,0,8905,39.1,8905,35.2
19,2,6,100,9,3,change_speed,10,8905,39.1,9350,38.7
19,2,6,100,9,4,add_lane,0,8905,39.5,8905,39.5
19,2,6,100,9,4,add_lane,1,8905,39.5,9974,43.5
19,2,6,100,9,4,add_lane,2,8905,39.5,11042,47.4
19,2,6,100,9,4,change_speed,-10,8905,39.5,8460,32.0
19,2,6,100,9,4,change_speed,0,8905,39.5,8905,35.6
19,2,6,100,9,4,change_speed,10,8905,39.5,9350,39.1
19,2,6,100,9,5,add_lane,0,6426,37.3,6426,37.3
19,2,6,100,9,5,add_lane,1,6426,37.3,7197,41.0
19,2,6,100,9,5,add_lane,2,6426,37.3,7968,44.8
19,2,6,100,9,5,change_speed,-10,6426,37.3,6105,30.2
19,2,6,100,9,5,change_speed,0,6426,37.3,6426,33.6
19,2,6,100,9,5,change_speed,10,6426,37.3,6747,36.9
19,2,6,100,9,6,add_lane,0,5646,52.3,5646,52.3
19,2,6,100,9,6,add_lane,1,5646,52.3,6324,57.5
19,2,6,100,9,6,add_lane,2,5646,52.3,7001,62.8
19,2,6,100,9,6,change_speed,-10,5646,52.3,5364,42.4
19,2,6,100,9,6,change_speed,0,5646,52.3,5646,47.1
19,2,6,100,9,6,change_speed,10,5646,52.3,5928,51.8
19,2,6,100,10,0,add_lane,0,3454,76.8,3454,76.8
19,2,6,100,10,0,add_lane,1,3454,76.8,3868,84.5
19,2,6,100,10,0,add_lane,2,3454,76.8,4283,92.2
19,2,6,100,10,0,change_speed,-10,3454,76.8,3281,62.2
19,2,6,100,10,0,change_speed,0,3454,76.8,3454,69.1
19,2,6,100,10,0,change_speed,10,3454,76.8,3627,76.0
19,2,6,100,10,1,add_lane,0,7020,50.3,7020,50.3
19,2,6,100,10,1,add_lane,1,7020,50.3,7862,55.3
19,2,6,100,10,1,add_lane,2,7020,50.3,8705,60.4
19,2,6,100,10,1,change_speed,-10,7020,50.3,6669,40.7
19,2,6,100,10,1,change_speed,0,7020,50.3,7020,45.3
19,2,6,100,10,1,change_speed,10,7020,50.3,7371,49.8
19,2,6,100,10,2,add_lane,0,6809,53.0,6809,53.0
19,2,6,100,10,2,add_lane,1,6809,53.0,7626,58.3
19,2,6,100,10,2,add_lane,2,6809,53.0,8443,63.6
19,2,6,100,10,2,change_speed,-10,6809,53.0,6469,42.9
19,2,6,100,10,2,change_speed,0,6809,53.0,6809,47.7
19,2,6,100,10,2,change_speed,10,6809,53.0,7149,52.5
19,2,6,100,10,3,add_lane,0,6809,54.7,6809,54.7
19,2,6,100,10,3,add_lane,1,6809,54.7,7626,60.2
19,2,6,100,10,3,add_lane,2,6809,54.7,8443,65.6
19,2,6,100,10,3,change_speed,-10,6809,54.7,6469,44.3
19,2,6,100,10,3,change_speed,0,6809,54.7,6809,49.2
19,2,6,100,10,3,change_speed,10,6809,54.7,7149,54.2
19,2,6,100,10,4,add_lane,0,6809,57.9,6809,57.9
19,2,6,100,10,4,add_lane,1,6809,57.9,7626,63.7
19,2,6,100,10,4,add_lane,2,6809,57.9,8443,69.5
19,2,6,100,10,4,change_speed,-10,6809,57.9,6469,46.9
19,2,6,100,10,4,change_speed,0,6809,57.9,6809,52.1
19,2,6,100,10,4,change_speed,10,6809,57.9,7149,57.3
19,2,6,100,10,5,add_lane,0,4914,47.0,4914,47.0
19,2,6,100,10,5,add_lane,1,4914,47.0,5504,51.7
19,2,6,100,10,5,add_lane,2,4914,47.0,6093,56.4
19,2,6,100,10,5,change_speed,-10,4914,47.0,4668,38.1
19,2,6,100,10,5,change_speed,0,4914,47.0,4914,42.3
19,2,6,100,10,5,change_speed,10,4914,47.0,5160,46.5
19,2,6,100,10,6,add_lane,0,4317,60.6,4317,60.6
19,2,6,100,10,6,add_lane,1,4317,60.6,4835,66.7
19,2,6,100,10,6,add_lane,2,4317,60.6,5353,72.7
19,2,6,100,10,6,change_speed,-10,4317,60.6,4101,49.1
19,2,6,100,10,6,change_speed,0,4317,60.6,4317,54.5
19,2,6,100,10,6,change_speed,10,4317,60.6,4533,60.0
19,2,6,100,11,0,add_lane,0,3188,71.6,3188,71.6
19,2,6,100,11,0,add_lane,1,3188,71.6,3571,78.8
19,2,6,100,11,0,add_lane,2,3188,71.6,3953,85.9
19,2,6,100,11,0,change_speed,-10,3188,71.6,3029,58.0
19,2,6,100,11,0,change_speed,0,3188,71.6,3188,64.4
19,2,6,100,11,0,change_speed,10,3188,71.6,3347,70.9
19,2,6,100,11,1,add_lane,0,6480,60.9,6480,60.9
19,2,6,100,11,1,add_lane,1,6480,60.9,7258,67.0
19,2,6,100,11,1,add_lane,2,6480,60.9,8035,73.1
19,2,6,100,11,1,change_speed,-10,6480,60.9,6156,49.3
19,2,6,100,11,1,change_speed,0,6480,60.9,6480,54.8
19,2,6,100,11,1,change_speed,10,6480,60.9,6804,60.3
19,2,6,100,11,2,add_lane,0,6286,58.1,6286,58.1
19,2,6,100,11,2,add_lane,1,6286,58.1,7040,63.9
19,2,6,100,11,2,add_lane,2,6286,58.1,7795,69.7
19,2,6,100,11,2,change_speed,-10,6286,58.1,5972,47.1
19,2,6,100,11,2,change_speed,0,6286,58.1,6286,52.3
19,2,6,100,11,2,change_speed,10,6286,58.1,6600,57.5
19,2,6,100,11,3,add_lane,0,6286,65.4,6286,65.4
19,2,6,100,11,3,add_lane,1,6286,65.4,7040,71.9
19,2,6,100,11,3,add_lane,2,6286,65.4,7795,78.5
19,2,6,100,11,3,change_speed,-10,6286,65.4,5972,53.0
19,2,6,100,11,3,change_speed,0,6286,65.4,6286,58.9
19,2,6,100,11,3,change_speed,10,6286,65.4,6600,64.7
19,2,6,100,11,4,add_lane,0,6286,62.7,6286,62.7
19,2,6,100,11,4,add_lane,1,6286,62.7,7040,69.0
19,2,6,100,11,4,add_lane,2,6286,62.7,7795,75.2
19,2,6,100,11,4,change_speed,-10,6286,62.7,5972,50.8
19,2,6,100,11,4,change_speed,0,6286,62.7,6286,56.4
19,2,6,100,11,4,change_speed,10,6286,62.7,6600,62.1
19,2,6,100,11,5,add_lane,0,4536,50.7,4536,50.7
19,2,6,100,11,5,add_lane,1,4536,50.7,5080,55.8
19,2,6,100,11,5,add_lane,2,4536,50.7,5625,60.8
19,2,6,100,11,5,change_speed,-10,4536,50.7,4309,41.1
19,2,6,100,11,5,change_speed,0,4536,50.7,4536,45.6
19,2,6,100,11,5,change_speed,10,4536,50.7,4763,50.2
19,2,6,100,11,6,add_lane,0,3985,62.3,3985,62.3
19,2,6,100,11,6,add_lane,1,3985,62.3,4463,68.5
19,2,6,100,11,6,add_lane,2,3985,62.3,4941,74.8
19,2,6,100,11,6,change_speed,-10,3985,62.3,3786,50.5
19,2,6,100,11,6,change_speed,0,3985,62.3,3985,56.1
19,2,6,100,11,6,change_speed,10,3985,62.3,4184,61.7
19,2,6,100,12,0,add_lane,0,2922,71.8,2922,71.8
19,2,6,100,12,0,add_lane,1,2922,71.8,3273,79.0
19,2,6,100,12,0,add_lane,2,2922,71.8,3623,86.2
19,2,6,100,12,0,change_speed,-10,2922,71.8,2776,58.2
19,2,6,100,12,0,change_speed,0,2922,71.8,2922,64.6
19,2,6,100,12,0,change_speed,10,2922,71.8,3068,71.1
19,2,6,100,12,1,add_lane,0,5940,62.4,5940,62.4
19,2,6,100,12,1,add_lane,1,5940,62.4,6653,68.6
19,2,6,100,12,1,add_lane,2,5940,62.4,7366,74.9
19,2,6,100,12,1,change_speed,-10,5940,62.4,5643,50.5
19,2,6,100,12,1,change_speed,0,5940,62.4,5940,56.2
19,2,6,100,12,1,change_speed,10,5940,62.4,6237,61.8
19,2,6,100,12,2,add_lane,0,5762,65.6,5762,65.6
19,2,6,100,12,2,add_lane,1,5762,65.6,6453,72.2
19,2,6,100,12,2,add_lane,2,5762,65.6,7145,78.7
19,2,6,100,12,2,change_speed,-10,5762,65.6,5474,53.1
19,2,6,100,12,2,change_speed,0,5762,65.6,5762,59.0
19,2,6,100,12,2,change_speed,10,5762,65.6,6050,64.9
19,2,6,100,12,3,add_lane,0,5762,62.8,5762,62.8
19,2,6,100,12,3,add_lane,1,5762,62.8,6453,69.1
19,2,6,100,12,3,add_lane,2,5762,62.8,7145,75.4
19,2,6,100,12,3,change_speed,-10,5762,62.8,5474,50.9
19,2,6,100,12,3,change_speed,0,5762,62.8,5762,56.5
19,2,6,100,12,3,change_speed,10,5762,62.8,6050,62.2
19,2,6,100,12,4,add_lane,0,5762,58.3,5762,58.3
19,2,6,100,12,4,add_lane,1,5762,58.3,6453,64.1
19,2,6,100,12,4,add_lane,2,5762,58.3,7145,70.0
19,2,6,100,12,4,change_speed,-10,5762,58.3,5474,47.2
19,2,6,100,12,4,change_speed,0,5762,58.3,5762,52.5
19,2,6,100,12,4,change_speed,10,5762,58.3,6050,57.7
19,2,6,100,12,5,add_lane,0,4158,46.4,4158,46.4
19,2,6,100,12,5,add_lane,1,4158,46.4,4657,51.0
19,2,6,100,12,5,add_lane,2,4158,46.4,5156,55.7
19,2,6,100,12,5,change_speed,-10,4158,46.4,3950,37.6
19,2,6,100,12,5,change_speed,0,4158,46.4,4158,41.8
19,2,6,100,12,5,change_speed,10,4158,46.4,4366,45.9
19,2,6,100,12,6,add_lane,0,3653,67.3,3653,67.3
19,2,6,100,12,6,add_lane,1,3653,67.3,4091,74.0
19,2,6,100,12,6,add_lane,2,3653,67.3,4530,80.8
19,2,6,100,12,6,change_speed,-10,3653,67.3,3470,54.5
19,2,6,100,12,6,change_speed,0,3653,67.3,3653,60.6
19,2,6,100,12,6,change_speed,10,3653,67.3,3836,66.6
19,2,6,100,13,0,add_lane,0,2922,67.2,2922,67.2
19,2,6,100,13,0,add_lane,1,2922,67.2,3273,73.9
19,2,6,100,13,0,add_lane,2,2922,67.2,3623,80.6
19,2,6,100,13,0,change_speed,-10,2922,67.2,2776,54.4
19,2,6,100,13,0,change_speed,0,2922,67.2,2922,60.5
19,2,6,100,13,0,change_speed,10,2922,67.2,3068,66.5
19,2,6,100,13,1,add_lane,0,5940,59.9,5940,59.9
19,2,6,100,13,1,add_lane,1,5940,59.9,6653,65.9
19,2,6,100,13,1,add_lane,2,5940,59.9,7366,71.9
19,2,6,100,13,1,change_speed,-10,5940,59.9,5643,48.5
19,2,6,100,13,1,change_speed,0,5940,59.9,5940,53.9
19,2,6,100,13,1,change_speed,10,5940,59.9,6237,59.3
19,2,6,100,13,2,add_lane,0,5762,65.6,5762,65.6
19,2,6,100,13,2,add_lane,1,5762,65.6,6453,72.2
19,2,6,100,13,2,add_lane,2,5762,65.6,7145,78.7
19,2,6,100,13,2,change_speed,-10,5762,65.6,5474,53.1
19,2,6,100,13,2,change_speed,0,5762,65.6,5762,59.0
19,2,6,100,13,2,change_speed,10,5762,65.6,6050,64.9
19,2,6,100,13,3,add_lane,0,5762,59.2,5762,59.2
19,2,6,100,13,3,add_lane,1,5762,59.2,6453,65.1
19,2,6,100,13,3,add_lane,2,5762,59.2,7145,71.0
19,2,6,100,13,3,change_speed,-10,5762,59.2,5474,48.0
19,2,6,100,13,3,change_speed,0,5762,59.2,5762,53.3
19,2,6,100,13,3,change_speed,10,5762,59.2,6050,58.6
19,2,6,100,13,4,add_lane,0,5762,62.6,5762,62.6
19,2,6,100,13,4,add_lane,1,5762,62.6,6453,68.9
19,2,6,100,13,4,add_lane,2,5762,62.6,7145,75.1
19,2,6,100,13,4,change_speed,-10,5762,62.6,5474,50.7
19,2,6,100,13,4,change_speed,0,5762,62.6,5762,56.3
19,2,6,100,13,4,change_speed,10,5762,62.6,6050,62.0
19,2,6,100,13,5,add_lane,0,4158,56.0,4158,56.0
19,2,6,100,13,5,add_lane,1,4158,56.0,4657,61.6
19,2,6,100,13,5,add_lane,2,4158,56.0,5156,67.2
19,2,6,100,13,5,change_speed,-10,4158,56.0,3950,45.4
19,2,6,100,13,5,change_speed,0,4158,56.0,4158,50.4
19,2,6,100,13,5,change_speed,10,4158,56.0,4366,55.4
19,2,6,100,13,6,add_lane,0,3653,62.8,3653,62.8
19,2,6,100,13,6,add_lane,1,3653,62.8,4091,69.1
19,2,6,100,13,6,add_lane,2,3653,62.8,4530,75.4
19,2,6,100,13,6,change_speed,-10,3653,62.8,3470,50.9
19,2,6,100,13,6,change_speed,0,3653,62.8,3653,56.5
19,2,6,100,13,6,change_speed,10,3653,62.8,3836,62.2
19,2,6,100,14,0,add_lane,0,3188,64.0,3188,64.0
19,2,6,100,14,0,add_lane,1,3188,64.0,3571,70.4
19,2,6,100,14,0,add_lane,2,3188,64.0,3953,76.8
19,2,6,100,14,0,change_speed,-10,3188,64.0,3029,51.8
19,2,6,100,14,0,change_speed,0,3188,64.0,3188,57.6
19,2,6,100,14,0,change_speed,10,3188,64.0,3347,63.4
19,2,6,100,14,1,add_lane,0,6480,60.8,6480,60.8
19,2,6,100,14,1,add_lane,1,6480,60.8,7258,66.9
19,2,6,100,14,1,add_lane,2,6480,60.8,8035,73.0
19,2,6,100,14,1,change_speed,-10,6480,60.8,6156,49.2
19,2,6,100,14,1,change_speed,0,6480,60.8,6480,54.7
19,2,6,100,14,1,change_speed,10,6480,60.8,6804,60.2
19,2,6,100,14,2,add_lane,0,6286,58.6,6286,58.6
19,2,6,100,14,2,add_lane,1,6286,58.6,7040,64.5
19,2,6,100,14,2,add_lane,2,6286,58.6,7795,70.3
19,2,6,100,14,2,change_speed,-10,6286,58.6,5972,47.5
19,2,6,100,14,2,change_speed,0,6286,58.6,6286,52.7
19,2,6,100,14,2,change_speed,10,6286,58.6,6600,58.0
19,2,6,100,14,3,add_lane,0,6286,57.0,6286,57.0
19,2,6,100,14,3,add_lane,1,6286,57.0,7040,62.7
19,2,6,100,14,3,add_lane,2,6286,57.0,7795,68.4
19,2,6,100,14,3,change_speed,-10,6286,57.0,5972,46.2
19,2,6,100,14,3,change_speed,0,6286,57.0,6286,51.3
19,2,6,100,14,3,change_speed,10,6286,57.0,6600,56.4
19,2,6,100,14,4,add_lane,0,6286,50.3,6286,50.3
19,2,6,100,14,4,add_lane,1,6286,50.3,7040,55.3
19,2,6,100,14,4,add_lane,2,6286,50.3,7795,60.4
19,2,6,100,14,4,change_speed,-10,6286,50.3,5972,40.7
19,2,6,100,14,4,change_speed,0,6286,50.3,6286,45.3
19,2,6,100,14,4,change_speed,10,6286,50.3,6600,49.8
19,2,6,100,14,5,add_lane,0,4536,49.4,4536,49.4
19,2,6,100,14,5,add_lane,1,4536,49.4,5080,54.3
19,2,6,100,14,5,add_lane,2,4536,49.4,5625,59.3
19,2,6,100,14,5,change_speed,-10,4536,49.4,4309,40.0
19,2,6,100,14,5,change_speed,0,4536,49.4,4536,44.5
19,2,6,100,14,5,change_speed,10,4536,49.4,4763,48.9
19,2,6,100,14,6,add_lane,0,3985,67.0,3985,67.0
19,2,6,100,14,6,add_lane,1,3985,67.0,4463,73.7
19,2,6,100,14,6,add_lane,2,3985,67.0,4941,80.4
19,2,6,100,14,6,change_speed,-10,3985,67.0,3786,54.3
19,2,6,100,14,6,change_speed,0,3985,67.0,3985,60.3
19,2,6,100,14,6,change_speed,10,3985,67.0,4184,66.3
19,2,6,100,15,0,add_lane,0,3985,71.2,3985,71.2
19,2,6,100,15,0,add_lane,1,3985,71.2,4463,78.3
19,2,6,100,15,0,add_lane,2,3985,71.2,4941,85.4
19,2,6,100,15,0,change_speed,-10,3985,71.2,3786,57.7
19,2,6,100,15,0,change_speed,0,3985,71.2,3985,64.1
19,2,6,100,15,0,change_speed,10,3985,71.2,4184,70.5
19,2,6,100,15,1,add_lane,0,8100,47.5,8100,47.5
19,2,6,100,15,1,add_lane,1,8100,47.5,9072,52.3
19,2,6,100,15,1,add_lane,2,8100,47.5,10044,57.0
19,2,6,100,15,1,change_speed,-10,8100,47.5,7695,38.5
19,2,6,100,15,1,change_speed,0,8100,47.5,8100,42.8
19,2,6,100,15,1,change_speed,10,8100,47.5,8505,47.0
19,2,6,100,15,2,add_lane,0,7857,43.6,7857,43.6
19,2,6,100,15,2,add_lane,1,7857,43.6,8800,48.0
19,2,6,100,15,2,add_lane,2,7857,43.6,9743,52.3
19,2,6,100,15,2,change_speed,-10,7857,43.6,7464,35.3
19,2,6,100,15,2,change_speed,0,7857,43.6,7857,39.2
19,2,6,100,15,2,change_speed,10,7857,43.6,8250,43.2
19,2,6,100,15,3,add_lane,0,7857,43.2,7857,43.2
19,2,6,100,15,3,add_lane,1,7857,43.2,8800,47.5
19,2,6,100,15,3,add_lane,2,7857,43.2,9743,51.8
19,2,6,100,15,3,change_speed,-10,7857,43.2,7464,35.0
19,2,6,100,15,3,change_speed,0,7857,43.2,7857,38.9
19,2,6,100,15,3,change_speed,10,7857,43.2,8250,42.8
19,2,6,100,15,4,add_lane,0,7857,45.4,7857,45.4
19,2,6,100,15,4,add_lane,1,7857,45.4,8800,49.9
19,2,6,100,15,4,add_lane,2,7857,45.4,9743,54.5
19,2,6,100,15,4,change_speed,-10,7857,45.4,7464,36.8
19,2,6,100,15,4,change_speed,0,7857,45.4,7857,40.9
19,2,6,100,15,4,change_speed,10,7857,45.4,8250,44.9
19,2,6,100,15,5,add_lane,0,5670,44.0,5670,44.0
19,2,6,100,15,5,add_lane,1,5670,44.0,6350,48.4
19,2,6,100,15,5,add_lane,2,5670,44.0,7031,52.8
19,2,6,100,15,5,change_speed,-10,5670,44.0,5386,35.6
19,2,6,100,15,5,change_speed,0,5670,44.0,5670,39.6
19,2,6,100,15,5,change_speed,10,5670,44.0,5954,43.6
19,2,6,100,15,6,add_lane,0,4982,54.9,4982,54.9
19,2,6,100,15,6,add_lane,1,4982,54.9,5580,60.4
19,2,6,100,15,6,add_lane,2,4982,54.9,6178,65.9
19,2,6,100,15,6,change_speed,-10,4982,54.9,4733,44.5
19,2,6,100,15,6,change_speed,0,4982,54.9,4982,49.4
19,2,6,100,15,6,change_speed,10,4982,54.9,5231,54.4
19,2,6,100,16,0,add_lane,0,5048,53.8,5048,53.8
19,2,6,100,16,0,add_lane,1,5048,53.8,5654,59.2
19,2,6,100,16,0,add_lane,2,5048,53.8,6260,64.6
19,2,6,100,16,0,change_speed,-10,5048,53.8,4796,43.6
19,2,6,100,16,0,change_speed,0,5048,53.8,5048,48.4
19,2,6,100,16,0,change_speed,10,5048,53.8,5300,53.3
19,2,6,100,16,1,add_lane,0,10260,33.9,10260,33.9
19,2,6,100,16,1,add_lane,1,10260,33.9,11491,37.3
19,2,6,100,16,1,add_lane,2,10260,33.9,12722,40.7
19,2,6,100,16,1,change_speed,-10,10260,33.9,9747,27.5
19,2,6,100,16,1,change_speed,0,10260,33.9,10260,30.5
19,2,6,100,16,1,change_speed,10,10260,33.9,10773,33.6
19,2,6,100,16,2,add_lane,0,9952,34.2,9952,34.2
19,2,6,100,16,2,add_lane,1,9952,34.2,11146,37.6
19,2,6,100,16,2,add_lane,2,9952,34.2,12340,41.0
19,2,6,100,16,2,change_speed,-10,9952,34.2,9454,27.7
19,2,6,100,16,2,change_speed,0,9952,34.2,9952,30.8
19,2,6,100,16,2,change_speed,10,9952,34.2,10450,33.9
19,2,6,100,16,3,add_lane,0,9952,33.2,9952,33.2
19,2,6,100,16,3,add_lane,1,9952,33.2,11146,36.5
19,2,6,100,16,3,add_lane,2,9952,33.2,12340,39.8
19,2,6,100,16,3,change_speed,-10,9952,33.2,9454,26.9
19,2,6,100,16,3,change_speed,0,9952,33.2,9952,29.9
19,2,6,100,16,3,change_speed,10,9952,33.2,10450,32.9
19,2,6,100,16,4,add_lane,0,9952,32.4,9952,32.4
19,2,6,100,16,4,add_lane,1,9952,32.4,11146,35.6
19,2,6,100,16,4,add_lane,2,9952,32.4,12340,38.9
19,2,6,100,16,4,change_speed,-10,9952,32.4,9454,26.2
19,2,6,100,16,4,change_speed,0,9952,32.4,9952,29.2
19,2,6,100,16,4,change_speed,10,9952,32.4,10450,32.1
19,2,6,100,16,5,add_lane,0,7182,34.9,7182,34.9
19,2,6,100,16,5,add_lane,1,7182,34.9,8044,38.4
19,2,6,100,16,5,add_lane,2,7182,34.9,8906,41.9
19,2,6,100,16,5,change_speed,-10,7182,34.9,6823,28.3
19,2,6,100,16,5,change_speed,0,7182,34.9,7182,31.4
19,2,6,100,16,5,change_speed,10,7182,34.9,7541,34.6
19,2,6,100,16,6,add_lane,0,6310,48.6,6310,48.6
19,2,6,100,16,6,add_lane,1,6310,48.6,7067,53.5
19,2,6,100,16,6,add_lane,2,6310,48.6,7824,58.3
19,2,6,100,16,6,change_speed,-10,6310,48.6,5994,39.4
19,2,6,100,16,6,change_speed,0,6310,48.6,6310,43.7
19,2,6,100,16,6,change_speed,10,6310,48.6,6626,48.1
19,2,6,100,17,0,add_lane,0,5845,51.9,5845,51.9
19,2,6,100,17,0,add_lane,1,5845,51.9,6546,57.1
19,2,6,100,17,0,add_lane,2,5845,51.9,7248,62.3
19,2,6,100,17,0,change_speed,-10,5845,51.9,5553,42.0
19,2,6,100,17,0,change_speed,0,5845,51.9,5845,46.7
19,2,6,100,17,0,change_speed,10,5845,51.9,6137,51.4
19,2,6,100,17,1,add_lane,0,11880,16.8,11880,16.8
19,2,6,100,17,1,add_lane,1,11880,16.8,13306,18.5
19,2,6,100,17,1,add_lane,2,11880,16.8,14731,20.2
19,2,6,100,17,1,change_speed,-10,11880,16.8,11286,13.6
19,2,6,100,17,1,change_speed,0,11880,16.8,11880,15.1
19,2,6,100,17,1,change_speed,10,11880,16.8,12474,16.6
19,2,6,100,17,2,add_lane,0,11524,20.0,11524,20.0
19,2,6,100,17,2,add_lane,1,11524,20.0,12907,22.0
19,2,6,100,17,2,add_lane,2,11524,20.0,14290,24.0
19,2,6,100,17,2,change_speed,-10,11524,20.0,10948,16.2
19,2,6,100,17,2,change_speed,0,11524,20.0,11524,18.0
19,2,6,100,17,2,change_speed,10,11524,20.0,12100,19.8
19,2,6,100,17,3,add_lane,0,11524,19.9,11524,19.9
19,2,6,100,17,3,add_lane,1,11524,19.9,12907,21.9
19,2,6,100,17,3,add_lane,2,11524,19.9,14290,23.9
19,2,6,100,17,3,change_speed,-10,11524,19.9,10948,16.1
19,2,6,100,17,3,change_speed,0,11524,19.9,11524,17.9
19,2,6,100,17,3,change_speed,10,11524,19.9,12100,19.7
19,2,6,100,17,4,add_lane,0,11524,19.2,11524,19.2
19,2,6,100,17,4,add_lane,1,11524,19.2,12907,21.1
19,2,6,100,17,4,add_lane,2,11524,19.2,14290,23.0
19,2,6,100,17,4,change_speed,-10,11524,19.2,10948,15.6
19,2,6,100,17,4,change_speed,0,11524,19.2,11524,17.3
19,2,6,100,17,4,change_speed,10,11524,19.2,12100,19.0
19,2,6,100,17,5,add_lane,0,8316,29.4,8316,29.4
19,2,6,100,17,5,add_lane,1,8316,29.4,9314,32.3
19,2,6,100,17,5,add_lane,2,8316,29.4,10312,35.3
19,2,6,100,17,5,change_speed,-10,8316,29.4,7900,23.8
19,2,6,100,17,5,change_speed,0,8316,29.4,8316,26.5
19,2,6,100,17,5,change_speed,10,8316,29.4,8732,29.1
19,2,6,100,17,6,add_lane,0,7306,39.1,7306,39.1
19,2,6,100,17,6,add_lane,1,7306,39.1,8183,43.0
19,2,6,100,17,6,add_lane,2,7306,39.1,9059,46.9
19,2,6,100,17,6,change_speed,-10,7306,39.1,6941,31.7
19,2,6,100,17,6,change_speed,0,7306,39.1,7306,35.2
19,2,6,100,17,6,change_speed,10,7306,39.1,7671,38.7
19,2,6,100,18,0,add_lane,0,5579,58.5,5579,58.5
19,2,6,100,18,0,add_lane,1,5579,58.5,6248,64.4
19,2,6,100,18,0,add_lane,2,5579,58.5,6918,70.2
19,2,6,100,18,0,change_speed,-10,5579,58.5,5300,47.4
19,2,6,100,18,0,change_speed,0,5579,58.5,5579,52.6
19,2,6,100,18,0,change_speed,10,5579,58.5,5858,57.9
19,2,6,100,18,1,add_lane,0,11340,23.5,11340,23.5
19,2,6,100,18,1,add_lane,1,11340,23.5,12701,25.9
19,2,6,100,18,1,add_lane,2,11340,23.5,14062,28.2
19,2,6,100,18,1,change_speed,-10,11340,23.5,10773,19.0
19,2,6,100,18,1,change_speed,0,11340,23.5,11340,21.2
19,2,6,100,18,1,change_speed,10,11340,23.5,11907,23.3
19,2,6,100,18,2,add_lane,0,11000,23.4,11000,23.4
19,2,6,100,18,2,add_lane,1,11000,23.4,12320,25.7
19,2,6,100,18,2,add_lane,2,11000,23.4,13640,28.1
19,2,6,100,18,2,change_speed,-10,11000,23.4,10450,19.0
19,2,6,100,18,2,change_speed,0,11000,23.4,11000,21.1
19,2,6,100,18,2,change_speed,10,11000,23.4,11550,23.2
19,2,6,100,18,3,add_lane,0,11000,24.6,11000,24.6
19,2,6,100,18,3,add_lane,1,11000,24.6,12320,27.1
19,2,6,100,18,3,add_lane,2,11000,24.6,13640,29.5
19,2,6,100,18,3,change_speed,-10,11000,24.6,10450,19.9
19,2,6,100,18,3,change_speed,0,11000,24.6,11000,22.1
19,2,6,100,18,3,change_speed,10,11000,24.6,11550,24.4
19,2,6,100,18,4,add_lane,0,11000,22.6,11000,22.6
19,2,6,100,18,4,add_lane,1,11000,22.6,12320,24.9
19,2,6,100,18,4,add_lane,2,11000,22.6,13640,27.1
19,2,6,100,18,4,change_speed,-10,11000,22.6,10450,18.3
19,2,6,100,18,4,change_speed,0,11000,22.6,11000,20.3
19,2,6,100,18,4,change_speed,10,11000,22.6,11550,22.4
19,2,6,100,18,5,add_lane,0,7938,31.0,7938,31.0
19,2,6,100,18,5,add_lane,1,7938,31.0,8891,34.1
19,2,6,100,18,5,add_lane,2,7938,31.0,9843,37.2
19,2,6,100,18,5,change_speed,-10,7938,31.0,7541,25.1
19,2,6,100,18,5,change_speed,0,7938,31.0,7938,27.9
19,2,6,100,18,5,change_speed,10,7938,31.0,8335,30.7
19,2,6,100,18,6,add_lane,0,6974,47.4,6974,47.4
19,2,6,100,18,6,add_lane,1,6974,47.4,7811,52.1
19,2,6,100,18,6,add_lane,2,6974,47.4,8648,56.9
19,2,6,100,18,6,change_speed,-10,6974,47.4,6625,38.4
19,2,6,100,18,6,change_speed,0,6974,47.4,6974,42.7
19,2,6,100,18,6,change_speed,10,6974,47.4,7323,46.9
19,2,6,100,19,0,add_lane,0,4782,63.2,4782,63.2
19,2,6,100,19,0,add_lane,1,4782,63.2,5356,69.5
19,2,6,100,19,0,add_lane,2,4782,63.2,5930,75.8
19,2,6,100,19,0,change_speed,-10,4782,63.2,4543,51.2
19,2,6,100,19,0,change_speed,0,4782,63.2,4782,56.9
19,2,6,100,19,0,change_speed,10,4782,63.2,5021,62.6
19,2,6,100,19,1,add_lane,0,9720,35.0,9720,35.0
19,2,6,100,19,1,add_lane,1,9720,35.0,10886,38.5
19,2,6,100,19,1,add_lane,2,9720,35.0,12053,42.0
19,2,6,100,19,1,change_speed,-10,9720,35.0,9234,28.4
19,2,6,100,19,1,change_speed,0,9720,35.0,9720,31.5
19,2,6,100,19,1,change_speed,10,9720,35.0,10206,34.6
19,2,6,100,19,2,add_lane,0,9428,33.2,9428,33.2
19,2,6,100,19,2,add_lane,1,9428,33.2,10559,36.5
19,2,6,100,19,2,add_lane,2,9428,33.2,11691,39.8
19,2,6,100,19,2,change_speed,-10,9428,33.2,8957,26.9
19,2,6,100,19,2,change_speed,0,9428,33.2,9428,29.9
19,2,6,100,19,2,change_speed,10,9428,33.2,9899,32.9
19,2,6,100,19,3,add_lane,0,9428,37.2,9428,37.2
19,2,6,100,19,3,add_lane,1,9428,37.2,10559,40.9
19,2,6,100,19,3,add_lane,2,9428,37.2,11691,44.6
19,2,6,100,19,3,change_speed,-10,9428,37.2,8957,30.1
19,2,6,100,19,3,change_speed,0,9428,37.2,9428,33.5
19,2,6,100,19,3,change_speed,10,9428,37.2,9899,36.8
19,2,6,100,19,4,add_lane,0,9428,34.7,9428,34.7
19,2,6,100,19,4,add_lane,1,9428,34.7,10559,38.2
19,2,6,100,19,4,add_lane,2,9428,34.7,11691,41.6
19,2,6,100,19,4,change_speed,-10,9428,34.7,8957,28.1
19,2,6,100,19,4,change_speed,0,9428,34.7,9428,31.2
19,2,6,100,19,4,change_speed,10,9428,34.7,9899,34.4
19,2,6,100,19,5,add_lane,0,6804,39.3,6804,39.3
19,2,6,100,19,5,add_lane,1,6804,39.3,7620,43.2
19,2,6,100,19,5,add_lane,2,6804,39.3,8437,47.2
19,2,6,100,19,5,change_speed,-10,6804,39.3,6464,31.8
19,2,6,100,19,5,change_speed,0,6804,39.3,6804,35.4
19,2,6,100,19,5,change_speed,10,6804,39.3,7144,38.9
19,2,6,100,19,6,add_lane,0,5978,54.8,5978,54.8
19,2,6,100,19,6,add_lane,1,5978,54.8,6695,60.3
19,2,6,100,19,6,add_lane,2,5978,54.8,7413,65.8
19,2,6,100,19,6,change_speed,-10,5978,54.8,5679,44.4
19,2,6,100,19,6,change_speed,0,5978,54.8,5978,49.3
19,2,6,100,19,6,change_speed,10,5978,54.8,6277,54.3
19,2,6,100,20,0,add_lane,0,3720,71.4,3720,71.4
19,2,6,100,20,0,add_lane,1,3720,71.4,4166,78.5
19,2,6,100,20,0,add_lane,2,3720,71.4,4613,85.7
19,2,6,100,20,0,change_speed,-10,3720,71.4,3534,57.8
19,2,6,100,20,0,change_speed,0,3720,71.4,3720,64.3
19,2,6,100,20,0,change_speed,10,3720,71.4,3906,70.7
19,2,6,100,20,1,add_lane,0,7560,49.1,7560,49.1
19,2,6,100,20,1,add_lane,1,7560,49.1,8467,54.0
19,2,6,100,20,1,add_lane,2,7560,49.1,9374,58.9
19,2,6,100,20,1,change_speed,-10,7560,49.1,7182,39.8
19,2,6,100,20,1,change_speed,0,7560,49.1,7560,44.2
19,2,6,100,20,1,change_speed,10,7560,49.1,7938,48.6
19,2,6,100,20,2,add_lane,0,7333,50.4,7333,50.4
19,2,6,100,20,2,add_lane,1,7333,50.4,8213,55.4
19,2,6,100,20,2,add_lane,2,7333,50.4,9093,60.5
19,2,6,100,20,2,change_speed,-10,7333,50.4,6966,40.8
19,2,6,100,20,2,change_speed,0,7333,50.4,7333,45.4
19,2,6,100,20,2,change_speed,10,7333,50.4,7700,49.9
19,2,6,100,20,3,add_lane,0,7333,49.0,7333,49.0
19,2,6,100,20,3,add_lane,1,7333,49.0,8213,53.9
19,2,6,100,20,3,add_lane,2,7333,49.0,9093,58.8
19,2,6,100,20,3,change_speed,-10,7333,49.0,6966,39.7
19,2,6,100,20,3,change_speed,0,7333,49.0,7333,44.1
19,2,6,100,20,3,change_speed,10,7333,49.0,7700,48.5
19,2,6,100,20,4,add_lane,0,7333,54.1,7333,54.1
19,2,6,100,20,4,add_lane,1,7333,54.1,8213,59.5
19,2,6,100,20,4,add_lane,2,7333,54.1,9093,64.9
19,2,6,100,20,4,change_speed,-10,7333,54.1,6966,43.8
19,2,6,100,20,4,change_speed,0,7333,54.1,7333,48.7
19,2,6,100,20,4,change_speed,10,7333,54.1,7700,53.6
19,2,6,100,20,5,add_lane,0,5292,44.7,5292,44.7
19,2,6,100,20,5,add_lane,1,5292,44.7,5927,49.2
19,2,6,100,20,5,add_lane,2,5292,44.7,6562,53.6
19,2,6,100,20,5,change_speed,-10,5292,44.7,5027,36.2
19,2,6,100,20,5,change_speed,0,5292,44.7,5292,40.2
19,2,6,100,20,5,change_speed,10,5292,44.7,5557,44.3
19,2,6,100,20,6,add_lane,0,4649,61.6,4649,61.6
19,2,6,100,20,6,add_lane,1,4649,61.6,5207,67.8
19,2,6,100,20,6,add_lane,2,4649,61.6,5765,73.9
19,2,6,100,20,6,change_speed,-10,4649,61.6,4417,49.9
19,2,6,100,20,6,change_speed,0,4649,61.6,4649,55.4
19,2,6,100,20,6,change_speed,10,4649,61.6,4881,61.0
19,2,6,100,21,0,add_lane,0,2657,77.2,2657,77.2
19,2,6,100,21,0,add_lane,1,2657,77.2,2976,84.9
19,2,6,100,21,0,add_lane,2,2657,77.2,3295,92.6
19,2,6,100,21,0,change_speed,-10,2657,77.2,2524,62.5
19,2,6,100,21,0,change_speed,0,2657,77.2,2657,69.5
19,2,6,100,21,0,change_speed,10,2657,77.2,2790,76.4
19,2,6,100,21,1,add_lane,0,5400,71.2,5400,71.2
19,2,6,100,21,1,add_lane,1,5400,71.2,6048,78.3
19,2,6,100,21,1,add_lane,2,5400,71.2,6696,85.4
19,2,6,100,21,1,change_speed,-10,5400,71.2,5130,57.7
19,2,6,100,21,1,change_speed,0,5400,71.2,5400,64.1
19,2,6,100,21,1,change_speed,10,5400,71.2,5670,70.5
19,2,6,100,21,2,add_lane,0,5238,58.6,5238,58.6
19,2,6,100,21,2,add_lane,1,5238,58.6,5867,64.5
19,2,6,100,21,2,add_lane,2,5238,58.6,6495,70.3
19,2,6,100,21,2,change_speed,-10,5238,58.6,4976,47.5
19,2,6,100,21,2,change_speed,0,5238,58.6,5238,52.7
19,2,6,100,21,2,change_speed,10,5238,58.6,5500,58.0
19,2,6,100,21,3,add_lane,0,5238,62.0,5238,62.0
19,2,6,100,21,3,add_lane,1,5238,62.0,5867,68.2
19,2,6,100,21,3,add_lane,2,5238,62.0,6495,74.4
19,2,6,100,21,3,change_speed,-10,5238,62.0,4976,50.2
19,2,6,100,21,3,change_speed,0,5238,62.0,5238,55.8
19,2,6,100,21,3,change_speed,10,5238,62.0,5500,61.4
19,2,6,100,21,4,add_lane,0,5238,64.8,5238,64.8
19,2,6,100,21,4,add_lane,1,5238,64.8,5867,71.3
19,2,6,100,21,4,add_lane,2,5238,64.8,6495,77.8
19,2,6,100,21,4,change_speed,-10,5238,64.8,4976,52.5
19,2,6,100,21,4,change_speed,0,5238,64.8,5238,58.3
19,2,6,100,21,4,change_speed,10,5238,64.8,5500,64.2
19,2,6,100,21,5,add_lane,0,3780,54.8,3780,54.8
19,2,6,100,21,5,add_lane,1,3780,54.8,4234,60.3
19,2,6,100,21,5,add_lane,2,3780,54.8,4687,65.8
19,2,6,100,21,5,change_speed,-10,3780,54.8,3591,44.4
19,2,6,100,21,5,change_speed,0,3780,54.8,3780,49.3
19,2,6,100,21,5,change_speed,10,3780,54.8,3969,54.3
19,2,6,100,21,6,add_lane,0,3321,68.0,3321,68.0
19,2,6,100,21,6,add_lane,1,3321,68.0,3720,74.8
19,2,6,100,21,6,add_lane,2,3321,68.0,4118,81.6
19,2,6,100,21,6,change_speed,-10,3321,68.0,3155,55.1
19,2,6,100,21,6,change_speed,0,3321,68.0,3321,61.2
19,2,6,100,21,6,change_speed,10,3321,68.0,3487,67.3
19,2,6,100,22,0,add_lane,0,1860,80.8,1860,80.8
19,2,6,100,22,0,add_lane,1,1860,80.8,2083,88.9
19,2,6,100,22,0,add_lane,2,1860,80.8,2306,97.0
19,2,6,100,22,0,change_speed,-10,1860,80.8,1767,65.4
19,2,6,100,22,0,change_speed,0,1860,80.8,1860,72.7
19,2,6,100,22,0,change_speed,10,1860,80.8,1953,80.0
19,2,6,100,22,1,add_lane,0,3780,83.3,3780,83.3
19,2,6,100,22,1,add_lane,1,3780,83.3,4234,91.6
19,2,6,100,22,1,add_lane,2,3780,83.3,4687,100.0
19,2,6,100,22,1,change_speed,-10,3780,83.3,3591,67.5
19,2,6,100,22,1,change_speed,0,3780,83.3,3780,75.0
19,2,6,100,22,1,change_speed,10,3780,83.3,3969,82.5
19,2,6,100,22,2,add_lane,0,3667,80.8,3667,80.8
19,2,6,100,22,2,add_lane,1,3667,80.8,4107,88.9
19,2,6,100,22,2,add_lane,2,3667,80.8,4547,97.0
19,2,6,100,22,2,change_speed,-10,3667,80.8,3484,65.4
19,2,6,100,22,2,change_speed,0,3667,80.8,3667,72.7
19,2,6,100,22,2,change_speed,10,3667,80.8,3850,80.0
19,2,6,100,22,3,add_lane,0,3667,77.1,3667,77.1
19,2,6,100,22,3,add_lane,1,3667,77.1,4107,84.8
19,2,6,100,22,3,add_lane,2,3667,77.1,4547,92.5
19,2,6,100,22,3,change_speed,-10,3667,77.1,3484,62.5
19,2,6,100,22,3,change_speed,0,3667,77.1,3667,69.4
19,2,6,100,22,3,change_speed,10,3667,77.1,3850,76.3
19,2,6,100,22,4,add_lane,0,3667,77.7,3667,77.7
19,2,6,100,22,4,add_lane,1,3667,77.7,4107,85.5
19,2,6,100,22,4,add_lane,2,3667,77.7,4547,93.2
19,2,6,100,22,4,change_speed,-10,3667,77.7,3484,62.9
19,2,6,100,22,4,change_speed,0,3667,77.7,3667,69.9
19,2,6,100,22,4,change_speed,10,3667,77.7,3850,76.9
19,2,6,100,22,5,add_lane,0,2646,56.6,2646,56.6
19,2,6,100,22,5,add_lane,1,2646,56.6,2964,62.3
19,2,6,100,22,5,add_lane,2,2646,56.6,3281,67.9
19,2,6,100,22,5,change_speed,-10,2646,56.6,2514,45.8
19,2,6,100,22,5,change_speed,0,2646,56.6,2646,50.9
19,2,6,100,22,5,change_speed,10,2646,56.6,2778,56.0
19,2,6,100,22,6,add_lane,0,2325,73.3,2325,73.3
19,2,6,100,22,6,add_lane,1,2325,73.3,2604,80.6
19,2,6,100,22,6,add_lane,2,2325,73.3,2883,88.0
19,2,6,100,22,6,change_speed,-10,2325,73.3,2209,59.4
19,2,6,100,22,6,change_speed,0,2325,73.3,2325,66.0
19,2,6,100,22,6,change_speed,10,2325,73.3,2441,72.6
19,2,6,100,23,0,add_lane,0,1328,80.2,1328,80.2
19,2,6,100,23,0,add_lane,1,1328,80.2,1487,88.2
19,2,6,100,23,0,add_lane,2,1328,80.2,1647,96.2
19,2,6,100,23,0,change_speed,-10,1328,80.2,1262,65.0
19,2,6,100,23,0,change_speed,0,1328,80.2,1328,72.2
19,2,6,100,23,0,change_speed,10,1328,80.2,1394,79.4
19,2,6,100,23,1,add_lane,0,2700,89.2,2700,89.2
19,2,6,100,23,1,add_lane,1,2700,89.2,3024,98.1
19,2,6,100,23,1,add_lane,2,2700,89.2,3348,107.0
19,2,6,100,23,1,change_speed,-10,2700,89.2,2565,72.3
19,2,6,100,23,1,change_speed,0,2700,89.2,2700,80.3
19,2,6,100,23,1,change_speed,10,2700,89.2,2835,88.3
19,2,6,100,23,2,add_lane,0,2619,90.1,2619,90.1
19,2,6,100,23,2,add_lane,1,2619,90.1,2933,99.1
19,2,6,100,23,2,add_lane,2,2619,90.1,3248,108.1
19,2,6,100,23,2,change_speed,-10,2619,90.1,2488,73.0
19,2,6,100,23,2,change_speed,0,2619,90.1,2619,81.1
19,2,6,100,23,2,change_speed,10,2619,90.1,2750,89.2
19,2,6,100,23,3,add_lane,0,2619,80.7,2619,80.7
19,2,6,100,23,3,add_lane,1,2619,80.7,2933,88.8
19,2,6,100,23,3,add_lane,2,2619,80.7,3248,96.8
19,2,6,100,23,3,change_speed,-10,2619,80.7,2488,65.4
19,2,6,100,23,3,change_speed,0,2619,80.7,2619,72.6
19,2,6,100,23,3,change_speed,10,2619,80.7,2750,79.9
19,2,6,100,23,4,add_lane,0,2619,92.9,2619,92.9
19,2,6,100,23,4,add_lane,1,2619,92.9,2933,102.2
19,2,6,100,23,4,add_lane,2,2619,92.9,3248,111.5
19,2,6,100,23,4,change_speed,-10,2619,92.9,2488,75.2
19,2,6,100,23,4,change_speed,0,2619,92.9,2619,83.6
19,2,6,100,23,4,change_speed,10,2619,92.9,2750,92.0
19,2,6,100,23,5,add_lane,0,1890,62.7,1890,62.7
19,2,6,100,23,5,add_lane,1,1890,62.7,2117,69.0
19,2,6,100,23,5,add_lane,2,1890,62.7,2344,75.2
19,2,6,100,23,5,change_speed,-10,1890,62.7,1796,50.8
19,2,6,100,23,5,change_speed,0,1890,62.7,1890,56.4
19,2,6,100,23,5,change_speed,10,1890,62.7,1984,62.1
19,2,6,100,23,6,add_lane,0,1660,70.4,1660,70.4
19,2,6,100,23,6,add_lane,1,1660,70.4,1859,77.4
19,2,6,100,23,6,add_lane,2,1660,70.4,2058,84.5
19,2,6,100,23,6,change_speed,-10,1660,70.4,1577,57.0
19,2,6,100,23,6,change_speed,0,1660,70.4,1660,63.4
19,2,6,100,23,6,change_speed,10,1660,70.4,1743,69.7
20,0,4,60,0,0,add_lane,0,266,53.3,266,53.3
20,0,4,60,0,0,add_lane,1,266,53.3,298,58.6
20,0,4,60,0,0,add_lane,2,266,53.3,330,64.0
20,0,4,60,0,0,change_speed,-10,266,53.3,244,40.0
20,0,4,60,0,0,change_speed,0,266,53.3,266,48.0
20,0,4,60,0,0,change_speed,10,266,53.3,288,56.0
20,0,4,60,0,1,add_lane,0,540,63.2,540,63.2
20,0,4,60,0,1,add_lane,1,540,63.2,605,69.5
20,0,4,60,0,1,add_lane,2,540,63.2,670,75.8
20,0,4,60,0,1,change_speed,-10,540,63.2,495,47.4
20,0,4,60,0,1,change_speed,0,540,63.2,540,56.9
20,0,4,60,0,1,change_speed,10,540,63.2,585,66.4
20,0,4,60,0,2,add_lane,0,524,60.0,524,60.0
20,0,4,60,0,2,add_lane,1,524,60.0,587,66.0
20,0,4,60,0,2,add_lane,2,524,60.0,650,72.0
20,0,4,60,0,2,change_speed,-10,524,60.0,480,45.0
20,0,4,60,0,2,change_speed,0,524,60.0,524,54.0
20,0,4,60,0,2,change_speed,10,524,60.0,568,63.0
20,0,4,60,0,3,add_lane,0,524,59.8,524,59.8
20,0,4,60,0,3,add_lane,1,524,59.8,587,65.8
20,0,4,60,0,3,add_lane,2,524,59.8,650,71.8
20,0,4,60,0,3,change_speed,-10,524,59.8,480,44.9
20,0,4,60,0,3,change_speed,0,524,59.8,524,53.8
20,0,4,60,0,3,change_speed,10,524,59.8,568,62.8
20,0,4,60,0,4,add_lane,0,524,58.4,524,58.4
20,0,4,60,0,4,add_lane,1,524,58.4,587,64.2
20,0,4,60,0,4,add_lane,2,524,58.4,650,70.1
20,0,4,60,0,4,change_speed,-10,524,58.4,480,43.8
20,0,4,60,0,4,change_speed,0,524,58.4,524,52.6
20,0,4,60,0,4,change_speed,10,524,58.4,568,61.3
20,0,4,60,0,5,add_lane,0,378,39.2,378,39.2
20,0,4,60,0,5,add_lane,1,378,39.2,423,43.1
20,0,4,60,0,5,add_lane,2,378,39.2,469,47.0
20,0,4,60,0,5,change_speed,-10,378,39.2,346,29.4
20,0,4,60,0,5,change_speed,0,378,39.2,378,35.3
20,0,4,60,0,5,change_speed,10,378,39.2,410,41.2
20,0,4,60,0,6,add_lane,0,332,46.8,332,46.8
20,0,4,60,0,6,add_lane,1,332,46.8,372,51.5
20,0,4,60,0,6,add_lane,2,332,46.8,412,56.2
20,0,4,60,0,6,change_speed,-10,332,46.8,304,35.1
20,0,4,60,0,6,change_speed,0,332,46.8,332,42.1
20,0,4,60,0,6,change_speed,10,332,46.8,360,49.1
20,0,4,60,1,0,add_lane,0,213,54.8,213,54.8
20,0,4,60,1,0,add_lane,1,213,54.8,239,60.3
20,0,4,60,1,0,add_lane,2,213,54.8,264,65.8
20,0,4,60,1,0,change_speed,-10,213,54.8,195,41.1
20,0,4,60,1,0,change_speed,0,213,54.8,213,49.3
20,0,4,60,1,0,change_speed,10,213,54.8,231,57.5
20,0,4,60,1,1,add_lane,0,432,60.7,432,60.7
20,0,4,60,1,1,add_lane,1,432,60.7,484,66.8
20,0,4,60,1,1,add_lane,2,432,60.7,536,72.8
20,0,4,60,1,1,change_speed,-10,432,60.7,396,45.5
20,0,4,60,1,1,change_speed,0,432,60.7,432,54.6
20,0,4,60,1,1,change_speed,10,432,60.7,468,63.7
20,0,4,60,1,2,add_lane,0,419,56.5,419,56.5
20,0,4,60,1,2,add_lane,1,419,56.5,469,62.2
20,0,4,60,1,2,add_lane,2,419,56.5,520,67.8
20,0,4,60,1,2,change_speed,-10,419,56.5,384,42.4
20,0,4,60,1,2,change_speed,0,419,56.5,419,50.9
20,0,4,60,1,2,change_speed,10,419,56.5,454,59.3
20,0,4,60,1,3,add_lane,0,419,64.0,419,64.0
20,0,4,60,1,3,add_lane,1,419,64.0,469,70.4
20,0,4,60,1,3,add_lane,2,419,64.0,520,76.8
20,0,4,60,1,3,change_speed,-10,419,64.0,384,48.0
20,0,4,60,1,3,change_speed,0,419,64.0,419,57.6
20,0,4,60,1,3,change_speed,10,419,64.0,454,67.2
20,0,4,60,1,4,add_lane,0,419,54.0,419,54.0
20,0,4,60,1,4,add_lane,1,419,54.0,469,59.4
20,0,4,60,1,4,add_lane,2,419,54.0,520,64.8
20,0,4,60,1,4,change_speed,-10,419,54.0,384,40.5
20,0,4,60,1,4,change_speed,0,419,54.0,419,48.6
20,0,4,60,1,4,change_speed,10,419,54.0,454,56.7
20,0,4,60,1,5,add_lane,0,302,44.6,302,44.6
20,0,4,60,1,5,add_lane,1,302,44.6,338,49.1
20,0,4,60,1,5,add_lane,2,302,44.6,374,53.5
20,0,4,60,1,5,change_speed,-10,302,44.6,277,33.5
20,0,4,60,1,5,change_speed,0,302,44.6,302,40.1
20,0,4,60,1,5,change_speed,10,302,44.6,327,46.8
20,0,4,60,1,6,add_lane,0,266,53.6,266,53.6
20,0,4,60,1,6,add_lane,1,266,53.6,298,59.0
20,0,4,60,1,6,add_lane,2,266,53.6,330,64.3
20,0,4,60,1,6,change_speed,-10,266,53.6,244,40.2
20,0,4,60,1,6,change_speed,0,266,53.6,266,48.2
20,0,4,60,1,6,change_speed,10,266,53.6,288,56.3
20,0,4,60,2,0,add_lane,0,177,49.6,177,49.6
20,0,4,60,2,0,add_lane,1,177,49.6,198,54.6
20,0,4,60,2,0,add_lane,2,177,49.6,219,59.5
20,0,4,60,2,0,change_speed,-10,177,49.6,162,37.2
20,0,4,60,2,0,change_speed,0,177,49.6,177,44.6
20,0,4,60,2,0,change_speed,10,177,49.6,192,52.1
20,0,4,60,2,1,add_lane,0,360,60.3,360,60.3
20,0,4,60,2,1,add_lane,1,360,60.3,403,66.3
20,0,4,60,2,1,add_lane,2,360,60.3,446,72.4
20,0,4,60,2,1,change_speed,-10,360,60.3,330,45.2
20,0,4,60,2,1,change_speed,0,360,60.3,360,54.3
20,0,4,60,2,1,change_speed,10,360,60.3,390,63.3
20,0,4,60,2,2,add_lane,0,349,62.0,349,62.0
20,0,4,60,2,2,add_lane,1,349,62.0,391,68.2
20,0,4,60,2,2,add_lane,2,349,62.0,433,74.4
20,0,4,60,2,2,change_speed,-10,349,62.0,320,46.5
20,0,4,60,2,2,change_speed,0,349,62.0,349,55.8
20,0,4,60,2,2,change_speed,10,349,62.0,378,65.1
20,0,4,60,2,3,add_lane,0,349,59.8,349,59.8
20,0,4,60,2,3,add_lane,1,349,59.8,391,65.8
20,0,4,60,2,3,add_lane,2,349,59.8,433,71.8
20,0,4,60,2,3,change_speed,-10,349,59.8,320,44.9
20,0,4,60,2,3,change_speed,0,349,59.8,349,53.8
20,0,4,60,2,3,change_speed,10,349,59.8,378,62.8
20,0,4,60,2,4,add_lane,0,349,65.3,349,65.3
20,0,4,60,2,4,add_lane,1,349,65.3,391,71.8
20,0,4,60,2,4,add_lane,2,349,65.3,433,78.4
20,0,4,60,2,4,change_speed,-10,349,65.3,320,49.0
20,0,4,60,2,4,change_speed,0,349,65.3,349,58.8
20,0,4,60,2,4,change_speed,10,349,65.3,378,68.6
20,0,4,60,2,5,add_lane,0,252,39.7,252,39.7
20,0,4,60,2,5,add_lane,1,252,39.7,282,43.7
20,0,4,60,2,5,add_lane,2,252,39.7,312,47.6
20,0,4,60,2,5,change_speed,-10,252,39.7,231,29.8
20,0,4,60,2,5,change_speed,0,252,39.7,252,35.7
20,0,4,60,2,5,change_speed,10,252,39.7,273,41.7
20,0,4,60,2,6,add_lane,0,221,51.0,221,51.0
20,0,4,60,2,6,add_lane,1,221,51.0,248,56.1
20,0,4,60,2,6,add_lane,2,221,51.0,274,61.2
20,0,4,60,2,6,change_speed,-10,221,51.0,203,38.2
20,0,4,60,2,6,change_speed,0,221,51.0,221,45.9
20,0,4,60,2,6,change_speed,10,221,51.0,239,53.6
20,0,4,60,3,0,add_lane,0,142,53.5,142,53.5
20,0,4,60,3,0,add_lane,1,142,53.5,159,58.9
20,0,4,60,3,0,add_lane,2,142,53.5,176,64.2
20,0,4,60,3,0,change_speed,-10,142,53.5,130,40.1
20,0,4,60,3,0,change_speed,0,142,53.5,142,48.1
20,0,4,60,3,0,change_speed,10,142,53.5,154,56.2
20,0,4,60,3,1,add_lane,0,288,66.9,288,66.9
20,0,4,60,3,1,add_lane,1,288,66.9,323,73.6
20,0,4,60,3,1,add_lane,2,288,66.9,357,80.3
20,0,4,60,3,1,change_speed,-10,288,66.9,264,50.2
20,0,4,60,3,1,change_speed,0,288,66.9,288,60.2
20,0,4,60,3,1,change_speed,10,288,66.9,312,70.2
20,0,4,60,3,2,add_lane,0,279,63.7,279,63.7
20,0,4,60,3,2,add_lane,1,279,63.7,312,70.1
20,0,4,60,3,2,add_lane,2,279,63.7,346,76.4
20,0,4,60,3,2,change_speed,-10,279,63.7,256,47.8
20,0,4,60,3,2,change_speed,0,279,63.7,279,57.3
20,0,4,60,3,2,change_speed,10,279,63.7,302,66.9
20,0,4,60,3,3,add_lane,0,279,61.4,279,61.4
20,0,4,60,3,3,add_lane,1,279,61.4,312,67.5
20,0,4,60,3,3,add_lane,2,279,61.4,346,73.7
20,0,4,60,3,3,change_speed,-10,279,61.4,256,46.0
20,0,4,60,3,3,change_speed,0,279,61.4,279,55.3
20,0,4,60,3,3,change_speed,10,279,61.4,302,64.5
20,0,4,60,3,4,add_lane,0,279,64.5,279,64.5
20,0,4,60,3,4,add_lane,1,279,64.5,312,71.0
20,0,4,60,3,4,add_lane,2,279,64.5,346,77.4
20,0,4,60,3,4,change_speed,-10,279,64.5,256,48.4
20,0,4,60,3,4,change_speed,0,279,64.5,279,58.1
20,0,4,60,3,4,change_speed,10,279,64.5,302,67.7
20,0,4,60,3,5,add_lane,0,202,41.2,202,41.2
20,0,4,60,3,5,add_lane,1,202,41.2,226,45.3
20,0,4,60,3,5,add_lane,2,202,41.2,250,49.4
20,0,4,60,3,5,change_speed,-10,202,41.2,185,30.9
20,0,4,60,3,5,change_speed,0,202,41.2,202,37.1
20,0,4,60,3,5,change_speed,10,202,41.2,219,43.3
20,0,4,60,3,6,add_lane,0,177,47.6,177,47.6
20,0,4,60,3,6,add_lane,1,177,47.6,198,52.4
20,0,4,60,3,6,add_lane,2,177,47.6,219,57.1
20,0,4,60,3,6,change_speed,-10,177,47.6,162,35.7
20,0,4,60,3,6,change_speed,0,177,47.6,177,42.8
20,0,4,60,3,6,change_speed,10,177,47.6,192,50.0
20,0,4,60,4,0,add_lane,0,177,54.7,177,54.7
20,0,4,60,4,0,add_lane,1,177,54.7,198,60.2
20,0,4,60,4,0,add_lane,2,177,54.7,219,65.6
20,0,4,60,4,0,change_speed,-10,177,54.7,162,41.0
20,0,4,60,4,0,change_speed,0,177,54.7,177,49.2
20,0,4,60,4,0,change_speed,10,177,54.7,192,57.4
20,0,4,60,4,1,add_lane,0,360,62.6,360,62.6
20,0,4,60,4,1,add_lane,1,360,62.6,403,68.9
20,0,4,60,4,1,add_lane,2,360,62.6,446,75.1
20,0,4,60,4,1,change_speed,-10,360,62.6,330,47.0
20,0,4,60,4,1,change_speed,0,360,62.6,360,56.3
20,0,4,60,4,1,change_speed,10,360,62.6,390,65.7
20,0,4,60,4,2,add_lane,0,349,57.7,349,57.7
20,0,4,60,4,2,add_lane,1,349,57.7,391,63.5
20,0,4,60,4,2,add_lane,2,349,57.7,433,69.2
20,0,4,60,4,2,change_speed,-10,349,57.7,320,43.3
20,0,4,60,4,2,change_speed,0,349,57.7,349,51.9
20,0,4,60,4,2,change_speed,10,349,57.7,378,60.6
20,0,4,60,4,3,add_lane,0,349,60.0,349,60.0
20,0,4,60,4,3,add_lane,1,349,60.0,391,66.0
20,0,4,60,4,3,add_lane,2,349,60.0,433,72.0
20,0,4,60,4,3,change_speed,-10,349,60.0,320,45.0
20,0,4,60,4,3,change_speed,0,349,60.0,349,54.0
20,0,4,60,4,3,change_speed,10,349,60.0,378,63.0
20,0,4,60,4,4,add_lane,0,349,52.3,349,52.3
20,0,4,60,4,4,add_lane,1,349,52.3,391,57.5
20,0,4,60,4,4,add_lane,2,349,52.3,433,62.8
20,0,4,60,4,4,change_speed,-10,349,52.3,320,39.2
20,0,4,60,4,4,change_speed,0,349,52.3,349,47.1
20,0,4,60,4,4,change_speed,10,349,52.3,378,54.9
20,0,4,60,4,5,add_lane,0,252,41.0,252,41.0
20,0,4,60,4,5,add_lane,1,252,41.0,282,45.1
20,0,4,60,4,5,add_lane,2,252,41.0,312,49.2
20,0,4,60,4,5,change_speed,-10,252,41.0,231,30.8
20,0,4,60,4,5,change_speed,0,252,41.0,252,36.9
20,0,4,60,4,5,change_speed,10,252,41.0,273,43.1
20,0,4,60,4,6,add_lane,0,221,47.2,221,47.2
20,0,4,60,4,6,add_lane,1,221,47.2,248,51.9
20,0,4,60,4,6,add_lane,2,221,47.2,274,56.6
20,0,4,60,4,6,change_speed,-10,221,47.2,203,35.4
20,0,4,60,4,6,change_speed,0,221,47.2,221,42.5
20,0,4,60,4,6,change_speed,10,221,47.2,239,49.6
20,0,4,60,5,0,add_lane,0,354,52.6,354,52.6
20,0,4,60,5,0,add_lane,1,354,52.6,396,57.9
20,0,4,60,5,0,add_lane,2,354,52.6,439,63.1
20,0,4,60,5,0,change_speed,-10,354,52.6,324,39.5
20,0,4,60,5,0,change_speed,0,354,52.6,354,47.3
20,0,4,60,5,0,change_speed,10,354,52.6,384,55.2
20,0,4,60,5,1,add_lane,0,720,60.7,720,60.7
20,0,4,60,5,1,add_lane,1,720,60.7,806,66.8
20,0,4,60,5,1,add_lane,2,720,60.7,893,72.8
20,0,4,60,5,1,change_speed,-10,720,60.7,660,45.5
20,0,4,60,5,1,change_speed,0,720,60.7,720,54.6
20,0,4,60,5,1,change_speed,10,720,60.7,780,63.7
20,0,4,60,5,2,add_lane,0,698,61.3,698,61.3
20,0,4,60,5,2,add_lane,1,698,61.3,782,67.4
20,0,4,60,5,2,add_lane,2,698,61.3,866,73.6
20,0,4,60,5,2,change_speed,-10,698,61.3,640,46.0
20,0,4,60,5,2,change_speed,0,698,61.3,698,55.2
20,0,4,60,5,2,change_speed,10,698,61.3,756,64.4
20,0,4,60,5,3,add_lane,0,698,60.8,698,60.8
20,0,4,60,5,3,add_lane,1,698,60.8,782,66.9
20,0,4,60,5,3,add_lane,2,698,60.8,866,73.0
20,0,4,60,5,3,change_speed,-10,698,60.8,640,45.6
20,0,4,60,5,3,change_speed,0,698,60.8,698,54.7
20,0,4,60,5,3,change_speed,10,698,60.8,756,63.8
20,0,4,60,5,4,add_lane,0,698,57.6,698,57.6
20,0,4,60,5,4,add_lane,1,698,57.6,782,63.4
20,0,4,60,5,4,add_lane,2,698,57.6,866,69.1
20,0,4,60,5,4,change_speed,-10,698,57.6,640,43.2
20,0,4,60,5,4,change_speed,0,698,57.6,698,51.8
20,0,4,60,5,4,change_speed,10,698,57.6,756,60.5
20,0,4,60,5,5,add_lane,0,504,39.7,504,39.7
20,0,4,60,5,5,add_lane,1,504,39.7,564,43.7
20,0,4,60,5,5,add_lane,2,504,39.7,625,47.6
20,0,4,60,5,5,change_speed,-10,504,39.7,462,29.8
20,0,4,60,5,5,change_speed,0,504,39.7,504,35.7
20,0,4,60,5,5,change_speed,10,504,39.7,546,41.7
20,0,4,60,5,6,add_lane,0,443,52.2,443,52.2
20,0,4,60,5,6,add_lane,1,443,52.2,496,57.4
20,0,4,60,5,6,add_lane,2,443,52.2,549,62.6
20,0,4,60,5,6,change_speed,-10,443,52.2,406,39.2
20,0,4,60,5,6,change_speed,0,443,52.2,443,47.0
20,0,4,60,5,6,change_speed,10,443,52.2,480,54.8
20,0,4,60,6,0,add_lane,0,708,51.7,708,51.7
20,0,4,60,6,0,add_lane,1,708,51.7,793,56.9
20,0,4,60,6,0,add_lane,2,708,51.7,878,62.0
20,0,4,60,6,0,change_speed,-10,708,51.7,649,38.8
20,0,4,60,6,0,change_speed,0,708,51.7,708,46.5
20,0,4,60,6,0,change_speed,10,708,51.7,767,54.3
20,0,4,60,6,1,add_lane,0,1440,56.8,1440,56.8
20,0,4,60,6,1,add_lane,1,1440,56.8,1613,62.5
20,0,4,60,6,1,add_lane,2,1440,56.8,1786,68.2
20,0,4,60,6,1,change_speed,-10,1440,56.8,1320,42.6
20,0,4,60,6,1,change_speed,0,1440,56.8,1440,51.1
20,0,4,60,6,1,change_speed,10,1440,56.8,1560,59.6
20,0,4,60,6,2,add_lane,0,1397,55.1,1397,55.1
20,0,4,60,6,2,add_lane,1,1397,55.1,1565,60.6
20,0,4,60,6,2,add_lane,2,1397,55.1,1732,66.1
20,0,4,60,6,2,change_speed,-10,1397,55.1,1281,41.3
20,0,4,60,6,2,change_speed,0,1397,55.1,1397,49.6
20,0,4,60,6,2,change_speed,10,1397,55.1,1513,57.9
20,0,4,60,6,3,add_lane,0,1397,51.3,1397,51.3
20,0,4,60,6,3,add_lane,1,1397,51.3,1565,56.4
20,0,4,60,6,3,add_lane,2,1397,51.3,1732,61.6
20,0,4,60,6,3,change_speed,-10,1397,51.3,1281,38.5
20,0,4,60,6,3,change_speed,0,1397,51.3,1397,46.2
20,0,4,60,6,3,change_speed,10,1397,51.3,1513,53.9
20,0,4,60,6,4,add_lane,0,1397,53.3,1397,53.3
20,0,4,60,6,4,add_lane,1,1397,53.3,1565,58.6
20,0,4,60,6,4,add_lane,2,1397,53.3,1732,64.0
20,0,4,60,6,4,change_speed,-10,1397,53.3,1281,40.0
20,0,4,60,6,4,change_speed,0,1397,53.3,1397,48.0
20,0,4,60,6,4,change_speed,10,1397,53.3,1513,56.0
20,0,4,60,6,5,add_lane,0,1008,40.0,1008,40.0
20,0,4,60,6,5,add_lane,1,1008,40.0,1129,44.0
20,0,4,60,6,5,add_lane,2,1008,40.0,1250,48.0
20,0,4,60,6,5,change_speed,-10,1008,40.0,924,30.0
20,0,4,60,6,5,change_speed,0,1008,40.0,1008,36.0
20,0,4,60,6,5,change_speed,10,1008,40.0,1092,42.0
20,0,4,60,6,6,add_lane,0,886,50.3,886,50.3
20,0,4,60,6,6,add_lane,1,886,50.3,992,55.3
20,0,4,60,6,6,add_lane,2,886,50.3,1099,60.4
20,0,4,60,6,6,change_speed,-10,886,50.3,812,37.7
20,0,4,60,6,6,change_speed,0,886,50.3,886,45.3
20,0,4,60,6,6,change_speed,10,886,50.3,960,52.8
20,0,4,60,7,0,add_lane,0,1594,49.3,1594,49.3
20,0,4,60,7,0,add_lane,1,1594,49.3,1785,54.2
20,0,4,60,7,0,add_lane,2,1594,49.3,1977,59.2
20,0,4,60,7,0,change_speed,-10,1594,49.3,1461,37.0
20,0,4,60,7,0,change_speed,0,1594,49.3,1594,44.4
20,0,4,60,7,0,change_speed,10,1594,49.3,1727,51.8
20,0,4,60,7,1,add_lane,0,3240,44.0,3240,44.0
20,0,4,60,7,1,add_lane,1,3240,44.0,3629,48.4
20,0,4,60,7,1,add_lane,2,3240,44.0,4018,52.8
20,0,4,60,7,1,change_speed,-10,3240,44.0,2970,33.0
20,0,4,60,7,1,change_speed,0,3240,44.0,3240,39.6
20,0,4,60,7,1,change_speed,10,3240,44.0,3510,46.2
20,0,4,60,7,2,add_lane,0,3143,41.1,3143,41.1
20,0,4,60,7,2,add_lane,1,3143,41.1,3520,45.2
20,0,4,60,7,2,add_lane,2,3143,41.1,3897,49.3
20,0,4,60,7,2,change_speed,-10,3143,41.1,2881,30.8
20,0,4,60,7,2,change_speed,0,3143,41.1,3143,37.0
20,0,4,60,7,2,change_speed,10,3143,41.1,3405,43.2
20,0,4,60,7,3,add_lane,0,3143,36.3,3143,36.3
20,0,4,60,7,3,add_lane,1,3143,36.3,3520,39.9
20,0,4,60,7,3,add_lane,2,3143,36.3,3897,43.6
20,0,4,60,7,3,change_speed,-10,3143,36.3,2881,27.2
20,0,4,60,7,3,change_speed,0,3143,36.3,3143,32.7
20,0,4,60,7,3,change_speed,10,3143,36.3,3405,38.1
20,0,4,60,7,4,add_lane,0,3143,45.2,3143,45.2
20,0,4,60,7,4,add_lane,1,3143,45.2,3520,49.7
20,0,4,60,7,4,add_lane,2,3143,45.2,3897,54.2
20,0,4,60,7,4,change_speed,-10,3143,45.2,2881,33.9
20,0,4,60,7,4,change_speed,0,3143,45.2,3143,40.7
20,0,4,60,7,4,change_speed,10,3143,45.2,3405,47.5
20,0,4,60,7,5,add_lane,0,2268,31.9,2268,31.9
20,0,4,60,7,5,add_lane,1,2268,31.9,2540,35.1
20,0,4,60,7,5,add_lane,2,2268,31.9,2812,38.3
20,0,4,60,7,5,change_speed,-10,2268,31.9,2079,23.9
20,0,4,60,7,5,change_speed,0,2268,31.9,2268,28.7
20,0,4,60,7,5,change_speed,10,2268,31.9,2457,33.5
20,0,4,60,7,6,add_lane,0,1993,37.8,1993,37.8
20,0,4,60,7,6,add_lane,1,1993,37.8,2232,41.6
20,0,4,60,7,6,add_lane,2,1993,37.8,2471,45.4
20,0,4,60,7,6,change_speed,-10,1993,37.8,1827,28.4
20,0,4,60,7,6,change_speed,0,1993,37.8,1993,34.0
20,0,4,60,7,6,change_speed,10,1993,37.8,2159,39.7
20,0,4,60,8,0,add_lane,0,2125,46.2,2125,46.2
20,0,4,60,8,0,add_lane,1,2125,46.2,2380,50.8
20,0,4,60,8,0,add_lane,2,2125,46.2,2635,55.4
20,0,4,60,8,0,change_speed,-10,2125,46.2,1948,34.7
20,0,4,60,8,0,change_speed,0,2125,46.2,2125,41.6
20,0,4,60,8,0,change_speed,10,2125,46.2,2302,48.5
20,0,4,60,8,1,add_lane,0,4320,32.6,4320,32.6
20,0,4,60,8,1,add_lane,1,4320,32.6,4838,35.9
20,0,4,60,8,1,add_lane,2,4320,32.6,5357,39.1
20,0,4,60,8,1,change_speed,-10,4320,32.6,3960,24.5
20,0,4,60,8,1,change_speed,0,4320,32.6,4320,29.3
20,0,4,60,8,1,change_speed,10,4320,32.6,4680,34.2
20,0,4,60,8,2,add_lane,0,4190,33.6,4190,33.6
20,0,4,60,8,2,add_lane,1,4190,33.6,4693,37.0
20,0,4,60,8,2,add_lane,2,4190,33.6,5196,40.3
20,0,4,60,8,2,change_speed,-10,4190,33.6,3841,25.2
20,0,4,60,8,2,change_speed,0,4190,33.6,4190,30.2
20,0,4,60,8,2,change_speed,10,4190,33.6,4539,35.3
20,0,4,60,8,3,add_lane,0,4190,35.8,4190,35.8
20,0,4,60,8,3,add_lane,1,4190,35.8,4693,39.4
20,0,4,60,8,3,add_lane,2,4190,35.8,5196,43.0
20,0,4,60,8,3,change_speed,-10,4190,35.8,3841,26.8
20,0,4,60,8,3,change_speed,0,4190,35.8,4190,32.2
20,0,4,60,8,3,change_speed,10,4190,35.8,4539,37.6
20,0,4,60,8,4,add_lane,0,4190,34.8,4190,34.8
20,0,4,60,8,4,add_lane,1,4190,34.8,4693,38.3
20,0,4,60,8,4,add_lane,2,4190,34.8,5196,41.8
20,0,4,60,8,4,change_speed,-10,4190,34.8,3841,26.1
20,0,4,60,8,4,change_speed,0,4190,34.8,4190,31.3
20,0,4,60,8,4,change_speed,10,4190,34.8,4539,36.5
20,0,4,60,8,5,add_lane,0,3024,31.6,3024,31.6
20,0,4,60,8,5,add_lane,1,3024,31.6,3387,34.8
20,0,4,60,8,5,add_lane,2,3024,31.6,3750,37.9
20,0,4,60,8,5,change_speed,-10,3024,31.6,2772,23.7
20,0,4,60,8,5,change_speed,0,3024,31.6,3024,28.4
20,0,4,60,8,5,change_speed,10,3024,31.6,3276,33.2
20,0,4,60,8,6,add_lane,0,2657,38.2,2657,38.2
20,0,4,60,8,6,add_lane,1,2657,38.2,2976,42.0
20,0,4,60,8,6,add_lane,2,2657,38.2,3295,45.8
20,0,4,60,8,6,change_speed,-10,2657,38.2,2436,28.7
20,0,4,60,8,6,change_speed,0,2657,38.2,2657,34.4
20,0,4,60,8,6,change_speed,10,2657,38.2,2878,40.1
20,0,4,60,9,0,add_lane,0,1594,51.7,1594,51.7
20,0,4,60,9,0,add_lane,1,1594,51.7,1785,56.9
20,0,4,60,9,0,add_lane,2,1594,51.7,1977,62.0
20,0,4,60,9,0,change_speed,-10,1594,51.7,1461,38.8
20,0,4,60,9,0,change_speed,0,1594,51.7,1594,46.5
20,0,4,60,9,0,change_speed,10,1594,51.7,1727,54.3
20,0,4,60,9,1,add_lane,0,3240,46.6,3240,46.6
20,0,4,60,9,1,add_lane,1,3240,46.6,3629,51.3
20,0,4,60,9,1,add_lane,2,3240,46.6,4018,55.9
20,0,4,60,9,1,change_speed,-10,3240,46.6,2970,35.0
20,0,4,60,9,1,change_speed,0,3240,46.6,3240,41.9
20,0,4,60,9,1,change_speed,10,3240,46.6,3510,48.9
20,0,4,60,9,2,add_lane,0,3143,41.3,3143,41.3
20,0,4,60,9,2,add_lane,1,3143,41.3,3520,45.4
20,0,4,60,9,2,add_lane,2,3143,41.3,3897,49.6
20,0,4,60,9,2,change_speed,-10,3143,41.3,2881,31.0
20,0,4,60,9,2,change_speed,0,3143,41.3,3143,37.2
20,0,4,60,9,2,change_speed,10,3143,41.3,3405,43.4
20,0,4,60,9,3,add_lane,0,3143,44.2,3143,44.2
20,0,4,60,9,3,add_lane,1,3143,44.2,3520,48.6
20,0,4,60,9,3,add_lane,2,3143,44.2,3897,53.0
20,0,4,60,9,3,change_speed,-10,3143,44.2,2881,33.2
20,0,4,60,9,3,change_speed,0,3143,44.2,3143,39.8
20,0,4,60,9,3,change_speed,10,3143,44.2,3405,46.4
20,0,4,60,9,4,add_lane,0,3143,42.2,3143,42.2
20,0,4,60,9,4,add_lane,1,3143,42.2,3520,46.4
20,0,4,60,9,4,add_lane,2,3143,42.2,3897,50.6
20,0,4,60,9,4,change_speed,-10,3143,42.2,2881,31.7
20,0,4,60,9,4,change_speed,0,3143,42.2,3143,38.0
20,0,4,60,9,4,change_speed,10,3143,42.2,3405,44.3
20,0,4,60,9,5,add_lane,0,2268,31.0,2268,31.0
20,0,4,60,9,5,add_lane,1,2268,31.0,2540,34.1
20,0,4,60,9,5,add_lane,2,2268,31.0,2812,37.2
20,0,4,60,9,5,change_speed,-10,2268,31.0,2079,23.3
20,0,4,60,9,5,change_speed,0,2268,31.0,2268,27.9
20,0,4,60,9,5,change_speed,10,2268,31.0,2457,32.6
20,0,4,60,9,6,add_lane,0,1993,42.6,1993,42.6
20,0,4,60,9,6,add_lane,1,1993,42.6,2232,46.9
20,0,4,60,9,6,add_lane,2,1993,42.6,2471,51.1
20,0,4,60,9,6,change_speed,-10,1993,42.6,1827,31.9
20,0,4,60,9,6,change_speed,0,1993,42.6,1993,38.3
20,0,4,60,9,6,change_speed,10,1993,42.6,2159,44.7
20,0,4,60,10,0,add_lane,0,1240,45.0,1240,45.0
20,0,4,60,10,0,add_lane,1,1240,45.0,1389,49.5
20,0,4,60,10,0,add_lane,2,1240,45.0,1538,54.0
20,0,4,60,10,0,change_speed,-10,1240,45.0,1137,33.8
20,0,4,60,10,0,change_speed,0,1240,45.0,1240,40.5
20,0,4,60,10,0,change_speed,10,1240,45.0,1343,47.2
20,0,4,60,10,1,add_lane,0,2520,48.7,2520,48.7
20,0,4,60,10,1,add_lane,1,2520,48.7,2822,53.6
20,0,4,60,10,1,add_lane,2,2520,48.7,3125,58.4
20,0,4,60,10,1,change_speed,-10,2520,48.7,2310,36.5
20,0,4,60,10,1,change_speed,0,2520,48.7,2520,43.8
20,0,4,60,10,1,change_speed,10,2520,48.7,2730,51.1
20,0,4,60,10,2,add_lane,0,2444,43.7,2444,43.7
20,0,4,60,10,2,add_lane,1,2444,43.7,2737,48.1
20,0,4,60,10,2,add_lane,2,2444,43.7,3031,52.4
20,0,4,60,10,2,change_speed,-10,2444,43.7,2240,32.8
20,0,4,60,10,2,change_speed,0,2444,43.7,2444,39.3
20,0,4,60,10,2,change_speed,10,2444,43.7,2648,45.9
20,0,4,60,10,3,add_lane,0,2444,47.7,2444,47.7
20,0,4,60,10,3,add_lane,1,2444,47.7,2737,52.5
20,0,4,60,10,3,add_lane,2,2444,47.7,3031,57.2
20,0,4,60,10,3,change_speed,-10,2444,47.7,2240,35.8
20,0,4,60,10,3,change_speed,0,2444,47.7,2444,42.9
20,0,4,60,10,3,change_speed,10,2444,47.7,2648,50.1
20,0,4,60,10,4,add_lane,0,2444,47.0,2444,47.0
20,0,4,60,10,4,add_lane,1,2444,47.0,2737,51.7
20,0,4,60,10,4,add_lane,2,2444,47.0,3031,56.4
20,0,4,60,10,4,change_speed,-10,2444,47.0,2240,35.3
20,0,4,60,10,4,change_speed,0,2444,47.0,2444,42.3
20,0,4,60,10,4,change_speed,10,2444,47.0,2648,49.4
20,0,4,60,10,5,add_lane,0,1764,35.2,1764,35.2
20,0,4,60,10,5,add_lane,1,1764,35.2,1976,38.7
20,0,4,60,10,5,add_lane,2,1764,35.2,2187,42.2
20,0,4,60,10,5,change_speed,-10,1764,35.2,1617,26.4
20,0,4,60,10,5,change_speed,0,1764,35.2,1764,31.7
20,0,4,60,10,5,change_speed,10,1764,35.2,1911,37.0
20,0,4,60,10,6,add_lane,0,1550,42.6,1550,42.6
20,0,4,60,10,6,add_lane,1,1550,42.6,1736,46.9
20,0,4,60,10,6,add_lane,2,1550,42.6,1922,51.1
20,0,4,60,10,6,change_speed,-10,1550,42.6,1421,31.9
20,0,4,60,10,6,change_speed,0,1550,42.6,1550,38.3
20,0,4,60,10,6,change_speed,10,1550,42.6,1679,44.7
20,0,4,60,11,0,add_lane,0,1063,49.3,1063,49.3
20,0,4,60,11,0,add_lane,1,1063,49.3,1191,54.2
20,0,4,60,11,0,add_lane,2,1063,49.3,1318,59.2
20,0,4,60,11,0,change_speed,-10,1063,49.3,974,37.0
20,0,4,60,11,0,change_speed,0,1063,49.3,1063,44.4
20,0,4,60,11,0,change_speed,10,1063,49.3,1152,51.8
20,0,4,60,11,1,add_lane,0,2160,50.2,2160,50.2
20,0,4,60,11,1,add_lane,1,2160,50.2,2419,55.2
20,0,4,60,11,1,add_lane,2,2160,50.2,2678,60.2
20,0,4,60,11,1,change_speed,-10,2160,50.2,1980,37.7
20,0,4,60,11,1,change_speed,0,2160,50.2,2160,45.2
20,0,4,60,11,1,change_speed,10,2160,50.2,2340,52.7
20,0,4,60,11,2,add_lane,0,2095,49.5,2095,49.5
20,0,4,60,11,2,add_lane,1,2095,49.5,2346,54.5
20,0,4,60,11,2,add_lane,2,2095,49.5,2598,59.4
20,0,4,60,11,2,change_speed,-10,2095,49.5,1920,37.1
20,0,4,60,11,2,change_speed,0,2095,49.5,2095,44.6
20,0,4,60,11,2,change_speed,10,2095,49.5,2270,52.0
20,0,4,60,11,3,add_lane,0,2095,46.9,2095,46.9
20,0,4,60,11,3,add_lane,1,2095,46.9,2346,51.6
20,0,4,60,11,3,add_lane,2,2095,46.9,2598,56.3
20,0,4,60,11,3,change_speed,-10,2095,46.9,1920,35.2
20,0,4,60,11,3,change_speed,0,2095,46.9,2095,42.2
20,0,4,60,11,3,change_speed,10,2095,46.9,2270,49.2
20,0,4,60,11,4,add_lane,0,2095,47.4,2095,47.4
20,0,4,60,11,4,add_lane,1,2095,47.4,2346,52.1
20,0,4,60,11,4,add_lane,2,2095,47.4,2598,56.9
20,0,4,60,11,4,change_speed,-10,2095,47.4,1920,35.6
20,0,4,60,11,4,change_speed,0,2095,47.4,2095,42.7
20,0,4,60,11,4,change_speed,10,2095,47.4,2270,49.8
20,0,4,60,11,5,add_lane,0,1512,34.3,1512,34.3
20,0,4,60,11,5,add_lane,1,1512,34.3,1693,37.7
20,0,4,60,11,5,add_lane,2,1512,34.3,1875,41.2
20,0,4,60,11,5,change_speed,-10,1512,34.3,1386,25.7
20,0,4,60,11,5,change_speed,0,1512,34.3,1512,30.9
20,0,4,60,11,5,change_speed,10,1512,34.3,1638,36.0
20,0,4,60,11,6,add_lane,0,1328,48.7,1328,48.7
20,0,4,60,11,6,add_lane,1,1328,48.7,1487,53.6
20,0,4,60,11,6,add_lane,2,1328,48.7,1647,58.4
20,0,4,60,11,6,change_speed,-10,1328,48.7,1217,36.5
20,0,4,60,11,6,change_speed,0,1328,48.7,1328,43.8
20,0,4,60,11,6,change_speed,10,1328,48.7,1439,51.1
20,0,4,60,12,0,add_lane,0,974,54.9,974,54.9
20,0,4,60,12,0,add_lane,1,974,54.9,1091,60.4
20,0,4,60,12,0,add_lane,2,974,54.9,1208,65.9
20,0,4,60,12,0,change_speed,-10,974,54.9,893,41.2
20,0,4,60,12,0,change_speed,0,974,54.9,974,49.4
20,0,4,60,12,0,change_speed,10,974,54.9,1055,57.6
20,0,4,60,12,1,add_lane,0,1980,53.5,1980,53.5
20,0,4,60,12,1,add_lane,1,1980,53.5,2218,58.9
20,0,4,60,12,1,add_lane,2,1980,53.5,2455,64.2
20,0,4,60,12,1,change_speed,-10,1980,53.5,1815,40.1
20,0,4,60,12,1,change_speed,0,1980,53.5,1980,48.1
20,0,4,60,12,1,change_speed,10,1980,53.5,2145,56.2
20,0,4,60,12,2,add_lane,0,1921,51.6,1921,51.6
20,0,4,60,12,2,add_lane,1,1921,51.6,2152,56.8
20,0,4,60,12,2,add_lane,2,1921,51.6,2382,61.9
20,0,4,60,12,2,change_speed,-10,1921,51.6,1761,38.7
20,0,4,60,12,2,change_speed,0,1921,51.6,1921,46.4
20,0,4,60,12,2,change_speed,10,1921,51.6,2081,54.2
20,0,4,60,12,3,add_lane,0,1921,46.5,1921,46.5
20,0,4,60,12,3,add_lane,1,1921,46.5,2152,51.2
20,0,4,60,12,3,add_lane,2,1921,46.5,2382,55.8
20,0,4,60,12,3,change_speed,-10,1921,46.5,1761,34.9
20,0,4,60,12,3,change_speed,0,1921,46.5,1921,41.9
20,0,4,60,12,3,change_speed,10,1921,46.5,2081,48.8
20,0,4,60,12,4,add_lane,0,1921,53.8,1921,53.8
20,0,4,60,12,4,add_lane,1,1921,53.8,2152,59.2
20,0,4,60,12,4,add_lane,2,1921,53.8,2382,64.6
20,0,4,60,12,4,change_speed,-10,1921,53.8,1761,40.4
20,0,4,60,12,4,change_speed,0,1921,53.8,1921,48.4
20,0,4,60,12,4,change_speed,10,1921,53.8,2081,56.5
20,0,4,60,12,5,add_lane,0,1386,37.5,1386,37.5
20,0,4,60,12,5,add_lane,1,1386,37.5,1552,41.2
20,0,4,60,12,5,add_lane,2,1386,37.5,1719,45.0
20,0,4,60,12,5,change_speed,-10,1386,37.5,1270,28.1
20,0,4,60,12,5,change_speed,0,1386,37.5,1386,33.8
20,0,4,60,12,5,change_speed,10,1386,37.5,1502,39.4
20,0,4,60,12,6,add_lane,0,1218,45.0,1218,45.0
20,0,4,60,12,6,add_lane,1,1218,45.0,1364,49.5
20,0,4,60,12,6,add_lane,2,1218,45.0,1510,54.0
20,0,4,60,12,6,change_speed,-10,1218,45.0,1116,33.8
20,0,4,60,12,6,change_speed,0,1218,45.0,1218,40.5
20,0,4,60,12,6,change_speed,10,1218,45.0,1320,47.2
20,0,4,60,13,0,add_lane,0,974,45.8,974,45.8
20,0,4,60,13,0,add_lane,1,974,45.8,1091,50.4
20,0,4,60,13,0,add_lane,2,974,45.8,1208,55.0
20,0,4,60,13,0,change_speed,-10,974,45.8,893,34.4
20,0,4,60,13,0,change_speed,0,974,45.8,974,41.2
20,0,4,60,13,0,change_speed,10,974,45.8,1055,48.1
20,0,4,60,13,1,add_lane,0,1980,52.9,1980,52.9
20,0,4,60,13,1,add_lane,1,1980,52.9,2218,58.2
20,0,4,60,13,1,add_lane,2,1980,52.9,2455,63.5
20,0,4,60,13,1,change_speed,-10,1980,52.9,1815,39.7
20,0,4,60,13,1,change_speed,0,1980,52.9,1980,47.6
20,0,4,60,13,1,change_speed,10,1980,52.9,2145,55.5
20,0,4,60,13,2,add_lane,0,1921,53.4,1921,53.4
20,0,4,60,13,2,add_lane,1,1921,53.4,2152,58.7
20,0,4,60,13,2,add_lane,2,1921,53.4,2382,64.1
20,0,4,60,13,2,change_speed,-10,1921,53.4,1761,40.1
20,0,4,60,13,2,change_speed,0,1921,53.4,1921,48.1
20,0,4,60,13,2,change_speed,10,1921,53.4,2081,56.1
20,0,4,60,13,3,add_lane,0,1921,51.4,1921,51.4
20,0,4,60,13,3,add_lane,1,1921,51.4,2152,56.5
20,0,4,60,13,3,add_lane,2,1921,51.4,2382,61.7
20,0,4,60,13,3,change_speed,-10,1921,51.4,1761,38.6
20,0,4,60,13,3,change_speed,0,1921,51.4,1921,46.3
20,0,4,60,13,3,change_speed,10,1921,51.4,2081,54.0
20,0,4,60,13,4,add_lane,0,1921,47.5,1921,47.5
20,0,4,60,13,4,add_lane,1,1921,47.5,2152,52.3
20,0,4,60,13,4,add_lane,2,1921,47.5,2382,57.0
20,0,4,60,13,4,change_speed,-10,1921,47.5,1761,35.6
20,0,4,60,13,4,change_speed,0,1921,47.5,1921,42.8
20,0,4,60,13,4,change_speed,10,1921,47.5,2081,49.9
20,0,4,60,13,5,add_lane,0,1386,36.5,1386,36.5
20,0,4,60,13,5,add_lane,1,1386,36.5,1552,40.2
20,0,4,60,13,5,add_lane,2,1386,36.5,1719,43.8
20,0,4,60,13,5,change_speed,-10,1386,36.5,1270,27.4
20,0,4,60,13,5,change_speed,0,1386,36.5,1386,32.9
20,0,4,60,13,5,change_speed,10,1386,36.5,1502,38.3
20,0,4,60,13,6,add_lane,0,1218,41.2,1218,41.2
20,0,4,60,13,6,add_lane,1,1218,41.2,1364,45.3
20,0,4,60,13,6,add_lane,2,1218,41.2,1510,49.4
20,0,4,60,13,6,change_speed,-10,1218,41.2,1116,30.9
20,0,4,60,13,6,change_speed,0,1218,41.2,1218,37.1
20,0,4,60,13,6,change_speed,10,1218,41.2,1320,43.3
20,0,4,60,14,0,add_lane,0,1063,47.0,1063,47.0
20,0,4,60,14,0,add_lane,1,1063,47.0,1191,51.7
20,0,4,60,14,0,add_lane,2,1063,47.0,1318,56.4
20,0,4,60,14,0,change_speed,-10,1063,47.0,974,35.3
20,0,4,60,14,0,change_speed,0,1063,47.0,1063,42.3
20,0,4,60,14,0,change_speed,10,1063,47.0,1152,49.4
20,0,4,60,14,1,add_lane,0,2160,53.2,2160,53.2
20,0,4,60,14,1,add_lane,1,2160,53.2,2419,58.5
20,0,4,60,14,1,add_lane,2,2160,53.2,2678,63.8
20,0,4,60,14,1,change_speed,-10,2160,53.2,1980,39.9
20,0,4,60,14,1,change_speed,0,2160,53.2,2160,47.9
20,0,4,60,14,1,change_speed,10,2160,53.2,2340,55.9
20,0,4,60,14,2,add_lane,0,2095,49.6,2095,49.6
20,0,4,60,14,2,add_lane,1,2095,49.6,2346,54.6
20,0,4,60,14,2,add_lane,2,2095,49.6,2598,59.5
20,0,4,60,14,2,change_speed,-10,2095,49.6,1920,37.2
20,0,4,60,14,2,change_speed,0,2095,49.6,2095,44.6
20,0,4,60,14,2,change_speed,10,2095,49.6,2270,52.1
20,0,4,60,14,3,add_lane,0,2095,49.2,2095,49.2
20,0,4,60,14,3,add_lane,1,2095,49.2,2346,54.1
20,0,4,60,14,3,add_lane,2,2095,49.2,2598,59.0
20,0,4,60,14,3,change_speed,-10,2095,49.2,1920,36.9
20,0,4,60,14,3,change_speed,0,2095,49.2,2095,44.3
20,0,4,60,14,3,change_speed,10,2095,49.2,2270,51.7
20,0,4,60,14,4,add_lane,0,2095,47.3,2095,47.3
20,0,4,60,14,4,add_lane,1,2095,47.3,2346,52.0
20,0,4,60,14,4,add_lane,2,2095,47.3,2598,56.8
20,0,4,60,14,4,change_speed,-10,2095,47.3,1920,35.5
20,0,4,60,14,4,change_speed,0,2095,47.3,2095,42.6
20,0,4,60,14,4,change_speed,10,2095,47.3,2270,49.7
20,0,4,60,14,5,add_lane,0,1512,35.7,1512,35.7
20,0,4,60,14,5,add_lane,1,1512,35.7,1693,39.3
20,0,4,60,14,5,add_lane,2,1512,35.7,1875,42.8
20,0,4,60,14,5,change_speed,-10,1512,35.7,1386,26.8
20,0,4,60,14,5,change_speed,0,1512,35.7,1512,32.1
20,0,4,60,14,5,change_speed,10,1512,35.7,1638,37.5
20,0,4,60,14,6,add_lane,0,1328,44.8,1328,44.8
20,0,4,60,14,6,add_lane,1,1328,44.8,1487,49.3
20,0,4,60,14,6,add_lane,2,1328,44.8,1647,53.8
20,0,4,60,14,6,change_speed,-10,1328,44.8,1217,33.6
20,0,4,60,14,6,change_speed,0,1328,44.8,1328,40.3
20,0,4,60,14,6,change_speed,10,1328,44.8,1439,47.0
20,0,4,60,15,0,add_lane,0,1417,46.6,1417,46.6
20,0,4,60,15,0,add_lane,1,1417,46.6,1587,51.3
20,0,4,60,15,0,add_lane,2,1417,46.6,1757,55.9
20,0,4,60,15,0,change_speed,-10,1417,46.6,1299,35.0
20,0,4,60,15,0,change_speed,0,1417,46.6,1417,41.9
20,0,4,60,15,0,change_speed,10,1417,46.6,1535,48.9
20,0,4,60,15,1,add_lane,0,2880,47.3,2880,47.3
20,0,4,60,15,1,add_lane,1,2880,47.3,3226,52.0
20,0,4,60,15,1,add_lane,2,2880,47.3,3571,56.8
20,0,4,60,15,1,change_speed,-10,2880,47.3,2640,35.5
20,0,4,60,15,1,change_speed,0,2880,47.3,2880,42.6
20,0,4,60,15,1,change_speed,10,2880,47.3,3120,49.7
20,0,4,60,15,2,add_lane,0,2794,45.1,2794,45.1
20,0,4,60,15,2,add_lane,1,2794,45.1,3129,49.6
20,0,4,60,15,2,add_lane,2,2794,45.1,3465,54.1
20,0,4,60,15,2,change_speed,-10,2794,45.1,2561,33.8
20,0,4,60,15,2,change_speed,0,2794,45.1,2794,40.6
20,0,4,60,15,2,change_speed,10,2794,45.1,3027,47.4
20,0,4,60,15,3,add_lane,0,2794,43.8,2794,43.8
20,0,4,60,15,3,add_lane,1,2794,43.8,3129,48.2
20,0,4,60,15,3,add_lane,2,2794,43.8,3465,52.6
20,0,4,60,15,3,change_speed,-10,2794,43.8,2561,32.9
20,0,4,60,15,3,change_speed,0,2794,43.8,2794,39.4
20,0,4,60,15,3,change_speed,10,2794,43.8,3027,46.0
20,0,4,60,15,4,add_lane,0,2794,44.1,2794,44.1
20,0,4,60,15,4,add_lane,1,2794,44.1,3129,48.5
20,0,4,60,15,4,add_lane,2,2794,44.1,3465,52.9
20,0,4,60,15,4,change_speed,-10,2794,44.1,2561,33.1
20,0,4,60,15,4,change_speed,0,2794,44.1,2794,39.7
20,0,4,60,15,4,change_speed,10,2794,44.1,3027,46.3
20,0,4,60,15,5,add_lane,0,2016,36.1,2016,36.1
20,0,4,60,15,5,add_lane,1,2016,36.1,2258,39.7
20,0,4,60,15,5,add_lane,2,2016,36.1,2500,43.3
20,0,4,60,15,5,change_speed,-10,2016,36.1,1848,27.1
20,0,4,60,15,5,change_speed,0,2016,36.1,2016,32.5
20,0,4,60,15,5,change_speed,10,2016,36.1,2184,37.9
20,0,4,60,15,6,add_lane,0,1771,46.4,1771,46.4
20,0,4,60,15,6,add_lane,1,1771,46.4,1984,51.0
20,0,4,60,15,6,add_lane,2,1771,46.4,2196,55.7
20,0,4,60,15,6,change_speed,-10,1771,46.4,1623,34.8
20,0,4,60,15,6,change_speed,0,1771,46.4,1771,41.8
20,0,4,60,15,6,change_speed,10,1771,46.4,1919,48.7
20,0,4,60,16,0,add_lane,0,1771,52.0,1771,52.0
20,0,4,60,16,0,add_lane,1,1771,52.0,1984,57.2
20,0,4,60,16,0,add_lane,2,1771,52.0,2196,62.4
20,0,4,60,16,0,change_speed,-10,1771,52.0,1623,39.0
20,0,4,60,16,0,change_speed,0,1771,52.0,1771,46.8
20,0,4,60,16,0,change_speed,10,1771,52.0,1919,54.6
20,0,4,60,16,1,add_lane,0,3600,42.5,3600,42.5
20,0,4,60,16,1,add_lane,1,3600,42.5,4032,46.8
20,0,4,60,16,1,add_lane,2,3600,42.5,4464,51.0
20,0,4,60,16,1,change_speed,-10,3600,42.5,3300,31.9
20,0,4,60,16,1,change_speed,0,3600,42.5,3600,38.2
20,0,4,60,16,1,change_speed,10,3600,42.5,3900,44.6
20,0,4,60,16,2,add_lane,0,3492,38.8,3492,38.8
20,0,4,60,16,2,add_lane,1,3492,38.8,3911,42.7
20,0,4,60,16,2,add_lane,2,3492,38.8,4330,46.6
20,0,4,60,16,2,change_speed,-10,3492,38.8,3201,29.1
20,0,4,60,16,2,change_speed,0,3492,38.8,3492,34.9
20,0,4,60,16,2,change_speed,10,3492,38.8,3783,40.7
20,0,4,60,16,3,add_lane,0,3492,43.7,3492,43.7
20,0,4,60,16,3,add_lane,1,3492,43.7,3911,48.1
20,0,4,60,16,3,add_lane,2,3492,43.7,4330,52.4
20,0,4,60,16,3,change_speed,-10,3492,43.7,3201,32.8
20,0,4,60,16,3,change_speed,0,3492,43.7,3492,39.3
20,0,4,60,16,3,change_speed,10,3492,43.7,3783,45.9
20,0,4,60,16,4,add_lane,0,3492,36.3,3492,36.3
20,0,4,60,16,4,add_lane,1,3492,36.3,3911,39.9
20,0,4,60,16,4,add_lane,2,3492,36.3,4330,43.6
20,0,4,60,16,4,change_speed,-10,3492,36.3,3201,27.2
20,0,4,60,16,4,change_speed,0,3492,36.3,3492,32.7
20,0,4,60,16,4,change_speed,10,3492,36.3,3783,38.1
20,0,4,60,16,5,add_lane,0,2520,30.2,2520,30.2
20,0,4,60,16,5,add_lane,1,2520,30.2,2822,33.2
20,0,4,60,16,5,add_lane,2,2520,30.2,3125,36.2
20,0,4,60,16,5,change_speed,-10,2520,30.2,2310,22.7
20,0,4,60,16,5,change_speed,0,2520,30.2,2520,27.2
20,0,4,60,16,5,change_speed,10,2520,30.2,2730,31.7
20,0,4,60,16,6,add_lane,0,2214,39.5,2214,39.5
20,0,4,60,16,6,add_lane,1,2214,39.5,2480,43.5
20,0,4,60,16,6,add_lane,2,2214,39.5,2745,47.4
20,0,4,60,16,6,change_speed,-10,2214,39.5,2030,29.6
20,0,4,60,16,6,change_speed,0,2214,39.5,2214,35.6
20,0,4,60,16,6,change_speed,10,2214,39.5,2399,41.5
20,0,4,60,17,0,add_lane,0,2125,41.6,2125,41.6
20,0,4,60,17,0,add_lane,1,2125,41.6,2380,45.8
20,0,4,60,17,0,add_lane,2,2125,41.6,2635,49.9
20,0,4,60,17,0,change_speed,-10,2125,41.6,1948,31.2
20,0,4,60,17,0,change_speed,0,2125,41.6,2125,37.4
20,0,4,60,17,0,change_speed,10,2125,41.6,2302,43.7
20,0,4,60,17,1,add_lane,0,4320,38.6,4320,38.6
20,0,4,60,17,1,add_lane,1,4320,38.6,4838,42.5
20,0,4,60,17,1,add_lane,2,4320,38.6,5357,46.3
20,0,4,60,17,1,change_speed,-10,4320,38.6,3960,29.0
20,0,4,60,17,1,change_speed,0,4320,38.6,4320,34.7
20,0,4,60,17,1,change_speed,10,4320,38.6,4680,40.5
20,0,4,60,17,2,add_lane,0,4190,33.0,4190,33.0
20,0,4,60,17,2,add_lane,1,4190,33.0,4693,36.3
20,0,4,60,17,2,add_lane,2,4190,33.0,5196,39.6
20,0,4,60,17,2,change_speed,-10,4190,33.0,3841,24.8
20,0,4,60,17,2,change_speed,0,4190,33.0,4190,29.7
20,0,4,60,17,2,change_speed,10,4190,33.0,4539,34.6
20,0,4,60,17,3,add_lane,0,4190,32.8,4190,32.8
20,0,4,60,17,3,add_lane,1,4190,32.8,4693,36.1
20,0,4,60,17,3,add_lane,2,4190,32.8,5196,39.4
20,0,4,60,17,3,change_speed,-10,4190,32.8,3841,24.6
20,0,4,60,17,3,change_speed,0,4190,32.8,4190,29.5
20,0,4,60,17,3,change_speed,10,4190,32.8,4539,34.4
20,0,4,60,17,4,add_lane,0,4190,38.5,4190,38.5
20,0,4,60,17,4,add_lane,1,4190,38.5,4693,42.4
20,0,4,60,17,4,add_lane,2,4190,38.5,5196,46.2
20,0,4,60,17,4,change_speed,-10,4190,38.5,3841,28.9
20,0,4,60,17,4,change_speed,0,4190,38.5,4190,34.6
20,0,4,60,17,4,change_speed,10,4190,38.5,4539,40.4
20,0,4,60,17,5,add_lane,0,3024,30.1,3024,30.1
20,0,4,60,17,5,add_lane,1,3024,30.1,3387,33.1
20,0,4,60,17,5,add_lane,2,3024,30.1,3750,36.1
20,0,4,60,17,5,change_speed,-10,3024,30.1,2772,22.6
20,0,4,60,17,5,change_speed,0,3024,30.1,3024,27.1
20,0,4,60,17,5,change_speed,10,3024,30.1,3276,31.6
20,0,4,60,17,6,add_lane,0,2657,35.5,2657,35.5
20,0,4,60,17,6,add_lane,1,2657,35.5,2976,39.1
20,0,4,60,17,6,add_lane,2,2657,35.5,3295,42.6
20,0,4,60,17,6,change_speed,-10,2657,35.5,2436,26.6
20,0,4,60,17,6,change_speed,0,2657,35.5,2657,31.9
20,0,4,60,17,6,change_speed,10,2657,35.5,2878,37.3
20,0,4,60,18,0,add_lane,0,1948,48.2,1948,48.2
20,0,4,60,18,0,add_lane,1,1948,48.2,2182,53.0
20,0,4,60,18,0,add_lane,2,1948,48.2,2416,57.8
20,0,4,60,18,0,change_speed,-10,1948,48.2,1786,36.2
20,0,4,60,18,0,change_speed,0,1948,48.2,1948,43.4
20,0,4,60,18,0,change_speed,10,1948,48.2,2110,50.6
20,0,4,60,18,1,add_lane,0,3960,40.3,3960,40.3
20,0,4,60,18,1,add_lane,1,3960,40.3,4435,44.3
20,0,4,60,18,1,add_lane,2,3960,40.3,4910,48.4
20,0,4,60,18,1,change_speed,-10,3960,40.3,3630,30.2
20,0,4,60,18,1,change_speed,0,3960,40.3,3960,36.3
20,0,4,60,18,1,change_speed,10,3960,40.3,4290,42.3
20,0,4,60,18,2,add_lane,0,3841,36.2,3841,36.2
20,0,4,60,18,2,add_lane,1,3841,36.2,4302,39.8
20,0,4,60,18,2,add_lane,2,3841,36.2,4763,43.4
20,0,4,60,18,2,change_speed,-10,3841,36.2,3521,27.2
20,0,4,60,18,2,change_speed,0,3841,36.2,3841,32.6
20,0,4,60,18,2,change_speed,10,3841,36.2,4161,38.0
20,0,4,60,18,3,add_lane,0,3841,41.1,3841,41.1
20,0,4,60,18,3,add_lane,1,3841,41.1,4302,45.2
20,0,4,60,18,3,add_lane,2,3841,41.1,4763,49.3
20,0,4,60,18,3,change_speed,-10,3841,41.1,3521,30.8
20,0,4,60,18,3,change_speed,0,3841,41.1,3841,37.0
20,0,4,60,18,3,change_speed,10,3841,41.1,4161,43.2
20,0,4,60,18,4,add_lane,0,3841,37.1,3841,37.1
20,0,4,60,18,4,add_lane,1,3841,37.1,4302,40.8
20,0,4,60,18,4,add_lane,2,3841,37.1,4763,44.5
20,0,4,60,18,4,change_speed,-10,3841,37.1,3521,27.8
20,0,4,60,18,4,change_speed,0,3841,37.1,3841,33.4
20,0,4,60,18,4,change_speed,10,3841,37.1,4161,39.0
20,0,4,60,18,5,add_lane,0,2772,28.9,2772,28.9
20,0,4,60,18,5,add_lane,1,2772,28.9,3105,31.8
20,0,4,60,18,5,add_lane,2,2772,28.9,3437,34.7
20,0,4,60,18,5,change_speed,-10,2772,28.9,2541,21.7
20,0,4,60,18,5,change_speed,0,2772,28.9,2772,26.0
20,0,4,60,18,5,change_speed,10,2772,28.9,3003,30.3
20,0,4,60,18,6,add_lane,0,2435,40.6,2435,40.6
20,0,4,60,18,6,add_lane,1,2435,40.6,2727,44.7
20,0,4,60,18,6,add_lane,2,2435,40.6,3019,48.7
20,0,4,60,18,6,change_speed,-10,2435,40.6,2232,30.5
20,0,4,60,18,6,change_speed,0,2435,40.6,2435,36.5
20,0,4,60,18,6,change_speed,10,2435,40.6,2638,42.6
20,0,4,60,19,0,add_lane,0,1594,47.3,1594,47.3
20,0,4,60,19,0,add_lane,1,1594,47.3,1785,52.0
20,0,4,60,19,0,add_lane,2,1594,47.3,1977,56.8
20,0,4,60,19,0,change_speed,-10,1594,47.3,1461,35.5
20,0,4,60,19,0,change_speed,0,1594,47.3,1594,42.6
20,0,4,60,19,0,change_speed,10,1594,47.3,1727,49.7
20,0,4,60,19,1,add_lane,0,3240,42.9,3240,42.9
20,0,4,60,19,1,add_lane,1,3240,42.9,3629,47.2
20,0,4,60,19,1,add_lane,2,3240,42.9,4018,51.5
20,0,4,60,19,1,change_speed,-10,3240,42.9,2970,32.2
20,0,4,60,19,1,change_speed,0,3240,42.9,3240,38.6
20,0,4,60,19,1,change_speed,10,3240,42.9,3510,45.0
20,0,4,60,19,2,add_lane,0,3143,45.3,3143,45.3
20,0,4,60,19,2,add_lane,1,3143,45.3,3520,49.8
20,0,4,60,19,2,add_lane,2,3143,45.3,3897,54.4
20,0,4,60,19,2,change_speed,-10,3143,45.3,2881,34.0
20,0,4,60,19,2,change_speed,0,3143,45.3,3143,40.8
20,0,4,60,19,2,change_speed,10,3143,45.3,3405,47.6
20,0,4,60,19,3,add_lane,0,3143,41.8,3143,41.8
20,0,4,60,19,3,add_lane,1,3143,41.8,3520,46.0
20,0,4,60,19,3,add_lane,2,3143,41.8,3897,50.2
20,0,4,60,19,3,change_speed,-10,3143,41.8,2881,31.4
20,0,4,60,19,3,change_speed,0,3143,41.8,3143,37.6
20,0,4,60,19,3,change_speed,10,3143,41.8,3405,43.9
20,0,4,60,19,4,add_lane,0,3143,43.8,3143,43.8
20,0,4,60,19,4,add_lane,1,3143,43.8,3520,48.2
20,0,4,60,19,4,add_lane,2,3143,43.8,3897,52.6
20,0,4,60,19,4,change_speed,-10,3143,43.8,2881,32.9
20,0,4,60,19,4,change_speed,0,3143,43.8,3143,39.4
20,0,4,60,19,4,change_speed,10,3143,43.8,3405,46.0
20,0,4,60,19,5,add_lane,0,2268,32.8,2268,32.8
20,0,4,60,19,5,add_lane,1,2268,32.8,2540,36.1
20,0,4,60,19,5,add_lane,2,2268,32.8,2812,39.4
20,0,4,60,19,5,change_speed,-10,2268,32.8,2079,24.6
20,0,4,60,19,5,change_speed,0,2268,32.8,2268,29.5
20,0,4,60,19,5,change_speed,10,2268,32.8,2457,34.4
20,0,4,60,19,6,add_lane,0,1993,42.3,1993,42.3
20,0,4,60,19,6,add_lane,1,1993,42.3,2232,46.5
20,0,4,60,19,6,add_lane,2,1993,42.3,2471,50.8
20,0,4,60,19,6,change_speed,-10,1993,42.3,1827,31.7
20,0,4,60,19,6,change_speed,0,1993,42.3,1993,38.1
20,0,4,60,19,6,change_speed,10,1993,42.3,2159,44.4
20,0,4,60,20,0,add_lane,0,1151,46.6,1151,46.6
20,0,4,60,20,0,add_lane,1,1151,46.6,1289,51.3
20,0,4,60,20,0,add_lane,2,1151,46.6,1427,55.9
20,0,4,60,20,0,change_speed,-10,1151,46.6,1055,35.0
20,0,4,60,20,0,change_speed,0,1151,46.6,1151,41.9
20,0,4,60,20,0,change_speed,10,1151,46.6,1247,48.9
20,0,4,60,20,1,add_lane,0,2340,46.2,2340,46.2
20,0,4,60,20,1,add_lane,1,2340,46.2,2621,50.8
20,0,4,60,20,1,add_lane,2,2340,46.2,2902,55.4
20,0,4,60,20,1,change_speed,-10,2340,46.2,2145,34.7
20,0,4,60,20,1,change_speed,0,2340,46.2,2340,41.6
20,0,4,60,20,1,change_speed,10,2340,46.2,2535,48.5
20,0,4,60,20,2,add_lane,0,2270,49.4,2270,49.4
20,0,4,60,20,2,add_lane,1,2270,49.4,2542,54.3
20,0,4,60,20,2,add_lane,2,2270,49.4,2815,59.3
20,0,4,60,20,2,change_speed,-10,2270,49.4,2081,37.0
20,0,4,60,20,2,change_speed,0,2270,49.4,2270,44.5
20,0,4,60,20,2,change_speed,10,2270,49.4,2459,51.9
20,0,4,60,20,3,add_lane,0,2270,42.3,2270,42.3
20,0,4,60,20,3,add_lane,1,2270,42.3,2542,46.5
20,0,4,60,20,3,add_lane,2,2270,42.3,2815,50.8
20,0,4,60,20,3,change_speed,-10,2270,42.3,2081,31.7
20,0,4,60,20,3,change_speed,0,2270,42.3,2270,38.1
20,0,4,60,20,3,change_speed,10,2270,42.3,2459,44.4
20,0,4,60,20,4,add_lane,0,2270,44.8,2270,44.8
20,0,4,60,20,4,add_lane,1,2270,44.8,2542,49.3
20,0,4,60,20,4,add_lane,2,2270,44.8,2815,53.8
20,0,4,60,20,4,change_speed,-10,2270,44.8,2081,33.6
20,0,4,60,20,4,change_speed,0,2270,44.8,2270,40.3
20,0,4,60,20,4,change_speed,10,2270,44.8,2459,47.0
20,0,4,60,20,5,add_lane,0,1638,32.9,1638,32.9
20,0,4,60,20,5,add_lane,1,1638,32.9,1835,36.2
20,0,4,60,20,5,add_lane,2,1638,32.9,2031,39.5
20,0,4,60,20,5,change_speed,-10,1638,32.9,1502,24.7
20,0,4,60,20,5,change_speed,0,1638,32.9,1638,29.6
20,0,4,60,20,5,change_speed,10,1638,32.9,1775,34.5
20,0,4,60,20,6,add_lane,0,1439,44.7,1439,44.7
20,0,4,60,20,6,add_lane,1,1439,44.7,1612,49.2
20,0,4,60,20,6,add_lane,2,1439,44.7,1784,53.6
20,0,4,60,20,6,change_speed,-10,1439,44.7,1319,33.5
20,0,4,60,20,6,change_speed,0,1439,44.7,1439,40.2
20,0,4,60,20,6,change_speed,10,1439,44.7,1559,46.9
20,0,4,60,21,0,add_lane,0,797,61.0,797,61.0
20,0,4,60,21,0,add_lane,1,797,61.0,893,67.1
20,0,4,60,21,0,add_lane,2,797,61.0,988,73.2
20,0,4,60,21,0,change_speed,-10,797,61.0,731,45.8
20,0,4,60,21,0,change_speed,0,797,61.0,797,54.9
20,0,4,60,21,0,change_speed,10,797,61.0,863,64.1
20,0,4,60,21,1,add_lane,0,1620,60.1,1620,60.1
20,0,4,60,21,1,add_lane,1,1620,60.1,1814,66.1
20,0,4,60,21,1,add_lane,2,1620,60.1,2009,72.1
20,0,4,60,21,1,change_speed,-10,1620,60.1,1485,45.1
20,0,4,60,21,1,change_speed,0,1620,60.1,1620,54.1
20,0,4,60,21,1,change_speed,10,1620,60.1,1755,63.1
20,0,4,60,21,2,add_lane,0,1571,53.5,1571,53.5
20,0,4,60,21,2,add_lane,1,1571,53.5,1760,58.9
20,0,4,60,21,2,add_lane,2,1571,53.5,1948,64.2
20,0,4,60,21,2,change_speed,-10,1571,53.5,1440,40.1
20,0,4,60,21,2,change_speed,0,1571,53.5,1571,48.1
20,0,4,60,21,2,change_speed,10,1571,53.5,1702,56.2
20,0,4,60,21,3,add_lane,0,1571,51.7,1571,51.7
20,0,4,60,21,3,add_lane,1,1571,51.7,1760,56.9
20,0,4,60,21,3,add_lane,2,1571,51.7,1948,62.0
20,0,4,60,21,3,change_speed,-10,1571,51.7,1440,38.8
20,0,4,60,21,3,change_speed,0,1571,51.7,1571,46.5
20,0,4,60,21,3,change_speed,10,1571,51.7,1702,54.3
20,0,4,60,21,4,add_lane,0,1571,54.5,1571,54.5
20,0,4,60,21,4,add_lane,1,1571,54.5,1760,60.0
20,0,4,60,21,4,add_lane,2,1571,54.5,1948,65.4
20,0,4,60,21,4,change_speed,-10,1571,54.5,1440,40.9
20,0,4,60,21,4,change_speed,0,1571,54.5,1571,49.1
20,0,4,60,21,4,change_speed,10,1571,54.5,1702,57.2
20,0,4,60,21,5,add_lane,0,1134,36.2,1134,36.2
20,0,4,60,21,5,add_lane,1,1134,36.2,1270,39.8
20,0,4,60,21,5,add_lane,2,1134,36.2,1406,43.4
20,0,4,60,21,5,change_speed,-10,1134,36.2,1040,27.2
20,0,4,60,21,5,change_speed,0,1134,36.2,1134,32.6
20,0,4,60,21,5,change_speed,10,1134,36.2,1229,38.0
20,0,4,60,21,6,add_lane,0,996,48.6,996,48.6
20,0,4,60,21,6,add_lane,1,996,48.6,1116,53.5
20,0,4,60,21,6,add_lane,2,996,48.6,1235,58.3
20,0,4,60,21,6,change_speed,-10,996,48.6,913,36.5
20,0,4,60,21,6,change_speed,0,996,48.6,996,43.7
20,0,4,60,21,6,change_speed,10,996,48.6,1079,51.0
20,0,4,60,22,0,add_lane,0,531,54.4,531,54.4
20,0,4,60,22,0,add_lane,1,531,54.4,595,59.8
20,0,4,60,22,0,add_lane,2,531,54.4,658,65.3
20,0,4,60,22,0,change_speed,-10,531,54.4,487,40.8
20,0,4,60,22,0,change_speed,0,531,54.4,531,49.0
20,0,4,60,22,0,change_speed,10,531,54.4,575,57.1
20,0,4,60,22,1,add_lane,0,1080,57.6,1080,57.6
20,0,4,60,22,1,add_lane,1,1080,57.6,1210,63.4
20,0,4,60,22,1,add_lane,2,1080,57.6,1339,69.1
20,0,4,60,22,1,change_speed,-10,1080,57.6,990,43.2
20,0,4,60,22,1,change_speed,0,1080,57.6,1080,51.8
20,0,4,60,22,1,change_speed,10,1080,57.6,1170,60.5
20,0,4,60,22,2,add_lane,0,1048,49.6,1048,49.6
20,0,4,60,22,2,add_lane,1,1048,49.6,1174,54.6
20,0,4,60,22,2,add_lane,2,1048,49.6,1300,59.5
20,0,4,60,22,2,change_speed,-10,1048,49.6,961,37.2
20,0,4,60,22,2,change_speed,0,1048,49.6,1048,44.6
20,0,4,60,22,2,change_speed,10,1048,49.6,1135,52.1
20,0,4,60,22,3,add_lane,0,1048,58.9,1048,58.9
20,0,4,60,22,3,add_lane,1,1048,58.9,1174,64.8
20,0,4,60,22,3,add_lane,2,1048,58.9,1300,70.7
20,0,4,60,22,3,change_speed,-10,1048,58.9,961,44.2
20,0,4,60,22,3,change_speed,0,1048,58.9,1048,53.0
20,0,4,60,22,3,change_speed,10,1048,58.9,1135,61.8
20,0,4,60,22,4,add_lane,0,1048,58.4,1048,58.4
20,0,4,60,22,4,add_lane,1,1048,58.4,1174,64.2
20,0,4,60,22,4,add_lane,2,1048,58.4,1300,70.1
20,0,4,60,22,4,change_speed,-10,1048,58.4,961,43.8
20,0,4,60,22,4,change_speed,0,1048,58.4,1048,52.6
20,0,4,60,22,4,change_speed,10,1048,58.4,1135,61.3
20,0,4,60,22,5,add_lane,0,756,39.3,756,39.3
20,0,4,60,22,5,add_lane,1,756,39.3,847,43.2
20,0,4,60,22,5,add_lane,2,756,39.3,937,47.2
20,0,4,60,22,5,change_speed,-10,756,39.3,693,29.5
20,0,4,60,22,5,change_speed,0,756,39.3,756,35.4
20,0,4,60,22,5,change_speed,10,756,39.3,819,41.3
20,0,4,60,22,6,add_lane,0,664,47.0,664,47.0
20,0,4,60,22,6,add_lane,1,664,47.0,744,51.7
20,0,4,60,22,6,add_lane,2,664,47.0,823,56.4
20,0,4,60,22,6,change_speed,-10,664,47.0,609,35.3
20,0,4,60,22,6,change_speed,0,664,47.0,664,42.3
20,0,4,60,22,6,change_speed,10,664,47.0,719,49.4
20,0,4,60,23,0,add_lane,0,354,56.1,354,56.1
20,0,4,60,23,0,add_lane,1,354,56.1,396,61.7
20,0,4,60,23,0,add_lane,2,354,56.1,439,67.3
20,0,4,60,23,0,change_speed,-10,354,56.1,324,42.1
20,0,4,60,23,0,change_speed,0,354,56.1,354,50.5
20,0,4,60,23,0,change_speed,10,354,56.1,384,58.9
20,0,4,60,23,1,add_lane,0,720,59.2,720,59.2
20,0,4,60,23,1,add_lane,1,720,59.2,806,65.1
20,0,4,60,23,1,add_lane,2,720,59.2,893,71.0
20,0,4,60,23,1,change_speed,-10,720,59.2,660,44.4
20,0,4,60,23,1,change_speed,0,720,59.2,720,53.3
20,0,4,60,23,1,change_speed,10,720,59.2,780,62.2
20,0,4,60,23,2,add_lane,0,698,59.1,698,59.1
20,0,4,60,23,2,add_lane,1,698,59.1,782,65.0
20,0,4,60,23,2,add_lane,2,698,59.1,866,70.9
20,0,4,60,23,2,change_speed,-10,698,59.1,640,44.3
20,0,4,60,23,2,change_speed,0,698,59.1,698,53.2
20,0,4,60,23,2,change_speed,10,698,59.1,756,62.1
20,0,4,60,23,3,add_lane,0,698,56.8,698,56.8
20,0,4,60,23,3,add_lane,1,698,56.8,782,62.5
20,0,4,60,23,3,add_lane,2,698,56.8,866,68.2
20,0,4,60,23,3,change_speed,-10,698,56.8,640,42.6
20,0,4,60,23,3,change_speed,0,698,56.8,698,51.1
20,0,4,60,23,3,change_speed,10,698,56.8,756,59.6
20,0,4,60,23,4,add_lane,0,698,61.3,698,61.3
20,0,4,60,23,4,add_lane,1,698,61.3,782,67.4
20,0,4,60,23,4,add_lane,2,698,61.3,866,73.6
20,0,4,60,23,4,change_speed,-10,698,61.3,640,46.0
20,0,4,60,23,4,change_speed,0,698,61.3,698,55.2
20,0,4,60,23,4,change_speed,10,698,61.3,756,64.4
20,0,4,60,23,5,add_lane,0,504,45.0,504,45.0
20,0,4,60,23,5,add_lane,1,504,45.0,564,49.5
20,0,4,60,23,5,add_lane,2,504,45.0,625,54.0
20,0,4,60,23,5,change_speed,-10,504,45.0,462,33.8
20,0,4,60,23,5,change_speed,0,504,45.0,504,40.5
20,0,4,60,23,5,change_speed,10,504,45.0,546,47.2
20,0,4,60,23,6,add_lane,0,443,48.5,443,48.5
20,0,4,60,23,6,add_lane,1,443,48.5,496,53.4
20,0,4,60,23,6,add_lane,2,443,48.5,549,58.2
20,0,4,60,23,6,change_speed,-10,443,48.5,406,36.4
20,0,4,60,23,6,change_speed,0,443,48.5,443,43.6
20,0,4,60,23,6,change_speed,10,443,48.5,480,50.9
