case_id,series_path,series_name,mask_path,mask_voxel_count,positive_slice_count,depth,height,width
CQ500-CT-0,/media/qiqi/P7000Z/WorkStation/medical/CT_Junior/CQ500/CQ500CT0 CQ500CT0/Unknown Study/CT Plain,CT Plain,/media/qiqi/P7000Z/WorkStation/medical/CT_Junior/CT artifact annotation/output/CQ500-CT-0/artifact_mask.nii.gz,88376,28,30,512,512
CQ500-CT-1,/media/qiqi/P7000Z/WorkStation/medical/CT_Junior/CQ500/CQ500CT1 CQ500CT1/Unknown Study/CT 2.55mm,CT 2.55mm,/media/qiqi/P7000Z/WorkStation/medical/CT_Junior/CT artifact annotation/output/CQ500-CT-1/artifact_mask.nii.gz,33623,31,36,512,512
CQ500-CT-2,/media/qiqi/P7000Z/WorkStation/medical/CT_Junior/CQ500/CQ500CT2 CQ500CT2/Unknown Study/CT 0.625mm,CT 0.625mm,/media/qiqi/P7000Z/WorkStation/medical/CT_Junior/CT artifact annotation/output/CQ500-CT-2/artifact_mask.nii.gz,2218636,249,256,512,512
CQ500-CT-3,/media/qiqi/P7000Z/WorkStation/medical/CT_Junior/CQ500/CQ500CT3 CQ500CT3/Unknown Study/CT Plain,CT Plain,/media/qiqi/P7000Z/WorkStation/medical/CT_Junior/CT artifact annotation/output/CQ500-CT-3/artifact_mask.nii.gz,98514,27,30,512,512
CQ500-CT-4,/media/qiqi/P7000Z/WorkStation/medical/CT_Junior/CQ500/CQ500CT4 CQ500CT4/Unknown Study/CT 0.625mm,CT 0.625mm,/media/qiqi/P7000Z/WorkStation/medical/CT_Junior/CT artifact annotation/output/CQ500-CT-4/artifact_mask.nii.gz,2201773,268,288,512,512
CQ500-CT-5,/media/qiqi/P7000Z/WorkStation/medical/CT_Junior/CQ500/CQ500CT5 CQ500CT5/Unknown Study/CT Plain 3mm,CT Plain 3mm,/media/qiqi/P7000Z/WorkStation/medical/CT_Junior/CT artifact annotation/output/CQ500-CT-5/artifact_mask.nii.gz,422269,52,53,512,512
CQ500-CT-6,/media/qiqi/P7000Z/WorkStation/medical/CT_Junior/CQ500/CQ500CT6 CQ500CT6/Unknown Study/CT Thin Plain,CT Thin Plain,/media/qiqi/P7000Z/WorkStation/medical/CT_Junior/CT artifact annotation/output/CQ500-CT-6/artifact_mask.nii.gz,2816536,581,584,512,512
CQ500-CT-7,/media/qiqi/P7000Z/WorkStation/medical/CT_Junior/CQ500/CQ500CT7 CQ500CT7/Unknown Study/CT Plain,CT Plain,/media/qiqi/P7000Z/WorkStation/medical/CT_Junior/CT artifact annotation/output/CQ500-CT-7/artifact_mask.nii.gz,140469,30,32,512,512
CQ500-CT-8,/media/qiqi/P7000Z/WorkStation/medical/CT_Junior/CQ500/CQ500CT8 CQ500CT8/Unknown Study/CT PLAIN THIN,CT PLAIN THIN,/media/qiqi/P7000Z/WorkStation/medical/CT_Junior/CT artifact annotation/output/CQ500-CT-8/artifact_mask.nii.gz,2944632,327,350,512,512
CQ500-CT-9,/media/qiqi/P7000Z/WorkStation/medical/CT_Junior/CQ500/CQ500CT9 CQ500CT9/Unknown Study/CT Thin Plain,CT Thin Plain,/media/qiqi/P7000Z/WorkStation/medical/CT_Junior/CT artifact annotation/output/CQ500-CT-9/artifact_mask.nii.gz,2436575,282,288,512,512
CQ500-CT-10,/media/qiqi/P7000Z/WorkStation/medical/CT_Junior/CQ500/CQ500CT10 CQ500CT10/Unknown Study/CT PLAIN THIN,CT PLAIN THIN,/media/qiqi/P7000Z/WorkStation/medical/CT_Junior/CT artifact annotation/output/CQ500-CT-10/artifact_mask.nii.gz,2085433,216,224,512,512
CQ500-CT-11,/media/qiqi/P7000Z/WorkStation/medical/CT_Junior/CQ500/CQ500CT11 CQ500CT11/Unknown Study/CT Thin Plain,CT Thin Plain,/media/qiqi/P7000Z/WorkStation/medical/CT_Junior/CT artifact annotation/output/CQ500-CT-11/artifact_mask.nii.gz,683666,232,256,512,512
CQ500-CT-12,/media/qiqi/P7000Z/WorkStation/medical/CT_Junior/CQ500/CQ500CT12 CQ500CT12/Unknown Study/CT Thin Plain,CT Thin Plain,/media/qiqi/P7000Z/WorkStation/medical/CT_Junior/CT artifact annotation/output/CQ500-CT-12/artifact_mask.nii.gz,1975986,272,288,512,512
CQ500-CT-13,/media/qiqi/P7000Z/WorkStation/medical/CT_Junior/CQ500/CQ500CT13 CQ500CT13/Unknown Study/CT PRE CONTRAST 5MM STD,CT PRE CONTRAST 5MM STD,/media/qiqi/P7000Z/WorkStation/medical/CT_Junior/CT artifact annotation/output/CQ500-CT-13/artifact_mask.nii.gz,150468,28,30,512,512
CQ500-CT-14,/media/qiqi/P7000Z/WorkStation/medical/CT_Junior/CQ500/CQ500CT14 CQ500CT14/Unknown Study/CT Plain THIN,CT Plain THIN,/media/qiqi/P7000Z/WorkStation/medical/CT_Junior/CT artifact annotation/output/CQ500-CT-14/artifact_mask.nii.gz,2905491,295,301,512,512
CQ500-CT-15,/media/qiqi/P7000Z/WorkStation/medical/CT_Junior/CQ500/CQ500CT15 CQ500CT15/Unknown Study/CT Thin Plain,CT Thin Plain,/media/qiqi/P7000Z/WorkStation/medical/CT_Junior/CT artifact annotation/output/CQ500-CT-15/artifact_mask.nii.gz,1760164,220,220,512,512
CQ500-CT-16,/media/qiqi/P7000Z/WorkStation/medical/CT_Junior/CQ500/CQ500CT16 CQ500CT16/Unknown Study/CT PLAIN THIN,CT PLAIN THIN,/media/qiqi/P7000Z/WorkStation/medical/CT_Junior/CT artifact annotation/output/CQ500-CT-16/artifact_mask.nii.gz,1999120,228,247,512,512
CQ500-CT-17,/media/qiqi/P7000Z/WorkStation/medical/CT_Junior/CQ500/CQ500CT17 CQ500CT17/Unknown Study/CT 0.625mm,CT 0.625mm,/media/qiqi/P7000Z/WorkStation/medical/CT_Junior/CT artifact annotation/output/CQ500-CT-17/artifact_mask.nii.gz,1748853,245,256,512,512
CQ500-CT-18,/media/qiqi/P7000Z/WorkStation/medical/CT_Junior/CQ500/CQ500CT18 CQ500CT18/Unknown Study/CT 0.625mm,CT 0.625mm,/media/qiqi/P7000Z/WorkStation/medical/CT_Junior/CT artifact annotation/output/CQ500-CT-18/artifact_mask.nii.gz,2076069,241,256,512,512
CQ500-CT-19,/media/qiqi/P7000Z/WorkStation/medical/CT_Junior/CQ500/CQ500CT19 CQ500CT19/Unknown Study/CT Plain,CT Plain,/media/qiqi/P7000Z/WorkStation/medical/CT_Junior/CT artifact annotation/output/CQ500-CT-19/artifact_mask.nii.gz,53680,24,28,512,512
CQ500-CT-20,/media/qiqi/P7000Z/WorkStation/medical/CT_Junior/CQ500/CQ500CT20 CQ500CT20/Unknown Study/CT Thin Plain,CT Thin Plain,/media/qiqi/P7000Z/WorkStation/medical/CT_Junior/CT artifact annotation/output/CQ500-CT-20/artifact_mask.nii.gz,2034488,267,288,512,512
CQ500-CT-21,/media/qiqi/P7000Z/WorkStation/medical/CT_Junior/CQ500/CQ500CT21 CQ500CT21/Unknown Study/CT PRE CONTRAST 5MM STD,CT PRE CONTRAST 5MM STD,/media/qiqi/P7000Z/WorkStation/medical/CT_Junior/CT artifact annotation/output/CQ500-CT-21/artifact_mask.nii.gz,127932,23,29,512,512
CQ500-CT-22,/media/qiqi/P7000Z/WorkStation/medical/CT_Junior/CQ500/CQ500CT22 CQ500CT22/Unknown Study/CT Plain,CT Plain,/media/qiqi/P7000Z/WorkStation/medical/CT_Junior/CT artifact annotation/output/CQ500-CT-22/artifact_mask.nii.gz,86013,27,30,512,512
CQ500-CT-23,/media/qiqi/P7000Z/WorkStation/medical/CT_Junior/CQ500/CQ500CT23 CQ500CT23/Unknown Study/CT 5mm POST CONTRAST,CT 5mm POST CONTRAST,/media/qiqi/P7000Z/WorkStation/medical/CT_Junior/CT artifact annotation/output/CQ500-CT-23/artifact_mask.nii.gz,1821368,210,225,512,512
CQ500-CT-24,/media/qiqi/P7000Z/WorkStation/medical/CT_Junior/CQ500/CQ500CT24 CQ500CT24/Unknown Study/CT 2.55mm,CT 2.55mm,/media/qiqi/P7000Z/WorkStation/medical/CT_Junior/CT artifact annotation/output/CQ500-CT-24/artifact_mask.nii.gz,68740,27,32,512,512
CQ500-CT-25,/media/qiqi/P7000Z/WorkStation/medical/CT_Junior/CQ500/CQ500CT25 CQ500CT25/Unknown Study/CT Thin Plain,CT Thin Plain,/media/qiqi/P7000Z/WorkStation/medical/CT_Junior/CT artifact annotation/output/CQ500-CT-25/artifact_mask.nii.gz,2839664,269,288,512,512
CQ500-CT-26,/media/qiqi/P7000Z/WorkStation/medical/CT_Junior/CQ500/CQ500CT26 CQ500CT26/Unknown Study/CT Plain,CT Plain,/media/qiqi/P7000Z/WorkStation/medical/CT_Junior/CT artifact annotation/output/CQ500-CT-26/artifact_mask.nii.gz,32558,25,30,512,512
CQ500-CT-27,/media/qiqi/P7000Z/WorkStation/medical/CT_Junior/CQ500/CQ500CT27 CQ500CT27/Unknown Study/CT Plain,CT Plain,/media/qiqi/P7000Z/WorkStation/medical/CT_Junior/CT artifact annotation/output/CQ500-CT-27/artifact_mask.nii.gz,61493,22,28,512,512
CQ500-CT-28,/media/qiqi/P7000Z/WorkStation/medical/CT_Junior/CQ500/CQ500CT28 CQ500CT28/Unknown Study/CT Thin Plain,CT Thin Plain,/media/qiqi/P7000Z/WorkStation/medical/CT_Junior/CT artifact annotation/output/CQ500-CT-28/artifact_mask.nii.gz,1879700,256,288,512,512
CQ500-CT-29,/media/qiqi/P7000Z/WorkStation/medical/CT_Junior/CQ500/CQ500CT29 CQ500CT29/Unknown Study/CT Thin Plain,CT Thin Plain,/media/qiqi/P7000Z/WorkStation/medical/CT_Junior/CT artifact annotation/output/CQ500-CT-29/artifact_mask.nii.gz,1089840,233,256,512,512
CQ500-CT-30,/media/qiqi/P7000Z/WorkStation/medical/CT_Junior/CQ500/CQ500CT30 CQ500CT30/Unknown Study/CT PLAIN THIN,CT PLAIN THIN,/media/qiqi/P7000Z/WorkStation/medical/CT_Junior/CT artifact annotation/output/CQ500-CT-30/artifact_mask.nii.gz,3204373,256,256,512,512
CQ500-CT-31,/media/qiqi/P7000Z/WorkStation/medical/CT_Junior/CQ500/CQ500CT31 CQ500CT31/Unknown Study/CT PRE CONTRAST 5MM STD,CT PRE CONTRAST 5MM STD,/media/qiqi/P7000Z/WorkStation/medical/CT_Junior/CT artifact annotation/output/CQ500-CT-31/artifact_mask.nii.gz,53788,21,30,512,512
CQ500-CT-32,/media/qiqi/P7000Z/WorkStation/medical/CT_Junior/CQ500/CQ500CT32 CQ500CT32/Unknown Study/CT 0.625mm,CT 0.625mm,/media/qiqi/P7000Z/WorkStation/medical/CT_Junior/CT artifact annotation/output/CQ500-CT-32/artifact_mask.nii.gz,2862395,247,256,512,512
CQ500-CT-33,/media/qiqi/P7000Z/WorkStation/medical/CT_Junior/CQ500/CQ500CT33 CQ500CT33/Unknown Study/CT Plain,CT Plain,/media/qiqi/P7000Z/WorkStation/medical/CT_Junior/CT artifact annotation/output/CQ500-CT-33/artifact_mask.nii.gz,103791,27,32,512,512
CQ500-CT-34,/media/qiqi/P7000Z/WorkStation/medical/CT_Junior/CQ500/CQ500CT34 CQ500CT34/Unknown Study/CT PRE CONTRAST 5MM STD,CT PRE CONTRAST 5MM STD,/media/qiqi/P7000Z/WorkStation/medical/CT_Junior/CT artifact annotation/output/CQ500-CT-34/artifact_mask.nii.gz,101357,30,32,512,512
CQ500-CT-35,/media/qiqi/P7000Z/WorkStation/medical/CT_Junior/CQ500/CQ500CT35 CQ500CT35/Unknown Study/CT Thin Plain,CT Thin Plain,/media/qiqi/P7000Z/WorkStation/medical/CT_Junior/CT artifact annotation/output/CQ500-CT-35/artifact_mask.nii.gz,2253015,272,288,512,512
CQ500-CT-36,/media/qiqi/P7000Z/WorkStation/medical/CT_Junior/CQ500/CQ500CT36 CQ500CT36/Unknown Study/CT PRE CONTRAST 5MM STD,CT PRE CONTRAST 5MM STD,/media/qiqi/P7000Z/WorkStation/medical/CT_Junior/CT artifact annotation/output/CQ500-CT-36/artifact_mask.nii.gz,168646,28,30,512,512
CQ500-CT-37,/media/qiqi/P7000Z/WorkStation/medical/CT_Junior/CQ500/CQ500CT37 CQ500CT37/Unknown Study/CT Plain,CT Plain,/media/qiqi/P7000Z/WorkStation/medical/CT_Junior/CT artifact annotation/output/CQ500-CT-37/artifact_mask.nii.gz,77534,26,30,512,512
CQ500-CT-38,/media/qiqi/P7000Z/WorkStation/medical/CT_Junior/CQ500/CQ500CT38 CQ500CT38/Unknown Study/CT Plain,CT Plain,/media/qiqi/P7000Z/WorkStation/medical/CT_Junior/CT artifact annotation/output/CQ500-CT-38/artifact_mask.nii.gz,79360,26,30,512,512
CQ500-CT-39,/media/qiqi/P7000Z/WorkStation/medical/CT_Junior/CQ500/CQ500CT39 CQ500CT39/Unknown Study/CT PRE CONTRAST 5MM STD,CT PRE CONTRAST 5MM STD,/media/qiqi/P7000Z/WorkStation/medical/CT_Junior/CT artifact annotation/output/CQ500-CT-39/artifact_mask.nii.gz,124359,27,30,512,512
CQ500-CT-40,/media/qiqi/P7000Z/WorkStation/medical/CT_Junior/CQ500/CQ500CT40 CQ500CT40/Unknown Study/CT 0.625mm,CT 0.625mm,/media/qiqi/P7000Z/WorkStation/medical/CT_Junior/CT artifact annotation/output/CQ500-CT-40/artifact_mask.nii.gz,1930204,261,288,512,512
CQ500-CT-41,/media/qiqi/P7000Z/WorkStation/medical/CT_Junior/CQ500/CQ500CT41 CQ500CT41/Unknown Study/CT PLAIN THIN,CT PLAIN THIN,/media/qiqi/P7000Z/WorkStation/medical/CT_Junior/CT artifact annotation/output/CQ500-CT-41/artifact_mask.nii.gz,1281665,223,234,512,512
CQ500-CT-42,/media/qiqi/P7000Z/WorkStation/medical/CT_Junior/CQ500/CQ500CT42 CQ500CT42/Unknown Study/CT PRE CONTRAST 5MM STD,CT PRE CONTRAST 5MM STD,/media/qiqi/P7000Z/WorkStation/medical/CT_Junior/CT artifact annotation/output/CQ500-CT-42/artifact_mask.nii.gz,62738,23,30,512,512
CQ500-CT-43,/media/qiqi/P7000Z/WorkStation/medical/CT_Junior/CQ500/CQ500CT43 CQ500CT43/Unknown Study/CT 2.55mm,CT 2.55mm,/media/qiqi/P7000Z/WorkStation/medical/CT_Junior/CT artifact annotation/output/CQ500-CT-43/artifact_mask.nii.gz,26327,24,32,512,512
CQ500-CT-44,/media/qiqi/P7000Z/WorkStation/medical/CT_Junior/CQ500/CQ500CT44 CQ500CT44/Unknown Study/CT Thin Plain,CT Thin Plain,/media/qiqi/P7000Z/WorkStation/medical/CT_Junior/CT artifact annotation/output/CQ500-CT-44/artifact_mask.nii.gz,384344,41,41,512,512
CQ500-CT-45,/media/qiqi/P7000Z/WorkStation/medical/CT_Junior/CQ500/CQ500CT45 CQ500CT45/Unknown Study/CT PRE CONTRAST 5MM STD,CT PRE CONTRAST 5MM STD,/media/qiqi/P7000Z/WorkStation/medical/CT_Junior/CT artifact annotation/output/CQ500-CT-45/artifact_mask.nii.gz,208492,28,28,512,512
CQ500-CT-46,/media/qiqi/P7000Z/WorkStation/medical/CT_Junior/CQ500/CQ500CT46 CQ500CT46/Unknown Study/CT Plain 3mm,CT Plain 3mm,/media/qiqi/P7000Z/WorkStation/medical/CT_Junior/CT artifact annotation/output/CQ500-CT-46/artifact_mask.nii.gz,75018,54,57,512,512
CQ500-CT-47,/media/qiqi/P7000Z/WorkStation/medical/CT_Junior/CQ500/CQ500CT47 CQ500CT47/Unknown Study/CT PRE CONTRAST 5MM STD,CT PRE CONTRAST 5MM STD,/media/qiqi/P7000Z/WorkStation/medical/CT_Junior/CT artifact annotation/output/CQ500-CT-47/artifact_mask.nii.gz,158049,28,29,512,512
CQ500-CT-48,/media/qiqi/P7000Z/WorkStation/medical/CT_Junior/CQ500/CQ500CT48 CQ500CT48/Unknown Study/CT Plain,CT Plain,/media/qiqi/P7000Z/WorkStation/medical/CT_Junior/CT artifact annotation/output/CQ500-CT-48/artifact_mask.nii.gz,121574,29,34,512,512
CQ500-CT-49,/media/qiqi/P7000Z/WorkStation/medical/CT_Junior/CQ500/CQ500CT49 CQ500CT49/Unknown Study/CT PRE CONTRAST 5MM STD,CT PRE CONTRAST 5MM STD,/media/qiqi/P7000Z/WorkStation/medical/CT_Junior/CT artifact annotation/output/CQ500-CT-49/artifact_mask.nii.gz,93986,22,29,512,512
CQ500-CT-50,/media/qiqi/P7000Z/WorkStation/medical/CT_Junior/CQ500/CQ500CT50 CQ500CT50/Unknown Study/CT 0.625mm,CT 0.625mm,/media/qiqi/P7000Z/WorkStation/medical/CT_Junior/CT artifact annotation/output/CQ500-CT-50/artifact_mask.nii.gz,1963394,239,256,512,512
CQ500-CT-51,/media/qiqi/P7000Z/WorkStation/medical/CT_Junior/CQ500/CQ500CT51 CQ500CT51/Unknown Study/CT Plain,CT Plain,/media/qiqi/P7000Z/WorkStation/medical/CT_Junior/CT artifact annotation/output/CQ500-CT-51/artifact_mask.nii.gz,91041,25,28,512,512
CQ500-CT-52,/media/qiqi/P7000Z/WorkStation/medical/CT_Junior/CQ500/CQ500CT52 CQ500CT52/Unknown Study/CT PRE CONTRAST 5MM STD,CT PRE CONTRAST 5MM STD,/media/qiqi/P7000Z/WorkStation/medical/CT_Junior/CT artifact annotation/output/CQ500-CT-52/artifact_mask.nii.gz,146504,26,30,512,512
CQ500-CT-53,/media/qiqi/P7000Z/WorkStation/medical/CT_Junior/CQ500/CQ500CT53 CQ500CT53/Unknown Study/CT Thin Plain,CT Thin Plain,/media/qiqi/P7000Z/WorkStation/medical/CT_Junior/CT artifact annotation/output/CQ500-CT-53/artifact_mask.nii.gz,1722772,234,256,512,512
CQ500-CT-54,/media/qiqi/P7000Z/WorkStation/medical/CT_Junior/CQ500/CQ500CT54 CQ500CT54/Unknown Study/CT Thin Plain,CT Thin Plain,/media/qiqi/P7000Z/WorkStation/medical/CT_Junior/CT artifact annotation/output/CQ500-CT-54/artifact_mask.nii.gz,1826415,269,288,512,512
CQ500-CT-55,/media/qiqi/P7000Z/WorkStation/medical/CT_Junior/CQ500/CQ500CT55 CQ500CT55/Unknown Study/CT 0.625mm,CT 0.625mm,/media/qiqi/P7000Z/WorkStation/medical/CT_Junior/CT artifact annotation/output/CQ500-CT-55/artifact_mask.nii.gz,2869139,263,288,512,512
CQ500-CT-56,/media/qiqi/P7000Z/WorkStation/medical/CT_Junior/CQ500/CQ500CT56 CQ500CT56/Unknown Study/CT 2.55mm,CT 2.55mm,/media/qiqi/P7000Z/WorkStation/medical/CT_Junior/CT artifact annotation/output/CQ500-CT-56/artifact_mask.nii.gz,114163,29,32,512,512
CQ500-CT-57,/media/qiqi/P7000Z/WorkStation/medical/CT_Junior/CQ500/CQ500CT57 CQ500CT57/Unknown Study/CT 0.625mm,CT 0.625mm,/media/qiqi/P7000Z/WorkStation/medical/CT_Junior/CT artifact annotation/output/CQ500-CT-57/artifact_mask.nii.gz,2373571,251,256,512,512
CQ500-CT-58,/media/qiqi/P7000Z/WorkStation/medical/CT_Junior/CQ500/CQ500CT58 CQ500CT58/Unknown Study/CT PRE CONTRAST 5MM STD,CT PRE CONTRAST 5MM STD,/media/qiqi/P7000Z/WorkStation/medical/CT_Junior/CT artifact annotation/output/CQ500-CT-58/artifact_mask.nii.gz,115886,30,33,512,512
CQ500-CT-59,/media/qiqi/P7000Z/WorkStation/medical/CT_Junior/CQ500/CQ500CT59 CQ500CT59/Unknown Study/CT Plain,CT Plain,/media/qiqi/P7000Z/WorkStation/medical/CT_Junior/CT artifact annotation/output/CQ500-CT-59/artifact_mask.nii.gz,49365,21,28,512,512
CQ500-CT-60,/media/qiqi/P7000Z/WorkStation/medical/CT_Junior/CQ500/CQ500CT60 CQ500CT60/Unknown Study/CT 0.625mm,CT 0.625mm,/media/qiqi/P7000Z/WorkStation/medical/CT_Junior/CT artifact annotation/output/CQ500-CT-60/artifact_mask.nii.gz,2580208,256,256,512,512
CQ500-CT-61,/media/qiqi/P7000Z/WorkStation/medical/CT_Junior/CQ500/CQ500CT61 CQ500CT61/Unknown Study/CT Plain 3mm,CT Plain 3mm,/media/qiqi/P7000Z/WorkStation/medical/CT_Junior/CT artifact annotation/output/CQ500-CT-61/artifact_mask.nii.gz,185046,55,58,512,512
CQ500-CT-62,/media/qiqi/P7000Z/WorkStation/medical/CT_Junior/CQ500/CQ500CT62 CQ500CT62/Unknown Study/CT Thin Plain,CT Thin Plain,/media/qiqi/P7000Z/WorkStation/medical/CT_Junior/CT artifact annotation/output/CQ500-CT-62/artifact_mask.nii.gz,2253968,241,256,512,512
CQ500-CT-63,/media/qiqi/P7000Z/WorkStation/medical/CT_Junior/CQ500/CQ500CT63 CQ500CT63/Unknown Study/CT PRE CONTRAST 5MM STD,CT PRE CONTRAST 5MM STD,/media/qiqi/P7000Z/WorkStation/medical/CT_Junior/CT artifact annotation/output/CQ500-CT-63/artifact_mask.nii.gz,117777,30,32,512,512
CQ500-CT-64,/media/qiqi/P7000Z/WorkStation/medical/CT_Junior/CQ500/CQ500CT64 CQ500CT64/Unknown Study/CT Plain 3mm,CT Plain 3mm,/media/qiqi/P7000Z/WorkStation/medical/CT_Junior/CT artifact annotation/output/CQ500-CT-64/artifact_mask.nii.gz,94394,47,48,512,512
CQ500-CT-65,/media/qiqi/P7000Z/WorkStation/medical/CT_Junior/CQ500/CQ500CT65 CQ500CT65/Unknown Study/CT 2.55mm,CT 2.55mm,/media/qiqi/P7000Z/WorkStation/medical/CT_Junior/CT artifact annotation/output/CQ500-CT-65/artifact_mask.nii.gz,49998,29,32,512,512
CQ500-CT-66,/media/qiqi/P7000Z/WorkStation/medical/CT_Junior/CQ500/CQ500CT66 CQ500CT66/Unknown Study/CT Plain,CT Plain,/media/qiqi/P7000Z/WorkStation/medical/CT_Junior/CT artifact annotation/output/CQ500-CT-66/artifact_mask.nii.gz,147718,30,32,512,512
CQ500-CT-67,/media/qiqi/P7000Z/WorkStation/medical/CT_Junior/CQ500/CQ500CT67 CQ500CT67/Unknown Study/CT Plain,CT Plain,/media/qiqi/P7000Z/WorkStation/medical/CT_Junior/CT artifact annotation/output/CQ500-CT-67/artifact_mask.nii.gz,120431,29,30,512,512
CQ500-CT-68,/media/qiqi/P7000Z/WorkStation/medical/CT_Junior/CQ500/CQ500CT68 CQ500CT68/Unknown Study/CT Thin Plain,CT Thin Plain,/media/qiqi/P7000Z/WorkStation/medical/CT_Junior/CT artifact annotation/output/CQ500-CT-68/artifact_mask.nii.gz,2607221,238,256,512,512
CQ500-CT-69,/media/qiqi/P7000Z/WorkStation/medical/CT_Junior/CQ500/CQ500CT69 CQ500CT69/Unknown Study/CT PRE CONTRAST 5MM STD,CT PRE CONTRAST 5MM STD,/media/qiqi/P7000Z/WorkStation/medical/CT_Junior/CT artifact annotation/output/CQ500-CT-69/artifact_mask.nii.gz,68287,23,30,512,512
CQ500-CT-70,/media/qiqi/P7000Z/WorkStation/medical/CT_Junior/CQ500/CQ500CT70 CQ500CT70/Unknown Study/CT Plain,CT Plain,/media/qiqi/P7000Z/WorkStation/medical/CT_Junior/CT artifact annotation/output/CQ500-CT-70/artifact_mask.nii.gz,144237,34,36,512,512
CQ500-CT-71,/media/qiqi/P7000Z/WorkStation/medical/CT_Junior/CQ500/CQ500CT71 CQ500CT71/Unknown Study/CT 5mm POST CONTRAST,CT 5mm POST CONTRAST,/media/qiqi/P7000Z/WorkStation/medical/CT_Junior/CT artifact annotation/output/CQ500-CT-71/artifact_mask.nii.gz,2545147,223,233,512,512
CQ500-CT-72,/media/qiqi/P7000Z/WorkStation/medical/CT_Junior/CQ500/CQ500CT72 CQ500CT72/Unknown Study/CT 5mm POST CONTRAST,CT 5mm POST CONTRAST,/media/qiqi/P7000Z/WorkStation/medical/CT_Junior/CT artifact annotation/output/CQ500-CT-72/artifact_mask.nii.gz,2016357,235,238,512,512
CQ500-CT-73,/media/qiqi/P7000Z/WorkStation/medical/CT_Junior/CQ500/CQ500CT73 CQ500CT73/Unknown Study/CT Plain,CT Plain,/media/qiqi/P7000Z/WorkStation/medical/CT_Junior/CT artifact annotation/output/CQ500-CT-73/artifact_mask.nii.gz,51243,27,30,512,512
CQ500-CT-74,/media/qiqi/P7000Z/WorkStation/medical/CT_Junior/CQ500/CQ500CT74 CQ500CT74/Unknown Study/CT PRE CONTRAST 5MM STD,CT PRE CONTRAST 5MM STD,/media/qiqi/P7000Z/WorkStation/medical/CT_Junior/CT artifact annotation/output/CQ500-CT-74/artifact_mask.nii.gz,59066,24,30,512,512
CQ500-CT-75,/media/qiqi/P7000Z/WorkStation/medical/CT_Junior/CQ500/CQ500CT75 CQ500CT75/Unknown Study/CT Plain 3mm,CT Plain 3mm,/media/qiqi/P7000Z/WorkStation/medical/CT_Junior/CT artifact annotation/output/CQ500-CT-75/artifact_mask.nii.gz,273846,52,53,512,512
CQ500-CT-76,/media/qiqi/P7000Z/WorkStation/medical/CT_Junior/CQ500/CQ500CT76 CQ500CT76/Unknown Study/CT Thin Plain,CT Thin Plain,/media/qiqi/P7000Z/WorkStation/medical/CT_Junior/CT artifact annotation/output/CQ500-CT-76/artifact_mask.nii.gz,2845212,270,288,512,512
CQ500-CT-77,/media/qiqi/P7000Z/WorkStation/medical/CT_Junior/CQ500/CQ500CT77 CQ500CT77/Unknown Study/CT PRE CONTRAST 5MM STD,CT PRE CONTRAST 5MM STD,/media/qiqi/P7000Z/WorkStation/medical/CT_Junior/CT artifact annotation/output/CQ500-CT-77/artifact_mask.nii.gz,122331,23,30,512,512
CQ500-CT-78,/media/qiqi/P7000Z/WorkStation/medical/CT_Junior/CQ500/CQ500CT78 CQ500CT78/Unknown Study/CT Plain,CT Plain,/media/qiqi/P7000Z/WorkStation/medical/CT_Junior/CT artifact annotation/output/CQ500-CT-78/artifact_mask.nii.gz,94047,29,32,512,512
CQ500-CT-79,/media/qiqi/P7000Z/WorkStation/medical/CT_Junior/CQ500/CQ500CT79 CQ500CT79/Unknown Study/CT PLAIN THIN,CT PLAIN THIN,/media/qiqi/P7000Z/WorkStation/medical/CT_Junior/CT artifact annotation/output/CQ500-CT-79/artifact_mask.nii.gz,1692877,207,221,512,512
CQ500-CT-80,/media/qiqi/P7000Z/WorkStation/medical/CT_Junior/CQ500/CQ500CT80 CQ500CT80/Unknown Study/CT 0.625mm,CT 0.625mm,/media/qiqi/P7000Z/WorkStation/medical/CT_Junior/CT artifact annotation/output/CQ500-CT-80/artifact_mask.nii.gz,1583039,239,256,512,512
CQ500-CT-81,/media/qiqi/P7000Z/WorkStation/medical/CT_Junior/CQ500/CQ500CT81 CQ500CT81/Unknown Study/CT Thin Plain,CT Thin Plain,/media/qiqi/P7000Z/WorkStation/medical/CT_Junior/CT artifact annotation/output/CQ500-CT-81/artifact_mask.nii.gz,2479748,263,288,512,512
CQ500-CT-82,/media/qiqi/P7000Z/WorkStation/medical/CT_Junior/CQ500/CQ500CT82 CQ500CT82/Unknown Study/CT PLAIN THIN,CT PLAIN THIN,/media/qiqi/P7000Z/WorkStation/medical/CT_Junior/CT artifact annotation/output/CQ500-CT-82/artifact_mask.nii.gz,2440483,247,274,512,512
CQ500-CT-83,/media/qiqi/P7000Z/WorkStation/medical/CT_Junior/CQ500/CQ500CT83 CQ500CT83/Unknown Study/CT Plain,CT Plain,/media/qiqi/P7000Z/WorkStation/medical/CT_Junior/CT artifact annotation/output/CQ500-CT-83/artifact_mask.nii.gz,147523,28,28,512,512
CQ500-CT-84,/media/qiqi/P7000Z/WorkStation/medical/CT_Junior/CQ500/CQ500CT84 CQ500CT84/Unknown Study/CT Plain,CT Plain,/media/qiqi/P7000Z/WorkStation/medical/CT_Junior/CT artifact annotation/output/CQ500-CT-84/artifact_mask.nii.gz,79944,31,34,512,512
CQ500-CT-85,/media/qiqi/P7000Z/WorkStation/medical/CT_Junior/CQ500/CQ500CT85 CQ500CT85/Unknown Study/CT Plain,CT Plain,/media/qiqi/P7000Z/WorkStation/medical/CT_Junior/CT artifact annotation/output/CQ500-CT-85/artifact_mask.nii.gz,30476,26,34,512,512
CQ500-CT-86,/media/qiqi/P7000Z/WorkStation/medical/CT_Junior/CQ500/CQ500CT86 CQ500CT86/Unknown Study/CT Thin Plain,CT Thin Plain,/media/qiqi/P7000Z/WorkStation/medical/CT_Junior/CT artifact annotation/output/CQ500-CT-86/artifact_mask.nii.gz,2451046,276,288,512,512
CQ500-CT-87,/media/qiqi/P7000Z/WorkStation/medical/CT_Junior/CQ500/CQ500CT87 CQ500CT87/Unknown Study/CT Plain 3mm,CT Plain 3mm,/media/qiqi/P7000Z/WorkStation/medical/CT_Junior/CT artifact annotation/output/CQ500-CT-87/artifact_mask.nii.gz,197315,53,54,512,512
CQ500-CT-88,/media/qiqi/P7000Z/WorkStation/medical/CT_Junior/CQ500/CQ500CT88 CQ500CT88/Unknown Study/CT 5mm POST CONTRAST,CT 5mm POST CONTRAST,/media/qiqi/P7000Z/WorkStation/medical/CT_Junior/CT artifact annotation/output/CQ500-CT-88/artifact_mask.nii.gz,2101723,223,247,512,512
CQ500-CT-89,/media/qiqi/P7000Z/WorkStation/medical/CT_Junior/CQ500/CQ500CT89 CQ500CT89/Unknown Study/CT PRE CONTRAST 5MM STD,CT PRE CONTRAST 5MM STD,/media/qiqi/P7000Z/WorkStation/medical/CT_Junior/CT artifact annotation/output/CQ500-CT-89/artifact_mask.nii.gz,131060,23,30,512,512
CQ500-CT-90,/media/qiqi/P7000Z/WorkStation/medical/CT_Junior/CQ500/CQ500CT90 CQ500CT90/Unknown Study/CT 0.625mm,CT 0.625mm,/media/qiqi/P7000Z/WorkStation/medical/CT_Junior/CT artifact annotation/output/CQ500-CT-90/artifact_mask.nii.gz,2234988,268,288,512,512
CQ500-CT-91,/media/qiqi/P7000Z/WorkStation/medical/CT_Junior/CQ500/CQ500CT91 CQ500CT91/Unknown Study/CT Plain,CT Plain,/media/qiqi/P7000Z/WorkStation/medical/CT_Junior/CT artifact annotation/output/CQ500-CT-91/artifact_mask.nii.gz,126530,33,34,512,512
CQ500-CT-92,/media/qiqi/P7000Z/WorkStation/medical/CT_Junior/CQ500/CQ500CT92 CQ500CT92/Unknown Study/CT Plain,CT Plain,/media/qiqi/P7000Z/WorkStation/medical/CT_Junior/CT artifact annotation/output/CQ500-CT-92/artifact_mask.nii.gz,150165,31,32,512,512
CQ500-CT-93,/media/qiqi/P7000Z/WorkStation/medical/CT_Junior/CQ500/CQ500CT93 CQ500CT93/Unknown Study/CT PRE CONTRAST 5MM STD,CT PRE CONTRAST 5MM STD,/media/qiqi/P7000Z/WorkStation/medical/CT_Junior/CT artifact annotation/output/CQ500-CT-93/artifact_mask.nii.gz,230047,28,30,512,512
CQ500-CT-94,/media/qiqi/P7000Z/WorkStation/medical/CT_Junior/CQ500/CQ500CT94 CQ500CT94/Unknown Study/CT Plain 3mm,CT Plain 3mm,/media/qiqi/P7000Z/WorkStation/medical/CT_Junior/CT artifact annotation/output/CQ500-CT-94/artifact_mask.nii.gz,175608,52,52,512,512
CQ500-CT-95,/media/qiqi/P7000Z/WorkStation/medical/CT_Junior/CQ500/CQ500CT95 CQ500CT95/Unknown Study/CT PRE CONTRAST 5MM STD,CT PRE CONTRAST 5MM STD,/media/qiqi/P7000Z/WorkStation/medical/CT_Junior/CT artifact annotation/output/CQ500-CT-95/artifact_mask.nii.gz,142463,27,30,512,512
CQ500-CT-96,/media/qiqi/P7000Z/WorkStation/medical/CT_Junior/CQ500/CQ500CT96 CQ500CT96/Unknown Study/CT Plain,CT Plain,/media/qiqi/P7000Z/WorkStation/medical/CT_Junior/CT artifact annotation/output/CQ500-CT-96/artifact_mask.nii.gz,153397,23,23,512,512
CQ500-CT-97,/media/qiqi/P7000Z/WorkStation/medical/CT_Junior/CQ500/CQ500CT97 CQ500CT97/Unknown Study/CT PRE CONTRAST 5MM STD,CT PRE CONTRAST 5MM STD,/media/qiqi/P7000Z/WorkStation/medical/CT_Junior/CT artifact annotation/output/CQ500-CT-97/artifact_mask.nii.gz,199756,29,31,512,512
CQ500-CT-98,/media/qiqi/P7000Z/WorkStation/medical/CT_Junior/CQ500/CQ500CT98 CQ500CT98/Unknown Study/CT PRE CONTRAST 5MM STD,CT PRE CONTRAST 5MM STD,/media/qiqi/P7000Z/WorkStation/medical/CT_Junior/CT artifact annotation/output/CQ500-CT-98/artifact_mask.nii.gz,120653,32,34,512,512
CQ500-CT-99,/media/qiqi/P7000Z/WorkStation/medical/CT_Junior/CQ500/CQ500CT99 CQ500CT99/Unknown Study/CT PRE CONTRAST 5MM STD,CT PRE CONTRAST 5MM STD,/media/qiqi/P7000Z/WorkStation/medical/CT_Junior/CT artifact annotation/output/CQ500-CT-99/artifact_mask.nii.gz,115036,26,31,512,512
CQ500-CT-100,/media/qiqi/P7000Z/WorkStation/medical/CT_Junior/CQ500/CQ500CT100 CQ500CT100/Unknown Study/CT Plain THIN,CT Plain THIN,/media/qiqi/P7000Z/WorkStation/medical/CT_Junior/CT artifact annotation/output/CQ500-CT-100/artifact_mask.nii.gz,3455550,324,337,512,512
CQ500-CT-101,/media/qiqi/P7000Z/WorkStation/medical/CT_Junior/CQ500/CQ500CT101 CQ500CT101/Unknown Study/CT Plain,CT Plain,/media/qiqi/P7000Z/WorkStation/medical/CT_Junior/CT artifact annotation/output/CQ500-CT-101/artifact_mask.nii.gz,111704,24,28,512,512
CQ500-CT-102,/media/qiqi/P7000Z/WorkStation/medical/CT_Junior/CQ500/CQ500CT102 CQ500CT102/Unknown Study/CT Plain,CT Plain,/media/qiqi/P7000Z/WorkStation/medical/CT_Junior/CT artifact annotation/output/CQ500-CT-102/artifact_mask.nii.gz,152090,28,30,512,512
CQ500-CT-103,/media/qiqi/P7000Z/WorkStation/medical/CT_Junior/CQ500/CQ500CT103 CQ500CT103/Unknown Study/CT Thin Plain,CT Thin Plain,/media/qiqi/P7000Z/WorkStation/medical/CT_Junior/CT artifact annotation/output/CQ500-CT-103/artifact_mask.nii.gz,2790263,240,256,512,512
CQ500-CT-104,/media/qiqi/P7000Z/WorkStation/medical/CT_Junior/CQ500/CQ500CT104 CQ500CT104/Unknown Study/CT Plain,CT Plain,/media/qiqi/P7000Z/WorkStation/medical/CT_Junior/CT artifact annotation/output/CQ500-CT-104/artifact_mask.nii.gz,113692,28,28,512,512
CQ500-CT-105,/media/qiqi/P7000Z/WorkStation/medical/CT_Junior/CQ500/CQ500CT105 CQ500CT105/Unknown Study/CT PRE CONTRAST 5MM STD,CT PRE CONTRAST 5MM STD,/media/qiqi/P7000Z/WorkStation/medical/CT_Junior/CT artifact annotation/output/CQ500-CT-105/artifact_mask.nii.gz,123982,22,28,512,512
CQ500-CT-106,/media/qiqi/P7000Z/WorkStation/medical/CT_Junior/CQ500/CQ500CT106 CQ500CT106/Unknown Study/CT Thin Plain,CT Thin Plain,/media/qiqi/P7000Z/WorkStation/medical/CT_Junior/CT artifact annotation/output/CQ500-CT-106/artifact_mask.nii.gz,3803995,237,256,512,512
CQ500-CT-107,/media/qiqi/P7000Z/WorkStation/medical/CT_Junior/CQ500/CQ500CT107 CQ500CT107/Unknown Study/CT Thin Plain,CT Thin Plain,/media/qiqi/P7000Z/WorkStation/medical/CT_Junior/CT artifact annotation/output/CQ500-CT-107/artifact_mask.nii.gz,2279989,241,256,512,512
CQ500-CT-108,/media/qiqi/P7000Z/WorkStation/medical/CT_Junior/CQ500/CQ500CT108 CQ500CT108/Unknown Study/CT 0.625mm,CT 0.625mm,/media/qiqi/P7000Z/WorkStation/medical/CT_Junior/CT artifact annotation/output/CQ500-CT-108/artifact_mask.nii.gz,2166893,253,256,512,512
CQ500-CT-109,/media/qiqi/P7000Z/WorkStation/medical/CT_Junior/CQ500/CQ500CT109 CQ500CT109/Unknown Study/CT 0.625mm,CT 0.625mm,/media/qiqi/P7000Z/WorkStation/medical/CT_Junior/CT artifact annotation/output/CQ500-CT-109/artifact_mask.nii.gz,2501867,246,256,512,512
CQ500-CT-110,/media/qiqi/P7000Z/WorkStation/medical/CT_Junior/CQ500/CQ500CT110 CQ500CT110/Unknown Study/CT Thin Plain,CT Thin Plain,/media/qiqi/P7000Z/WorkStation/medical/CT_Junior/CT artifact annotation/output/CQ500-CT-110/artifact_mask.nii.gz,2043927,270,288,512,512
CQ500-CT-111,/media/qiqi/P7000Z/WorkStation/medical/CT_Junior/CQ500/CQ500CT111 CQ500CT111/Unknown Study/CT Plain,CT Plain,/media/qiqi/P7000Z/WorkStation/medical/CT_Junior/CT artifact annotation/output/CQ500-CT-111/artifact_mask.nii.gz,285990,33,34,512,512
CQ500-CT-112,/media/qiqi/P7000Z/WorkStation/medical/CT_Junior/CQ500/CQ500CT112 CQ500CT112/Unknown Study/CT Plain THIN,CT Plain THIN,/media/qiqi/P7000Z/WorkStation/medical/CT_Junior/CT artifact annotation/output/CQ500-CT-112/artifact_mask.nii.gz,2486070,325,325,512,512
CQ500-CT-113,/media/qiqi/P7000Z/WorkStation/medical/CT_Junior/CQ500/CQ500CT113 CQ500CT113/Unknown Study/CT Plain,CT Plain,/media/qiqi/P7000Z/WorkStation/medical/CT_Junior/CT artifact annotation/output/CQ500-CT-113/artifact_mask.nii.gz,116957,34,34,512,512
CQ500-CT-114,/media/qiqi/P7000Z/WorkStation/medical/CT_Junior/CQ500/CQ500CT114 CQ500CT114/Unknown Study/CT Plain THIN,CT Plain THIN,/media/qiqi/P7000Z/WorkStation/medical/CT_Junior/CT artifact annotation/output/CQ500-CT-114/artifact_mask.nii.gz,1580974,319,325,512,512
CQ500-CT-115,/media/qiqi/P7000Z/WorkStation/medical/CT_Junior/CQ500/CQ500CT115 CQ500CT115/Unknown Study/CT Plain 3mm,CT Plain 3mm,/media/qiqi/P7000Z/WorkStation/medical/CT_Junior/CT artifact annotation/output/CQ500-CT-115/artifact_mask.nii.gz,197141,52,55,512,512
CQ500-CT-116,/media/qiqi/P7000Z/WorkStation/medical/CT_Junior/CQ500/CQ500CT116 CQ500CT116/Unknown Study/CT Plain,CT Plain,/media/qiqi/P7000Z/WorkStation/medical/CT_Junior/CT artifact annotation/output/CQ500-CT-116/artifact_mask.nii.gz,72796,28,28,512,512
CQ500-CT-117,/media/qiqi/P7000Z/WorkStation/medical/CT_Junior/CQ500/CQ500CT117 CQ500CT117/Unknown Study/CT 5mm POST CONTRAST,CT 5mm POST CONTRAST,/media/qiqi/P7000Z/WorkStation/medical/CT_Junior/CT artifact annotation/output/CQ500-CT-117/artifact_mask.nii.gz,2149686,228,233,512,512
CQ500-CT-118,/media/qiqi/P7000Z/WorkStation/medical/CT_Junior/CQ500/CQ500CT118 CQ500CT118/Unknown Study/CT Plain 3mm,CT Plain 3mm,/media/qiqi/P7000Z/WorkStation/medical/CT_Junior/CT artifact annotation/output/CQ500-CT-118/artifact_mask.nii.gz,110887,48,49,512,512
CQ500-CT-119,/media/qiqi/P7000Z/WorkStation/medical/CT_Junior/CQ500/CQ500CT119 CQ500CT119/Unknown Study/CT PRE CONTRAST 5MM STD,CT PRE CONTRAST 5MM STD,/media/qiqi/P7000Z/WorkStation/medical/CT_Junior/CT artifact annotation/output/CQ500-CT-119/artifact_mask.nii.gz,83977,30,33,512,512
CQ500-CT-121,/media/qiqi/P7000Z/WorkStation/medical/CT_Junior/CQ500/CQ500CT121 CQ500CT121/Unknown Study/CT Plain,CT Plain,/media/qiqi/P7000Z/WorkStation/medical/CT_Junior/CT artifact annotation/output/CQ500-CT-121/artifact_mask.nii.gz,76148,34,36,512,512
CQ500-CT-122,/media/qiqi/P7000Z/WorkStation/medical/CT_Junior/CQ500/CQ500CT122 CQ500CT122/Unknown Study/CT PRE CONTRAST 5MM STD,CT PRE CONTRAST 5MM STD,/media/qiqi/P7000Z/WorkStation/medical/CT_Junior/CT artifact annotation/output/CQ500-CT-122/artifact_mask.nii.gz,113994,28,32,512,512
CQ500-CT-123,/media/qiqi/P7000Z/WorkStation/medical/CT_Junior/CQ500/CQ500CT123 CQ500CT123/Unknown Study/CT Plain,CT Plain,/media/qiqi/P7000Z/WorkStation/medical/CT_Junior/CT artifact annotation/output/CQ500-CT-123/artifact_mask.nii.gz,64640,25,28,512,512
CQ500-CT-124,/media/qiqi/P7000Z/WorkStation/medical/CT_Junior/CQ500/CQ500CT124 CQ500CT124/Unknown Study/CT 5mm POST CONTRAST,CT 5mm POST CONTRAST,/media/qiqi/P7000Z/WorkStation/medical/CT_Junior/CT artifact annotation/output/CQ500-CT-124/artifact_mask.nii.gz,3165154,230,232,512,512
CQ500-CT-125,/media/qiqi/P7000Z/WorkStation/medical/CT_Junior/CQ500/CQ500CT125 CQ500CT125/Unknown Study/CT 2.55mm,CT 2.55mm,/media/qiqi/P7000Z/WorkStation/medical/CT_Junior/CT artifact annotation/output/CQ500-CT-125/artifact_mask.nii.gz,35305,42,48,512,512
CQ500-CT-126,/media/qiqi/P7000Z/WorkStation/medical/CT_Junior/CQ500/CQ500CT126 CQ500CT126/Unknown Study/CT Plain,CT Plain,/media/qiqi/P7000Z/WorkStation/medical/CT_Junior/CT artifact annotation/output/CQ500-CT-126/artifact_mask.nii.gz,67342,26,30,512,512
CQ500-CT-127,/media/qiqi/P7000Z/WorkStation/medical/CT_Junior/CQ500/CQ500CT127 CQ500CT127/Unknown Study/CT Thin Plain,CT Thin Plain,/media/qiqi/P7000Z/WorkStation/medical/CT_Junior/CT artifact annotation/output/CQ500-CT-127/artifact_mask.nii.gz,2306441,342,352,512,512
CQ500-CT-128,/media/qiqi/P7000Z/WorkStation/medical/CT_Junior/CQ500/CQ500CT128 CQ500CT128/Unknown Study/CT PRE CONTRAST 5MM STD,CT PRE CONTRAST 5MM STD,/media/qiqi/P7000Z/WorkStation/medical/CT_Junior/CT artifact annotation/output/CQ500-CT-128/artifact_mask.nii.gz,89362,28,31,512,512
CQ500-CT-129,/media/qiqi/P7000Z/WorkStation/medical/CT_Junior/CQ500/CQ500CT129 CQ500CT129/Unknown Study/CT Thin Plain,CT Thin Plain,/media/qiqi/P7000Z/WorkStation/medical/CT_Junior/CT artifact annotation/output/CQ500-CT-129/artifact_mask.nii.gz,2597078,268,288,512,512
CQ500-CT-130,/media/qiqi/P7000Z/WorkStation/medical/CT_Junior/CQ500/CQ500CT130 CQ500CT130/Unknown Study/CT Plain,CT Plain,/media/qiqi/P7000Z/WorkStation/medical/CT_Junior/CT artifact annotation/output/CQ500-CT-130/artifact_mask.nii.gz,137950,28,32,512,512
CQ500-CT-131,/media/qiqi/P7000Z/WorkStation/medical/CT_Junior/CQ500/CQ500CT131 CQ500CT131/Unknown Study/CT Plain 3mm,CT Plain 3mm,/media/qiqi/P7000Z/WorkStation/medical/CT_Junior/CT artifact annotation/output/CQ500-CT-131/artifact_mask.nii.gz,286749,49,49,512,512
CQ500-CT-132,/media/qiqi/P7000Z/WorkStation/medical/CT_Junior/CQ500/CQ500CT132 CQ500CT132/Unknown Study/CT PRE CONTRAST 5MM STD,CT PRE CONTRAST 5MM STD,/media/qiqi/P7000Z/WorkStation/medical/CT_Junior/CT artifact annotation/output/CQ500-CT-132/artifact_mask.nii.gz,111555,28,32,512,512
CQ500-CT-133,/media/qiqi/P7000Z/WorkStation/medical/CT_Junior/CQ500/CQ500CT133 CQ500CT133/Unknown Study/CT Plain 3mm,CT Plain 3mm,/media/qiqi/P7000Z/WorkStation/medical/CT_Junior/CT artifact annotation/output/CQ500-CT-133/artifact_mask.nii.gz,261365,52,53,512,512
CQ500-CT-134,/media/qiqi/P7000Z/WorkStation/medical/CT_Junior/CQ500/CQ500CT134 CQ500CT134/Unknown Study/CT Plain 3mm,CT Plain 3mm,/media/qiqi/P7000Z/WorkStation/medical/CT_Junior/CT artifact annotation/output/CQ500-CT-134/artifact_mask.nii.gz,94392,49,50,512,512
CQ500-CT-135,/media/qiqi/P7000Z/WorkStation/medical/CT_Junior/CQ500/CQ500CT135 CQ500CT135/Unknown Study/CT Plain,CT Plain,/media/qiqi/P7000Z/WorkStation/medical/CT_Junior/CT artifact annotation/output/CQ500-CT-135/artifact_mask.nii.gz,142628,27,28,512,512
CQ500-CT-136,/media/qiqi/P7000Z/WorkStation/medical/CT_Junior/CQ500/CQ500CT136 CQ500CT136/Unknown Study/CT 2.55mm,CT 2.55mm,/media/qiqi/P7000Z/WorkStation/medical/CT_Junior/CT artifact annotation/output/CQ500-CT-136/artifact_mask.nii.gz,29495,28,36,512,512
CQ500-CT-137,/media/qiqi/P7000Z/WorkStation/medical/CT_Junior/CQ500/CQ500CT137 CQ500CT137/Unknown Study/CT PRE CONTRAST 5MM STD,CT PRE CONTRAST 5MM STD,/media/qiqi/P7000Z/WorkStation/medical/CT_Junior/CT artifact annotation/output/CQ500-CT-137/artifact_mask.nii.gz,87296,27,31,512,512
CQ500-CT-138,/media/qiqi/P7000Z/WorkStation/medical/CT_Junior/CQ500/CQ500CT138 CQ500CT138/Unknown Study/CT PRE CONTRAST 5MM STD,CT PRE CONTRAST 5MM STD,/media/qiqi/P7000Z/WorkStation/medical/CT_Junior/CT artifact annotation/output/CQ500-CT-138/artifact_mask.nii.gz,145731,29,31,512,512
CQ500-CT-139,/media/qiqi/P7000Z/WorkStation/medical/CT_Junior/CQ500/CQ500CT139 CQ500CT139/Unknown Study/CT Thin Plain,CT Thin Plain,/media/qiqi/P7000Z/WorkStation/medical/CT_Junior/CT artifact annotation/output/CQ500-CT-139/artifact_mask.nii.gz,2008433,234,256,512,512
CQ500-CT-140,/media/qiqi/P7000Z/WorkStation/medical/CT_Junior/CQ500/CQ500CT140 CQ500CT140/Unknown Study/CT Plain,CT Plain,/media/qiqi/P7000Z/WorkStation/medical/CT_Junior/CT artifact annotation/output/CQ500-CT-140/artifact_mask.nii.gz,26472,26,32,512,512
CQ500-CT-141,/media/qiqi/P7000Z/WorkStation/medical/CT_Junior/CQ500/CQ500CT141 CQ500CT141/Unknown Study/CT PRE CONTRAST 5MM STD,CT PRE CONTRAST 5MM STD,/media/qiqi/P7000Z/WorkStation/medical/CT_Junior/CT artifact annotation/output/CQ500-CT-141/artifact_mask.nii.gz,117993,28,31,512,512
CQ500-CT-142,/media/qiqi/P7000Z/WorkStation/medical/CT_Junior/CQ500/CQ500CT142 CQ500CT142/Unknown Study/CT Thin Plain,CT Thin Plain,/media/qiqi/P7000Z/WorkStation/medical/CT_Junior/CT artifact annotation/output/CQ500-CT-142/artifact_mask.nii.gz,1814189,265,288,512,512
CQ500-CT-143,/media/qiqi/P7000Z/WorkStation/medical/CT_Junior/CQ500/CQ500CT143 CQ500CT143/Unknown Study/CT Plain,CT Plain,/media/qiqi/P7000Z/WorkStation/medical/CT_Junior/CT artifact annotation/output/CQ500-CT-143/artifact_mask.nii.gz,93271,22,28,512,512
CQ500-CT-144,/media/qiqi/P7000Z/WorkStation/medical/CT_Junior/CQ500/CQ500CT144 CQ500CT144/Unknown Study/CT PRE CONTRAST 5MM STD,CT PRE CONTRAST 5MM STD,/media/qiqi/P7000Z/WorkStation/medical/CT_Junior/CT artifact annotation/output/CQ500-CT-144/artifact_mask.nii.gz,132737,28,32,512,512
CQ500-CT-145,/media/qiqi/P7000Z/WorkStation/medical/CT_Junior/CQ500/CQ500CT145 CQ500CT145/Unknown Study/CT Plain,CT Plain,/media/qiqi/P7000Z/WorkStation/medical/CT_Junior/CT artifact annotation/output/CQ500-CT-145/artifact_mask.nii.gz,185492,30,30,512,512
CQ500-CT-146,/media/qiqi/P7000Z/WorkStation/medical/CT_Junior/CQ500/CQ500CT146 CQ500CT146/Unknown Study/CT 5mm POST CONTRAST,CT 5mm POST CONTRAST,/media/qiqi/P7000Z/WorkStation/medical/CT_Junior/CT artifact annotation/output/CQ500-CT-146/artifact_mask.nii.gz,3377322,223,233,512,512
CQ500-CT-147,/media/qiqi/P7000Z/WorkStation/medical/CT_Junior/CQ500/CQ500CT147 CQ500CT147/Unknown Study/CT 2.55mm,CT 2.55mm,/media/qiqi/P7000Z/WorkStation/medical/CT_Junior/CT artifact annotation/output/CQ500-CT-147/artifact_mask.nii.gz,25060,30,32,512,512
CQ500-CT-148,/media/qiqi/P7000Z/WorkStation/medical/CT_Junior/CQ500/CQ500CT148 CQ500CT148/Unknown Study/CT Thin Plain,CT Thin Plain,/media/qiqi/P7000Z/WorkStation/medical/CT_Junior/CT artifact annotation/output/CQ500-CT-148/artifact_mask.nii.gz,336018,64,64,512,512
CQ500-CT-149,/media/qiqi/P7000Z/WorkStation/medical/CT_Junior/CQ500/CQ500CT149 CQ500CT149/Unknown Study/CT 0.625mm,CT 0.625mm,/media/qiqi/P7000Z/WorkStation/medical/CT_Junior/CT artifact annotation/output/CQ500-CT-149/artifact_mask.nii.gz,2350379,254,256,512,512
CQ500-CT-150,/media/qiqi/P7000Z/WorkStation/medical/CT_Junior/CQ500/CQ500CT150 CQ500CT150/Unknown Study/CT Thin Plain,CT Thin Plain,/media/qiqi/P7000Z/WorkStation/medical/CT_Junior/CT artifact annotation/output/CQ500-CT-150/artifact_mask.nii.gz,3041526,244,256,512,512
CQ500-CT-151,/media/qiqi/P7000Z/WorkStation/medical/CT_Junior/CQ500/CQ500CT151 CQ500CT151/Unknown Study/CT Plain THIN,CT Plain THIN,/media/qiqi/P7000Z/WorkStation/medical/CT_Junior/CT artifact annotation/output/CQ500-CT-151/artifact_mask.nii.gz,1631148,306,325,512,512
CQ500-CT-152,/media/qiqi/P7000Z/WorkStation/medical/CT_Junior/CQ500/CQ500CT152 CQ500CT152/Unknown Study/CT Plain,CT Plain,/media/qiqi/P7000Z/WorkStation/medical/CT_Junior/CT artifact annotation/output/CQ500-CT-152/artifact_mask.nii.gz,69333,27,30,512,512
CQ500-CT-153,/media/qiqi/P7000Z/WorkStation/medical/CT_Junior/CQ500/CQ500CT153 CQ500CT153/Unknown Study/CT PLAIN THIN,CT PLAIN THIN,/media/qiqi/P7000Z/WorkStation/medical/CT_Junior/CT artifact annotation/output/CQ500-CT-153/artifact_mask.nii.gz,3999319,315,331,512,512
CQ500-CT-154,/media/qiqi/P7000Z/WorkStation/medical/CT_Junior/CQ500/CQ500CT154 CQ500CT154/Unknown Study/CT Plain,CT Plain,/media/qiqi/P7000Z/WorkStation/medical/CT_Junior/CT artifact annotation/output/CQ500-CT-154/artifact_mask.nii.gz,139829,31,32,512,512
CQ500-CT-155,/media/qiqi/P7000Z/WorkStation/medical/CT_Junior/CQ500/CQ500CT155 CQ500CT155/Unknown Study/CT 0.625mm,CT 0.625mm,/media/qiqi/P7000Z/WorkStation/medical/CT_Junior/CT artifact annotation/output/CQ500-CT-155/artifact_mask.nii.gz,2810758,245,256,512,512
CQ500-CT-156,/media/qiqi/P7000Z/WorkStation/medical/CT_Junior/CQ500/CQ500CT156 CQ500CT156/Unknown Study/CT Plain,CT Plain,/media/qiqi/P7000Z/WorkStation/medical/CT_Junior/CT artifact annotation/output/CQ500-CT-156/artifact_mask.nii.gz,80597,30,30,512,512
CQ500-CT-157,/media/qiqi/P7000Z/WorkStation/medical/CT_Junior/CQ500/CQ500CT157 CQ500CT157/Unknown Study/CT Plain 3mm,CT Plain 3mm,/media/qiqi/P7000Z/WorkStation/medical/CT_Junior/CT artifact annotation/output/CQ500-CT-157/artifact_mask.nii.gz,398810,52,53,512,512
CQ500-CT-158,/media/qiqi/P7000Z/WorkStation/medical/CT_Junior/CQ500/CQ500CT158 CQ500CT158/Unknown Study/CT PLAIN THIN,CT PLAIN THIN,/media/qiqi/P7000Z/WorkStation/medical/CT_Junior/CT artifact annotation/output/CQ500-CT-158/artifact_mask.nii.gz,2343336,283,290,512,512
CQ500-CT-159,/media/qiqi/P7000Z/WorkStation/medical/CT_Junior/CQ500/CQ500CT159 CQ500CT159/Unknown Study/CT 0.625mm,CT 0.625mm,/media/qiqi/P7000Z/WorkStation/medical/CT_Junior/CT artifact annotation/output/CQ500-CT-159/artifact_mask.nii.gz,2920789,251,256,512,512
CQ500-CT-160,/media/qiqi/P7000Z/WorkStation/medical/CT_Junior/CQ500/CQ500CT160 CQ500CT160/Unknown Study/CT Plain,CT Plain,/media/qiqi/P7000Z/WorkStation/medical/CT_Junior/CT artifact annotation/output/CQ500-CT-160/artifact_mask.nii.gz,35416,27,28,512,512
CQ500-CT-161,/media/qiqi/P7000Z/WorkStation/medical/CT_Junior/CQ500/CQ500CT161 CQ500CT161/Unknown Study/CT Plain 3mm,CT Plain 3mm,/media/qiqi/P7000Z/WorkStation/medical/CT_Junior/CT artifact annotation/output/CQ500-CT-161/artifact_mask.nii.gz,179084,47,47,512,512
CQ500-CT-162,/media/qiqi/P7000Z/WorkStation/medical/CT_Junior/CQ500/CQ500CT162 CQ500CT162/Unknown Study/CT Plain,CT Plain,/media/qiqi/P7000Z/WorkStation/medical/CT_Junior/CT artifact annotation/output/CQ500-CT-162/artifact_mask.nii.gz,92758,20,24,512,512
CQ500-CT-163,/media/qiqi/P7000Z/WorkStation/medical/CT_Junior/CQ500/CQ500CT163 CQ500CT163/Unknown Study/CT Thin Plain,CT Thin Plain,/media/qiqi/P7000Z/WorkStation/medical/CT_Junior/CT artifact annotation/output/CQ500-CT-163/artifact_mask.nii.gz,13294,4,4,512,512
CQ500-CT-164,/media/qiqi/P7000Z/WorkStation/medical/CT_Junior/CQ500/CQ500CT164 CQ500CT164/Unknown Study/CT Plain,CT Plain,/media/qiqi/P7000Z/WorkStation/medical/CT_Junior/CT artifact annotation/output/CQ500-CT-164/artifact_mask.nii.gz,57755,22,30,512,512
CQ500-CT-165,/media/qiqi/P7000Z/WorkStation/medical/CT_Junior/CQ500/CQ500CT165 CQ500CT165/Unknown Study/CT PRE CONTRAST 5MM STD,CT PRE CONTRAST 5MM STD,/media/qiqi/P7000Z/WorkStation/medical/CT_Junior/CT artifact annotation/output/CQ500-CT-165/artifact_mask.nii.gz,102458,30,30,512,512
CQ500-CT-166,/media/qiqi/P7000Z/WorkStation/medical/CT_Junior/CQ500/CQ500CT166 CQ500CT166/Unknown Study/CT 0.625mm,CT 0.625mm,/media/qiqi/P7000Z/WorkStation/medical/CT_Junior/CT artifact annotation/output/CQ500-CT-166/artifact_mask.nii.gz,3618765,278,288,512,512
CQ500-CT-167,/media/qiqi/P7000Z/WorkStation/medical/CT_Junior/CQ500/CQ500CT167 CQ500CT167/Unknown Study/CT 0.625mm,CT 0.625mm,/media/qiqi/P7000Z/WorkStation/medical/CT_Junior/CT artifact annotation/output/CQ500-CT-167/artifact_mask.nii.gz,2775012,271,288,512,512
CQ500-CT-168,/media/qiqi/P7000Z/WorkStation/medical/CT_Junior/CQ500/CQ500CT168 CQ500CT168/Unknown Study/CT PLAIN THIN,CT PLAIN THIN,/media/qiqi/P7000Z/WorkStation/medical/CT_Junior/CT artifact annotation/output/CQ500-CT-168/artifact_mask.nii.gz,2056527,216,221,512,512
CQ500-CT-169,/media/qiqi/P7000Z/WorkStation/medical/CT_Junior/CQ500/CQ500CT169 CQ500CT169/Unknown Study/CT Plain 3mm,CT Plain 3mm,/media/qiqi/P7000Z/WorkStation/medical/CT_Junior/CT artifact annotation/output/CQ500-CT-169/artifact_mask.nii.gz,190620,53,54,512,512
CQ500-CT-170,/media/qiqi/P7000Z/WorkStation/medical/CT_Junior/CQ500/CQ500CT170 CQ500CT170/Unknown Study/CT Plain 3mm,CT Plain 3mm,/media/qiqi/P7000Z/WorkStation/medical/CT_Junior/CT artifact annotation/output/CQ500-CT-170/artifact_mask.nii.gz,22890,40,53,512,512
CQ500-CT-171,/media/qiqi/P7000Z/WorkStation/medical/CT_Junior/CQ500/CQ500CT171 CQ500CT171/Unknown Study/CT Plain,CT Plain,/media/qiqi/P7000Z/WorkStation/medical/CT_Junior/CT artifact annotation/output/CQ500-CT-171/artifact_mask.nii.gz,81040,28,32,512,512
CQ500-CT-172,/media/qiqi/P7000Z/WorkStation/medical/CT_Junior/CQ500/CQ500CT172 CQ500CT172/Unknown Study/CT Thin PLAIN,CT Thin PLAIN,/media/qiqi/P7000Z/WorkStation/medical/CT_Junior/CT artifact annotation/output/CQ500-CT-172/artifact_mask.nii.gz,44321,488,638,512,512
CQ500-CT-173,/media/qiqi/P7000Z/WorkStation/medical/CT_Junior/CQ500/CQ500CT173 CQ500CT173/Unknown Study/CT 5mm,CT 5mm,/media/qiqi/P7000Z/WorkStation/medical/CT_Junior/CT artifact annotation/output/CQ500-CT-173/artifact_mask.nii.gz,7875,31,101,512,512
CQ500-CT-174,/media/qiqi/P7000Z/WorkStation/medical/CT_Junior/CQ500/CQ500CT174 CQ500CT174/Unknown Study/CT 0.625mm,CT 0.625mm,/media/qiqi/P7000Z/WorkStation/medical/CT_Junior/CT artifact annotation/output/CQ500-CT-174/artifact_mask.nii.gz,1493213,256,256,512,512
CQ500-CT-175,/media/qiqi/P7000Z/WorkStation/medical/CT_Junior/CQ500/CQ500CT175 CQ500CT175/Unknown Study/CT PRE CONTRAST 5MM STD,CT PRE CONTRAST 5MM STD,/media/qiqi/P7000Z/WorkStation/medical/CT_Junior/CT artifact annotation/output/CQ500-CT-175/artifact_mask.nii.gz,85024,22,28,512,512
CQ500-CT-176,/media/qiqi/P7000Z/WorkStation/medical/CT_Junior/CQ500/CQ500CT176 CQ500CT176/Unknown Study/CT Plain 3mm,CT Plain 3mm,/media/qiqi/P7000Z/WorkStation/medical/CT_Junior/CT artifact annotation/output/CQ500-CT-176/artifact_mask.nii.gz,362976,60,67,512,512
CQ500-CT-177,/media/qiqi/P7000Z/WorkStation/medical/CT_Junior/CQ500/CQ500CT177 CQ500CT177/Unknown Study/CT PRE CONTRAST 5MM STD,CT PRE CONTRAST 5MM STD,/media/qiqi/P7000Z/WorkStation/medical/CT_Junior/CT artifact annotation/output/CQ500-CT-177/artifact_mask.nii.gz,190418,28,30,512,512
CQ500-CT-178,/media/qiqi/P7000Z/WorkStation/medical/CT_Junior/CQ500/CQ500CT178 CQ500CT178/Unknown Study/CT Plain,CT Plain,/media/qiqi/P7000Z/WorkStation/medical/CT_Junior/CT artifact annotation/output/CQ500-CT-178/artifact_mask.nii.gz,66083,24,26,512,512
CQ500-CT-179,/media/qiqi/P7000Z/WorkStation/medical/CT_Junior/CQ500/CQ500CT179 CQ500CT179/Unknown Study/CT Plain,CT Plain,/media/qiqi/P7000Z/WorkStation/medical/CT_Junior/CT artifact annotation/output/CQ500-CT-179/artifact_mask.nii.gz,146032,26,30,512,512
CQ500-CT-180,/media/qiqi/P7000Z/WorkStation/medical/CT_Junior/CQ500/CQ500CT180 CQ500CT180/Unknown Study/CT Thin Plain,CT Thin Plain,/media/qiqi/P7000Z/WorkStation/medical/CT_Junior/CT artifact annotation/output/CQ500-CT-180/artifact_mask.nii.gz,2316964,265,288,512,512
CQ500-CT-181,/media/qiqi/P7000Z/WorkStation/medical/CT_Junior/CQ500/CQ500CT181 CQ500CT181/Unknown Study/CT 0.625mm,CT 0.625mm,/media/qiqi/P7000Z/WorkStation/medical/CT_Junior/CT artifact annotation/output/CQ500-CT-181/artifact_mask.nii.gz,2412631,245,256,512,512
CQ500-CT-182,/media/qiqi/P7000Z/WorkStation/medical/CT_Junior/CQ500/CQ500CT182 CQ500CT182/Unknown Study/CT PRE CONTRAST 5MM STD,CT PRE CONTRAST 5MM STD,/media/qiqi/P7000Z/WorkStation/medical/CT_Junior/CT artifact annotation/output/CQ500-CT-182/artifact_mask.nii.gz,153195,30,31,512,512
CQ500-CT-183,/media/qiqi/P7000Z/WorkStation/medical/CT_Junior/CQ500/CQ500CT183 CQ500CT183/Unknown Study/CT Plain,CT Plain,/media/qiqi/P7000Z/WorkStation/medical/CT_Junior/CT artifact annotation/output/CQ500-CT-183/artifact_mask.nii.gz,198027,42,44,512,512
CQ500-CT-184,/media/qiqi/P7000Z/WorkStation/medical/CT_Junior/CQ500/CQ500CT184 CQ500CT184/Unknown Study/CT Thin Plain,CT Thin Plain,/media/qiqi/P7000Z/WorkStation/medical/CT_Junior/CT artifact annotation/output/CQ500-CT-184/artifact_mask.nii.gz,2586793,237,256,512,512
CQ500-CT-185,/media/qiqi/P7000Z/WorkStation/medical/CT_Junior/CQ500/CQ500CT185 CQ500CT185/Unknown Study/CT Thin Plain,CT Thin Plain,/media/qiqi/P7000Z/WorkStation/medical/CT_Junior/CT artifact annotation/output/CQ500-CT-185/artifact_mask.nii.gz,2079788,268,288,512,512
CQ500-CT-186,/media/qiqi/P7000Z/WorkStation/medical/CT_Junior/CQ500/CQ500CT186 CQ500CT186/Unknown Study/CT PRE CONTRAST 5MM STD,CT PRE CONTRAST 5MM STD,/media/qiqi/P7000Z/WorkStation/medical/CT_Junior/CT artifact annotation/output/CQ500-CT-186/artifact_mask.nii.gz,107695,31,32,512,512
CQ500-CT-187,/media/qiqi/P7000Z/WorkStation/medical/CT_Junior/CQ500/CQ500CT187 CQ500CT187/Unknown Study/CT Thin Plain,CT Thin Plain,/media/qiqi/P7000Z/WorkStation/medical/CT_Junior/CT artifact annotation/output/CQ500-CT-187/artifact_mask.nii.gz,3122069,244,256,512,512
CQ500-CT-188,/media/qiqi/P7000Z/WorkStation/medical/CT_Junior/CQ500/CQ500CT188 CQ500CT188/Unknown Study/CT 0.625mm,CT 0.625mm,/media/qiqi/P7000Z/WorkStation/medical/CT_Junior/CT artifact annotation/output/CQ500-CT-188/artifact_mask.nii.gz,1677468,247,256,512,512
CQ500-CT-189,/media/qiqi/P7000Z/WorkStation/medical/CT_Junior/CQ500/CQ500CT189 CQ500CT189/Unknown Study/CT Plain,CT Plain,/media/qiqi/P7000Z/WorkStation/medical/CT_Junior/CT artifact annotation/output/CQ500-CT-189/artifact_mask.nii.gz,120551,30,30,512,512
CQ500-CT-190,/media/qiqi/P7000Z/WorkStation/medical/CT_Junior/CQ500/CQ500CT190 CQ500CT190/Unknown Study/CT Thin Plain,CT Thin Plain,/media/qiqi/P7000Z/WorkStation/medical/CT_Junior/CT artifact annotation/output/CQ500-CT-190/artifact_mask.nii.gz,1903420,267,288,512,512
CQ500-CT-191,/media/qiqi/P7000Z/WorkStation/medical/CT_Junior/CQ500/CQ500CT191 CQ500CT191/Unknown Study/CT PRE CONTRAST 5MM STD,CT PRE CONTRAST 5MM STD,/media/qiqi/P7000Z/WorkStation/medical/CT_Junior/CT artifact annotation/output/CQ500-CT-191/artifact_mask.nii.gz,78347,33,33,512,512
CQ500-CT-192,/media/qiqi/P7000Z/WorkStation/medical/CT_Junior/CQ500/CQ500CT192 CQ500CT192/Unknown Study/CT PRE CONTRAST 5MM STD,CT PRE CONTRAST 5MM STD,/media/qiqi/P7000Z/WorkStation/medical/CT_Junior/CT artifact annotation/output/CQ500-CT-192/artifact_mask.nii.gz,175334,30,32,512,512
CQ500-CT-193,/media/qiqi/P7000Z/WorkStation/medical/CT_Junior/CQ500/CQ500CT193 CQ500CT193/Unknown Study/CT 0.625mm,CT 0.625mm,/media/qiqi/P7000Z/WorkStation/medical/CT_Junior/CT artifact annotation/output/CQ500-CT-193/artifact_mask.nii.gz,2125929,242,256,512,512
CQ500-CT-194,/media/qiqi/P7000Z/WorkStation/medical/CT_Junior/CQ500/CQ500CT194 CQ500CT194/Unknown Study/CT 5mm POST CONTRAST,CT 5mm POST CONTRAST,/media/qiqi/P7000Z/WorkStation/medical/CT_Junior/CT artifact annotation/output/CQ500-CT-194/artifact_mask.nii.gz,2596922,224,233,512,512
CQ500-CT-195,/media/qiqi/P7000Z/WorkStation/medical/CT_Junior/CQ500/CQ500CT195 CQ500CT195/Unknown Study/CT PRE CONTRAST 5MM STD,CT PRE CONTRAST 5MM STD,/media/qiqi/P7000Z/WorkStation/medical/CT_Junior/CT artifact annotation/output/CQ500-CT-195/artifact_mask.nii.gz,170044,25,30,512,512
CQ500-CT-196,/media/qiqi/P7000Z/WorkStation/medical/CT_Junior/CQ500/CQ500CT196 CQ500CT196/Unknown Study/CT 0.625mm,CT 0.625mm,/media/qiqi/P7000Z/WorkStation/medical/CT_Junior/CT artifact annotation/output/CQ500-CT-196/artifact_mask.nii.gz,2885458,247,256,512,512
CQ500-CT-197,/media/qiqi/P7000Z/WorkStation/medical/CT_Junior/CQ500/CQ500CT197 CQ500CT197/Unknown Study/CT Plain,CT Plain,/media/qiqi/P7000Z/WorkStation/medical/CT_Junior/CT artifact annotation/output/CQ500-CT-197/artifact_mask.nii.gz,80551,21,21,512,512
CQ500-CT-198,/media/qiqi/P7000Z/WorkStation/medical/CT_Junior/CQ500/CQ500CT198 CQ500CT198/Unknown Study/CT Thin Plain,CT Thin Plain,/media/qiqi/P7000Z/WorkStation/medical/CT_Junior/CT artifact annotation/output/CQ500-CT-198/artifact_mask.nii.gz,870217,231,256,512,512
CQ500-CT-199,/media/qiqi/P7000Z/WorkStation/medical/CT_Junior/CQ500/CQ500CT199 CQ500CT199/Unknown Study/CT Plain 3mm,CT Plain 3mm,/media/qiqi/P7000Z/WorkStation/medical/CT_Junior/CT artifact annotation/output/CQ500-CT-199/artifact_mask.nii.gz,232596,49,51,512,512
CQ500-CT-200,/media/qiqi/P7000Z/WorkStation/medical/CT_Junior/CQ500/CQ500CT200 CQ500CT200/Unknown Study/CT Thin Plain,CT Thin Plain,/media/qiqi/P7000Z/WorkStation/medical/CT_Junior/CT artifact annotation/output/CQ500-CT-200/artifact_mask.nii.gz,2439222,265,288,512,512
CQ500-CT-201,/media/qiqi/P7000Z/WorkStation/medical/CT_Junior/CQ500/CQ500CT201 CQ500CT201/Unknown Study/CT PLAIN THIN,CT PLAIN THIN,/media/qiqi/P7000Z/WorkStation/medical/CT_Junior/CT artifact annotation/output/CQ500-CT-201/artifact_mask.nii.gz,351977,238,247,512,512
CQ500-CT-202,/media/qiqi/P7000Z/WorkStation/medical/CT_Junior/CQ500/CQ500CT202 CQ500CT202/Unknown Study/CT Plain,CT Plain,/media/qiqi/P7000Z/WorkStation/medical/CT_Junior/CT artifact annotation/output/CQ500-CT-202/artifact_mask.nii.gz,112212,29,32,512,512
CQ500-CT-203,/media/qiqi/P7000Z/WorkStation/medical/CT_Junior/CQ500/CQ500CT203 CQ500CT203/Unknown Study/CT Plain THIN,CT Plain THIN,/media/qiqi/P7000Z/WorkStation/medical/CT_Junior/CT artifact annotation/output/CQ500-CT-203/artifact_mask.nii.gz,1808332,313,313,512,512
CQ500-CT-204,/media/qiqi/P7000Z/WorkStation/medical/CT_Junior/CQ500/CQ500CT204 CQ500CT204/Unknown Study/CT PLAIN THIN,CT PLAIN THIN,/media/qiqi/P7000Z/WorkStation/medical/CT_Junior/CT artifact annotation/output/CQ500-CT-204/artifact_mask.nii.gz,2660946,233,240,512,512
CQ500-CT-205,/media/qiqi/P7000Z/WorkStation/medical/CT_Junior/CQ500/CQ500CT205 CQ500CT205/Unknown Study/CT PRE CONTRAST 5MM STD,CT PRE CONTRAST 5MM STD,/media/qiqi/P7000Z/WorkStation/medical/CT_Junior/CT artifact annotation/output/CQ500-CT-205/artifact_mask.nii.gz,100705,27,32,512,512
CQ500-CT-206,/media/qiqi/P7000Z/WorkStation/medical/CT_Junior/CQ500/CQ500CT206 CQ500CT206/Unknown Study/CT PLAIN THIN,CT PLAIN THIN,/media/qiqi/P7000Z/WorkStation/medical/CT_Junior/CT artifact annotation/output/CQ500-CT-206/artifact_mask.nii.gz,2571793,189,194,512,512
CQ500-CT-207,/media/qiqi/P7000Z/WorkStation/medical/CT_Junior/CQ500/CQ500CT207 CQ500CT207/Unknown Study/CT 0.625mm,CT 0.625mm,/media/qiqi/P7000Z/WorkStation/medical/CT_Junior/CT artifact annotation/output/CQ500-CT-207/artifact_mask.nii.gz,2230999,224,224,512,512
CQ500-CT-208,/media/qiqi/P7000Z/WorkStation/medical/CT_Junior/CQ500/CQ500CT208 CQ500CT208/Unknown Study/CT 2.55mm,CT 2.55mm,/media/qiqi/P7000Z/WorkStation/medical/CT_Junior/CT artifact annotation/output/CQ500-CT-208/artifact_mask.nii.gz,135239,31,32,512,512
CQ500-CT-209,/media/qiqi/P7000Z/WorkStation/medical/CT_Junior/CQ500/CQ500CT209 CQ500CT209/Unknown Study/CT Plain 3mm,CT Plain 3mm,/media/qiqi/P7000Z/WorkStation/medical/CT_Junior/CT artifact annotation/output/CQ500-CT-209/artifact_mask.nii.gz,189003,53,54,512,512
CQ500-CT-210,/media/qiqi/P7000Z/WorkStation/medical/CT_Junior/CQ500/CQ500CT210 CQ500CT210/Unknown Study/CT Plain THIN,CT Plain THIN,/media/qiqi/P7000Z/WorkStation/medical/CT_Junior/CT artifact annotation/output/CQ500-CT-210/artifact_mask.nii.gz,2215724,321,325,512,512
CQ500-CT-211,/media/qiqi/P7000Z/WorkStation/medical/CT_Junior/CQ500/CQ500CT211 CQ500CT211/Unknown Study/CT 0.625mm,CT 0.625mm,/media/qiqi/P7000Z/WorkStation/medical/CT_Junior/CT artifact annotation/output/CQ500-CT-211/artifact_mask.nii.gz,542443,96,96,512,512
CQ500-CT-212,/media/qiqi/P7000Z/WorkStation/medical/CT_Junior/CQ500/CQ500CT212 CQ500CT212/Unknown Study/CT Thin Plain,CT Thin Plain,/media/qiqi/P7000Z/WorkStation/medical/CT_Junior/CT artifact annotation/output/CQ500-CT-212/artifact_mask.nii.gz,2043377,232,232,512,512
CQ500-CT-213,/media/qiqi/P7000Z/WorkStation/medical/CT_Junior/CQ500/CQ500CT213 CQ500CT213/Unknown Study/CT Thin Plain,CT Thin Plain,/media/qiqi/P7000Z/WorkStation/medical/CT_Junior/CT artifact annotation/output/CQ500-CT-213/artifact_mask.nii.gz,1413653,232,256,512,512
CQ500-CT-214,/media/qiqi/P7000Z/WorkStation/medical/CT_Junior/CQ500/CQ500CT214 CQ500CT214/Unknown Study/CT Thin Plain,CT Thin Plain,/media/qiqi/P7000Z/WorkStation/medical/CT_Junior/CT artifact annotation/output/CQ500-CT-214/artifact_mask.nii.gz,3172682,250,256,512,512
CQ500-CT-215,/media/qiqi/P7000Z/WorkStation/medical/CT_Junior/CQ500/CQ500CT215 CQ500CT215/Unknown Study/CT Plain,CT Plain,/media/qiqi/P7000Z/WorkStation/medical/CT_Junior/CT artifact annotation/output/CQ500-CT-215/artifact_mask.nii.gz,106467,28,30,512,512
CQ500-CT-216,/media/qiqi/P7000Z/WorkStation/medical/CT_Junior/CQ500/CQ500CT216 CQ500CT216/Unknown Study/CT 0.625mm,CT 0.625mm,/media/qiqi/P7000Z/WorkStation/medical/CT_Junior/CT artifact annotation/output/CQ500-CT-216/artifact_mask.nii.gz,2225558,249,256,512,512
CQ500-CT-217,/media/qiqi/P7000Z/WorkStation/medical/CT_Junior/CQ500/CQ500CT217 CQ500CT217/Unknown Study/CT Thin Plain,CT Thin Plain,/media/qiqi/P7000Z/WorkStation/medical/CT_Junior/CT artifact annotation/output/CQ500-CT-217/artifact_mask.nii.gz,2354065,241,256,512,512
CQ500-CT-218,/media/qiqi/P7000Z/WorkStation/medical/CT_Junior/CQ500/CQ500CT218 CQ500CT218/Unknown Study/CT Plain,CT Plain,/media/qiqi/P7000Z/WorkStation/medical/CT_Junior/CT artifact annotation/output/CQ500-CT-218/artifact_mask.nii.gz,99079,25,26,512,512
CQ500-CT-219,/media/qiqi/P7000Z/WorkStation/medical/CT_Junior/CQ500/CQ500CT219 CQ500CT219/Unknown Study/CT 0.625mm,CT 0.625mm,/media/qiqi/P7000Z/WorkStation/medical/CT_Junior/CT artifact annotation/output/CQ500-CT-219/artifact_mask.nii.gz,2235925,267,288,512,512
CQ500-CT-220,/media/qiqi/P7000Z/WorkStation/medical/CT_Junior/CQ500/CQ500CT220 CQ500CT220/Unknown Study/CT Plain,CT Plain,/media/qiqi/P7000Z/WorkStation/medical/CT_Junior/CT artifact annotation/output/CQ500-CT-220/artifact_mask.nii.gz,104332,27,34,512,512
CQ500-CT-221,/media/qiqi/P7000Z/WorkStation/medical/CT_Junior/CQ500/CQ500CT221 CQ500CT221/Unknown Study/CT Plain,CT Plain,/media/qiqi/P7000Z/WorkStation/medical/CT_Junior/CT artifact annotation/output/CQ500-CT-221/artifact_mask.nii.gz,101355,28,30,512,512
CQ500-CT-222,/media/qiqi/P7000Z/WorkStation/medical/CT_Junior/CQ500/CQ500CT222 CQ500CT222/Unknown Study/CT PRE CONTRAST 5MM STD,CT PRE CONTRAST 5MM STD,/media/qiqi/P7000Z/WorkStation/medical/CT_Junior/CT artifact annotation/output/CQ500-CT-222/artifact_mask.nii.gz,135292,27,29,512,512
CQ500-CT-223,/media/qiqi/P7000Z/WorkStation/medical/CT_Junior/CQ500/CQ500CT223 CQ500CT223/Unknown Study/CT Plain,CT Plain,/media/qiqi/P7000Z/WorkStation/medical/CT_Junior/CT artifact annotation/output/CQ500-CT-223/artifact_mask.nii.gz,116121,25,25,512,512
CQ500-CT-224,/media/qiqi/P7000Z/WorkStation/medical/CT_Junior/CQ500/CQ500CT224 CQ500CT224/Unknown Study/CT Plain 3mm,CT Plain 3mm,/media/qiqi/P7000Z/WorkStation/medical/CT_Junior/CT artifact annotation/output/CQ500-CT-224/artifact_mask.nii.gz,228497,52,52,512,512
CQ500-CT-225,/media/qiqi/P7000Z/WorkStation/medical/CT_Junior/CQ500/CQ500CT225 CQ500CT225/Unknown Study/CT Plain,CT Plain,/media/qiqi/P7000Z/WorkStation/medical/CT_Junior/CT artifact annotation/output/CQ500-CT-225/artifact_mask.nii.gz,63834,23,30,512,512
CQ500-CT-226,/media/qiqi/P7000Z/WorkStation/medical/CT_Junior/CQ500/CQ500CT226 CQ500CT226/Unknown Study/CT 0.625mm,CT 0.625mm,/media/qiqi/P7000Z/WorkStation/medical/CT_Junior/CT artifact annotation/output/CQ500-CT-226/artifact_mask.nii.gz,2108334,224,224,512,512
CQ500-CT-227,/media/qiqi/P7000Z/WorkStation/medical/CT_Junior/CQ500/CQ500CT227 CQ500CT227/Unknown Study/CT Thin Plain,CT Thin Plain,/media/qiqi/P7000Z/WorkStation/medical/CT_Junior/CT artifact annotation/output/CQ500-CT-227/artifact_mask.nii.gz,2883462,272,288,512,512
CQ500-CT-228,/media/qiqi/P7000Z/WorkStation/medical/CT_Junior/CQ500/CQ500CT228 CQ500CT228/Unknown Study/CT Plain,CT Plain,/media/qiqi/P7000Z/WorkStation/medical/CT_Junior/CT artifact annotation/output/CQ500-CT-228/artifact_mask.nii.gz,149257,29,32,512,512
CQ500-CT-229,/media/qiqi/P7000Z/WorkStation/medical/CT_Junior/CQ500/CQ500CT229 CQ500CT229/Unknown Study/CT PRE CONTRAST 5MM STD,CT PRE CONTRAST 5MM STD,/media/qiqi/P7000Z/WorkStation/medical/CT_Junior/CT artifact annotation/output/CQ500-CT-229/artifact_mask.nii.gz,95919,24,30,512,512
CQ500-CT-230,/media/qiqi/P7000Z/WorkStation/medical/CT_Junior/CQ500/CQ500CT230 CQ500CT230/Unknown Study/CT SOFT THIN,CT SOFT THIN,/media/qiqi/P7000Z/WorkStation/medical/CT_Junior/CT artifact annotation/output/CQ500-CT-230/artifact_mask.nii.gz,989507,217,226,512,512
CQ500-CT-231,/media/qiqi/P7000Z/WorkStation/medical/CT_Junior/CQ500/CQ500CT231 CQ500CT231/Unknown Study/CT Thin Plain,CT Thin Plain,/media/qiqi/P7000Z/WorkStation/medical/CT_Junior/CT artifact annotation/output/CQ500-CT-231/artifact_mask.nii.gz,3284945,265,288,512,512
CQ500-CT-232,/media/qiqi/P7000Z/WorkStation/medical/CT_Junior/CQ500/CQ500CT232 CQ500CT232/Unknown Study/CT Thin Plain,CT Thin Plain,/media/qiqi/P7000Z/WorkStation/medical/CT_Junior/CT artifact annotation/output/CQ500-CT-232/artifact_mask.nii.gz,2429882,241,256,512,512
CQ500-CT-233,/media/qiqi/P7000Z/WorkStation/medical/CT_Junior/CQ500/CQ500CT233 CQ500CT233/Unknown Study/CT Plain,CT Plain,/media/qiqi/P7000Z/WorkStation/medical/CT_Junior/CT artifact annotation/output/CQ500-CT-233/artifact_mask.nii.gz,103458,30,32,512,512
CQ500-CT-234,/media/qiqi/P7000Z/WorkStation/medical/CT_Junior/CQ500/CQ500CT234 CQ500CT234/Unknown Study/CT Thin Plain,CT Thin Plain,/media/qiqi/P7000Z/WorkStation/medical/CT_Junior/CT artifact annotation/output/CQ500-CT-234/artifact_mask.nii.gz,907489,238,256,512,512
CQ500-CT-235,/media/qiqi/P7000Z/WorkStation/medical/CT_Junior/CQ500/CQ500CT235 CQ500CT235/Unknown Study/CT Thin Plain,CT Thin Plain,/media/qiqi/P7000Z/WorkStation/medical/CT_Junior/CT artifact annotation/output/CQ500-CT-235/artifact_mask.nii.gz,3749028,305,320,512,512
CQ500-CT-236,/media/qiqi/P7000Z/WorkStation/medical/CT_Junior/CQ500/CQ500CT236 CQ500CT236/Unknown Study/CT 0.625mm,CT 0.625mm,/media/qiqi/P7000Z/WorkStation/medical/CT_Junior/CT artifact annotation/output/CQ500-CT-236/artifact_mask.nii.gz,859410,76,76,512,512
CQ500-CT-237,/media/qiqi/P7000Z/WorkStation/medical/CT_Junior/CQ500/CQ500CT237 CQ500CT237/Unknown Study/CT PLAIN THIN,CT PLAIN THIN,/media/qiqi/P7000Z/WorkStation/medical/CT_Junior/CT artifact annotation/output/CQ500-CT-237/artifact_mask.nii.gz,1944495,234,240,512,512
CQ500-CT-238,/media/qiqi/P7000Z/WorkStation/medical/CT_Junior/CQ500/CQ500CT238 CQ500CT238/Unknown Study/CT Thin Plain,CT Thin Plain,/media/qiqi/P7000Z/WorkStation/medical/CT_Junior/CT artifact annotation/output/CQ500-CT-238/artifact_mask.nii.gz,1976858,241,256,512,512
CQ500-CT-239,/media/qiqi/P7000Z/WorkStation/medical/CT_Junior/CQ500/CQ500CT239 CQ500CT239/Unknown Study/CT PRE CONTRAST 5MM STD,CT PRE CONTRAST 5MM STD,/media/qiqi/P7000Z/WorkStation/medical/CT_Junior/CT artifact annotation/output/CQ500-CT-239/artifact_mask.nii.gz,84634,28,31,512,512
CQ500-CT-240,/media/qiqi/P7000Z/WorkStation/medical/CT_Junior/CQ500/CQ500CT240 CQ500CT240/Unknown Study/CT Plain 3mm,CT Plain 3mm,/media/qiqi/P7000Z/WorkStation/medical/CT_Junior/CT artifact annotation/output/CQ500-CT-240/artifact_mask.nii.gz,273846,52,53,512,512
CQ500-CT-241,/media/qiqi/P7000Z/WorkStation/medical/CT_Junior/CQ500/CQ500CT241 CQ500CT241/Unknown Study/CT PLAIN THIN,CT PLAIN THIN,/media/qiqi/P7000Z/WorkStation/medical/CT_Junior/CT artifact annotation/output/CQ500-CT-241/artifact_mask.nii.gz,1890730,281,289,512,512
CQ500-CT-242,/media/qiqi/P7000Z/WorkStation/medical/CT_Junior/CQ500/CQ500CT242 CQ500CT242/Unknown Study/CT Thin Plain,CT Thin Plain,/media/qiqi/P7000Z/WorkStation/medical/CT_Junior/CT artifact annotation/output/CQ500-CT-242/artifact_mask.nii.gz,2366862,244,256,512,512
CQ500-CT-243,/media/qiqi/P7000Z/WorkStation/medical/CT_Junior/CQ500/CQ500CT243 CQ500CT243/Unknown Study/CT Plain,CT Plain,/media/qiqi/P7000Z/WorkStation/medical/CT_Junior/CT artifact annotation/output/CQ500-CT-243/artifact_mask.nii.gz,156666,31,32,512,512
CQ500-CT-244,/media/qiqi/P7000Z/WorkStation/medical/CT_Junior/CQ500/CQ500CT244 CQ500CT244/Unknown Study/CT Plain,CT Plain,/media/qiqi/P7000Z/WorkStation/medical/CT_Junior/CT artifact annotation/output/CQ500-CT-244/artifact_mask.nii.gz,142002,32,36,512,512
CQ500-CT-245,/media/qiqi/P7000Z/WorkStation/medical/CT_Junior/CQ500/CQ500CT245 CQ500CT245/Unknown Study/CT 2.55mm,CT 2.55mm,/media/qiqi/P7000Z/WorkStation/medical/CT_Junior/CT artifact annotation/output/CQ500-CT-245/artifact_mask.nii.gz,45521,28,32,512,512
CQ500-CT-246,/media/qiqi/P7000Z/WorkStation/medical/CT_Junior/CQ500/CQ500CT246 CQ500CT246/Unknown Study/CT Thin Plain,CT Thin Plain,/media/qiqi/P7000Z/WorkStation/medical/CT_Junior/CT artifact annotation/output/CQ500-CT-246/artifact_mask.nii.gz,1990365,242,256,512,512
CQ500-CT-247,/media/qiqi/P7000Z/WorkStation/medical/CT_Junior/CQ500/CQ500CT247 CQ500CT247/Unknown Study/CT Plain 3mm,CT Plain 3mm,/media/qiqi/P7000Z/WorkStation/medical/CT_Junior/CT artifact annotation/output/CQ500-CT-247/artifact_mask.nii.gz,206824,50,51,512,512
CQ500-CT-248,/media/qiqi/P7000Z/WorkStation/medical/CT_Junior/CQ500/CQ500CT248 CQ500CT248/Unknown Study/CT Plain,CT Plain,/media/qiqi/P7000Z/WorkStation/medical/CT_Junior/CT artifact annotation/output/CQ500-CT-248/artifact_mask.nii.gz,91205,27,32,512,512
CQ500-CT-249,/media/qiqi/P7000Z/WorkStation/medical/CT_Junior/CQ500/CQ500CT249 CQ500CT249/Unknown Study/CT 0.625mm,CT 0.625mm,/media/qiqi/P7000Z/WorkStation/medical/CT_Junior/CT artifact annotation/output/CQ500-CT-249/artifact_mask.nii.gz,2120434,238,256,512,512
CQ500-CT-250,/media/qiqi/P7000Z/WorkStation/medical/CT_Junior/CQ500/CQ500CT250 CQ500CT250/Unknown Study/CT Plain,CT Plain,/media/qiqi/P7000Z/WorkStation/medical/CT_Junior/CT artifact annotation/output/CQ500-CT-250/artifact_mask.nii.gz,85919,26,30,512,512
CQ500-CT-251,/media/qiqi/P7000Z/WorkStation/medical/CT_Junior/CQ500/CQ500CT251 CQ500CT251/Unknown Study/CT Plain,CT Plain,/media/qiqi/P7000Z/WorkStation/medical/CT_Junior/CT artifact annotation/output/CQ500-CT-251/artifact_mask.nii.gz,93944,28,34,512,512
CQ500-CT-252,/media/qiqi/P7000Z/WorkStation/medical/CT_Junior/CQ500/CQ500CT252 CQ500CT252/Unknown Study/CT PRE CONTRAST 5MM STD,CT PRE CONTRAST 5MM STD,/media/qiqi/P7000Z/WorkStation/medical/CT_Junior/CT artifact annotation/output/CQ500-CT-252/artifact_mask.nii.gz,98474,29,33,512,512
CQ500-CT-253,/media/qiqi/P7000Z/WorkStation/medical/CT_Junior/CQ500/CQ500CT253 CQ500CT253/Unknown Study/CT Plain,CT Plain,/media/qiqi/P7000Z/WorkStation/medical/CT_Junior/CT artifact annotation/output/CQ500-CT-253/artifact_mask.nii.gz,98442,26,28,512,512
CQ500-CT-254,/media/qiqi/P7000Z/WorkStation/medical/CT_Junior/CQ500/CQ500CT254 CQ500CT254/Unknown Study/CT Plain,CT Plain,/media/qiqi/P7000Z/WorkStation/medical/CT_Junior/CT artifact annotation/output/CQ500-CT-254/artifact_mask.nii.gz,134806,29,29,512,512
CQ500-CT-255,/media/qiqi/P7000Z/WorkStation/medical/CT_Junior/CQ500/CQ500CT255 CQ500CT255/Unknown Study/CT Plain,CT Plain,/media/qiqi/P7000Z/WorkStation/medical/CT_Junior/CT artifact annotation/output/CQ500-CT-255/artifact_mask.nii.gz,118260,27,28,512,512
CQ500-CT-256,/media/qiqi/P7000Z/WorkStation/medical/CT_Junior/CQ500/CQ500CT256 CQ500CT256/Unknown Study/CT 0.625mm,CT 0.625mm,/media/qiqi/P7000Z/WorkStation/medical/CT_Junior/CT artifact annotation/output/CQ500-CT-256/artifact_mask.nii.gz,2198322,244,256,512,512
CQ500-CT-257,/media/qiqi/P7000Z/WorkStation/medical/CT_Junior/CQ500/CQ500CT257 CQ500CT257/Unknown Study/CT 0.625mm,CT 0.625mm,/media/qiqi/P7000Z/WorkStation/medical/CT_Junior/CT artifact annotation/output/CQ500-CT-257/artifact_mask.nii.gz,3267725,253,256,512,512
CQ500-CT-258,/media/qiqi/P7000Z/WorkStation/medical/CT_Junior/CQ500/CQ500CT258 CQ500CT258/Unknown Study/CT Plain,CT Plain,/media/qiqi/P7000Z/WorkStation/medical/CT_Junior/CT artifact annotation/output/CQ500-CT-258/artifact_mask.nii.gz,118171,31,34,512,512
CQ500-CT-259,/media/qiqi/P7000Z/WorkStation/medical/CT_Junior/CQ500/CQ500CT259 CQ500CT259/Unknown Study/CT Plain,CT Plain,/media/qiqi/P7000Z/WorkStation/medical/CT_Junior/CT artifact annotation/output/CQ500-CT-259/artifact_mask.nii.gz,114962,26,30,512,512
CQ500-CT-260,/media/qiqi/P7000Z/WorkStation/medical/CT_Junior/CQ500/CQ500CT260 CQ500CT260/Unknown Study/CT PRE CONTRAST 5MM STD,CT PRE CONTRAST 5MM STD,/media/qiqi/P7000Z/WorkStation/medical/CT_Junior/CT artifact annotation/output/CQ500-CT-260/artifact_mask.nii.gz,96814,28,30,512,512
CQ500-CT-261,/media/qiqi/P7000Z/WorkStation/medical/CT_Junior/CQ500/CQ500CT261 CQ500CT261/Unknown Study/CT PRE CONTRAST 5MM STD,CT PRE CONTRAST 5MM STD,/media/qiqi/P7000Z/WorkStation/medical/CT_Junior/CT artifact annotation/output/CQ500-CT-261/artifact_mask.nii.gz,138589,30,33,512,512
CQ500-CT-262,/media/qiqi/P7000Z/WorkStation/medical/CT_Junior/CQ500/CQ500CT262 CQ500CT262/Unknown Study/CT Plain,CT Plain,/media/qiqi/P7000Z/WorkStation/medical/CT_Junior/CT artifact annotation/output/CQ500-CT-262/artifact_mask.nii.gz,103362,30,30,512,512
CQ500-CT-263,/media/qiqi/P7000Z/WorkStation/medical/CT_Junior/CQ500/CQ500CT263 CQ500CT263/Unknown Study/CT Plain,CT Plain,/media/qiqi/P7000Z/WorkStation/medical/CT_Junior/CT artifact annotation/output/CQ500-CT-263/artifact_mask.nii.gz,79061,32,34,512,512
CQ500-CT-264,/media/qiqi/P7000Z/WorkStation/medical/CT_Junior/CQ500/CQ500CT264 CQ500CT264/Unknown Study/CT Plain 3mm,CT Plain 3mm,/media/qiqi/P7000Z/WorkStation/medical/CT_Junior/CT artifact annotation/output/CQ500-CT-264/artifact_mask.nii.gz,270388,52,55,512,512
CQ500-CT-265,/media/qiqi/P7000Z/WorkStation/medical/CT_Junior/CQ500/CQ500CT265 CQ500CT265/Unknown Study/CT 5mm POST CONTRAST,CT 5mm POST CONTRAST,/media/qiqi/P7000Z/WorkStation/medical/CT_Junior/CT artifact annotation/output/CQ500-CT-265/artifact_mask.nii.gz,3794692,210,221,512,512
CQ500-CT-266,/media/qiqi/P7000Z/WorkStation/medical/CT_Junior/CQ500/CQ500CT266 CQ500CT266/Unknown Study/CT Plain,CT Plain,/media/qiqi/P7000Z/WorkStation/medical/CT_Junior/CT artifact annotation/output/CQ500-CT-266/artifact_mask.nii.gz,168659,44,48,512,512
CQ500-CT-267,/media/qiqi/P7000Z/WorkStation/medical/CT_Junior/CQ500/CQ500CT267 CQ500CT267/Unknown Study/CT Plain,CT Plain,/media/qiqi/P7000Z/WorkStation/medical/CT_Junior/CT artifact annotation/output/CQ500-CT-267/artifact_mask.nii.gz,101069,28,30,512,512
CQ500-CT-268,/media/qiqi/P7000Z/WorkStation/medical/CT_Junior/CQ500/CQ500CT268 CQ500CT268/Unknown Study/CT Thin Plain,CT Thin Plain,/media/qiqi/P7000Z/WorkStation/medical/CT_Junior/CT artifact annotation/output/CQ500-CT-268/artifact_mask.nii.gz,2303316,250,288,512,512
CQ500-CT-269,/media/qiqi/P7000Z/WorkStation/medical/CT_Junior/CQ500/CQ500CT269 CQ500CT269/Unknown Study/CT Thin Plain,CT Thin Plain,/media/qiqi/P7000Z/WorkStation/medical/CT_Junior/CT artifact annotation/output/CQ500-CT-269/artifact_mask.nii.gz,2213821,235,256,512,512
CQ500-CT-270,/media/qiqi/P7000Z/WorkStation/medical/CT_Junior/CQ500/CQ500CT270 CQ500CT270/Unknown Study/CT Plain,CT Plain,/media/qiqi/P7000Z/WorkStation/medical/CT_Junior/CT artifact annotation/output/CQ500-CT-270/artifact_mask.nii.gz,117397,30,32,512,512
CQ500-CT-271,/media/qiqi/P7000Z/WorkStation/medical/CT_Junior/CQ500/CQ500CT271 CQ500CT271/Unknown Study/CT 0.625mm,CT 0.625mm,/media/qiqi/P7000Z/WorkStation/medical/CT_Junior/CT artifact annotation/output/CQ500-CT-271/artifact_mask.nii.gz,1634579,236,256,512,512
CQ500-CT-272,/media/qiqi/P7000Z/WorkStation/medical/CT_Junior/CQ500/CQ500CT272 CQ500CT272/Unknown Study/CT PLAIN THIN,CT PLAIN THIN,/media/qiqi/P7000Z/WorkStation/medical/CT_Junior/CT artifact annotation/output/CQ500-CT-272/artifact_mask.nii.gz,3424726,191,194,512,512
CQ500-CT-273,/media/qiqi/P7000Z/WorkStation/medical/CT_Junior/CQ500/CQ500CT273 CQ500CT273/Unknown Study/CT 0.625mm,CT 0.625mm,/media/qiqi/P7000Z/WorkStation/medical/CT_Junior/CT artifact annotation/output/CQ500-CT-273/artifact_mask.nii.gz,1278112,128,128,512,512
CQ500-CT-274,/media/qiqi/P7000Z/WorkStation/medical/CT_Junior/CQ500/CQ500CT274 CQ500CT274/Unknown Study/CT Thin Plain,CT Thin Plain,/media/qiqi/P7000Z/WorkStation/medical/CT_Junior/CT artifact annotation/output/CQ500-CT-274/artifact_mask.nii.gz,2836820,269,288,512,512
CQ500-CT-275,/media/qiqi/P7000Z/WorkStation/medical/CT_Junior/CQ500/CQ500CT275 CQ500CT275/Unknown Study/CT PRE CONTRAST 5MM STD,CT PRE CONTRAST 5MM STD,/media/qiqi/P7000Z/WorkStation/medical/CT_Junior/CT artifact annotation/output/CQ500-CT-275/artifact_mask.nii.gz,60874,22,28,512,512
CQ500-CT-276,/media/qiqi/P7000Z/WorkStation/medical/CT_Junior/CQ500/CQ500CT276 CQ500CT276/Unknown Study/CT PRE CONTRAST THIN,CT PRE CONTRAST THIN,/media/qiqi/P7000Z/WorkStation/medical/CT_Junior/CT artifact annotation/output/CQ500-CT-276/artifact_mask.nii.gz,3043960,224,233,512,512
CQ500-CT-277,/media/qiqi/P7000Z/WorkStation/medical/CT_Junior/CQ500/CQ500CT277 CQ500CT277/Unknown Study/CT 0.625mm,CT 0.625mm,/media/qiqi/P7000Z/WorkStation/medical/CT_Junior/CT artifact annotation/output/CQ500-CT-277/artifact_mask.nii.gz,1037526,128,128,512,512
CQ500-CT-278,/media/qiqi/P7000Z/WorkStation/medical/CT_Junior/CQ500/CQ500CT278 CQ500CT278/Unknown Study/CT PRE CONTRAST 5MM STD,CT PRE CONTRAST 5MM STD,/media/qiqi/P7000Z/WorkStation/medical/CT_Junior/CT artifact annotation/output/CQ500-CT-278/artifact_mask.nii.gz,96622,23,30,512,512
CQ500-CT-279,/media/qiqi/P7000Z/WorkStation/medical/CT_Junior/CQ500/CQ500CT279 CQ500CT279/Unknown Study/CT Plain,CT Plain,/media/qiqi/P7000Z/WorkStation/medical/CT_Junior/CT artifact annotation/output/CQ500-CT-279/artifact_mask.nii.gz,70405,32,32,512,512
CQ500-CT-280,/media/qiqi/P7000Z/WorkStation/medical/CT_Junior/CQ500/CQ500CT280 CQ500CT280/Unknown Study/CT Plain,CT Plain,/media/qiqi/P7000Z/WorkStation/medical/CT_Junior/CT artifact annotation/output/CQ500-CT-280/artifact_mask.nii.gz,60888,23,30,512,512
CQ500-CT-281,/media/qiqi/P7000Z/WorkStation/medical/CT_Junior/CQ500/CQ500CT281 CQ500CT281/Unknown Study/CT Thin Plain,CT Thin Plain,/media/qiqi/P7000Z/WorkStation/medical/CT_Junior/CT artifact annotation/output/CQ500-CT-281/artifact_mask.nii.gz,829563,237,256,512,512
CQ500-CT-282,/media/qiqi/P7000Z/WorkStation/medical/CT_Junior/CQ500/CQ500CT282 CQ500CT282/Unknown Study/CT 0.625mm,CT 0.625mm,/media/qiqi/P7000Z/WorkStation/medical/CT_Junior/CT artifact annotation/output/CQ500-CT-282/artifact_mask.nii.gz,826435,132,132,512,512
CQ500-CT-283,/media/qiqi/P7000Z/WorkStation/medical/CT_Junior/CQ500/CQ500CT283 CQ500CT283/Unknown Study/CT Plain,CT Plain,/media/qiqi/P7000Z/WorkStation/medical/CT_Junior/CT artifact annotation/output/CQ500-CT-283/artifact_mask.nii.gz,117669,30,30,512,512
CQ500-CT-284,/media/qiqi/P7000Z/WorkStation/medical/CT_Junior/CQ500/CQ500CT284 CQ500CT284/Unknown Study/CT PRE CONTRAST 5MM STD,CT PRE CONTRAST 5MM STD,/media/qiqi/P7000Z/WorkStation/medical/CT_Junior/CT artifact annotation/output/CQ500-CT-284/artifact_mask.nii.gz,153400,26,30,512,512
CQ500-CT-285,/media/qiqi/P7000Z/WorkStation/medical/CT_Junior/CQ500/CQ500CT285 CQ500CT285/Unknown Study/CT 0.625mm,CT 0.625mm,/media/qiqi/P7000Z/WorkStation/medical/CT_Junior/CT artifact annotation/output/CQ500-CT-285/artifact_mask.nii.gz,2523443,238,256,512,512
CQ500-CT-286,/media/qiqi/P7000Z/WorkStation/medical/CT_Junior/CQ500/CQ500CT286 CQ500CT286/Unknown Study/CT PRE CONTRAST 5MM STD,CT PRE CONTRAST 5MM STD,/media/qiqi/P7000Z/WorkStation/medical/CT_Junior/CT artifact annotation/output/CQ500-CT-286/artifact_mask.nii.gz,93420,26,30,512,512
CQ500-CT-287,/media/qiqi/P7000Z/WorkStation/medical/CT_Junior/CQ500/CQ500CT287 CQ500CT287/Unknown Study/CT Thin Plain,CT Thin Plain,/media/qiqi/P7000Z/WorkStation/medical/CT_Junior/CT artifact annotation/output/CQ500-CT-287/artifact_mask.nii.gz,2654523,245,256,512,512
CQ500-CT-288,/media/qiqi/P7000Z/WorkStation/medical/CT_Junior/CQ500/CQ500CT288 CQ500CT288/Unknown Study/CT Plain 3mm,CT Plain 3mm,/media/qiqi/P7000Z/WorkStation/medical/CT_Junior/CT artifact annotation/output/CQ500-CT-288/artifact_mask.nii.gz,241496,54,55,512,512
CQ500-CT-289,/media/qiqi/P7000Z/WorkStation/medical/CT_Junior/CQ500/CQ500CT289 CQ500CT289/Unknown Study/CT 5mm POST CONTRAST,CT 5mm POST CONTRAST,/media/qiqi/P7000Z/WorkStation/medical/CT_Junior/CT artifact annotation/output/CQ500-CT-289/artifact_mask.nii.gz,2697401,215,233,512,512
CQ500-CT-290,/media/qiqi/P7000Z/WorkStation/medical/CT_Junior/CQ500/CQ500CT290 CQ500CT290/Unknown Study/CT 0.625mm,CT 0.625mm,/media/qiqi/P7000Z/WorkStation/medical/CT_Junior/CT artifact annotation/output/CQ500-CT-290/artifact_mask.nii.gz,1968767,241,256,512,512
CQ500-CT-291,/media/qiqi/P7000Z/WorkStation/medical/CT_Junior/CQ500/CQ500CT291 CQ500CT291/Unknown Study/CT Plain,CT Plain,/media/qiqi/P7000Z/WorkStation/medical/CT_Junior/CT artifact annotation/output/CQ500-CT-291/artifact_mask.nii.gz,94972,29,32,512,512
CQ500-CT-292,/media/qiqi/P7000Z/WorkStation/medical/CT_Junior/CQ500/CQ500CT292 CQ500CT292/Unknown Study/CT Plain,CT Plain,/media/qiqi/P7000Z/WorkStation/medical/CT_Junior/CT artifact annotation/output/CQ500-CT-292/artifact_mask.nii.gz,107878,26,30,512,512
CQ500-CT-293,/media/qiqi/P7000Z/WorkStation/medical/CT_Junior/CQ500/CQ500CT293 CQ500CT293/Unknown Study/CT Plain,CT Plain,/media/qiqi/P7000Z/WorkStation/medical/CT_Junior/CT artifact annotation/output/CQ500-CT-293/artifact_mask.nii.gz,133948,28,30,512,512
CQ500-CT-294,/media/qiqi/P7000Z/WorkStation/medical/CT_Junior/CQ500/CQ500CT294 CQ500CT294/Unknown Study/CT Plain,CT Plain,/media/qiqi/P7000Z/WorkStation/medical/CT_Junior/CT artifact annotation/output/CQ500-CT-294/artifact_mask.nii.gz,59316,25,30,512,512
CQ500-CT-295,/media/qiqi/P7000Z/WorkStation/medical/CT_Junior/CQ500/CQ500CT295 CQ500CT295/Unknown Study/CT Plain 3mm,CT Plain 3mm,/media/qiqi/P7000Z/WorkStation/medical/CT_Junior/CT artifact annotation/output/CQ500-CT-295/artifact_mask.nii.gz,299947,53,53,512,512
CQ500-CT-296,/media/qiqi/P7000Z/WorkStation/medical/CT_Junior/CQ500/CQ500CT296 CQ500CT296/Unknown Study/CT Plain,CT Plain,/media/qiqi/P7000Z/WorkStation/medical/CT_Junior/CT artifact annotation/output/CQ500-CT-296/artifact_mask.nii.gz,125559,33,34,512,512
CQ500-CT-297,/media/qiqi/P7000Z/WorkStation/medical/CT_Junior/CQ500/CQ500CT297 CQ500CT297/Unknown Study/CT 2.55mm,CT 2.55mm,/media/qiqi/P7000Z/WorkStation/medical/CT_Junior/CT artifact annotation/output/CQ500-CT-297/artifact_mask.nii.gz,93536,33,36,512,512
CQ500-CT-298,/media/qiqi/P7000Z/WorkStation/medical/CT_Junior/CQ500/CQ500CT298 CQ500CT298/Unknown Study/CT Thin Stnd,CT Thin Stnd,/media/qiqi/P7000Z/WorkStation/medical/CT_Junior/CT artifact annotation/output/CQ500-CT-298/artifact_mask.nii.gz,2763406,392,413,512,512
CQ500-CT-299,/media/qiqi/P7000Z/WorkStation/medical/CT_Junior/CQ500/CQ500CT299 CQ500CT299/Unknown Study/CT Thin Plain,CT Thin Plain,/media/qiqi/P7000Z/WorkStation/medical/CT_Junior/CT artifact annotation/output/CQ500-CT-299/artifact_mask.nii.gz,2142837,235,256,512,512
CQ500-CT-300,/media/qiqi/P7000Z/WorkStation/medical/CT_Junior/CQ500/CQ500CT300 CQ500CT300/Unknown Study/CT Thin Plain,CT Thin Plain,/media/qiqi/P7000Z/WorkStation/medical/CT_Junior/CT artifact annotation/output/CQ500-CT-300/artifact_mask.nii.gz,1602258,230,256,512,512
CQ500-CT-301,/media/qiqi/P7000Z/WorkStation/medical/CT_Junior/CQ500/CQ500CT301 CQ500CT301/Unknown Study/CT Plain,CT Plain,/media/qiqi/P7000Z/WorkStation/medical/CT_Junior/CT artifact annotation/output/CQ500-CT-301/artifact_mask.nii.gz,60101,27,32,512,512
CQ500-CT-302,/media/qiqi/P7000Z/WorkStation/medical/CT_Junior/CQ500/CQ500CT302 CQ500CT302/Unknown Study/CT Thin Plain,CT Thin Plain,/media/qiqi/P7000Z/WorkStation/medical/CT_Junior/CT artifact annotation/output/CQ500-CT-302/artifact_mask.nii.gz,2313746,235,256,512,512
CQ500-CT-303,/media/qiqi/P7000Z/WorkStation/medical/CT_Junior/CQ500/CQ500CT303 CQ500CT303/Unknown Study/CT PRE CONTRAST 5MM STD,CT PRE CONTRAST 5MM STD,/media/qiqi/P7000Z/WorkStation/medical/CT_Junior/CT artifact annotation/output/CQ500-CT-303/artifact_mask.nii.gz,165326,28,30,512,512
CQ500-CT-304,/media/qiqi/P7000Z/WorkStation/medical/CT_Junior/CQ500/CQ500CT304 CQ500CT304/Unknown Study/CT Plain 3mm,CT Plain 3mm,/media/qiqi/P7000Z/WorkStation/medical/CT_Junior/CT artifact annotation/output/CQ500-CT-304/artifact_mask.nii.gz,346665,53,55,512,512
CQ500-CT-305,/media/qiqi/P7000Z/WorkStation/medical/CT_Junior/CQ500/CQ500CT305 CQ500CT305/Unknown Study/CT Thin Plain,CT Thin Plain,/media/qiqi/P7000Z/WorkStation/medical/CT_Junior/CT artifact annotation/output/CQ500-CT-305/artifact_mask.nii.gz,2252817,329,352,512,512
CQ500-CT-306,/media/qiqi/P7000Z/WorkStation/medical/CT_Junior/CQ500/CQ500CT306 CQ500CT306/Unknown Study/CT Plain THIN,CT Plain THIN,/media/qiqi/P7000Z/WorkStation/medical/CT_Junior/CT artifact annotation/output/CQ500-CT-306/artifact_mask.nii.gz,2111867,320,331,512,512
CQ500-CT-307,/media/qiqi/P7000Z/WorkStation/medical/CT_Junior/CQ500/CQ500CT307 CQ500CT307/Unknown Study/CT Plain,CT Plain,/media/qiqi/P7000Z/WorkStation/medical/CT_Junior/CT artifact annotation/output/CQ500-CT-307/artifact_mask.nii.gz,167703,43,46,512,512
CQ500-CT-308,/media/qiqi/P7000Z/WorkStation/medical/CT_Junior/CQ500/CQ500CT308 CQ500CT308/Unknown Study/CT Plain,CT Plain,/media/qiqi/P7000Z/WorkStation/medical/CT_Junior/CT artifact annotation/output/CQ500-CT-308/artifact_mask.nii.gz,137845,26,28,512,512
CQ500-CT-309,/media/qiqi/P7000Z/WorkStation/medical/CT_Junior/CQ500/CQ500CT309 CQ500CT309/Unknown Study/CT Plain,CT Plain,/media/qiqi/P7000Z/WorkStation/medical/CT_Junior/CT artifact annotation/output/CQ500-CT-309/artifact_mask.nii.gz,58150,30,36,512,512
CQ500-CT-310,/media/qiqi/P7000Z/WorkStation/medical/CT_Junior/CQ500/CQ500CT310 CQ500CT310/Unknown Study/CT Thin Plain,CT Thin Plain,/media/qiqi/P7000Z/WorkStation/medical/CT_Junior/CT artifact annotation/output/CQ500-CT-310/artifact_mask.nii.gz,2209206,238,256,512,512
CQ500-CT-311,/media/qiqi/P7000Z/WorkStation/medical/CT_Junior/CQ500/CQ500CT311 CQ500CT311/Unknown Study/CT PRE CONTRAST 5MM STD,CT PRE CONTRAST 5MM STD,/media/qiqi/P7000Z/WorkStation/medical/CT_Junior/CT artifact annotation/output/CQ500-CT-311/artifact_mask.nii.gz,134728,24,30,512,512
CQ500-CT-312,/media/qiqi/P7000Z/WorkStation/medical/CT_Junior/CQ500/CQ500CT312 CQ500CT312/Unknown Study/CT PRE CONTRAST 5MM STD,CT PRE CONTRAST 5MM STD,/media/qiqi/P7000Z/WorkStation/medical/CT_Junior/CT artifact annotation/output/CQ500-CT-312/artifact_mask.nii.gz,141362,24,30,512,512
CQ500-CT-313,/media/qiqi/P7000Z/WorkStation/medical/CT_Junior/CQ500/CQ500CT313 CQ500CT313/Unknown Study/CT PLAIN THIN,CT PLAIN THIN,/media/qiqi/P7000Z/WorkStation/medical/CT_Junior/CT artifact annotation/output/CQ500-CT-313/artifact_mask.nii.gz,2154460,224,240,512,512
CQ500-CT-314,/media/qiqi/P7000Z/WorkStation/medical/CT_Junior/CQ500/CQ500CT314 CQ500CT314/Unknown Study/CT Plain,CT Plain,/media/qiqi/P7000Z/WorkStation/medical/CT_Junior/CT artifact annotation/output/CQ500-CT-314/artifact_mask.nii.gz,55567,27,30,512,512
CQ500-CT-315,/media/qiqi/P7000Z/WorkStation/medical/CT_Junior/CQ500/CQ500CT315 CQ500CT315/Unknown Study/CT Plain,CT Plain,/media/qiqi/P7000Z/WorkStation/medical/CT_Junior/CT artifact annotation/output/CQ500-CT-315/artifact_mask.nii.gz,124136,27,28,512,512
CQ500-CT-316,/media/qiqi/P7000Z/WorkStation/medical/CT_Junior/CQ500/CQ500CT316 CQ500CT316/Unknown Study/CT 0.625mm,CT 0.625mm,/media/qiqi/P7000Z/WorkStation/medical/CT_Junior/CT artifact annotation/output/CQ500-CT-316/artifact_mask.nii.gz,1798545,242,256,512,512
CQ500-CT-317,/media/qiqi/P7000Z/WorkStation/medical/CT_Junior/CQ500/CQ500CT317 CQ500CT317/Unknown Study/CT Plain,CT Plain,/media/qiqi/P7000Z/WorkStation/medical/CT_Junior/CT artifact annotation/output/CQ500-CT-317/artifact_mask.nii.gz,103785,30,32,512,512
CQ500-CT-318,/media/qiqi/P7000Z/WorkStation/medical/CT_Junior/CQ500/CQ500CT318 CQ500CT318/Unknown Study/CT Thin Plain,CT Thin Plain,/media/qiqi/P7000Z/WorkStation/medical/CT_Junior/CT artifact annotation/output/CQ500-CT-318/artifact_mask.nii.gz,2338628,305,320,512,512
CQ500-CT-319,/media/qiqi/P7000Z/WorkStation/medical/CT_Junior/CQ500/CQ500CT319 CQ500CT319/Unknown Study/CT 0.625mm,CT 0.625mm,/media/qiqi/P7000Z/WorkStation/medical/CT_Junior/CT artifact annotation/output/CQ500-CT-319/artifact_mask.nii.gz,2027186,270,288,512,512
CQ500-CT-320,/media/qiqi/P7000Z/WorkStation/medical/CT_Junior/CQ500/CQ500CT320 CQ500CT320/Unknown Study/CT Thin Plain,CT Thin Plain,/media/qiqi/P7000Z/WorkStation/medical/CT_Junior/CT artifact annotation/output/CQ500-CT-320/artifact_mask.nii.gz,1791086,200,200,512,512
CQ500-CT-321,/media/qiqi/P7000Z/WorkStation/medical/CT_Junior/CQ500/CQ500CT321 CQ500CT321/Unknown Study/CT Thin Plain,CT Thin Plain,/media/qiqi/P7000Z/WorkStation/medical/CT_Junior/CT artifact annotation/output/CQ500-CT-321/artifact_mask.nii.gz,1236696,187,187,512,512
CQ500-CT-322,/media/qiqi/P7000Z/WorkStation/medical/CT_Junior/CQ500/CQ500CT322 CQ500CT322/Unknown Study/CT Plain THIN,CT Plain THIN,/media/qiqi/P7000Z/WorkStation/medical/CT_Junior/CT artifact annotation/output/CQ500-CT-322/artifact_mask.nii.gz,2060501,319,319,512,512
CQ500-CT-323,/media/qiqi/P7000Z/WorkStation/medical/CT_Junior/CQ500/CQ500CT323 CQ500CT323/Unknown Study/CT Plain,CT Plain,/media/qiqi/P7000Z/WorkStation/medical/CT_Junior/CT artifact annotation/output/CQ500-CT-323/artifact_mask.nii.gz,56655,26,30,512,512
CQ500-CT-324,/media/qiqi/P7000Z/WorkStation/medical/CT_Junior/CQ500/CQ500CT324 CQ500CT324/Unknown Study/CT PRE CONTRAST 5MM STD,CT PRE CONTRAST 5MM STD,/media/qiqi/P7000Z/WorkStation/medical/CT_Junior/CT artifact annotation/output/CQ500-CT-324/artifact_mask.nii.gz,97928,25,30,512,512
CQ500-CT-325,/media/qiqi/P7000Z/WorkStation/medical/CT_Junior/CQ500/CQ500CT325 CQ500CT325/Unknown Study/CT Plain,CT Plain,/media/qiqi/P7000Z/WorkStation/medical/CT_Junior/CT artifact annotation/output/CQ500-CT-325/artifact_mask.nii.gz,123457,35,35,512,512
CQ500-CT-326,/media/qiqi/P7000Z/WorkStation/medical/CT_Junior/CQ500/CQ500CT326 CQ500CT326/Unknown Study/CT 2.55mm,CT 2.55mm,/media/qiqi/P7000Z/WorkStation/medical/CT_Junior/CT artifact annotation/output/CQ500-CT-326/artifact_mask.nii.gz,43039,27,32,512,512
CQ500-CT-327,/media/qiqi/P7000Z/WorkStation/medical/CT_Junior/CQ500/CQ500CT327 CQ500CT327/Unknown Study/CT Plain,CT Plain,/media/qiqi/P7000Z/WorkStation/medical/CT_Junior/CT artifact annotation/output/CQ500-CT-327/artifact_mask.nii.gz,135913,31,32,512,512
CQ500-CT-328,/media/qiqi/P7000Z/WorkStation/medical/CT_Junior/CQ500/CQ500CT328 CQ500CT328/Unknown Study/CT 0.625mm,CT 0.625mm,/media/qiqi/P7000Z/WorkStation/medical/CT_Junior/CT artifact annotation/output/CQ500-CT-328/artifact_mask.nii.gz,2626013,242,256,512,512
CQ500-CT-329,/media/qiqi/P7000Z/WorkStation/medical/CT_Junior/CQ500/CQ500CT329 CQ500CT329/Unknown Study/CT Plain,CT Plain,/media/qiqi/P7000Z/WorkStation/medical/CT_Junior/CT artifact annotation/output/CQ500-CT-329/artifact_mask.nii.gz,93209,29,32,512,512
CQ500-CT-330,/media/qiqi/P7000Z/WorkStation/medical/CT_Junior/CQ500/CQ500CT330 CQ500CT330/Unknown Study/CT PRE CONTRAST 5MM STD,CT PRE CONTRAST 5MM STD,/media/qiqi/P7000Z/WorkStation/medical/CT_Junior/CT artifact annotation/output/CQ500-CT-330/artifact_mask.nii.gz,39485,25,33,512,512
CQ500-CT-331,/media/qiqi/P7000Z/WorkStation/medical/CT_Junior/CQ500/CQ500CT331 CQ500CT331/Unknown Study/CT Plain,CT Plain,/media/qiqi/P7000Z/WorkStation/medical/CT_Junior/CT artifact annotation/output/CQ500-CT-331/artifact_mask.nii.gz,54848,26,30,512,512
CQ500-CT-332,/media/qiqi/P7000Z/WorkStation/medical/CT_Junior/CQ500/CQ500CT332 CQ500CT332/Unknown Study/CT Plain,CT Plain,/media/qiqi/P7000Z/WorkStation/medical/CT_Junior/CT artifact annotation/output/CQ500-CT-332/artifact_mask.nii.gz,2167893,280,286,512,512
CQ500-CT-333,/media/qiqi/P7000Z/WorkStation/medical/CT_Junior/CQ500/CQ500CT333 CQ500CT333/Unknown Study/CT PRE CONTRAST 5MM STD,CT PRE CONTRAST 5MM STD,/media/qiqi/P7000Z/WorkStation/medical/CT_Junior/CT artifact annotation/output/CQ500-CT-333/artifact_mask.nii.gz,139043,28,30,512,512
CQ500-CT-334,/media/qiqi/P7000Z/WorkStation/medical/CT_Junior/CQ500/CQ500CT334 CQ500CT334/Unknown Study/CT Plain 3mm,CT Plain 3mm,/media/qiqi/P7000Z/WorkStation/medical/CT_Junior/CT artifact annotation/output/CQ500-CT-334/artifact_mask.nii.gz,144293,59,62,512,512
CQ500-CT-335,/media/qiqi/P7000Z/WorkStation/medical/CT_Junior/CQ500/CQ500CT335 CQ500CT335/Unknown Study/CT Plain,CT Plain,/media/qiqi/P7000Z/WorkStation/medical/CT_Junior/CT artifact annotation/output/CQ500-CT-335/artifact_mask.nii.gz,126204,27,28,512,512
CQ500-CT-336,/media/qiqi/P7000Z/WorkStation/medical/CT_Junior/CQ500/CQ500CT336 CQ500CT336/Unknown Study/CT POST CONTRAST,CT POST CONTRAST,/media/qiqi/P7000Z/WorkStation/medical/CT_Junior/CT artifact annotation/output/CQ500-CT-336/artifact_mask.nii.gz,95110,28,34,512,512
CQ500-CT-337,/media/qiqi/P7000Z/WorkStation/medical/CT_Junior/CQ500/CQ500CT337 CQ500CT337/Unknown Study/CT 2.55mm,CT 2.55mm,/media/qiqi/P7000Z/WorkStation/medical/CT_Junior/CT artifact annotation/output/CQ500-CT-337/artifact_mask.nii.gz,77802,31,32,512,512
CQ500-CT-338,/media/qiqi/P7000Z/WorkStation/medical/CT_Junior/CQ500/CQ500CT338 CQ500CT338/Unknown Study/CT Plain,CT Plain,/media/qiqi/P7000Z/WorkStation/medical/CT_Junior/CT artifact annotation/output/CQ500-CT-338/artifact_mask.nii.gz,30944,14,14,512,512
CQ500-CT-339,/media/qiqi/P7000Z/WorkStation/medical/CT_Junior/CQ500/CQ500CT339 CQ500CT339/Unknown Study/CT PLAIN THIN,CT PLAIN THIN,/media/qiqi/P7000Z/WorkStation/medical/CT_Junior/CT artifact annotation/output/CQ500-CT-339/artifact_mask.nii.gz,2198967,226,241,512,512
CQ500-CT-340,/media/qiqi/P7000Z/WorkStation/medical/CT_Junior/CQ500/CQ500CT340 CQ500CT340/Unknown Study/CT Thin Plain,CT Thin Plain,/media/qiqi/P7000Z/WorkStation/medical/CT_Junior/CT artifact annotation/output/CQ500-CT-340/artifact_mask.nii.gz,1126769,245,256,512,512
CQ500-CT-341,/media/qiqi/P7000Z/WorkStation/medical/CT_Junior/CQ500/CQ500CT341 CQ500CT341/Unknown Study/CT Plain,CT Plain,/media/qiqi/P7000Z/WorkStation/medical/CT_Junior/CT artifact annotation/output/CQ500-CT-341/artifact_mask.nii.gz,147527,26,26,512,512
CQ500-CT-342,/media/qiqi/P7000Z/WorkStation/medical/CT_Junior/CQ500/CQ500CT342 CQ500CT342/Unknown Study/CT 0.625mm,CT 0.625mm,/media/qiqi/P7000Z/WorkStation/medical/CT_Junior/CT artifact annotation/output/CQ500-CT-342/artifact_mask.nii.gz,2010580,242,256,512,512
CQ500-CT-343,/media/qiqi/P7000Z/WorkStation/medical/CT_Junior/CQ500/CQ500CT343 CQ500CT343/Unknown Study/CT Thin Plain,CT Thin Plain,/media/qiqi/P7000Z/WorkStation/medical/CT_Junior/CT artifact annotation/output/CQ500-CT-343/artifact_mask.nii.gz,2782297,245,249,512,512
CQ500-CT-344,/media/qiqi/P7000Z/WorkStation/medical/CT_Junior/CQ500/CQ500CT344 CQ500CT344/Unknown Study/CT Plain,CT Plain,/media/qiqi/P7000Z/WorkStation/medical/CT_Junior/CT artifact annotation/output/CQ500-CT-344/artifact_mask.nii.gz,47354,29,30,512,512
CQ500-CT-345,/media/qiqi/P7000Z/WorkStation/medical/CT_Junior/CQ500/CQ500CT345 CQ500CT345/Unknown Study/CT 0.625mm,CT 0.625mm,/media/qiqi/P7000Z/WorkStation/medical/CT_Junior/CT artifact annotation/output/CQ500-CT-345/artifact_mask.nii.gz,322997,619,645,512,512
CQ500-CT-346,/media/qiqi/P7000Z/WorkStation/medical/CT_Junior/CQ500/CQ500CT346 CQ500CT346/Unknown Study/CT 0.625mm,CT 0.625mm,/media/qiqi/P7000Z/WorkStation/medical/CT_Junior/CT artifact annotation/output/CQ500-CT-346/artifact_mask.nii.gz,1599341,288,288,512,512
CQ500-CT-347,/media/qiqi/P7000Z/WorkStation/medical/CT_Junior/CQ500/CQ500CT347 CQ500CT347/Unknown Study/CT Plain,CT Plain,/media/qiqi/P7000Z/WorkStation/medical/CT_Junior/CT artifact annotation/output/CQ500-CT-347/artifact_mask.nii.gz,84869,31,32,512,512
CQ500-CT-348,/media/qiqi/P7000Z/WorkStation/medical/CT_Junior/CQ500/CQ500CT348 CQ500CT348/Unknown Study/CT Plain,CT Plain,/media/qiqi/P7000Z/WorkStation/medical/CT_Junior/CT artifact annotation/output/CQ500-CT-348/artifact_mask.nii.gz,86524,24,26,512,512
CQ500-CT-349,/media/qiqi/P7000Z/WorkStation/medical/CT_Junior/CQ500/CQ500CT349 CQ500CT349/Unknown Study/CT PRE CONTRAST 5MM STD,CT PRE CONTRAST 5MM STD,/media/qiqi/P7000Z/WorkStation/medical/CT_Junior/CT artifact annotation/output/CQ500-CT-349/artifact_mask.nii.gz,187329,35,42,512,512
CQ500-CT-350,/media/qiqi/P7000Z/WorkStation/medical/CT_Junior/CQ500/CQ500CT350 CQ500CT350/Unknown Study/CT Plain,CT Plain,/media/qiqi/P7000Z/WorkStation/medical/CT_Junior/CT artifact annotation/output/CQ500-CT-350/artifact_mask.nii.gz,145247,29,32,512,512
CQ500-CT-351,/media/qiqi/P7000Z/WorkStation/medical/CT_Junior/CQ500/CQ500CT351 CQ500CT351/Unknown Study/CT Plain,CT Plain,/media/qiqi/P7000Z/WorkStation/medical/CT_Junior/CT artifact annotation/output/CQ500-CT-351/artifact_mask.nii.gz,144191,30,32,512,512
CQ500-CT-352,/media/qiqi/P7000Z/WorkStation/medical/CT_Junior/CQ500/CQ500CT352 CQ500CT352/Unknown Study/CT Plain,CT Plain,/media/qiqi/P7000Z/WorkStation/medical/CT_Junior/CT artifact annotation/output/CQ500-CT-352/artifact_mask.nii.gz,88192,28,36,512,512
CQ500-CT-353,/media/qiqi/P7000Z/WorkStation/medical/CT_Junior/CQ500/CQ500CT353 CQ500CT353/Unknown Study/CT PRE CONTRAST 5MM STD,CT PRE CONTRAST 5MM STD,/media/qiqi/P7000Z/WorkStation/medical/CT_Junior/CT artifact annotation/output/CQ500-CT-353/artifact_mask.nii.gz,152954,28,29,512,512
CQ500-CT-354,/media/qiqi/P7000Z/WorkStation/medical/CT_Junior/CQ500/CQ500CT354 CQ500CT354/Unknown Study/CT PLAIN THIN,CT PLAIN THIN,/media/qiqi/P7000Z/WorkStation/medical/CT_Junior/CT artifact annotation/output/CQ500-CT-354/artifact_mask.nii.gz,2180114,184,187,512,512
CQ500-CT-355,/media/qiqi/P7000Z/WorkStation/medical/CT_Junior/CQ500/CQ500CT355 CQ500CT355/Unknown Study/CT PRE CONTRAST 5MM STD,CT PRE CONTRAST 5MM STD,/media/qiqi/P7000Z/WorkStation/medical/CT_Junior/CT artifact annotation/output/CQ500-CT-355/artifact_mask.nii.gz,115419,32,38,512,512
CQ500-CT-356,/media/qiqi/P7000Z/WorkStation/medical/CT_Junior/CQ500/CQ500CT356 CQ500CT356/Unknown Study/CT Plain,CT Plain,/media/qiqi/P7000Z/WorkStation/medical/CT_Junior/CT artifact annotation/output/CQ500-CT-356/artifact_mask.nii.gz,139308,33,36,512,512
CQ500-CT-357,/media/qiqi/P7000Z/WorkStation/medical/CT_Junior/CQ500/CQ500CT357 CQ500CT357/Unknown Study/CT 0.625mm,CT 0.625mm,/media/qiqi/P7000Z/WorkStation/medical/CT_Junior/CT artifact annotation/output/CQ500-CT-357/artifact_mask.nii.gz,2852952,239,256,512,512
CQ500-CT-358,/media/qiqi/P7000Z/WorkStation/medical/CT_Junior/CQ500/CQ500CT358 CQ500CT358/Unknown Study/CT Plain 3mm,CT Plain 3mm,/media/qiqi/P7000Z/WorkStation/medical/CT_Junior/CT artifact annotation/output/CQ500-CT-358/artifact_mask.nii.gz,229024,52,52,512,512
CQ500-CT-359,/media/qiqi/P7000Z/WorkStation/medical/CT_Junior/CQ500/CQ500CT359 CQ500CT359/Unknown Study/CT Thin Plain,CT Thin Plain,/media/qiqi/P7000Z/WorkStation/medical/CT_Junior/CT artifact annotation/output/CQ500-CT-359/artifact_mask.nii.gz,2338464,242,256,512,512
CQ500-CT-360,/media/qiqi/P7000Z/WorkStation/medical/CT_Junior/CQ500/CQ500CT360 CQ500CT360/Unknown Study/CT PRE CONTRAST 5MM STD,CT PRE CONTRAST 5MM STD,/media/qiqi/P7000Z/WorkStation/medical/CT_Junior/CT artifact annotation/output/CQ500-CT-360/artifact_mask.nii.gz,48011,23,31,512,512
CQ500-CT-361,/media/qiqi/P7000Z/WorkStation/medical/CT_Junior/CQ500/CQ500CT361 CQ500CT361/Unknown Study/CT 0.625mm,CT 0.625mm,/media/qiqi/P7000Z/WorkStation/medical/CT_Junior/CT artifact annotation/output/CQ500-CT-361/artifact_mask.nii.gz,1793788,235,256,512,512
CQ500-CT-362,/media/qiqi/P7000Z/WorkStation/medical/CT_Junior/CQ500/CQ500CT362 CQ500CT362/Unknown Study/CT Thin Plain,CT Thin Plain,/media/qiqi/P7000Z/WorkStation/medical/CT_Junior/CT artifact annotation/output/CQ500-CT-362/artifact_mask.nii.gz,2029273,244,256,512,512
CQ500-CT-363,/media/qiqi/P7000Z/WorkStation/medical/CT_Junior/CQ500/CQ500CT363 CQ500CT363/Unknown Study/CT Plain,CT Plain,/media/qiqi/P7000Z/WorkStation/medical/CT_Junior/CT artifact annotation/output/CQ500-CT-363/artifact_mask.nii.gz,178563,27,28,512,512
CQ500-CT-364,/media/qiqi/P7000Z/WorkStation/medical/CT_Junior/CQ500/CQ500CT364 CQ500CT364/Unknown Study/CT Plain 3mm,CT Plain 3mm,/media/qiqi/P7000Z/WorkStation/medical/CT_Junior/CT artifact annotation/output/CQ500-CT-364/artifact_mask.nii.gz,329399,49,50,512,512
CQ500-CT-365,/media/qiqi/P7000Z/WorkStation/medical/CT_Junior/CQ500/CQ500CT365 CQ500CT365/Unknown Study/CT Thin Plain,CT Thin Plain,/media/qiqi/P7000Z/WorkStation/medical/CT_Junior/CT artifact annotation/output/CQ500-CT-365/artifact_mask.nii.gz,2841838,250,256,512,512
CQ500-CT-366,/media/qiqi/P7000Z/WorkStation/medical/CT_Junior/CQ500/CQ500CT366 CQ500CT366/Unknown Study/CT Plain THIN,CT Plain THIN,/media/qiqi/P7000Z/WorkStation/medical/CT_Junior/CT artifact annotation/output/CQ500-CT-366/artifact_mask.nii.gz,2755562,308,313,512,512
CQ500-CT-367,/media/qiqi/P7000Z/WorkStation/medical/CT_Junior/CQ500/CQ500CT367 CQ500CT367/Unknown Study/CT Thin Plain,CT Thin Plain,/media/qiqi/P7000Z/WorkStation/medical/CT_Junior/CT artifact annotation/output/CQ500-CT-367/artifact_mask.nii.gz,2297998,248,256,512,512
CQ500-CT-368,/media/qiqi/P7000Z/WorkStation/medical/CT_Junior/CQ500/CQ500CT368 CQ500CT368/Unknown Study/CT Plain,CT Plain,/media/qiqi/P7000Z/WorkStation/medical/CT_Junior/CT artifact annotation/output/CQ500-CT-368/artifact_mask.nii.gz,96681,29,30,512,512
CQ500-CT-369,/media/qiqi/P7000Z/WorkStation/medical/CT_Junior/CQ500/CQ500CT369 CQ500CT369/Unknown Study/CT PLAIN THIN,CT PLAIN THIN,/media/qiqi/P7000Z/WorkStation/medical/CT_Junior/CT artifact annotation/output/CQ500-CT-369/artifact_mask.nii.gz,2324804,239,256,512,512
CQ500-CT-370,/media/qiqi/P7000Z/WorkStation/medical/CT_Junior/CQ500/CQ500CT370 CQ500CT370/Unknown Study/CT Plain,CT Plain,/media/qiqi/P7000Z/WorkStation/medical/CT_Junior/CT artifact annotation/output/CQ500-CT-370/artifact_mask.nii.gz,74267,33,34,512,512
CQ500-CT-371,/media/qiqi/P7000Z/WorkStation/medical/CT_Junior/CQ500/CQ500CT371 CQ500CT371/Unknown Study/CT Plain 3mm,CT Plain 3mm,/media/qiqi/P7000Z/WorkStation/medical/CT_Junior/CT artifact annotation/output/CQ500-CT-371/artifact_mask.nii.gz,81152,52,52,512,512
CQ500-CT-372,/media/qiqi/P7000Z/WorkStation/medical/CT_Junior/CQ500/CQ500CT372 CQ500CT372/Unknown Study/CT Thin Plain,CT Thin Plain,/media/qiqi/P7000Z/WorkStation/medical/CT_Junior/CT artifact annotation/output/CQ500-CT-372/artifact_mask.nii.gz,2444931,248,256,512,512
CQ500-CT-373,/media/qiqi/P7000Z/WorkStation/medical/CT_Junior/CQ500/CQ500CT373 CQ500CT373/Unknown Study/CT Thin Plain,CT Thin Plain,/media/qiqi/P7000Z/WorkStation/medical/CT_Junior/CT artifact annotation/output/CQ500-CT-373/artifact_mask.nii.gz,2471660,232,256,512,512
CQ500-CT-374,/media/qiqi/P7000Z/WorkStation/medical/CT_Junior/CQ500/CQ500CT374 CQ500CT374/Unknown Study/CT Plain THIN,CT Plain THIN,/media/qiqi/P7000Z/WorkStation/medical/CT_Junior/CT artifact annotation/output/CQ500-CT-374/artifact_mask.nii.gz,1171729,313,325,512,512
CQ500-CT-375,/media/qiqi/P7000Z/WorkStation/medical/CT_Junior/CQ500/CQ500CT375 CQ500CT375/Unknown Study/CT Thin Plain,CT Thin Plain,/media/qiqi/P7000Z/WorkStation/medical/CT_Junior/CT artifact annotation/output/CQ500-CT-375/artifact_mask.nii.gz,2296298,304,320,512,512
CQ500-CT-376,/media/qiqi/P7000Z/WorkStation/medical/CT_Junior/CQ500/CQ500CT376 CQ500CT376/Unknown Study/CT 2.55mm,CT 2.55mm,/media/qiqi/P7000Z/WorkStation/medical/CT_Junior/CT artifact annotation/output/CQ500-CT-376/artifact_mask.nii.gz,23313,27,32,512,512
CQ500-CT-377,/media/qiqi/P7000Z/WorkStation/medical/CT_Junior/CQ500/CQ500CT377 CQ500CT377/Unknown Study/CT 2.55mm,CT 2.55mm,/media/qiqi/P7000Z/WorkStation/medical/CT_Junior/CT artifact annotation/output/CQ500-CT-377/artifact_mask.nii.gz,59765,28,32,512,512
CQ500-CT-378,/media/qiqi/P7000Z/WorkStation/medical/CT_Junior/CQ500/CQ500CT378 CQ500CT378/Unknown Study/CT 0.625mm,CT 0.625mm,/media/qiqi/P7000Z/WorkStation/medical/CT_Junior/CT artifact annotation/output/CQ500-CT-378/artifact_mask.nii.gz,2483029,245,256,512,512
CQ500-CT-379,/media/qiqi/P7000Z/WorkStation/medical/CT_Junior/CQ500/CQ500CT379 CQ500CT379/Unknown Study/CT 0.625mm,CT 0.625mm,/media/qiqi/P7000Z/WorkStation/medical/CT_Junior/CT artifact annotation/output/CQ500-CT-379/artifact_mask.nii.gz,146684,25,25,512,512
CQ500-CT-380,/media/qiqi/P7000Z/WorkStation/medical/CT_Junior/CQ500/CQ500CT380 CQ500CT380/Unknown Study/CT Thin Plain,CT Thin Plain,/media/qiqi/P7000Z/WorkStation/medical/CT_Junior/CT artifact annotation/output/CQ500-CT-380/artifact_mask.nii.gz,2311571,272,288,512,512
CQ500-CT-381,/media/qiqi/P7000Z/WorkStation/medical/CT_Junior/CQ500/CQ500CT381 CQ500CT381/Unknown Study/CT Plain,CT Plain,/media/qiqi/P7000Z/WorkStation/medical/CT_Junior/CT artifact annotation/output/CQ500-CT-381/artifact_mask.nii.gz,24869,12,12,512,512
CQ500-CT-382,/media/qiqi/P7000Z/WorkStation/medical/CT_Junior/CQ500/CQ500CT382 CQ500CT382/Unknown Study/CT 2.55mm,CT 2.55mm,/media/qiqi/P7000Z/WorkStation/medical/CT_Junior/CT artifact annotation/output/CQ500-CT-382/artifact_mask.nii.gz,77903,28,32,512,512
CQ500-CT-383,/media/qiqi/P7000Z/WorkStation/medical/CT_Junior/CQ500/CQ500CT383 CQ500CT383/Unknown Study/CT 0.625mm,CT 0.625mm,/media/qiqi/P7000Z/WorkStation/medical/CT_Junior/CT artifact annotation/output/CQ500-CT-383/artifact_mask.nii.gz,2807259,270,288,512,512
CQ500-CT-384,/media/qiqi/P7000Z/WorkStation/medical/CT_Junior/CQ500/CQ500CT384 CQ500CT384/Unknown Study/CT Plain,CT Plain,/media/qiqi/P7000Z/WorkStation/medical/CT_Junior/CT artifact annotation/output/CQ500-CT-384/artifact_mask.nii.gz,66289,30,36,512,512
CQ500-CT-385,/media/qiqi/P7000Z/WorkStation/medical/CT_Junior/CQ500/CQ500CT385 CQ500CT385/Unknown Study/CT Plain,CT Plain,/media/qiqi/P7000Z/WorkStation/medical/CT_Junior/CT artifact annotation/output/CQ500-CT-385/artifact_mask.nii.gz,78238,28,32,512,512
CQ500-CT-386,/media/qiqi/P7000Z/WorkStation/medical/CT_Junior/CQ500/CQ500CT386 CQ500CT386/Unknown Study/CT PRE CONTRAST 5MM STD,CT PRE CONTRAST 5MM STD,/media/qiqi/P7000Z/WorkStation/medical/CT_Junior/CT artifact annotation/output/CQ500-CT-386/artifact_mask.nii.gz,97682,22,30,512,512
CQ500-CT-387,/media/qiqi/P7000Z/WorkStation/medical/CT_Junior/CQ500/CQ500CT387 CQ500CT387/Unknown Study/CT Plain,CT Plain,/media/qiqi/P7000Z/WorkStation/medical/CT_Junior/CT artifact annotation/output/CQ500-CT-387/artifact_mask.nii.gz,149053,30,32,512,512
CQ500-CT-388,/media/qiqi/P7000Z/WorkStation/medical/CT_Junior/CQ500/CQ500CT388 CQ500CT388/Unknown Study/CT PRE CONTRAST 5MM STD,CT PRE CONTRAST 5MM STD,/media/qiqi/P7000Z/WorkStation/medical/CT_Junior/CT artifact annotation/output/CQ500-CT-388/artifact_mask.nii.gz,69960,25,30,512,512
CQ500-CT-389,/media/qiqi/P7000Z/WorkStation/medical/CT_Junior/CQ500/CQ500CT389 CQ500CT389/Unknown Study/CT Plain,CT Plain,/media/qiqi/P7000Z/WorkStation/medical/CT_Junior/CT artifact annotation/output/CQ500-CT-389/artifact_mask.nii.gz,138184,27,30,512,512
CQ500-CT-390,/media/qiqi/P7000Z/WorkStation/medical/CT_Junior/CQ500/CQ500CT390 CQ500CT390/Unknown Study/CT 5mm POST CONTRAST,CT 5mm POST CONTRAST,/media/qiqi/P7000Z/WorkStation/medical/CT_Junior/CT artifact annotation/output/CQ500-CT-390/artifact_mask.nii.gz,4242318,209,222,512,512
CQ500-CT-391,/media/qiqi/P7000Z/WorkStation/medical/CT_Junior/CQ500/CQ500CT391 CQ500CT391/Unknown Study/CT Plain THIN,CT Plain THIN,/media/qiqi/P7000Z/WorkStation/medical/CT_Junior/CT artifact annotation/output/CQ500-CT-391/artifact_mask.nii.gz,1886100,310,319,512,512
CQ500-CT-392,/media/qiqi/P7000Z/WorkStation/medical/CT_Junior/CQ500/CQ500CT392 CQ500CT392/Unknown Study/CT Plain,CT Plain,/media/qiqi/P7000Z/WorkStation/medical/CT_Junior/CT artifact annotation/output/CQ500-CT-392/artifact_mask.nii.gz,109292,28,32,512,512
CQ500-CT-393,/media/qiqi/P7000Z/WorkStation/medical/CT_Junior/CQ500/CQ500CT393 CQ500CT393/Unknown Study/CT Thin Plain,CT Thin Plain,/media/qiqi/P7000Z/WorkStation/medical/CT_Junior/CT artifact annotation/output/CQ500-CT-393/artifact_mask.nii.gz,2813500,258,273,512,512
CQ500-CT-394,/media/qiqi/P7000Z/WorkStation/medical/CT_Junior/CQ500/CQ500CT394 CQ500CT394/Unknown Study/CT Thin Plain,CT Thin Plain,/media/qiqi/P7000Z/WorkStation/medical/CT_Junior/CT artifact annotation/output/CQ500-CT-394/artifact_mask.nii.gz,2441597,233,256,512,512
CQ500-CT-395,/media/qiqi/P7000Z/WorkStation/medical/CT_Junior/CQ500/CQ500CT395 CQ500CT395/Unknown Study/CT Thin Plain,CT Thin Plain,/media/qiqi/P7000Z/WorkStation/medical/CT_Junior/CT artifact annotation/output/CQ500-CT-395/artifact_mask.nii.gz,2906196,240,256,512,512
CQ500-CT-396,/media/qiqi/P7000Z/WorkStation/medical/CT_Junior/CQ500/CQ500CT396 CQ500CT396/Unknown Study/CT 0.625mm,CT 0.625mm,/media/qiqi/P7000Z/WorkStation/medical/CT_Junior/CT artifact annotation/output/CQ500-CT-396/artifact_mask.nii.gz,2584783,270,288,512,512
CQ500-CT-397,/media/qiqi/P7000Z/WorkStation/medical/CT_Junior/CQ500/CQ500CT397 CQ500CT397/Unknown Study/CT Plain,CT Plain,/media/qiqi/P7000Z/WorkStation/medical/CT_Junior/CT artifact annotation/output/CQ500-CT-397/artifact_mask.nii.gz,83574,34,34,512,512
CQ500-CT-398,/media/qiqi/P7000Z/WorkStation/medical/CT_Junior/CQ500/CQ500CT398 CQ500CT398/Unknown Study/CT Plain 3mm,CT Plain 3mm,/media/qiqi/P7000Z/WorkStation/medical/CT_Junior/CT artifact annotation/output/CQ500-CT-398/artifact_mask.nii.gz,227342,53,54,512,512
CQ500-CT-399,/media/qiqi/P7000Z/WorkStation/medical/CT_Junior/CQ500/CQ500CT399 CQ500CT399/Unknown Study/CT Plain 3mm,CT Plain 3mm,/media/qiqi/P7000Z/WorkStation/medical/CT_Junior/CT artifact annotation/output/CQ500-CT-399/artifact_mask.nii.gz,191661,48,49,512,512
CQ500-CT-400,/media/qiqi/P7000Z/WorkStation/medical/CT_Junior/CQ500/CQ500CT400 CQ500CT400/Unknown Study/CT 2.55mm,CT 2.55mm,/media/qiqi/P7000Z/WorkStation/medical/CT_Junior/CT artifact annotation/output/CQ500-CT-400/artifact_mask.nii.gz,35055,29,32,512,512
CQ500-CT-401,/media/qiqi/P7000Z/WorkStation/medical/CT_Junior/CQ500/CQ500CT401 CQ500CT401/Unknown Study/CT 0.625mm,CT 0.625mm,/media/qiqi/P7000Z/WorkStation/medical/CT_Junior/CT artifact annotation/output/CQ500-CT-401/artifact_mask.nii.gz,1955459,251,256,512,512
CQ500-CT-402,/media/qiqi/P7000Z/WorkStation/medical/CT_Junior/CQ500/CQ500CT402 CQ500CT402/Unknown Study/CT 0.625mm,CT 0.625mm,/media/qiqi/P7000Z/WorkStation/medical/CT_Junior/CT artifact annotation/output/CQ500-CT-402/artifact_mask.nii.gz,1766471,247,256,512,512
CQ500-CT-403,/media/qiqi/P7000Z/WorkStation/medical/CT_Junior/CQ500/CQ500CT403 CQ500CT403/Unknown Study/CT PRE CONTRAST 5MM STD,CT PRE CONTRAST 5MM STD,/media/qiqi/P7000Z/WorkStation/medical/CT_Junior/CT artifact annotation/output/CQ500-CT-403/artifact_mask.nii.gz,99078,29,29,512,512
CQ500-CT-404,/media/qiqi/P7000Z/WorkStation/medical/CT_Junior/CQ500/CQ500CT404 CQ500CT404/Unknown Study/CT Thin Plain,CT Thin Plain,/media/qiqi/P7000Z/WorkStation/medical/CT_Junior/CT artifact annotation/output/CQ500-CT-404/artifact_mask.nii.gz,3584413,240,256,512,512
CQ500-CT-405,/media/qiqi/P7000Z/WorkStation/medical/CT_Junior/CQ500/CQ500CT405 CQ500CT405/Unknown Study/CT Thin Plain,CT Thin Plain,/media/qiqi/P7000Z/WorkStation/medical/CT_Junior/CT artifact annotation/output/CQ500-CT-405/artifact_mask.nii.gz,2735377,245,255,512,512
CQ500-CT-406,/media/qiqi/P7000Z/WorkStation/medical/CT_Junior/CQ500/CQ500CT406 CQ500CT406/Unknown Study/CT Plain,CT Plain,/media/qiqi/P7000Z/WorkStation/medical/CT_Junior/CT artifact annotation/output/CQ500-CT-406/artifact_mask.nii.gz,95006,31,32,512,512
CQ500-CT-407,/media/qiqi/P7000Z/WorkStation/medical/CT_Junior/CQ500/CQ500CT407 CQ500CT407/Unknown Study/CT Plain,CT Plain,/media/qiqi/P7000Z/WorkStation/medical/CT_Junior/CT artifact annotation/output/CQ500-CT-407/artifact_mask.nii.gz,86068,32,34,512,512
CQ500-CT-408,/media/qiqi/P7000Z/WorkStation/medical/CT_Junior/CQ500/CQ500CT408 CQ500CT408/Unknown Study/CT PLAIN THIN,CT PLAIN THIN,/media/qiqi/P7000Z/WorkStation/medical/CT_Junior/CT artifact annotation/output/CQ500-CT-408/artifact_mask.nii.gz,4075606,299,301,512,512
CQ500-CT-409,/media/qiqi/P7000Z/WorkStation/medical/CT_Junior/CQ500/CQ500CT409 CQ500CT409/Unknown Study/CT Plain 3mm,CT Plain 3mm,/media/qiqi/P7000Z/WorkStation/medical/CT_Junior/CT artifact annotation/output/CQ500-CT-409/artifact_mask.nii.gz,412744,56,57,512,512
CQ500-CT-410,/media/qiqi/P7000Z/WorkStation/medical/CT_Junior/CQ500/CQ500CT410 CQ500CT410/Unknown Study/CT Thin Plain,CT Thin Plain,/media/qiqi/P7000Z/WorkStation/medical/CT_Junior/CT artifact annotation/output/CQ500-CT-410/artifact_mask.nii.gz,1827661,246,256,512,512
CQ500-CT-411,/media/qiqi/P7000Z/WorkStation/medical/CT_Junior/CQ500/CQ500CT411 CQ500CT411/Unknown Study/CT 0.625mm,CT 0.625mm,/media/qiqi/P7000Z/WorkStation/medical/CT_Junior/CT artifact annotation/output/CQ500-CT-411/artifact_mask.nii.gz,1797003,282,288,512,512
CQ500-CT-412,/media/qiqi/P7000Z/WorkStation/medical/CT_Junior/CQ500/CQ500CT412 CQ500CT412/Unknown Study/CT 0.625mm,CT 0.625mm,/media/qiqi/P7000Z/WorkStation/medical/CT_Junior/CT artifact annotation/output/CQ500-CT-412/artifact_mask.nii.gz,2500214,248,256,512,512
CQ500-CT-413,/media/qiqi/P7000Z/WorkStation/medical/CT_Junior/CQ500/CQ500CT413 CQ500CT413/Unknown Study/CT Plain 3mm,CT Plain 3mm,/media/qiqi/P7000Z/WorkStation/medical/CT_Junior/CT artifact annotation/output/CQ500-CT-413/artifact_mask.nii.gz,316254,49,51,512,512
CQ500-CT-414,/media/qiqi/P7000Z/WorkStation/medical/CT_Junior/CQ500/CQ500CT414 CQ500CT414/Unknown Study/CT PRE CONTRAST 5MM STD,CT PRE CONTRAST 5MM STD,/media/qiqi/P7000Z/WorkStation/medical/CT_Junior/CT artifact annotation/output/CQ500-CT-414/artifact_mask.nii.gz,83759,27,30,512,512
CQ500-CT-415,/media/qiqi/P7000Z/WorkStation/medical/CT_Junior/CQ500/CQ500CT415 CQ500CT415/Unknown Study/CT 2.55mm,CT 2.55mm,/media/qiqi/P7000Z/WorkStation/medical/CT_Junior/CT artifact annotation/output/CQ500-CT-415/artifact_mask.nii.gz,20862,25,32,512,512
CQ500-CT-416,/media/qiqi/P7000Z/WorkStation/medical/CT_Junior/CQ500/CQ500CT416 CQ500CT416/Unknown Study/CT Plain,CT Plain,/media/qiqi/P7000Z/WorkStation/medical/CT_Junior/CT artifact annotation/output/CQ500-CT-416/artifact_mask.nii.gz,74324,27,28,512,512
CQ500-CT-417,/media/qiqi/P7000Z/WorkStation/medical/CT_Junior/CQ500/CQ500CT417 CQ500CT417/Unknown Study/CT Plain,CT Plain,/media/qiqi/P7000Z/WorkStation/medical/CT_Junior/CT artifact annotation/output/CQ500-CT-417/artifact_mask.nii.gz,60858,23,30,512,512
CQ500-CT-418,/media/qiqi/P7000Z/WorkStation/medical/CT_Junior/CQ500/CQ500CT418 CQ500CT418/Unknown Study/CT Thin Plain,CT Thin Plain,/media/qiqi/P7000Z/WorkStation/medical/CT_Junior/CT artifact annotation/output/CQ500-CT-418/artifact_mask.nii.gz,1994847,242,256,512,512
CQ500-CT-419,/media/qiqi/P7000Z/WorkStation/medical/CT_Junior/CQ500/CQ500CT419 CQ500CT419/Unknown Study/CT 5mm,CT 5mm,/media/qiqi/P7000Z/WorkStation/medical/CT_Junior/CT artifact annotation/output/CQ500-CT-419/artifact_mask.nii.gz,146728,33,36,512,512
CQ500-CT-420,/media/qiqi/P7000Z/WorkStation/medical/CT_Junior/CQ500/CQ500CT420 CQ500CT420/Unknown Study/CT 0.625mm,CT 0.625mm,/media/qiqi/P7000Z/WorkStation/medical/CT_Junior/CT artifact annotation/output/CQ500-CT-420/artifact_mask.nii.gz,2321322,245,256,512,512
CQ500-CT-421,/media/qiqi/P7000Z/WorkStation/medical/CT_Junior/CQ500/CQ500CT421 CQ500CT421/Unknown Study/CT Thin Plain,CT Thin Plain,/media/qiqi/P7000Z/WorkStation/medical/CT_Junior/CT artifact annotation/output/CQ500-CT-421/artifact_mask.nii.gz,2345523,268,288,512,512
CQ500-CT-422,/media/qiqi/P7000Z/WorkStation/medical/CT_Junior/CQ500/CQ500CT422 CQ500CT422/Unknown Study/CT Plain,CT Plain,/media/qiqi/P7000Z/WorkStation/medical/CT_Junior/CT artifact annotation/output/CQ500-CT-422/artifact_mask.nii.gz,139869,31,32,512,512
CQ500-CT-423,/media/qiqi/P7000Z/WorkStation/medical/CT_Junior/CQ500/CQ500CT423 CQ500CT423/Unknown Study/CT 0.625mm,CT 0.625mm,/media/qiqi/P7000Z/WorkStation/medical/CT_Junior/CT artifact annotation/output/CQ500-CT-423/artifact_mask.nii.gz,2156678,242,256,512,512
CQ500-CT-424,/media/qiqi/P7000Z/WorkStation/medical/CT_Junior/CQ500/CQ500CT424 CQ500CT424/Unknown Study/CT PLAIN THIN,CT PLAIN THIN,/media/qiqi/P7000Z/WorkStation/medical/CT_Junior/CT artifact annotation/output/CQ500-CT-424/artifact_mask.nii.gz,1508374,216,225,512,512
CQ500-CT-425,/media/qiqi/P7000Z/WorkStation/medical/CT_Junior/CQ500/CQ500CT425 CQ500CT425/Unknown Study/CT 0.625mm,CT 0.625mm,/media/qiqi/P7000Z/WorkStation/medical/CT_Junior/CT artifact annotation/output/CQ500-CT-425/artifact_mask.nii.gz,2485278,262,288,512,512
CQ500-CT-426,/media/qiqi/P7000Z/WorkStation/medical/CT_Junior/CQ500/CQ500CT426 CQ500CT426/Unknown Study/CT Plain 3mm,CT Plain 3mm,/media/qiqi/P7000Z/WorkStation/medical/CT_Junior/CT artifact annotation/output/CQ500-CT-426/artifact_mask.nii.gz,94079,53,58,512,512
CQ500-CT-427,/media/qiqi/P7000Z/WorkStation/medical/CT_Junior/CQ500/CQ500CT427 CQ500CT427/Unknown Study/CT 2.55mm,CT 2.55mm,/media/qiqi/P7000Z/WorkStation/medical/CT_Junior/CT artifact annotation/output/CQ500-CT-427/artifact_mask.nii.gz,64723,28,32,512,512
CQ500-CT-428,/media/qiqi/P7000Z/WorkStation/medical/CT_Junior/CQ500/CQ500CT428 CQ500CT428/Unknown Study/CT Thin Plain,CT Thin Plain,/media/qiqi/P7000Z/WorkStation/medical/CT_Junior/CT artifact annotation/output/CQ500-CT-428/artifact_mask.nii.gz,2592356,248,252,512,512
CQ500-CT-429,/media/qiqi/P7000Z/WorkStation/medical/CT_Junior/CQ500/CQ500CT429 CQ500CT429/Unknown Study/CT Plain,CT Plain,/media/qiqi/P7000Z/WorkStation/medical/CT_Junior/CT artifact annotation/output/CQ500-CT-429/artifact_mask.nii.gz,102735,29,30,512,512
CQ500-CT-430,/media/qiqi/P7000Z/WorkStation/medical/CT_Junior/CQ500/CQ500CT430 CQ500CT430/Unknown Study/CT Thin Plain,CT Thin Plain,/media/qiqi/P7000Z/WorkStation/medical/CT_Junior/CT artifact annotation/output/CQ500-CT-430/artifact_mask.nii.gz,2768441,242,256,512,512
CQ500-CT-431,/media/qiqi/P7000Z/WorkStation/medical/CT_Junior/CQ500/CQ500CT431 CQ500CT431/Unknown Study/CT Plain,CT Plain,/media/qiqi/P7000Z/WorkStation/medical/CT_Junior/CT artifact annotation/output/CQ500-CT-431/artifact_mask.nii.gz,180774,31,32,512,512
CQ500-CT-432,/media/qiqi/P7000Z/WorkStation/medical/CT_Junior/CQ500/CQ500CT432 CQ500CT432/Unknown Study/CT Plain 3mm,CT Plain 3mm,/media/qiqi/P7000Z/WorkStation/medical/CT_Junior/CT artifact annotation/output/CQ500-CT-432/artifact_mask.nii.gz,422416,51,52,512,512
CQ500-CT-433,/media/qiqi/P7000Z/WorkStation/medical/CT_Junior/CQ500/CQ500CT433 CQ500CT433/Unknown Study/CT Plain,CT Plain,/media/qiqi/P7000Z/WorkStation/medical/CT_Junior/CT artifact annotation/output/CQ500-CT-433/artifact_mask.nii.gz,114215,26,30,512,512
CQ500-CT-434,/media/qiqi/P7000Z/WorkStation/medical/CT_Junior/CQ500/CQ500CT434 CQ500CT434/Unknown Study/CT PRE CONTRAST 5MM STD,CT PRE CONTRAST 5MM STD,/media/qiqi/P7000Z/WorkStation/medical/CT_Junior/CT artifact annotation/output/CQ500-CT-434/artifact_mask.nii.gz,159134,32,33,512,512
CQ500-CT-435,/media/qiqi/P7000Z/WorkStation/medical/CT_Junior/CQ500/CQ500CT435 CQ500CT435/Unknown Study/CT Plain,CT Plain,/media/qiqi/P7000Z/WorkStation/medical/CT_Junior/CT artifact annotation/output/CQ500-CT-435/artifact_mask.nii.gz,78781,30,32,512,512
CQ500-CT-436,/media/qiqi/P7000Z/WorkStation/medical/CT_Junior/CQ500/CQ500CT436 CQ500CT436/Unknown Study/CT Plain,CT Plain,/media/qiqi/P7000Z/WorkStation/medical/CT_Junior/CT artifact annotation/output/CQ500-CT-436/artifact_mask.nii.gz,95023,27,32,512,512
CQ500-CT-437,/media/qiqi/P7000Z/WorkStation/medical/CT_Junior/CQ500/CQ500CT437 CQ500CT437/Unknown Study/CT Plain,CT Plain,/media/qiqi/P7000Z/WorkStation/medical/CT_Junior/CT artifact annotation/output/CQ500-CT-437/artifact_mask.nii.gz,164687,28,30,512,512
CQ500-CT-438,/media/qiqi/P7000Z/WorkStation/medical/CT_Junior/CQ500/CQ500CT438 CQ500CT438/Unknown Study/CT 2.55mm,CT 2.55mm,/media/qiqi/P7000Z/WorkStation/medical/CT_Junior/CT artifact annotation/output/CQ500-CT-438/artifact_mask.nii.gz,40777,27,32,512,512
CQ500-CT-439,/media/qiqi/P7000Z/WorkStation/medical/CT_Junior/CQ500/CQ500CT439 CQ500CT439/Unknown Study/CT PRE CONTRAST 5MM STD,CT PRE CONTRAST 5MM STD,/media/qiqi/P7000Z/WorkStation/medical/CT_Junior/CT artifact annotation/output/CQ500-CT-439/artifact_mask.nii.gz,168914,26,29,512,512
CQ500-CT-440,/media/qiqi/P7000Z/WorkStation/medical/CT_Junior/CQ500/CQ500CT440 CQ500CT440/Unknown Study/CT Thin Plain,CT Thin Plain,/media/qiqi/P7000Z/WorkStation/medical/CT_Junior/CT artifact annotation/output/CQ500-CT-440/artifact_mask.nii.gz,2229048,244,256,512,512
CQ500-CT-441,/media/qiqi/P7000Z/WorkStation/medical/CT_Junior/CQ500/CQ500CT441 CQ500CT441/Unknown Study/CT PRE CONTRAST 5MM STD,CT PRE CONTRAST 5MM STD,/media/qiqi/P7000Z/WorkStation/medical/CT_Junior/CT artifact annotation/output/CQ500-CT-441/artifact_mask.nii.gz,106662,25,29,512,512
CQ500-CT-442,/media/qiqi/P7000Z/WorkStation/medical/CT_Junior/CQ500/CQ500CT442 CQ500CT442/Unknown Study/CT Thin Plain,CT Thin Plain,/media/qiqi/P7000Z/WorkStation/medical/CT_Junior/CT artifact annotation/output/CQ500-CT-442/artifact_mask.nii.gz,3100056,248,256,512,512
CQ500-CT-443,/media/qiqi/P7000Z/WorkStation/medical/CT_Junior/CQ500/CQ500CT443 CQ500CT443/Unknown Study/CT PRE CONTRAST 5MM STD,CT PRE CONTRAST 5MM STD,/media/qiqi/P7000Z/WorkStation/medical/CT_Junior/CT artifact annotation/output/CQ500-CT-443/artifact_mask.nii.gz,144145,26,29,512,512
CQ500-CT-444,/media/qiqi/P7000Z/WorkStation/medical/CT_Junior/CQ500/CQ500CT444 CQ500CT444/Unknown Study/CT Thin Plain,CT Thin Plain,/media/qiqi/P7000Z/WorkStation/medical/CT_Junior/CT artifact annotation/output/CQ500-CT-444/artifact_mask.nii.gz,2705199,266,288,512,512
CQ500-CT-445,/media/qiqi/P7000Z/WorkStation/medical/CT_Junior/CQ500/CQ500CT445 CQ500CT445/Unknown Study/CT Plain THIN,CT Plain THIN,/media/qiqi/P7000Z/WorkStation/medical/CT_Junior/CT artifact annotation/output/CQ500-CT-445/artifact_mask.nii.gz,1156919,303,307,512,512
CQ500-CT-446,/media/qiqi/P7000Z/WorkStation/medical/CT_Junior/CQ500/CQ500CT446 CQ500CT446/Unknown Study/CT Plain,CT Plain,/media/qiqi/P7000Z/WorkStation/medical/CT_Junior/CT artifact annotation/output/CQ500-CT-446/artifact_mask.nii.gz,89356,28,32,512,512
CQ500-CT-447,/media/qiqi/P7000Z/WorkStation/medical/CT_Junior/CQ500/CQ500CT447 CQ500CT447/Unknown Study/CT PLAIN THIN,CT PLAIN THIN,/media/qiqi/P7000Z/WorkStation/medical/CT_Junior/CT artifact annotation/output/CQ500-CT-447/artifact_mask.nii.gz,1442575,152,156,512,512
CQ500-CT-448,/media/qiqi/P7000Z/WorkStation/medical/CT_Junior/CQ500/CQ500CT448 CQ500CT448/Unknown Study/CT PLAIN THIN,CT PLAIN THIN,/media/qiqi/P7000Z/WorkStation/medical/CT_Junior/CT artifact annotation/output/CQ500-CT-448/artifact_mask.nii.gz,2706560,200,214,512,512
CQ500-CT-449,/media/qiqi/P7000Z/WorkStation/medical/CT_Junior/CQ500/CQ500CT449 CQ500CT449/Unknown Study/CT 0.625mm,CT 0.625mm,/media/qiqi/P7000Z/WorkStation/medical/CT_Junior/CT artifact annotation/output/CQ500-CT-449/artifact_mask.nii.gz,2508816,253,256,512,512
CQ500-CT-450,/media/qiqi/P7000Z/WorkStation/medical/CT_Junior/CQ500/CQ500CT450 CQ500CT450/Unknown Study/CT Plain,CT Plain,/media/qiqi/P7000Z/WorkStation/medical/CT_Junior/CT artifact annotation/output/CQ500-CT-450/artifact_mask.nii.gz,98709,25,28,512,512
CQ500-CT-451,/media/qiqi/P7000Z/WorkStation/medical/CT_Junior/CQ500/CQ500CT451 CQ500CT451/Unknown Study/CT Thin Plain,CT Thin Plain,/media/qiqi/P7000Z/WorkStation/medical/CT_Junior/CT artifact annotation/output/CQ500-CT-451/artifact_mask.nii.gz,2231769,251,256,512,512
CQ500-CT-452,/media/qiqi/P7000Z/WorkStation/medical/CT_Junior/CQ500/CQ500CT452 CQ500CT452/Unknown Study/CT Plain,CT Plain,/media/qiqi/P7000Z/WorkStation/medical/CT_Junior/CT artifact annotation/output/CQ500-CT-452/artifact_mask.nii.gz,55224,22,28,512,512
CQ500-CT-453,/media/qiqi/P7000Z/WorkStation/medical/CT_Junior/CQ500/CQ500CT453 CQ500CT453/Unknown Study/CT Plain,CT Plain,/media/qiqi/P7000Z/WorkStation/medical/CT_Junior/CT artifact annotation/output/CQ500-CT-453/artifact_mask.nii.gz,84864,27,30,512,512
CQ500-CT-454,/media/qiqi/P7000Z/WorkStation/medical/CT_Junior/CQ500/CQ500CT454 CQ500CT454/Unknown Study/CT 0.625mm,CT 0.625mm,/media/qiqi/P7000Z/WorkStation/medical/CT_Junior/CT artifact annotation/output/CQ500-CT-454/artifact_mask.nii.gz,2127422,247,256,512,512
CQ500-CT-455,/media/qiqi/P7000Z/WorkStation/medical/CT_Junior/CQ500/CQ500CT455 CQ500CT455/Unknown Study/CT PLAIN THIN,CT PLAIN THIN,/media/qiqi/P7000Z/WorkStation/medical/CT_Junior/CT artifact annotation/output/CQ500-CT-455/artifact_mask.nii.gz,2037710,219,240,512,512
CQ500-CT-456,/media/qiqi/P7000Z/WorkStation/medical/CT_Junior/CQ500/CQ500CT456 CQ500CT456/Unknown Study/CT 0.625mm,CT 0.625mm,/media/qiqi/P7000Z/WorkStation/medical/CT_Junior/CT artifact annotation/output/CQ500-CT-456/artifact_mask.nii.gz,2479124,237,256,512,512
CQ500-CT-457,/media/qiqi/P7000Z/WorkStation/medical/CT_Junior/CQ500/CQ500CT457 CQ500CT457/Unknown Study/CT 2.55mm,CT 2.55mm,/media/qiqi/P7000Z/WorkStation/medical/CT_Junior/CT artifact annotation/output/CQ500-CT-457/artifact_mask.nii.gz,41738,21,28,512,512
CQ500-CT-458,/media/qiqi/P7000Z/WorkStation/medical/CT_Junior/CQ500/CQ500CT458 CQ500CT458/Unknown Study/CT Thin Plain,CT Thin Plain,/media/qiqi/P7000Z/WorkStation/medical/CT_Junior/CT artifact annotation/output/CQ500-CT-458/artifact_mask.nii.gz,1641660,240,256,512,512
CQ500-CT-459,/media/qiqi/P7000Z/WorkStation/medical/CT_Junior/CQ500/CQ500CT459 CQ500CT459/Unknown Study/CT Plain,CT Plain,/media/qiqi/P7000Z/WorkStation/medical/CT_Junior/CT artifact annotation/output/CQ500-CT-459/artifact_mask.nii.gz,46845,32,32,512,512
CQ500-CT-460,/media/qiqi/P7000Z/WorkStation/medical/CT_Junior/CQ500/CQ500CT460 CQ500CT460/Unknown Study/CT Plain,CT Plain,/media/qiqi/P7000Z/WorkStation/medical/CT_Junior/CT artifact annotation/output/CQ500-CT-460/artifact_mask.nii.gz,118000,31,32,512,512
CQ500-CT-461,/media/qiqi/P7000Z/WorkStation/medical/CT_Junior/CQ500/CQ500CT461 CQ500CT461/Unknown Study/CT Thin Plain,CT Thin Plain,/media/qiqi/P7000Z/WorkStation/medical/CT_Junior/CT artifact annotation/output/CQ500-CT-461/artifact_mask.nii.gz,2841709,243,256,512,512
CQ500-CT-462,/media/qiqi/P7000Z/WorkStation/medical/CT_Junior/CQ500/CQ500CT462 CQ500CT462/Unknown Study/CT Thin Plain,CT Thin Plain,/media/qiqi/P7000Z/WorkStation/medical/CT_Junior/CT artifact annotation/output/CQ500-CT-462/artifact_mask.nii.gz,2088632,238,256,512,512
CQ500-CT-463,/media/qiqi/P7000Z/WorkStation/medical/CT_Junior/CQ500/CQ500CT463 CQ500CT463/Unknown Study/CT Thin Plain,CT Thin Plain,/media/qiqi/P7000Z/WorkStation/medical/CT_Junior/CT artifact annotation/output/CQ500-CT-463/artifact_mask.nii.gz,2426587,276,288,512,512
CQ500-CT-464,/media/qiqi/P7000Z/WorkStation/medical/CT_Junior/CQ500/CQ500CT464 CQ500CT464/Unknown Study/CT Plain,CT Plain,/media/qiqi/P7000Z/WorkStation/medical/CT_Junior/CT artifact annotation/output/CQ500-CT-464/artifact_mask.nii.gz,194007,30,32,512,512
CQ500-CT-465,/media/qiqi/P7000Z/WorkStation/medical/CT_Junior/CQ500/CQ500CT465 CQ500CT465/Unknown Study/CT Thin Plain,CT Thin Plain,/media/qiqi/P7000Z/WorkStation/medical/CT_Junior/CT artifact annotation/output/CQ500-CT-465/artifact_mask.nii.gz,3035970,243,256,512,512
CQ500-CT-466,/media/qiqi/P7000Z/WorkStation/medical/CT_Junior/CQ500/CQ500CT466 CQ500CT466/Unknown Study/CT Thin Plain,CT Thin Plain,/media/qiqi/P7000Z/WorkStation/medical/CT_Junior/CT artifact annotation/output/CQ500-CT-466/artifact_mask.nii.gz,2227984,267,288,512,512
CQ500-CT-467,/media/qiqi/P7000Z/WorkStation/medical/CT_Junior/CQ500/CQ500CT467 CQ500CT467/Unknown Study/CT PRE CONTRAST 5MM STD,CT PRE CONTRAST 5MM STD,/media/qiqi/P7000Z/WorkStation/medical/CT_Junior/CT artifact annotation/output/CQ500-CT-467/artifact_mask.nii.gz,164503,28,31,512,512
CQ500-CT-468,/media/qiqi/P7000Z/WorkStation/medical/CT_Junior/CQ500/CQ500CT468 CQ500CT468/Unknown Study/CT Plain,CT Plain,/media/qiqi/P7000Z/WorkStation/medical/CT_Junior/CT artifact annotation/output/CQ500-CT-468/artifact_mask.nii.gz,77109,30,32,512,512
CQ500-CT-469,/media/qiqi/P7000Z/WorkStation/medical/CT_Junior/CQ500/CQ500CT469 CQ500CT469/Unknown Study/CT 0.625mm,CT 0.625mm,/media/qiqi/P7000Z/WorkStation/medical/CT_Junior/CT artifact annotation/output/CQ500-CT-469/artifact_mask.nii.gz,1885804,244,256,512,512
CQ500-CT-470,/media/qiqi/P7000Z/WorkStation/medical/CT_Junior/CQ500/CQ500CT470 CQ500CT470/Unknown Study/CT 5mm POST CONTRAST,CT 5mm POST CONTRAST,/media/qiqi/P7000Z/WorkStation/medical/CT_Junior/CT artifact annotation/output/CQ500-CT-470/artifact_mask.nii.gz,2917619,247,247,512,512
CQ500-CT-471,/media/qiqi/P7000Z/WorkStation/medical/CT_Junior/CQ500/CQ500CT471 CQ500CT471/Unknown Study/CT PRE CONTRAST 5MM STD,CT PRE CONTRAST 5MM STD,/media/qiqi/P7000Z/WorkStation/medical/CT_Junior/CT artifact annotation/output/CQ500-CT-471/artifact_mask.nii.gz,145661,31,31,512,512
CQ500-CT-472,/media/qiqi/P7000Z/WorkStation/medical/CT_Junior/CQ500/CQ500CT472 CQ500CT472/Unknown Study/CT PRE CONTRAST 5MM STD,CT PRE CONTRAST 5MM STD,/media/qiqi/P7000Z/WorkStation/medical/CT_Junior/CT artifact annotation/output/CQ500-CT-472/artifact_mask.nii.gz,80135,25,30,512,512
CQ500-CT-473,/media/qiqi/P7000Z/WorkStation/medical/CT_Junior/CQ500/CQ500CT473 CQ500CT473/Unknown Study/CT Plain 3mm,CT Plain 3mm,/media/qiqi/P7000Z/WorkStation/medical/CT_Junior/CT artifact annotation/output/CQ500-CT-473/artifact_mask.nii.gz,146833,53,55,512,512
CQ500-CT-474,/media/qiqi/P7000Z/WorkStation/medical/CT_Junior/CQ500/CQ500CT474 CQ500CT474/Unknown Study/CT Plain,CT Plain,/media/qiqi/P7000Z/WorkStation/medical/CT_Junior/CT artifact annotation/output/CQ500-CT-474/artifact_mask.nii.gz,127517,34,38,512,512
CQ500-CT-475,/media/qiqi/P7000Z/WorkStation/medical/CT_Junior/CQ500/CQ500CT475 CQ500CT475/Unknown Study/CT PLAIN THIN,CT PLAIN THIN,/media/qiqi/P7000Z/WorkStation/medical/CT_Junior/CT artifact annotation/output/CQ500-CT-475/artifact_mask.nii.gz,2454801,250,256,512,512
CQ500-CT-476,/media/qiqi/P7000Z/WorkStation/medical/CT_Junior/CQ500/CQ500CT476 CQ500CT476/Unknown Study/CT PLAIN THIN,CT PLAIN THIN,/media/qiqi/P7000Z/WorkStation/medical/CT_Junior/CT artifact annotation/output/CQ500-CT-476/artifact_mask.nii.gz,1197051,229,241,512,512
CQ500-CT-477,/media/qiqi/P7000Z/WorkStation/medical/CT_Junior/CQ500/CQ500CT477 CQ500CT477/Unknown Study/CT 0.625mm DMPR on HiRes VS40,CT 0.625mm DMPR on HiRes VS40,/media/qiqi/P7000Z/WorkStation/medical/CT_Junior/CT artifact annotation/output/CQ500-CT-477/artifact_mask.nii.gz,180341,418,418,512,512
CQ500-CT-478,/media/qiqi/P7000Z/WorkStation/medical/CT_Junior/CQ500/CQ500CT478 CQ500CT478/Unknown Study/CT PRE CONTRAST 5MM STD,CT PRE CONTRAST 5MM STD,/media/qiqi/P7000Z/WorkStation/medical/CT_Junior/CT artifact annotation/output/CQ500-CT-478/artifact_mask.nii.gz,178672,30,30,512,512
CQ500-CT-479,/media/qiqi/P7000Z/WorkStation/medical/CT_Junior/CQ500/CQ500CT479 CQ500CT479/Unknown Study/CT PRE CONTRAST 5MM STD,CT PRE CONTRAST 5MM STD,/media/qiqi/P7000Z/WorkStation/medical/CT_Junior/CT artifact annotation/output/CQ500-CT-479/artifact_mask.nii.gz,108969,26,33,512,512
CQ500-CT-480,/media/qiqi/P7000Z/WorkStation/medical/CT_Junior/CQ500/CQ500CT480 CQ500CT480/Unknown Study/CT PRE CONTRAST 5MM STD,CT PRE CONTRAST 5MM STD,/media/qiqi/P7000Z/WorkStation/medical/CT_Junior/CT artifact annotation/output/CQ500-CT-480/artifact_mask.nii.gz,110850,28,30,512,512
CQ500-CT-481,/media/qiqi/P7000Z/WorkStation/medical/CT_Junior/CQ500/CQ500CT481 CQ500CT481/Unknown Study/CT Plain,CT Plain,/media/qiqi/P7000Z/WorkStation/medical/CT_Junior/CT artifact annotation/output/CQ500-CT-481/artifact_mask.nii.gz,74824,28,30,512,512
CQ500-CT-482,/media/qiqi/P7000Z/WorkStation/medical/CT_Junior/CQ500/CQ500CT482 CQ500CT482/Unknown Study/CT PRE CONTRAST 5MM STD,CT PRE CONTRAST 5MM STD,/media/qiqi/P7000Z/WorkStation/medical/CT_Junior/CT artifact annotation/output/CQ500-CT-482/artifact_mask.nii.gz,110719,30,32,512,512
CQ500-CT-483,/media/qiqi/P7000Z/WorkStation/medical/CT_Junior/CQ500/CQ500CT483 CQ500CT483/Unknown Study/CT Thin Plain,CT Thin Plain,/media/qiqi/P7000Z/WorkStation/medical/CT_Junior/CT artifact annotation/output/CQ500-CT-483/artifact_mask.nii.gz,1180265,241,256,512,512
CQ500-CT-484,/media/qiqi/P7000Z/WorkStation/medical/CT_Junior/CQ500/CQ500CT484 CQ500CT484/Unknown Study/CT Plain THIN,CT Plain THIN,/media/qiqi/P7000Z/WorkStation/medical/CT_Junior/CT artifact annotation/output/CQ500-CT-484/artifact_mask.nii.gz,1551530,340,349,512,512
CQ500-CT-485,/media/qiqi/P7000Z/WorkStation/medical/CT_Junior/CQ500/CQ500CT485 CQ500CT485/Unknown Study/CT Plain,CT Plain,/media/qiqi/P7000Z/WorkStation/medical/CT_Junior/CT artifact annotation/output/CQ500-CT-485/artifact_mask.nii.gz,98052,24,30,512,512
CQ500-CT-486,/media/qiqi/P7000Z/WorkStation/medical/CT_Junior/CQ500/CQ500CT486 CQ500CT486/Unknown Study/CT Plain,CT Plain,/media/qiqi/P7000Z/WorkStation/medical/CT_Junior/CT artifact annotation/output/CQ500-CT-486/artifact_mask.nii.gz,84066,26,28,512,512
CQ500-CT-487,/media/qiqi/P7000Z/WorkStation/medical/CT_Junior/CQ500/CQ500CT487 CQ500CT487/Unknown Study/CT Plain 3mm,CT Plain 3mm,/media/qiqi/P7000Z/WorkStation/medical/CT_Junior/CT artifact annotation/output/CQ500-CT-487/artifact_mask.nii.gz,177852,30,30,512,512
CQ500-CT-488,/media/qiqi/P7000Z/WorkStation/medical/CT_Junior/CQ500/CQ500CT488 CQ500CT488/Unknown Study/CT 0.625mm,CT 0.625mm,/media/qiqi/P7000Z/WorkStation/medical/CT_Junior/CT artifact annotation/output/CQ500-CT-488/artifact_mask.nii.gz,2558380,224,224,512,512
CQ500-CT-489,/media/qiqi/P7000Z/WorkStation/medical/CT_Junior/CQ500/CQ500CT489 CQ500CT489/Unknown Study/CT 0.625mm,CT 0.625mm,/media/qiqi/P7000Z/WorkStation/medical/CT_Junior/CT artifact annotation/output/CQ500-CT-489/artifact_mask.nii.gz,2962959,267,288,512,512
CQ500-CT-490,/media/qiqi/P7000Z/WorkStation/medical/CT_Junior/CQ500/CQ500CT490 CQ500CT490/Unknown Study/CT Plain,CT Plain,/media/qiqi/P7000Z/WorkStation/medical/CT_Junior/CT artifact annotation/output/CQ500-CT-490/artifact_mask.nii.gz,117912,29,30,512,512
