case_id,series_path,series_name,image_path,mask_path,mask_voxel_count,positive_slice_count,depth,height,width
CQ500-CT-0,/media/qiqi/P7000Z/WorkStation/medical/CT_Junior/CQ500/CQ500CT0 CQ500CT0/Unknown Study/CT Plain,CT Plain,/media/qiqi/P7000Z/WorkStation/medical/CT_Junior/CT artifact annotation/output_refined_v2/images_nifti/CQ500-CT-0.nii.gz,/media/qiqi/P7000Z/WorkStation/medical/CT_Junior/CT artifact annotation/output_refined_v2/masks_nifti/CQ500-CT-0.nii.gz,1067,21,30,512,512
CQ500-CT-1,/media/qiqi/P7000Z/WorkStation/medical/CT_Junior/CQ500/CQ500CT1 CQ500CT1/Unknown Study/CT 2.55mm,CT 2.55mm,/media/qiqi/P7000Z/WorkStation/medical/CT_Junior/CT artifact annotation/output_refined_v2/images_nifti/CQ500-CT-1.nii.gz,/media/qiqi/P7000Z/WorkStation/medical/CT_Junior/CT artifact annotation/output_refined_v2/masks_nifti/CQ500-CT-1.nii.gz,131,10,36,512,512
CQ500-CT-2,/media/qiqi/P7000Z/WorkStation/medical/CT_Junior/CQ500/CQ500CT2 CQ500CT2/Unknown Study/CT 0.625mm,CT 0.625mm,/media/qiqi/P7000Z/WorkStation/medical/CT_Junior/CT artifact annotation/output_refined_v2/images_nifti/CQ500-CT-2.nii.gz,/media/qiqi/P7000Z/WorkStation/medical/CT_Junior/CT artifact annotation/output_refined_v2/masks_nifti/CQ500-CT-2.nii.gz,642606,248,256,512,512
CQ500-CT-3,/media/qiqi/P7000Z/WorkStation/medical/CT_Junior/CQ500/CQ500CT3 CQ500CT3/Unknown Study/CT Plain,CT Plain,/media/qiqi/P7000Z/WorkStation/medical/CT_Junior/CT artifact annotation/output_refined_v2/images_nifti/CQ500-CT-3.nii.gz,/media/qiqi/P7000Z/WorkStation/medical/CT_Junior/CT artifact annotation/output_refined_v2/masks_nifti/CQ500-CT-3.nii.gz,8776,22,30,512,512
CQ500-CT-4,/media/qiqi/P7000Z/WorkStation/medical/CT_Junior/CQ500/CQ500CT4 CQ500CT4/Unknown Study/CT 0.625mm,CT 0.625mm,/media/qiqi/P7000Z/WorkStation/medical/CT_Junior/CT artifact annotation/output_refined_v2/images_nifti/CQ500-CT-4.nii.gz,/media/qiqi/P7000Z/WorkStation/medical/CT_Junior/CT artifact annotation/output_refined_v2/masks_nifti/CQ500-CT-4.nii.gz,69794,265,288,512,512
CQ500-CT-5,/media/qiqi/P7000Z/WorkStation/medical/CT_Junior/CQ500/CQ500CT5 CQ500CT5/Unknown Study/CT Plain 3mm,CT Plain 3mm,/media/qiqi/P7000Z/WorkStation/medical/CT_Junior/CT artifact annotation/output_refined_v2/images_nifti/CQ500-CT-5.nii.gz,/media/qiqi/P7000Z/WorkStation/medical/CT_Junior/CT artifact annotation/output_refined_v2/masks_nifti/CQ500-CT-5.nii.gz,25563,49,53,512,512
CQ500-CT-6,/media/qiqi/P7000Z/WorkStation/medical/CT_Junior/CQ500/CQ500CT6 CQ500CT6/Unknown Study/CT Thin Plain,CT Thin Plain,/media/qiqi/P7000Z/WorkStation/medical/CT_Junior/CT artifact annotation/output_refined_v2/images_nifti/CQ500-CT-6.nii.gz,/media/qiqi/P7000Z/WorkStation/medical/CT_Junior/CT artifact annotation/output_refined_v2/masks_nifti/CQ500-CT-6.nii.gz,1001537,371,584,512,512
CQ500-CT-7,/media/qiqi/P7000Z/WorkStation/medical/CT_Junior/CQ500/CQ500CT7 CQ500CT7/Unknown Study/CT Plain,CT Plain,/media/qiqi/P7000Z/WorkStation/medical/CT_Junior/CT artifact annotation/output_refined_v2/images_nifti/CQ500-CT-7.nii.gz,/media/qiqi/P7000Z/WorkStation/medical/CT_Junior/CT artifact annotation/output_refined_v2/masks_nifti/CQ500-CT-7.nii.gz,4832,22,32,512,512
CQ500-CT-8,/media/qiqi/P7000Z/WorkStation/medical/CT_Junior/CQ500/CQ500CT8 CQ500CT8/Unknown Study/CT PLAIN THIN,CT PLAIN THIN,/media/qiqi/P7000Z/WorkStation/medical/CT_Junior/CT artifact annotation/output_refined_v2/images_nifti/CQ500-CT-8.nii.gz,/media/qiqi/P7000Z/WorkStation/medical/CT_Junior/CT artifact annotation/output_refined_v2/masks_nifti/CQ500-CT-8.nii.gz,136142,208,350,512,512
CQ500-CT-9,/media/qiqi/P7000Z/WorkStation/medical/CT_Junior/CQ500/CQ500CT9 CQ500CT9/Unknown Study/CT Thin Plain,CT Thin Plain,/media/qiqi/P7000Z/WorkStation/medical/CT_Junior/CT artifact annotation/output_refined_v2/images_nifti/CQ500-CT-9.nii.gz,/media/qiqi/P7000Z/WorkStation/medical/CT_Junior/CT artifact annotation/output_refined_v2/masks_nifti/CQ500-CT-9.nii.gz,463358,281,288,512,512
CQ500-CT-10,/media/qiqi/P7000Z/WorkStation/medical/CT_Junior/CQ500/CQ500CT10 CQ500CT10/Unknown Study/CT PLAIN THIN,CT PLAIN THIN,/media/qiqi/P7000Z/WorkStation/medical/CT_Junior/CT artifact annotation/output_refined_v2/images_nifti/CQ500-CT-10.nii.gz,/media/qiqi/P7000Z/WorkStation/medical/CT_Junior/CT artifact annotation/output_refined_v2/masks_nifti/CQ500-CT-10.nii.gz,531554,215,224,512,512
CQ500-CT-11,/media/qiqi/P7000Z/WorkStation/medical/CT_Junior/CQ500/CQ500CT11 CQ500CT11/Unknown Study/CT Thin Plain,CT Thin Plain,/media/qiqi/P7000Z/WorkStation/medical/CT_Junior/CT artifact annotation/output_refined_v2/images_nifti/CQ500-CT-11.nii.gz,/media/qiqi/P7000Z/WorkStation/medical/CT_Junior/CT artifact annotation/output_refined_v2/masks_nifti/CQ500-CT-11.nii.gz,12715,76,256,512,512
CQ500-CT-12,/media/qiqi/P7000Z/WorkStation/medical/CT_Junior/CQ500/CQ500CT12 CQ500CT12/Unknown Study/CT Thin Plain,CT Thin Plain,/media/qiqi/P7000Z/WorkStation/medical/CT_Junior/CT artifact annotation/output_refined_v2/images_nifti/CQ500-CT-12.nii.gz,/media/qiqi/P7000Z/WorkStation/medical/CT_Junior/CT artifact annotation/output_refined_v2/masks_nifti/CQ500-CT-12.nii.gz,216439,267,288,512,512
CQ500-CT-13,/media/qiqi/P7000Z/WorkStation/medical/CT_Junior/CQ500/CQ500CT13 CQ500CT13/Unknown Study/CT PRE CONTRAST 5MM STD,CT PRE CONTRAST 5MM STD,/media/qiqi/P7000Z/WorkStation/medical/CT_Junior/CT artifact annotation/output_refined_v2/images_nifti/CQ500-CT-13.nii.gz,/media/qiqi/P7000Z/WorkStation/medical/CT_Junior/CT artifact annotation/output_refined_v2/masks_nifti/CQ500-CT-13.nii.gz,24490,21,30,512,512
CQ500-CT-14,/media/qiqi/P7000Z/WorkStation/medical/CT_Junior/CQ500/CQ500CT14 CQ500CT14/Unknown Study/CT Plain THIN,CT Plain THIN,/media/qiqi/P7000Z/WorkStation/medical/CT_Junior/CT artifact annotation/output_refined_v2/images_nifti/CQ500-CT-14.nii.gz,/media/qiqi/P7000Z/WorkStation/medical/CT_Junior/CT artifact annotation/output_refined_v2/masks_nifti/CQ500-CT-14.nii.gz,277833,294,301,512,512
CQ500-CT-15,/media/qiqi/P7000Z/WorkStation/medical/CT_Junior/CQ500/CQ500CT15 CQ500CT15/Unknown Study/CT Thin Plain,CT Thin Plain,/media/qiqi/P7000Z/WorkStation/medical/CT_Junior/CT artifact annotation/output_refined_v2/images_nifti/CQ500-CT-15.nii.gz,/media/qiqi/P7000Z/WorkStation/medical/CT_Junior/CT artifact annotation/output_refined_v2/masks_nifti/CQ500-CT-15.nii.gz,128974,220,220,512,512
CQ500-CT-16,/media/qiqi/P7000Z/WorkStation/medical/CT_Junior/CQ500/CQ500CT16 CQ500CT16/Unknown Study/CT PLAIN THIN,CT PLAIN THIN,/media/qiqi/P7000Z/WorkStation/medical/CT_Junior/CT artifact annotation/output_refined_v2/images_nifti/CQ500-CT-16.nii.gz,/media/qiqi/P7000Z/WorkStation/medical/CT_Junior/CT artifact annotation/output_refined_v2/masks_nifti/CQ500-CT-16.nii.gz,198042,199,247,512,512
CQ500-CT-17,/media/qiqi/P7000Z/WorkStation/medical/CT_Junior/CQ500/CQ500CT17 CQ500CT17/Unknown Study/CT 0.625mm,CT 0.625mm,/media/qiqi/P7000Z/WorkStation/medical/CT_Junior/CT artifact annotation/output_refined_v2/images_nifti/CQ500-CT-17.nii.gz,/media/qiqi/P7000Z/WorkStation/medical/CT_Junior/CT artifact annotation/output_refined_v2/masks_nifti/CQ500-CT-17.nii.gz,495026,245,256,512,512
CQ500-CT-18,/media/qiqi/P7000Z/WorkStation/medical/CT_Junior/CQ500/CQ500CT18 CQ500CT18/Unknown Study/CT 0.625mm,CT 0.625mm,/media/qiqi/P7000Z/WorkStation/medical/CT_Junior/CT artifact annotation/output_refined_v2/images_nifti/CQ500-CT-18.nii.gz,/media/qiqi/P7000Z/WorkStation/medical/CT_Junior/CT artifact annotation/output_refined_v2/masks_nifti/CQ500-CT-18.nii.gz,310346,241,256,512,512
CQ500-CT-19,/media/qiqi/P7000Z/WorkStation/medical/CT_Junior/CQ500/CQ500CT19 CQ500CT19/Unknown Study/CT Plain,CT Plain,/media/qiqi/P7000Z/WorkStation/medical/CT_Junior/CT artifact annotation/output_refined_v2/images_nifti/CQ500-CT-19.nii.gz,/media/qiqi/P7000Z/WorkStation/medical/CT_Junior/CT artifact annotation/output_refined_v2/masks_nifti/CQ500-CT-19.nii.gz,264,7,28,512,512
CQ500-CT-20,/media/qiqi/P7000Z/WorkStation/medical/CT_Junior/CQ500/CQ500CT20 CQ500CT20/Unknown Study/CT Thin Plain,CT Thin Plain,/media/qiqi/P7000Z/WorkStation/medical/CT_Junior/CT artifact annotation/output_refined_v2/images_nifti/CQ500-CT-20.nii.gz,/media/qiqi/P7000Z/WorkStation/medical/CT_Junior/CT artifact annotation/output_refined_v2/masks_nifti/CQ500-CT-20.nii.gz,153832,266,288,512,512
CQ500-CT-21,/media/qiqi/P7000Z/WorkStation/medical/CT_Junior/CQ500/CQ500CT21 CQ500CT21/Unknown Study/CT PRE CONTRAST 5MM STD,CT PRE CONTRAST 5MM STD,/media/qiqi/P7000Z/WorkStation/medical/CT_Junior/CT artifact annotation/output_refined_v2/images_nifti/CQ500-CT-21.nii.gz,/media/qiqi/P7000Z/WorkStation/medical/CT_Junior/CT artifact annotation/output_refined_v2/masks_nifti/CQ500-CT-21.nii.gz,19201,21,29,512,512
CQ500-CT-22,/media/qiqi/P7000Z/WorkStation/medical/CT_Junior/CQ500/CQ500CT22 CQ500CT22/Unknown Study/CT Plain,CT Plain,/media/qiqi/P7000Z/WorkStation/medical/CT_Junior/CT artifact annotation/output_refined_v2/images_nifti/CQ500-CT-22.nii.gz,/media/qiqi/P7000Z/WorkStation/medical/CT_Junior/CT artifact annotation/output_refined_v2/masks_nifti/CQ500-CT-22.nii.gz,1477,20,30,512,512
CQ500-CT-23,/media/qiqi/P7000Z/WorkStation/medical/CT_Junior/CQ500/CQ500CT23 CQ500CT23/Unknown Study/CT 5mm POST CONTRAST,CT 5mm POST CONTRAST,/media/qiqi/P7000Z/WorkStation/medical/CT_Junior/CT artifact annotation/output_refined_v2/images_nifti/CQ500-CT-23.nii.gz,/media/qiqi/P7000Z/WorkStation/medical/CT_Junior/CT artifact annotation/output_refined_v2/masks_nifti/CQ500-CT-23.nii.gz,127676,205,225,512,512
CQ500-CT-24,/media/qiqi/P7000Z/WorkStation/medical/CT_Junior/CQ500/CQ500CT24 CQ500CT24/Unknown Study/CT 2.55mm,CT 2.55mm,/media/qiqi/P7000Z/WorkStation/medical/CT_Junior/CT artifact annotation/output_refined_v2/images_nifti/CQ500-CT-24.nii.gz,/media/qiqi/P7000Z/WorkStation/medical/CT_Junior/CT artifact annotation/output_refined_v2/masks_nifti/CQ500-CT-24.nii.gz,125,8,32,512,512
CQ500-CT-25,/media/qiqi/P7000Z/WorkStation/medical/CT_Junior/CQ500/CQ500CT25 CQ500CT25/Unknown Study/CT Thin Plain,CT Thin Plain,/media/qiqi/P7000Z/WorkStation/medical/CT_Junior/CT artifact annotation/output_refined_v2/images_nifti/CQ500-CT-25.nii.gz,/media/qiqi/P7000Z/WorkStation/medical/CT_Junior/CT artifact annotation/output_refined_v2/masks_nifti/CQ500-CT-25.nii.gz,160870,268,288,512,512
CQ500-CT-26,/media/qiqi/P7000Z/WorkStation/medical/CT_Junior/CQ500/CQ500CT26 CQ500CT26/Unknown Study/CT Plain,CT Plain,/media/qiqi/P7000Z/WorkStation/medical/CT_Junior/CT artifact annotation/output_refined_v2/images_nifti/CQ500-CT-26.nii.gz,/media/qiqi/P7000Z/WorkStation/medical/CT_Junior/CT artifact annotation/output_refined_v2/masks_nifti/CQ500-CT-26.nii.gz,347,5,30,512,512
CQ500-CT-27,/media/qiqi/P7000Z/WorkStation/medical/CT_Junior/CQ500/CQ500CT27 CQ500CT27/Unknown Study/CT Plain,CT Plain,/media/qiqi/P7000Z/WorkStation/medical/CT_Junior/CT artifact annotation/output_refined_v2/images_nifti/CQ500-CT-27.nii.gz,/media/qiqi/P7000Z/WorkStation/medical/CT_Junior/CT artifact annotation/output_refined_v2/masks_nifti/CQ500-CT-27.nii.gz,676,12,28,512,512
CQ500-CT-28,/media/qiqi/P7000Z/WorkStation/medical/CT_Junior/CQ500/CQ500CT28 CQ500CT28/Unknown Study/CT Thin Plain,CT Thin Plain,/media/qiqi/P7000Z/WorkStation/medical/CT_Junior/CT artifact annotation/output_refined_v2/images_nifti/CQ500-CT-28.nii.gz,/media/qiqi/P7000Z/WorkStation/medical/CT_Junior/CT artifact annotation/output_refined_v2/masks_nifti/CQ500-CT-28.nii.gz,235346,256,288,512,512
CQ500-CT-29,/media/qiqi/P7000Z/WorkStation/medical/CT_Junior/CQ500/CQ500CT29 CQ500CT29/Unknown Study/CT Thin Plain,CT Thin Plain,/media/qiqi/P7000Z/WorkStation/medical/CT_Junior/CT artifact annotation/output_refined_v2/images_nifti/CQ500-CT-29.nii.gz,/media/qiqi/P7000Z/WorkStation/medical/CT_Junior/CT artifact annotation/output_refined_v2/masks_nifti/CQ500-CT-29.nii.gz,17897,68,256,512,512
CQ500-CT-30,/media/qiqi/P7000Z/WorkStation/medical/CT_Junior/CQ500/CQ500CT30 CQ500CT30/Unknown Study/CT PLAIN THIN,CT PLAIN THIN,/media/qiqi/P7000Z/WorkStation/medical/CT_Junior/CT artifact annotation/output_refined_v2/images_nifti/CQ500-CT-30.nii.gz,/media/qiqi/P7000Z/WorkStation/medical/CT_Junior/CT artifact annotation/output_refined_v2/masks_nifti/CQ500-CT-30.nii.gz,1319871,256,256,512,512
CQ500-CT-31,/media/qiqi/P7000Z/WorkStation/medical/CT_Junior/CQ500/CQ500CT31 CQ500CT31/Unknown Study/CT PRE CONTRAST 5MM STD,CT PRE CONTRAST 5MM STD,/media/qiqi/P7000Z/WorkStation/medical/CT_Junior/CT artifact annotation/output_refined_v2/images_nifti/CQ500-CT-31.nii.gz,/media/qiqi/P7000Z/WorkStation/medical/CT_Junior/CT artifact annotation/output_refined_v2/masks_nifti/CQ500-CT-31.nii.gz,1171,14,30,512,512
CQ500-CT-32,/media/qiqi/P7000Z/WorkStation/medical/CT_Junior/CQ500/CQ500CT32 CQ500CT32/Unknown Study/CT 0.625mm,CT 0.625mm,/media/qiqi/P7000Z/WorkStation/medical/CT_Junior/CT artifact annotation/output_refined_v2/images_nifti/CQ500-CT-32.nii.gz,/media/qiqi/P7000Z/WorkStation/medical/CT_Junior/CT artifact annotation/output_refined_v2/masks_nifti/CQ500-CT-32.nii.gz,844239,246,256,512,512
CQ500-CT-33,/media/qiqi/P7000Z/WorkStation/medical/CT_Junior/CQ500/CQ500CT33 CQ500CT33/Unknown Study/CT Plain,CT Plain,/media/qiqi/P7000Z/WorkStation/medical/CT_Junior/CT artifact annotation/output_refined_v2/images_nifti/CQ500-CT-33.nii.gz,/media/qiqi/P7000Z/WorkStation/medical/CT_Junior/CT artifact annotation/output_refined_v2/masks_nifti/CQ500-CT-33.nii.gz,7018,21,32,512,512
CQ500-CT-34,/media/qiqi/P7000Z/WorkStation/medical/CT_Junior/CQ500/CQ500CT34 CQ500CT34/Unknown Study/CT PRE CONTRAST 5MM STD,CT PRE CONTRAST 5MM STD,/media/qiqi/P7000Z/WorkStation/medical/CT_Junior/CT artifact annotation/output_refined_v2/images_nifti/CQ500-CT-34.nii.gz,/media/qiqi/P7000Z/WorkStation/medical/CT_Junior/CT artifact annotation/output_refined_v2/masks_nifti/CQ500-CT-34.nii.gz,10165,21,32,512,512
CQ500-CT-35,/media/qiqi/P7000Z/WorkStation/medical/CT_Junior/CQ500/CQ500CT35 CQ500CT35/Unknown Study/CT Thin Plain,CT Thin Plain,/media/qiqi/P7000Z/WorkStation/medical/CT_Junior/CT artifact annotation/output_refined_v2/images_nifti/CQ500-CT-35.nii.gz,/media/qiqi/P7000Z/WorkStation/medical/CT_Junior/CT artifact annotation/output_refined_v2/masks_nifti/CQ500-CT-35.nii.gz,330956,272,288,512,512
CQ500-CT-36,/media/qiqi/P7000Z/WorkStation/medical/CT_Junior/CQ500/CQ500CT36 CQ500CT36/Unknown Study/CT PRE CONTRAST 5MM STD,CT PRE CONTRAST 5MM STD,/media/qiqi/P7000Z/WorkStation/medical/CT_Junior/CT artifact annotation/output_refined_v2/images_nifti/CQ500-CT-36.nii.gz,/media/qiqi/P7000Z/WorkStation/medical/CT_Junior/CT artifact annotation/output_refined_v2/masks_nifti/CQ500-CT-36.nii.gz,25437,23,30,512,512
CQ500-CT-37,/media/qiqi/P7000Z/WorkStation/medical/CT_Junior/CQ500/CQ500CT37 CQ500CT37/Unknown Study/CT Plain,CT Plain,/media/qiqi/P7000Z/WorkStation/medical/CT_Junior/CT artifact annotation/output_refined_v2/images_nifti/CQ500-CT-37.nii.gz,/media/qiqi/P7000Z/WorkStation/medical/CT_Junior/CT artifact annotation/output_refined_v2/masks_nifti/CQ500-CT-37.nii.gz,660,20,30,512,512
CQ500-CT-38,/media/qiqi/P7000Z/WorkStation/medical/CT_Junior/CQ500/CQ500CT38 CQ500CT38/Unknown Study/CT Plain,CT Plain,/media/qiqi/P7000Z/WorkStation/medical/CT_Junior/CT artifact annotation/output_refined_v2/images_nifti/CQ500-CT-38.nii.gz,/media/qiqi/P7000Z/WorkStation/medical/CT_Junior/CT artifact annotation/output_refined_v2/masks_nifti/CQ500-CT-38.nii.gz,1879,20,30,512,512
CQ500-CT-39,/media/qiqi/P7000Z/WorkStation/medical/CT_Junior/CQ500/CQ500CT39 CQ500CT39/Unknown Study/CT PRE CONTRAST 5MM STD,CT PRE CONTRAST 5MM STD,/media/qiqi/P7000Z/WorkStation/medical/CT_Junior/CT artifact annotation/output_refined_v2/images_nifti/CQ500-CT-39.nii.gz,/media/qiqi/P7000Z/WorkStation/medical/CT_Junior/CT artifact annotation/output_refined_v2/masks_nifti/CQ500-CT-39.nii.gz,21348,21,30,512,512
CQ500-CT-40,/media/qiqi/P7000Z/WorkStation/medical/CT_Junior/CQ500/CQ500CT40 CQ500CT40/Unknown Study/CT 0.625mm,CT 0.625mm,/media/qiqi/P7000Z/WorkStation/medical/CT_Junior/CT artifact annotation/output_refined_v2/images_nifti/CQ500-CT-40.nii.gz,/media/qiqi/P7000Z/WorkStation/medical/CT_Junior/CT artifact annotation/output_refined_v2/masks_nifti/CQ500-CT-40.nii.gz,700017,261,288,512,512
CQ500-CT-41,/media/qiqi/P7000Z/WorkStation/medical/CT_Junior/CQ500/CQ500CT41 CQ500CT41/Unknown Study/CT PLAIN THIN,CT PLAIN THIN,/media/qiqi/P7000Z/WorkStation/medical/CT_Junior/CT artifact annotation/output_refined_v2/images_nifti/CQ500-CT-41.nii.gz,/media/qiqi/P7000Z/WorkStation/medical/CT_Junior/CT artifact annotation/output_refined_v2/masks_nifti/CQ500-CT-41.nii.gz,51681,122,234,512,512
CQ500-CT-42,/media/qiqi/P7000Z/WorkStation/medical/CT_Junior/CQ500/CQ500CT42 CQ500CT42/Unknown Study/CT PRE CONTRAST 5MM STD,CT PRE CONTRAST 5MM STD,/media/qiqi/P7000Z/WorkStation/medical/CT_Junior/CT artifact annotation/output_refined_v2/images_nifti/CQ500-CT-42.nii.gz,/media/qiqi/P7000Z/WorkStation/medical/CT_Junior/CT artifact annotation/output_refined_v2/masks_nifti/CQ500-CT-42.nii.gz,356,6,30,512,512
CQ500-CT-43,/media/qiqi/P7000Z/WorkStation/medical/CT_Junior/CQ500/CQ500CT43 CQ500CT43/Unknown Study/CT 2.55mm,CT 2.55mm,/media/qiqi/P7000Z/WorkStation/medical/CT_Junior/CT artifact annotation/output_refined_v2/images_nifti/CQ500-CT-43.nii.gz,/media/qiqi/P7000Z/WorkStation/medical/CT_Junior/CT artifact annotation/output_refined_v2/masks_nifti/CQ500-CT-43.nii.gz,352,5,32,512,512
CQ500-CT-44,/media/qiqi/P7000Z/WorkStation/medical/CT_Junior/CQ500/CQ500CT44 CQ500CT44/Unknown Study/CT Thin Plain,CT Thin Plain,/media/qiqi/P7000Z/WorkStation/medical/CT_Junior/CT artifact annotation/output_refined_v2/images_nifti/CQ500-CT-44.nii.gz,/media/qiqi/P7000Z/WorkStation/medical/CT_Junior/CT artifact annotation/output_refined_v2/masks_nifti/CQ500-CT-44.nii.gz,38117,41,41,512,512
CQ500-CT-45,/media/qiqi/P7000Z/WorkStation/medical/CT_Junior/CQ500/CQ500CT45 CQ500CT45/Unknown Study/CT PRE CONTRAST 5MM STD,CT PRE CONTRAST 5MM STD,/media/qiqi/P7000Z/WorkStation/medical/CT_Junior/CT artifact annotation/output_refined_v2/images_nifti/CQ500-CT-45.nii.gz,/media/qiqi/P7000Z/WorkStation/medical/CT_Junior/CT artifact annotation/output_refined_v2/masks_nifti/CQ500-CT-45.nii.gz,17424,23,28,512,512
CQ500-CT-46,/media/qiqi/P7000Z/WorkStation/medical/CT_Junior/CQ500/CQ500CT46 CQ500CT46/Unknown Study/CT Plain 3mm,CT Plain 3mm,/media/qiqi/P7000Z/WorkStation/medical/CT_Junior/CT artifact annotation/output_refined_v2/images_nifti/CQ500-CT-46.nii.gz,/media/qiqi/P7000Z/WorkStation/medical/CT_Junior/CT artifact annotation/output_refined_v2/masks_nifti/CQ500-CT-46.nii.gz,2298,31,57,512,512
CQ500-CT-47,/media/qiqi/P7000Z/WorkStation/medical/CT_Junior/CQ500/CQ500CT47 CQ500CT47/Unknown Study/CT PRE CONTRAST 5MM STD,CT PRE CONTRAST 5MM STD,/media/qiqi/P7000Z/WorkStation/medical/CT_Junior/CT artifact annotation/output_refined_v2/images_nifti/CQ500-CT-47.nii.gz,/media/qiqi/P7000Z/WorkStation/medical/CT_Junior/CT artifact annotation/output_refined_v2/masks_nifti/CQ500-CT-47.nii.gz,26860,21,29,512,512
CQ500-CT-48,/media/qiqi/P7000Z/WorkStation/medical/CT_Junior/CQ500/CQ500CT48 CQ500CT48/Unknown Study/CT Plain,CT Plain,/media/qiqi/P7000Z/WorkStation/medical/CT_Junior/CT artifact annotation/output_refined_v2/images_nifti/CQ500-CT-48.nii.gz,/media/qiqi/P7000Z/WorkStation/medical/CT_Junior/CT artifact annotation/output_refined_v2/masks_nifti/CQ500-CT-48.nii.gz,13009,28,34,512,512
CQ500-CT-49,/media/qiqi/P7000Z/WorkStation/medical/CT_Junior/CQ500/CQ500CT49 CQ500CT49/Unknown Study/CT PRE CONTRAST 5MM STD,CT PRE CONTRAST 5MM STD,/media/qiqi/P7000Z/WorkStation/medical/CT_Junior/CT artifact annotation/output_refined_v2/images_nifti/CQ500-CT-49.nii.gz,/media/qiqi/P7000Z/WorkStation/medical/CT_Junior/CT artifact annotation/output_refined_v2/masks_nifti/CQ500-CT-49.nii.gz,6039,19,29,512,512
CQ500-CT-50,/media/qiqi/P7000Z/WorkStation/medical/CT_Junior/CQ500/CQ500CT50 CQ500CT50/Unknown Study/CT 0.625mm,CT 0.625mm,/media/qiqi/P7000Z/WorkStation/medical/CT_Junior/CT artifact annotation/output_refined_v2/images_nifti/CQ500-CT-50.nii.gz,/media/qiqi/P7000Z/WorkStation/medical/CT_Junior/CT artifact annotation/output_refined_v2/masks_nifti/CQ500-CT-50.nii.gz,466868,239,256,512,512
CQ500-CT-51,/media/qiqi/P7000Z/WorkStation/medical/CT_Junior/CQ500/CQ500CT51 CQ500CT51/Unknown Study/CT Plain,CT Plain,/media/qiqi/P7000Z/WorkStation/medical/CT_Junior/CT artifact annotation/output_refined_v2/images_nifti/CQ500-CT-51.nii.gz,/media/qiqi/P7000Z/WorkStation/medical/CT_Junior/CT artifact annotation/output_refined_v2/masks_nifti/CQ500-CT-51.nii.gz,11494,22,28,512,512
CQ500-CT-52,/media/qiqi/P7000Z/WorkStation/medical/CT_Junior/CQ500/CQ500CT52 CQ500CT52/Unknown Study/CT PRE CONTRAST 5MM STD,CT PRE CONTRAST 5MM STD,/media/qiqi/P7000Z/WorkStation/medical/CT_Junior/CT artifact annotation/output_refined_v2/images_nifti/CQ500-CT-52.nii.gz,/media/qiqi/P7000Z/WorkStation/medical/CT_Junior/CT artifact annotation/output_refined_v2/masks_nifti/CQ500-CT-52.nii.gz,12474,20,30,512,512
CQ500-CT-53,/media/qiqi/P7000Z/WorkStation/medical/CT_Junior/CQ500/CQ500CT53 CQ500CT53/Unknown Study/CT Thin Plain,CT Thin Plain,/media/qiqi/P7000Z/WorkStation/medical/CT_Junior/CT artifact annotation/output_refined_v2/images_nifti/CQ500-CT-53.nii.gz,/media/qiqi/P7000Z/WorkStation/medical/CT_Junior/CT artifact annotation/output_refined_v2/masks_nifti/CQ500-CT-53.nii.gz,75275,196,256,512,512
CQ500-CT-54,/media/qiqi/P7000Z/WorkStation/medical/CT_Junior/CQ500/CQ500CT54 CQ500CT54/Unknown Study/CT Thin Plain,CT Thin Plain,/media/qiqi/P7000Z/WorkStation/medical/CT_Junior/CT artifact annotation/output_refined_v2/images_nifti/CQ500-CT-54.nii.gz,/media/qiqi/P7000Z/WorkStation/medical/CT_Junior/CT artifact annotation/output_refined_v2/masks_nifti/CQ500-CT-54.nii.gz,117224,268,288,512,512
CQ500-CT-55,/media/qiqi/P7000Z/WorkStation/medical/CT_Junior/CQ500/CQ500CT55 CQ500CT55/Unknown Study/CT 0.625mm,CT 0.625mm,/media/qiqi/P7000Z/WorkStation/medical/CT_Junior/CT artifact annotation/output_refined_v2/images_nifti/CQ500-CT-55.nii.gz,/media/qiqi/P7000Z/WorkStation/medical/CT_Junior/CT artifact annotation/output_refined_v2/masks_nifti/CQ500-CT-55.nii.gz,938877,262,288,512,512
CQ500-CT-56,/media/qiqi/P7000Z/WorkStation/medical/CT_Junior/CQ500/CQ500CT56 CQ500CT56/Unknown Study/CT 2.55mm,CT 2.55mm,/media/qiqi/P7000Z/WorkStation/medical/CT_Junior/CT artifact annotation/output_refined_v2/images_nifti/CQ500-CT-56.nii.gz,/media/qiqi/P7000Z/WorkStation/medical/CT_Junior/CT artifact annotation/output_refined_v2/masks_nifti/CQ500-CT-56.nii.gz,6612,24,32,512,512
CQ500-CT-57,/media/qiqi/P7000Z/WorkStation/medical/CT_Junior/CQ500/CQ500CT57 CQ500CT57/Unknown Study/CT 0.625mm,CT 0.625mm,/media/qiqi/P7000Z/WorkStation/medical/CT_Junior/CT artifact annotation/output_refined_v2/images_nifti/CQ500-CT-57.nii.gz,/media/qiqi/P7000Z/WorkStation/medical/CT_Junior/CT artifact annotation/output_refined_v2/masks_nifti/CQ500-CT-57.nii.gz,234425,250,256,512,512
CQ500-CT-58,/media/qiqi/P7000Z/WorkStation/medical/CT_Junior/CQ500/CQ500CT58 CQ500CT58/Unknown Study/CT PRE CONTRAST 5MM STD,CT PRE CONTRAST 5MM STD,/media/qiqi/P7000Z/WorkStation/medical/CT_Junior/CT artifact annotation/output_refined_v2/images_nifti/CQ500-CT-58.nii.gz,/media/qiqi/P7000Z/WorkStation/medical/CT_Junior/CT artifact annotation/output_refined_v2/masks_nifti/CQ500-CT-58.nii.gz,9905,23,33,512,512
CQ500-CT-59,/media/qiqi/P7000Z/WorkStation/medical/CT_Junior/CQ500/CQ500CT59 CQ500CT59/Unknown Study/CT Plain,CT Plain,/media/qiqi/P7000Z/WorkStation/medical/CT_Junior/CT artifact annotation/output_refined_v2/images_nifti/CQ500-CT-59.nii.gz,/media/qiqi/P7000Z/WorkStation/medical/CT_Junior/CT artifact annotation/output_refined_v2/masks_nifti/CQ500-CT-59.nii.gz,712,14,28,512,512
CQ500-CT-60,/media/qiqi/P7000Z/WorkStation/medical/CT_Junior/CQ500/CQ500CT60 CQ500CT60/Unknown Study/CT 0.625mm,CT 0.625mm,/media/qiqi/P7000Z/WorkStation/medical/CT_Junior/CT artifact annotation/output_refined_v2/images_nifti/CQ500-CT-60.nii.gz,/media/qiqi/P7000Z/WorkStation/medical/CT_Junior/CT artifact annotation/output_refined_v2/masks_nifti/CQ500-CT-60.nii.gz,673002,251,256,512,512
CQ500-CT-61,/media/qiqi/P7000Z/WorkStation/medical/CT_Junior/CQ500/CQ500CT61 CQ500CT61/Unknown Study/CT Plain 3mm,CT Plain 3mm,/media/qiqi/P7000Z/WorkStation/medical/CT_Junior/CT artifact annotation/output_refined_v2/images_nifti/CQ500-CT-61.nii.gz,/media/qiqi/P7000Z/WorkStation/medical/CT_Junior/CT artifact annotation/output_refined_v2/masks_nifti/CQ500-CT-61.nii.gz,14865,52,58,512,512
CQ500-CT-62,/media/qiqi/P7000Z/WorkStation/medical/CT_Junior/CQ500/CQ500CT62 CQ500CT62/Unknown Study/CT Thin Plain,CT Thin Plain,/media/qiqi/P7000Z/WorkStation/medical/CT_Junior/CT artifact annotation/output_refined_v2/images_nifti/CQ500-CT-62.nii.gz,/media/qiqi/P7000Z/WorkStation/medical/CT_Junior/CT artifact annotation/output_refined_v2/masks_nifti/CQ500-CT-62.nii.gz,433487,240,256,512,512
CQ500-CT-63,/media/qiqi/P7000Z/WorkStation/medical/CT_Junior/CQ500/CQ500CT63 CQ500CT63/Unknown Study/CT PRE CONTRAST 5MM STD,CT PRE CONTRAST 5MM STD,/media/qiqi/P7000Z/WorkStation/medical/CT_Junior/CT artifact annotation/output_refined_v2/images_nifti/CQ500-CT-63.nii.gz,/media/qiqi/P7000Z/WorkStation/medical/CT_Junior/CT artifact annotation/output_refined_v2/masks_nifti/CQ500-CT-63.nii.gz,21631,27,32,512,512
CQ500-CT-64,/media/qiqi/P7000Z/WorkStation/medical/CT_Junior/CQ500/CQ500CT64 CQ500CT64/Unknown Study/CT Plain 3mm,CT Plain 3mm,/media/qiqi/P7000Z/WorkStation/medical/CT_Junior/CT artifact annotation/output_refined_v2/images_nifti/CQ500-CT-64.nii.gz,/media/qiqi/P7000Z/WorkStation/medical/CT_Junior/CT artifact annotation/output_refined_v2/masks_nifti/CQ500-CT-64.nii.gz,1051,14,48,512,512
CQ500-CT-65,/media/qiqi/P7000Z/WorkStation/medical/CT_Junior/CQ500/CQ500CT65 CQ500CT65/Unknown Study/CT 2.55mm,CT 2.55mm,/media/qiqi/P7000Z/WorkStation/medical/CT_Junior/CT artifact annotation/output_refined_v2/images_nifti/CQ500-CT-65.nii.gz,/media/qiqi/P7000Z/WorkStation/medical/CT_Junior/CT artifact annotation/output_refined_v2/masks_nifti/CQ500-CT-65.nii.gz,257,8,32,512,512
CQ500-CT-66,/media/qiqi/P7000Z/WorkStation/medical/CT_Junior/CQ500/CQ500CT66 CQ500CT66/Unknown Study/CT Plain,CT Plain,/media/qiqi/P7000Z/WorkStation/medical/CT_Junior/CT artifact annotation/output_refined_v2/images_nifti/CQ500-CT-66.nii.gz,/media/qiqi/P7000Z/WorkStation/medical/CT_Junior/CT artifact annotation/output_refined_v2/masks_nifti/CQ500-CT-66.nii.gz,8018,24,32,512,512
CQ500-CT-67,/media/qiqi/P7000Z/WorkStation/medical/CT_Junior/CQ500/CQ500CT67 CQ500CT67/Unknown Study/CT Plain,CT Plain,/media/qiqi/P7000Z/WorkStation/medical/CT_Junior/CT artifact annotation/output_refined_v2/images_nifti/CQ500-CT-67.nii.gz,/media/qiqi/P7000Z/WorkStation/medical/CT_Junior/CT artifact annotation/output_refined_v2/masks_nifti/CQ500-CT-67.nii.gz,6795,21,30,512,512
CQ500-CT-68,/media/qiqi/P7000Z/WorkStation/medical/CT_Junior/CQ500/CQ500CT68 CQ500CT68/Unknown Study/CT Thin Plain,CT Thin Plain,/media/qiqi/P7000Z/WorkStation/medical/CT_Junior/CT artifact annotation/output_refined_v2/images_nifti/CQ500-CT-68.nii.gz,/media/qiqi/P7000Z/WorkStation/medical/CT_Junior/CT artifact annotation/output_refined_v2/masks_nifti/CQ500-CT-68.nii.gz,207087,237,256,512,512
CQ500-CT-69,/media/qiqi/P7000Z/WorkStation/medical/CT_Junior/CQ500/CQ500CT69 CQ500CT69/Unknown Study/CT PRE CONTRAST 5MM STD,CT PRE CONTRAST 5MM STD,/media/qiqi/P7000Z/WorkStation/medical/CT_Junior/CT artifact annotation/output_refined_v2/images_nifti/CQ500-CT-69.nii.gz,/media/qiqi/P7000Z/WorkStation/medical/CT_Junior/CT artifact annotation/output_refined_v2/masks_nifti/CQ500-CT-69.nii.gz,1336,13,30,512,512
CQ500-CT-70,/media/qiqi/P7000Z/WorkStation/medical/CT_Junior/CQ500/CQ500CT70 CQ500CT70/Unknown Study/CT Plain,CT Plain,/media/qiqi/P7000Z/WorkStation/medical/CT_Junior/CT artifact annotation/output_refined_v2/images_nifti/CQ500-CT-70.nii.gz,/media/qiqi/P7000Z/WorkStation/medical/CT_Junior/CT artifact annotation/output_refined_v2/masks_nifti/CQ500-CT-70.nii.gz,3926,26,36,512,512
CQ500-CT-71,/media/qiqi/P7000Z/WorkStation/medical/CT_Junior/CQ500/CQ500CT71 CQ500CT71/Unknown Study/CT 5mm POST CONTRAST,CT 5mm POST CONTRAST,/media/qiqi/P7000Z/WorkStation/medical/CT_Junior/CT artifact annotation/output_refined_v2/images_nifti/CQ500-CT-71.nii.gz,/media/qiqi/P7000Z/WorkStation/medical/CT_Junior/CT artifact annotation/output_refined_v2/masks_nifti/CQ500-CT-71.nii.gz,486150,222,233,512,512
CQ500-CT-72,/media/qiqi/P7000Z/WorkStation/medical/CT_Junior/CQ500/CQ500CT72 CQ500CT72/Unknown Study/CT 5mm POST CONTRAST,CT 5mm POST CONTRAST,/media/qiqi/P7000Z/WorkStation/medical/CT_Junior/CT artifact annotation/output_refined_v2/images_nifti/CQ500-CT-72.nii.gz,/media/qiqi/P7000Z/WorkStation/medical/CT_Junior/CT artifact annotation/output_refined_v2/masks_nifti/CQ500-CT-72.nii.gz,58626,130,238,512,512
CQ500-CT-73,/media/qiqi/P7000Z/WorkStation/medical/CT_Junior/CQ500/CQ500CT73 CQ500CT73/Unknown Study/CT Plain,CT Plain,/media/qiqi/P7000Z/WorkStation/medical/CT_Junior/CT artifact annotation/output_refined_v2/images_nifti/CQ500-CT-73.nii.gz,/media/qiqi/P7000Z/WorkStation/medical/CT_Junior/CT artifact annotation/output_refined_v2/masks_nifti/CQ500-CT-73.nii.gz,358,19,30,512,512
CQ500-CT-74,/media/qiqi/P7000Z/WorkStation/medical/CT_Junior/CQ500/CQ500CT74 CQ500CT74/Unknown Study/CT PRE CONTRAST 5MM STD,CT PRE CONTRAST 5MM STD,/media/qiqi/P7000Z/WorkStation/medical/CT_Junior/CT artifact annotation/output_refined_v2/images_nifti/CQ500-CT-74.nii.gz,/media/qiqi/P7000Z/WorkStation/medical/CT_Junior/CT artifact annotation/output_refined_v2/masks_nifti/CQ500-CT-74.nii.gz,0,0,30,512,512
CQ500-CT-75,/media/qiqi/P7000Z/WorkStation/medical/CT_Junior/CQ500/CQ500CT75 CQ500CT75/Unknown Study/CT Plain 3mm,CT Plain 3mm,/media/qiqi/P7000Z/WorkStation/medical/CT_Junior/CT artifact annotation/output_refined_v2/images_nifti/CQ500-CT-75.nii.gz,/media/qiqi/P7000Z/WorkStation/medical/CT_Junior/CT artifact annotation/output_refined_v2/masks_nifti/CQ500-CT-75.nii.gz,8955,47,53,512,512
CQ500-CT-76,/media/qiqi/P7000Z/WorkStation/medical/CT_Junior/CQ500/CQ500CT76 CQ500CT76/Unknown Study/CT Thin Plain,CT Thin Plain,/media/qiqi/P7000Z/WorkStation/medical/CT_Junior/CT artifact annotation/output_refined_v2/images_nifti/CQ500-CT-76.nii.gz,/media/qiqi/P7000Z/WorkStation/medical/CT_Junior/CT artifact annotation/output_refined_v2/masks_nifti/CQ500-CT-76.nii.gz,634351,270,288,512,512
CQ500-CT-77,/media/qiqi/P7000Z/WorkStation/medical/CT_Junior/CQ500/CQ500CT77 CQ500CT77/Unknown Study/CT PRE CONTRAST 5MM STD,CT PRE CONTRAST 5MM STD,/media/qiqi/P7000Z/WorkStation/medical/CT_Junior/CT artifact annotation/output_refined_v2/images_nifti/CQ500-CT-77.nii.gz,/media/qiqi/P7000Z/WorkStation/medical/CT_Junior/CT artifact annotation/output_refined_v2/masks_nifti/CQ500-CT-77.nii.gz,4589,20,30,512,512
CQ500-CT-78,/media/qiqi/P7000Z/WorkStation/medical/CT_Junior/CQ500/CQ500CT78 CQ500CT78/Unknown Study/CT Plain,CT Plain,/media/qiqi/P7000Z/WorkStation/medical/CT_Junior/CT artifact annotation/output_refined_v2/images_nifti/CQ500-CT-78.nii.gz,/media/qiqi/P7000Z/WorkStation/medical/CT_Junior/CT artifact annotation/output_refined_v2/masks_nifti/CQ500-CT-78.nii.gz,6047,23,32,512,512
CQ500-CT-79,/media/qiqi/P7000Z/WorkStation/medical/CT_Junior/CQ500/CQ500CT79 CQ500CT79/Unknown Study/CT PLAIN THIN,CT PLAIN THIN,/media/qiqi/P7000Z/WorkStation/medical/CT_Junior/CT artifact annotation/output_refined_v2/images_nifti/CQ500-CT-79.nii.gz,/media/qiqi/P7000Z/WorkStation/medical/CT_Junior/CT artifact annotation/output_refined_v2/masks_nifti/CQ500-CT-79.nii.gz,52007,193,221,512,512
CQ500-CT-80,/media/qiqi/P7000Z/WorkStation/medical/CT_Junior/CQ500/CQ500CT80 CQ500CT80/Unknown Study/CT 0.625mm,CT 0.625mm,/media/qiqi/P7000Z/WorkStation/medical/CT_Junior/CT artifact annotation/output_refined_v2/images_nifti/CQ500-CT-80.nii.gz,/media/qiqi/P7000Z/WorkStation/medical/CT_Junior/CT artifact annotation/output_refined_v2/masks_nifti/CQ500-CT-80.nii.gz,97635,239,256,512,512
CQ500-CT-81,/media/qiqi/P7000Z/WorkStation/medical/CT_Junior/CQ500/CQ500CT81 CQ500CT81/Unknown Study/CT Thin Plain,CT Thin Plain,/media/qiqi/P7000Z/WorkStation/medical/CT_Junior/CT artifact annotation/output_refined_v2/images_nifti/CQ500-CT-81.nii.gz,/media/qiqi/P7000Z/WorkStation/medical/CT_Junior/CT artifact annotation/output_refined_v2/masks_nifti/CQ500-CT-81.nii.gz,296212,263,288,512,512
CQ500-CT-82,/media/qiqi/P7000Z/WorkStation/medical/CT_Junior/CQ500/CQ500CT82 CQ500CT82/Unknown Study/CT PLAIN THIN,CT PLAIN THIN,/media/qiqi/P7000Z/WorkStation/medical/CT_Junior/CT artifact annotation/output_refined_v2/images_nifti/CQ500-CT-82.nii.gz,/media/qiqi/P7000Z/WorkStation/medical/CT_Junior/CT artifact annotation/output_refined_v2/masks_nifti/CQ500-CT-82.nii.gz,138744,225,274,512,512
CQ500-CT-83,/media/qiqi/P7000Z/WorkStation/medical/CT_Junior/CQ500/CQ500CT83 CQ500CT83/Unknown Study/CT Plain,CT Plain,/media/qiqi/P7000Z/WorkStation/medical/CT_Junior/CT artifact annotation/output_refined_v2/images_nifti/CQ500-CT-83.nii.gz,/media/qiqi/P7000Z/WorkStation/medical/CT_Junior/CT artifact annotation/output_refined_v2/masks_nifti/CQ500-CT-83.nii.gz,5982,20,28,512,512
CQ500-CT-84,/media/qiqi/P7000Z/WorkStation/medical/CT_Junior/CQ500/CQ500CT84 CQ500CT84/Unknown Study/CT Plain,CT Plain,/media/qiqi/P7000Z/WorkStation/medical/CT_Junior/CT artifact annotation/output_refined_v2/images_nifti/CQ500-CT-84.nii.gz,/media/qiqi/P7000Z/WorkStation/medical/CT_Junior/CT artifact annotation/output_refined_v2/masks_nifti/CQ500-CT-84.nii.gz,671,14,34,512,512
CQ500-CT-85,/media/qiqi/P7000Z/WorkStation/medical/CT_Junior/CQ500/CQ500CT85 CQ500CT85/Unknown Study/CT Plain,CT Plain,/media/qiqi/P7000Z/WorkStation/medical/CT_Junior/CT artifact annotation/output_refined_v2/images_nifti/CQ500-CT-85.nii.gz,/media/qiqi/P7000Z/WorkStation/medical/CT_Junior/CT artifact annotation/output_refined_v2/masks_nifti/CQ500-CT-85.nii.gz,4001,6,34,512,512
CQ500-CT-86,/media/qiqi/P7000Z/WorkStation/medical/CT_Junior/CQ500/CQ500CT86 CQ500CT86/Unknown Study/CT Thin Plain,CT Thin Plain,/media/qiqi/P7000Z/WorkStation/medical/CT_Junior/CT artifact annotation/output_refined_v2/images_nifti/CQ500-CT-86.nii.gz,/media/qiqi/P7000Z/WorkStation/medical/CT_Junior/CT artifact annotation/output_refined_v2/masks_nifti/CQ500-CT-86.nii.gz,302280,276,288,512,512
CQ500-CT-87,/media/qiqi/P7000Z/WorkStation/medical/CT_Junior/CQ500/CQ500CT87 CQ500CT87/Unknown Study/CT Plain 3mm,CT Plain 3mm,/media/qiqi/P7000Z/WorkStation/medical/CT_Junior/CT artifact annotation/output_refined_v2/images_nifti/CQ500-CT-87.nii.gz,/media/qiqi/P7000Z/WorkStation/medical/CT_Junior/CT artifact annotation/output_refined_v2/masks_nifti/CQ500-CT-87.nii.gz,5485,43,54,512,512
CQ500-CT-88,/media/qiqi/P7000Z/WorkStation/medical/CT_Junior/CQ500/CQ500CT88 CQ500CT88/Unknown Study/CT 5mm POST CONTRAST,CT 5mm POST CONTRAST,/media/qiqi/P7000Z/WorkStation/medical/CT_Junior/CT artifact annotation/output_refined_v2/images_nifti/CQ500-CT-88.nii.gz,/media/qiqi/P7000Z/WorkStation/medical/CT_Junior/CT artifact annotation/output_refined_v2/masks_nifti/CQ500-CT-88.nii.gz,739229,222,247,512,512
CQ500-CT-89,/media/qiqi/P7000Z/WorkStation/medical/CT_Junior/CQ500/CQ500CT89 CQ500CT89/Unknown Study/CT PRE CONTRAST 5MM STD,CT PRE CONTRAST 5MM STD,/media/qiqi/P7000Z/WorkStation/medical/CT_Junior/CT artifact annotation/output_refined_v2/images_nifti/CQ500-CT-89.nii.gz,/media/qiqi/P7000Z/WorkStation/medical/CT_Junior/CT artifact annotation/output_refined_v2/masks_nifti/CQ500-CT-89.nii.gz,8595,18,30,512,512
CQ500-CT-90,/media/qiqi/P7000Z/WorkStation/medical/CT_Junior/CQ500/CQ500CT90 CQ500CT90/Unknown Study/CT 0.625mm,CT 0.625mm,/media/qiqi/P7000Z/WorkStation/medical/CT_Junior/CT artifact annotation/output_refined_v2/images_nifti/CQ500-CT-90.nii.gz,/media/qiqi/P7000Z/WorkStation/medical/CT_Junior/CT artifact annotation/output_refined_v2/masks_nifti/CQ500-CT-90.nii.gz,227762,267,288,512,512
CQ500-CT-91,/media/qiqi/P7000Z/WorkStation/medical/CT_Junior/CQ500/CQ500CT91 CQ500CT91/Unknown Study/CT Plain,CT Plain,/media/qiqi/P7000Z/WorkStation/medical/CT_Junior/CT artifact annotation/output_refined_v2/images_nifti/CQ500-CT-91.nii.gz,/media/qiqi/P7000Z/WorkStation/medical/CT_Junior/CT artifact annotation/output_refined_v2/masks_nifti/CQ500-CT-91.nii.gz,2536,19,34,512,512
CQ500-CT-92,/media/qiqi/P7000Z/WorkStation/medical/CT_Junior/CQ500/CQ500CT92 CQ500CT92/Unknown Study/CT Plain,CT Plain,/media/qiqi/P7000Z/WorkStation/medical/CT_Junior/CT artifact annotation/output_refined_v2/images_nifti/CQ500-CT-92.nii.gz,/media/qiqi/P7000Z/WorkStation/medical/CT_Junior/CT artifact annotation/output_refined_v2/masks_nifti/CQ500-CT-92.nii.gz,4905,22,32,512,512
CQ500-CT-93,/media/qiqi/P7000Z/WorkStation/medical/CT_Junior/CQ500/CQ500CT93 CQ500CT93/Unknown Study/CT PRE CONTRAST 5MM STD,CT PRE CONTRAST 5MM STD,/media/qiqi/P7000Z/WorkStation/medical/CT_Junior/CT artifact annotation/output_refined_v2/images_nifti/CQ500-CT-93.nii.gz,/media/qiqi/P7000Z/WorkStation/medical/CT_Junior/CT artifact annotation/output_refined_v2/masks_nifti/CQ500-CT-93.nii.gz,17518,21,30,512,512
CQ500-CT-94,/media/qiqi/P7000Z/WorkStation/medical/CT_Junior/CQ500/CQ500CT94 CQ500CT94/Unknown Study/CT Plain 3mm,CT Plain 3mm,/media/qiqi/P7000Z/WorkStation/medical/CT_Junior/CT artifact annotation/output_refined_v2/images_nifti/CQ500-CT-94.nii.gz,/media/qiqi/P7000Z/WorkStation/medical/CT_Junior/CT artifact annotation/output_refined_v2/masks_nifti/CQ500-CT-94.nii.gz,4436,19,52,512,512
CQ500-CT-95,/media/qiqi/P7000Z/WorkStation/medical/CT_Junior/CQ500/CQ500CT95 CQ500CT95/Unknown Study/CT PRE CONTRAST 5MM STD,CT PRE CONTRAST 5MM STD,/media/qiqi/P7000Z/WorkStation/medical/CT_Junior/CT artifact annotation/output_refined_v2/images_nifti/CQ500-CT-95.nii.gz,/media/qiqi/P7000Z/WorkStation/medical/CT_Junior/CT artifact annotation/output_refined_v2/masks_nifti/CQ500-CT-95.nii.gz,18496,21,30,512,512
CQ500-CT-96,/media/qiqi/P7000Z/WorkStation/medical/CT_Junior/CQ500/CQ500CT96 CQ500CT96/Unknown Study/CT Plain,CT Plain,/media/qiqi/P7000Z/WorkStation/medical/CT_Junior/CT artifact annotation/output_refined_v2/images_nifti/CQ500-CT-96.nii.gz,/media/qiqi/P7000Z/WorkStation/medical/CT_Junior/CT artifact annotation/output_refined_v2/masks_nifti/CQ500-CT-96.nii.gz,8873,22,23,512,512
CQ500-CT-97,/media/qiqi/P7000Z/WorkStation/medical/CT_Junior/CQ500/CQ500CT97 CQ500CT97/Unknown Study/CT PRE CONTRAST 5MM STD,CT PRE CONTRAST 5MM STD,/media/qiqi/P7000Z/WorkStation/medical/CT_Junior/CT artifact annotation/output_refined_v2/images_nifti/CQ500-CT-97.nii.gz,/media/qiqi/P7000Z/WorkStation/medical/CT_Junior/CT artifact annotation/output_refined_v2/masks_nifti/CQ500-CT-97.nii.gz,24814,22,31,512,512
CQ500-CT-98,/media/qiqi/P7000Z/WorkStation/medical/CT_Junior/CQ500/CQ500CT98 CQ500CT98/Unknown Study/CT PRE CONTRAST 5MM STD,CT PRE CONTRAST 5MM STD,/media/qiqi/P7000Z/WorkStation/medical/CT_Junior/CT artifact annotation/output_refined_v2/images_nifti/CQ500-CT-98.nii.gz,/media/qiqi/P7000Z/WorkStation/medical/CT_Junior/CT artifact annotation/output_refined_v2/masks_nifti/CQ500-CT-98.nii.gz,17647,26,34,512,512
CQ500-CT-99,/media/qiqi/P7000Z/WorkStation/medical/CT_Junior/CQ500/CQ500CT99 CQ500CT99/Unknown Study/CT PRE CONTRAST 5MM STD,CT PRE CONTRAST 5MM STD,/media/qiqi/P7000Z/WorkStation/medical/CT_Junior/CT artifact annotation/output_refined_v2/images_nifti/CQ500-CT-99.nii.gz,/media/qiqi/P7000Z/WorkStation/medical/CT_Junior/CT artifact annotation/output_refined_v2/masks_nifti/CQ500-CT-99.nii.gz,7146,19,31,512,512
CQ500-CT-100,/media/qiqi/P7000Z/WorkStation/medical/CT_Junior/CQ500/CQ500CT100 CQ500CT100/Unknown Study/CT Plain THIN,CT Plain THIN,/media/qiqi/P7000Z/WorkStation/medical/CT_Junior/CT artifact annotation/output_refined_v2/images_nifti/CQ500-CT-100.nii.gz,/media/qiqi/P7000Z/WorkStation/medical/CT_Junior/CT artifact annotation/output_refined_v2/masks_nifti/CQ500-CT-100.nii.gz,517060,323,337,512,512
CQ500-CT-101,/media/qiqi/P7000Z/WorkStation/medical/CT_Junior/CQ500/CQ500CT101 CQ500CT101/Unknown Study/CT Plain,CT Plain,/media/qiqi/P7000Z/WorkStation/medical/CT_Junior/CT artifact annotation/output_refined_v2/images_nifti/CQ500-CT-101.nii.gz,/media/qiqi/P7000Z/WorkStation/medical/CT_Junior/CT artifact annotation/output_refined_v2/masks_nifti/CQ500-CT-101.nii.gz,3329,19,28,512,512
CQ500-CT-102,/media/qiqi/P7000Z/WorkStation/medical/CT_Junior/CQ500/CQ500CT102 CQ500CT102/Unknown Study/CT Plain,CT Plain,/media/qiqi/P7000Z/WorkStation/medical/CT_Junior/CT artifact annotation/output_refined_v2/images_nifti/CQ500-CT-102.nii.gz,/media/qiqi/P7000Z/WorkStation/medical/CT_Junior/CT artifact annotation/output_refined_v2/masks_nifti/CQ500-CT-102.nii.gz,2693,21,30,512,512
CQ500-CT-103,/media/qiqi/P7000Z/WorkStation/medical/CT_Junior/CQ500/CQ500CT103 CQ500CT103/Unknown Study/CT Thin Plain,CT Thin Plain,/media/qiqi/P7000Z/WorkStation/medical/CT_Junior/CT artifact annotation/output_refined_v2/images_nifti/CQ500-CT-103.nii.gz,/media/qiqi/P7000Z/WorkStation/medical/CT_Junior/CT artifact annotation/output_refined_v2/masks_nifti/CQ500-CT-103.nii.gz,591838,239,256,512,512
CQ500-CT-104,/media/qiqi/P7000Z/WorkStation/medical/CT_Junior/CQ500/CQ500CT104 CQ500CT104/Unknown Study/CT Plain,CT Plain,/media/qiqi/P7000Z/WorkStation/medical/CT_Junior/CT artifact annotation/output_refined_v2/images_nifti/CQ500-CT-104.nii.gz,/media/qiqi/P7000Z/WorkStation/medical/CT_Junior/CT artifact annotation/output_refined_v2/masks_nifti/CQ500-CT-104.nii.gz,13333,23,28,512,512
CQ500-CT-105,/media/qiqi/P7000Z/WorkStation/medical/CT_Junior/CQ500/CQ500CT105 CQ500CT105/Unknown Study/CT PRE CONTRAST 5MM STD,CT PRE CONTRAST 5MM STD,/media/qiqi/P7000Z/WorkStation/medical/CT_Junior/CT artifact annotation/output_refined_v2/images_nifti/CQ500-CT-105.nii.gz,/media/qiqi/P7000Z/WorkStation/medical/CT_Junior/CT artifact annotation/output_refined_v2/masks_nifti/CQ500-CT-105.nii.gz,19756,19,28,512,512
CQ500-CT-106,/media/qiqi/P7000Z/WorkStation/medical/CT_Junior/CQ500/CQ500CT106 CQ500CT106/Unknown Study/CT Thin Plain,CT Thin Plain,/media/qiqi/P7000Z/WorkStation/medical/CT_Junior/CT artifact annotation/output_refined_v2/images_nifti/CQ500-CT-106.nii.gz,/media/qiqi/P7000Z/WorkStation/medical/CT_Junior/CT artifact annotation/output_refined_v2/masks_nifti/CQ500-CT-106.nii.gz,907282,237,256,512,512
CQ500-CT-107,/media/qiqi/P7000Z/WorkStation/medical/CT_Junior/CQ500/CQ500CT107 CQ500CT107/Unknown Study/CT Thin Plain,CT Thin Plain,/media/qiqi/P7000Z/WorkStation/medical/CT_Junior/CT artifact annotation/output_refined_v2/images_nifti/CQ500-CT-107.nii.gz,/media/qiqi/P7000Z/WorkStation/medical/CT_Junior/CT artifact annotation/output_refined_v2/masks_nifti/CQ500-CT-107.nii.gz,107893,234,256,512,512
CQ500-CT-108,/media/qiqi/P7000Z/WorkStation/medical/CT_Junior/CQ500/CQ500CT108 CQ500CT108/Unknown Study/CT 0.625mm,CT 0.625mm,/media/qiqi/P7000Z/WorkStation/medical/CT_Junior/CT artifact annotation/output_refined_v2/images_nifti/CQ500-CT-108.nii.gz,/media/qiqi/P7000Z/WorkStation/medical/CT_Junior/CT artifact annotation/output_refined_v2/masks_nifti/CQ500-CT-108.nii.gz,562957,252,256,512,512
CQ500-CT-109,/media/qiqi/P7000Z/WorkStation/medical/CT_Junior/CQ500/CQ500CT109 CQ500CT109/Unknown Study/CT 0.625mm,CT 0.625mm,/media/qiqi/P7000Z/WorkStation/medical/CT_Junior/CT artifact annotation/output_refined_v2/images_nifti/CQ500-CT-109.nii.gz,/media/qiqi/P7000Z/WorkStation/medical/CT_Junior/CT artifact annotation/output_refined_v2/masks_nifti/CQ500-CT-109.nii.gz,467736,246,256,512,512
CQ500-CT-110,/media/qiqi/P7000Z/WorkStation/medical/CT_Junior/CQ500/CQ500CT110 CQ500CT110/Unknown Study/CT Thin Plain,CT Thin Plain,/media/qiqi/P7000Z/WorkStation/medical/CT_Junior/CT artifact annotation/output_refined_v2/images_nifti/CQ500-CT-110.nii.gz,/media/qiqi/P7000Z/WorkStation/medical/CT_Junior/CT artifact annotation/output_refined_v2/masks_nifti/CQ500-CT-110.nii.gz,509737,269,288,512,512
CQ500-CT-111,/media/qiqi/P7000Z/WorkStation/medical/CT_Junior/CQ500/CQ500CT111 CQ500CT111/Unknown Study/CT Plain,CT Plain,/media/qiqi/P7000Z/WorkStation/medical/CT_Junior/CT artifact annotation/output_refined_v2/images_nifti/CQ500-CT-111.nii.gz,/media/qiqi/P7000Z/WorkStation/medical/CT_Junior/CT artifact annotation/output_refined_v2/masks_nifti/CQ500-CT-111.nii.gz,21264,29,34,512,512
CQ500-CT-112,/media/qiqi/P7000Z/WorkStation/medical/CT_Junior/CQ500/CQ500CT112 CQ500CT112/Unknown Study/CT Plain THIN,CT Plain THIN,/media/qiqi/P7000Z/WorkStation/medical/CT_Junior/CT artifact annotation/output_refined_v2/images_nifti/CQ500-CT-112.nii.gz,/media/qiqi/P7000Z/WorkStation/medical/CT_Junior/CT artifact annotation/output_refined_v2/masks_nifti/CQ500-CT-112.nii.gz,165259,325,325,512,512
CQ500-CT-113,/media/qiqi/P7000Z/WorkStation/medical/CT_Junior/CQ500/CQ500CT113 CQ500CT113/Unknown Study/CT Plain,CT Plain,/media/qiqi/P7000Z/WorkStation/medical/CT_Junior/CT artifact annotation/output_refined_v2/images_nifti/CQ500-CT-113.nii.gz,/media/qiqi/P7000Z/WorkStation/medical/CT_Junior/CT artifact annotation/output_refined_v2/masks_nifti/CQ500-CT-113.nii.gz,2592,26,34,512,512
CQ500-CT-114,/media/qiqi/P7000Z/WorkStation/medical/CT_Junior/CQ500/CQ500CT114 CQ500CT114/Unknown Study/CT Plain THIN,CT Plain THIN,/media/qiqi/P7000Z/WorkStation/medical/CT_Junior/CT artifact annotation/output_refined_v2/images_nifti/CQ500-CT-114.nii.gz,/media/qiqi/P7000Z/WorkStation/medical/CT_Junior/CT artifact annotation/output_refined_v2/masks_nifti/CQ500-CT-114.nii.gz,38306,114,325,512,512
CQ500-CT-115,/media/qiqi/P7000Z/WorkStation/medical/CT_Junior/CQ500/CQ500CT115 CQ500CT115/Unknown Study/CT Plain 3mm,CT Plain 3mm,/media/qiqi/P7000Z/WorkStation/medical/CT_Junior/CT artifact annotation/output_refined_v2/images_nifti/CQ500-CT-115.nii.gz,/media/qiqi/P7000Z/WorkStation/medical/CT_Junior/CT artifact annotation/output_refined_v2/masks_nifti/CQ500-CT-115.nii.gz,5631,43,55,512,512
CQ500-CT-116,/media/qiqi/P7000Z/WorkStation/medical/CT_Junior/CQ500/CQ500CT116 CQ500CT116/Unknown Study/CT Plain,CT Plain,/media/qiqi/P7000Z/WorkStation/medical/CT_Junior/CT artifact annotation/output_refined_v2/images_nifti/CQ500-CT-116.nii.gz,/media/qiqi/P7000Z/WorkStation/medical/CT_Junior/CT artifact annotation/output_refined_v2/masks_nifti/CQ500-CT-116.nii.gz,7947,22,28,512,512
CQ500-CT-117,/media/qiqi/P7000Z/WorkStation/medical/CT_Junior/CQ500/CQ500CT117 CQ500CT117/Unknown Study/CT 5mm POST CONTRAST,CT 5mm POST CONTRAST,/media/qiqi/P7000Z/WorkStation/medical/CT_Junior/CT artifact annotation/output_refined_v2/images_nifti/CQ500-CT-117.nii.gz,/media/qiqi/P7000Z/WorkStation/medical/CT_Junior/CT artifact annotation/output_refined_v2/masks_nifti/CQ500-CT-117.nii.gz,201916,227,233,512,512
CQ500-CT-118,/media/qiqi/P7000Z/WorkStation/medical/CT_Junior/CQ500/CQ500CT118 CQ500CT118/Unknown Study/CT Plain 3mm,CT Plain 3mm,/media/qiqi/P7000Z/WorkStation/medical/CT_Junior/CT artifact annotation/output_refined_v2/images_nifti/CQ500-CT-118.nii.gz,/media/qiqi/P7000Z/WorkStation/medical/CT_Junior/CT artifact annotation/output_refined_v2/masks_nifti/CQ500-CT-118.nii.gz,882,15,49,512,512
CQ500-CT-119,/media/qiqi/P7000Z/WorkStation/medical/CT_Junior/CQ500/CQ500CT119 CQ500CT119/Unknown Study/CT PRE CONTRAST 5MM STD,CT PRE CONTRAST 5MM STD,/media/qiqi/P7000Z/WorkStation/medical/CT_Junior/CT artifact annotation/output_refined_v2/images_nifti/CQ500-CT-119.nii.gz,/media/qiqi/P7000Z/WorkStation/medical/CT_Junior/CT artifact annotation/output_refined_v2/masks_nifti/CQ500-CT-119.nii.gz,14442,24,33,512,512
CQ500-CT-121,/media/qiqi/P7000Z/WorkStation/medical/CT_Junior/CQ500/CQ500CT121 CQ500CT121/Unknown Study/CT Plain,CT Plain,/media/qiqi/P7000Z/WorkStation/medical/CT_Junior/CT artifact annotation/output_refined_v2/images_nifti/CQ500-CT-121.nii.gz,/media/qiqi/P7000Z/WorkStation/medical/CT_Junior/CT artifact annotation/output_refined_v2/masks_nifti/CQ500-CT-121.nii.gz,1634,16,36,512,512
CQ500-CT-122,/media/qiqi/P7000Z/WorkStation/medical/CT_Junior/CQ500/CQ500CT122 CQ500CT122/Unknown Study/CT PRE CONTRAST 5MM STD,CT PRE CONTRAST 5MM STD,/media/qiqi/P7000Z/WorkStation/medical/CT_Junior/CT artifact annotation/output_refined_v2/images_nifti/CQ500-CT-122.nii.gz,/media/qiqi/P7000Z/WorkStation/medical/CT_Junior/CT artifact annotation/output_refined_v2/masks_nifti/CQ500-CT-122.nii.gz,9991,21,32,512,512
CQ500-CT-123,/media/qiqi/P7000Z/WorkStation/medical/CT_Junior/CQ500/CQ500CT123 CQ500CT123/Unknown Study/CT Plain,CT Plain,/media/qiqi/P7000Z/WorkStation/medical/CT_Junior/CT artifact annotation/output_refined_v2/images_nifti/CQ500-CT-123.nii.gz,/media/qiqi/P7000Z/WorkStation/medical/CT_Junior/CT artifact annotation/output_refined_v2/masks_nifti/CQ500-CT-123.nii.gz,375,15,28,512,512
CQ500-CT-124,/media/qiqi/P7000Z/WorkStation/medical/CT_Junior/CQ500/CQ500CT124 CQ500CT124/Unknown Study/CT 5mm POST CONTRAST,CT 5mm POST CONTRAST,/media/qiqi/P7000Z/WorkStation/medical/CT_Junior/CT artifact annotation/output_refined_v2/images_nifti/CQ500-CT-124.nii.gz,/media/qiqi/P7000Z/WorkStation/medical/CT_Junior/CT artifact annotation/output_refined_v2/masks_nifti/CQ500-CT-124.nii.gz,1243701,230,232,512,512
CQ500-CT-125,/media/qiqi/P7000Z/WorkStation/medical/CT_Junior/CQ500/CQ500CT125 CQ500CT125/Unknown Study/CT 2.55mm,CT 2.55mm,/media/qiqi/P7000Z/WorkStation/medical/CT_Junior/CT artifact annotation/output_refined_v2/images_nifti/CQ500-CT-125.nii.gz,/media/qiqi/P7000Z/WorkStation/medical/CT_Junior/CT artifact annotation/output_refined_v2/masks_nifti/CQ500-CT-125.nii.gz,1784,14,48,512,512
CQ500-CT-126,/media/qiqi/P7000Z/WorkStation/medical/CT_Junior/CQ500/CQ500CT126 CQ500CT126/Unknown Study/CT Plain,CT Plain,/media/qiqi/P7000Z/WorkStation/medical/CT_Junior/CT artifact annotation/output_refined_v2/images_nifti/CQ500-CT-126.nii.gz,/media/qiqi/P7000Z/WorkStation/medical/CT_Junior/CT artifact annotation/output_refined_v2/masks_nifti/CQ500-CT-126.nii.gz,4595,13,30,512,512
CQ500-CT-127,/media/qiqi/P7000Z/WorkStation/medical/CT_Junior/CQ500/CQ500CT127 CQ500CT127/Unknown Study/CT Thin Plain,CT Thin Plain,/media/qiqi/P7000Z/WorkStation/medical/CT_Junior/CT artifact annotation/output_refined_v2/images_nifti/CQ500-CT-127.nii.gz,/media/qiqi/P7000Z/WorkStation/medical/CT_Junior/CT artifact annotation/output_refined_v2/masks_nifti/CQ500-CT-127.nii.gz,183875,342,352,512,512
CQ500-CT-128,/media/qiqi/P7000Z/WorkStation/medical/CT_Junior/CQ500/CQ500CT128 CQ500CT128/Unknown Study/CT PRE CONTRAST 5MM STD,CT PRE CONTRAST 5MM STD,/media/qiqi/P7000Z/WorkStation/medical/CT_Junior/CT artifact annotation/output_refined_v2/images_nifti/CQ500-CT-128.nii.gz,/media/qiqi/P7000Z/WorkStation/medical/CT_Junior/CT artifact annotation/output_refined_v2/masks_nifti/CQ500-CT-128.nii.gz,23183,23,31,512,512
CQ500-CT-129,/media/qiqi/P7000Z/WorkStation/medical/CT_Junior/CQ500/CQ500CT129 CQ500CT129/Unknown Study/CT Thin Plain,CT Thin Plain,/media/qiqi/P7000Z/WorkStation/medical/CT_Junior/CT artifact annotation/output_refined_v2/images_nifti/CQ500-CT-129.nii.gz,/media/qiqi/P7000Z/WorkStation/medical/CT_Junior/CT artifact annotation/output_refined_v2/masks_nifti/CQ500-CT-129.nii.gz,409100,268,288,512,512
CQ500-CT-130,/media/qiqi/P7000Z/WorkStation/medical/CT_Junior/CQ500/CQ500CT130 CQ500CT130/Unknown Study/CT Plain,CT Plain,/media/qiqi/P7000Z/WorkStation/medical/CT_Junior/CT artifact annotation/output_refined_v2/images_nifti/CQ500-CT-130.nii.gz,/media/qiqi/P7000Z/WorkStation/medical/CT_Junior/CT artifact annotation/output_refined_v2/masks_nifti/CQ500-CT-130.nii.gz,23525,25,32,512,512
CQ500-CT-131,/media/qiqi/P7000Z/WorkStation/medical/CT_Junior/CQ500/CQ500CT131 CQ500CT131/Unknown Study/CT Plain 3mm,CT Plain 3mm,/media/qiqi/P7000Z/WorkStation/medical/CT_Junior/CT artifact annotation/output_refined_v2/images_nifti/CQ500-CT-131.nii.gz,/media/qiqi/P7000Z/WorkStation/medical/CT_Junior/CT artifact annotation/output_refined_v2/masks_nifti/CQ500-CT-131.nii.gz,17592,47,49,512,512
CQ500-CT-132,/media/qiqi/P7000Z/WorkStation/medical/CT_Junior/CQ500/CQ500CT132 CQ500CT132/Unknown Study/CT PRE CONTRAST 5MM STD,CT PRE CONTRAST 5MM STD,/media/qiqi/P7000Z/WorkStation/medical/CT_Junior/CT artifact annotation/output_refined_v2/images_nifti/CQ500-CT-132.nii.gz,/media/qiqi/P7000Z/WorkStation/medical/CT_Junior/CT artifact annotation/output_refined_v2/masks_nifti/CQ500-CT-132.nii.gz,7995,23,32,512,512
CQ500-CT-133,/media/qiqi/P7000Z/WorkStation/medical/CT_Junior/CQ500/CQ500CT133 CQ500CT133/Unknown Study/CT Plain 3mm,CT Plain 3mm,/media/qiqi/P7000Z/WorkStation/medical/CT_Junior/CT artifact annotation/output_refined_v2/images_nifti/CQ500-CT-133.nii.gz,/media/qiqi/P7000Z/WorkStation/medical/CT_Junior/CT artifact annotation/output_refined_v2/masks_nifti/CQ500-CT-133.nii.gz,6656,48,53,512,512
CQ500-CT-134,/media/qiqi/P7000Z/WorkStation/medical/CT_Junior/CQ500/CQ500CT134 CQ500CT134/Unknown Study/CT Plain 3mm,CT Plain 3mm,/media/qiqi/P7000Z/WorkStation/medical/CT_Junior/CT artifact annotation/output_refined_v2/images_nifti/CQ500-CT-134.nii.gz,/media/qiqi/P7000Z/WorkStation/medical/CT_Junior/CT artifact annotation/output_refined_v2/masks_nifti/CQ500-CT-134.nii.gz,945,9,50,512,512
CQ500-CT-135,/media/qiqi/P7000Z/WorkStation/medical/CT_Junior/CQ500/CQ500CT135 CQ500CT135/Unknown Study/CT Plain,CT Plain,/media/qiqi/P7000Z/WorkStation/medical/CT_Junior/CT artifact annotation/output_refined_v2/images_nifti/CQ500-CT-135.nii.gz,/media/qiqi/P7000Z/WorkStation/medical/CT_Junior/CT artifact annotation/output_refined_v2/masks_nifti/CQ500-CT-135.nii.gz,1959,17,28,512,512
CQ500-CT-136,/media/qiqi/P7000Z/WorkStation/medical/CT_Junior/CQ500/CQ500CT136 CQ500CT136/Unknown Study/CT 2.55mm,CT 2.55mm,/media/qiqi/P7000Z/WorkStation/medical/CT_Junior/CT artifact annotation/output_refined_v2/images_nifti/CQ500-CT-136.nii.gz,/media/qiqi/P7000Z/WorkStation/medical/CT_Junior/CT artifact annotation/output_refined_v2/masks_nifti/CQ500-CT-136.nii.gz,575,5,36,512,512
CQ500-CT-137,/media/qiqi/P7000Z/WorkStation/medical/CT_Junior/CQ500/CQ500CT137 CQ500CT137/Unknown Study/CT PRE CONTRAST 5MM STD,CT PRE CONTRAST 5MM STD,/media/qiqi/P7000Z/WorkStation/medical/CT_Junior/CT artifact annotation/output_refined_v2/images_nifti/CQ500-CT-137.nii.gz,/media/qiqi/P7000Z/WorkStation/medical/CT_Junior/CT artifact annotation/output_refined_v2/masks_nifti/CQ500-CT-137.nii.gz,4359,21,31,512,512
CQ500-CT-138,/media/qiqi/P7000Z/WorkStation/medical/CT_Junior/CQ500/CQ500CT138 CQ500CT138/Unknown Study/CT PRE CONTRAST 5MM STD,CT PRE CONTRAST 5MM STD,/media/qiqi/P7000Z/WorkStation/medical/CT_Junior/CT artifact annotation/output_refined_v2/images_nifti/CQ500-CT-138.nii.gz,/media/qiqi/P7000Z/WorkStation/medical/CT_Junior/CT artifact annotation/output_refined_v2/masks_nifti/CQ500-CT-138.nii.gz,18297,23,31,512,512
CQ500-CT-139,/media/qiqi/P7000Z/WorkStation/medical/CT_Junior/CQ500/CQ500CT139 CQ500CT139/Unknown Study/CT Thin Plain,CT Thin Plain,/media/qiqi/P7000Z/WorkStation/medical/CT_Junior/CT artifact annotation/output_refined_v2/images_nifti/CQ500-CT-139.nii.gz,/media/qiqi/P7000Z/WorkStation/medical/CT_Junior/CT artifact annotation/output_refined_v2/masks_nifti/CQ500-CT-139.nii.gz,304613,234,256,512,512
CQ500-CT-140,/media/qiqi/P7000Z/WorkStation/medical/CT_Junior/CQ500/CQ500CT140 CQ500CT140/Unknown Study/CT Plain,CT Plain,/media/qiqi/P7000Z/WorkStation/medical/CT_Junior/CT artifact annotation/output_refined_v2/images_nifti/CQ500-CT-140.nii.gz,/media/qiqi/P7000Z/WorkStation/medical/CT_Junior/CT artifact annotation/output_refined_v2/masks_nifti/CQ500-CT-140.nii.gz,1674,8,32,512,512
CQ500-CT-141,/media/qiqi/P7000Z/WorkStation/medical/CT_Junior/CQ500/CQ500CT141 CQ500CT141/Unknown Study/CT PRE CONTRAST 5MM STD,CT PRE CONTRAST 5MM STD,/media/qiqi/P7000Z/WorkStation/medical/CT_Junior/CT artifact annotation/output_refined_v2/images_nifti/CQ500-CT-141.nii.gz,/media/qiqi/P7000Z/WorkStation/medical/CT_Junior/CT artifact annotation/output_refined_v2/masks_nifti/CQ500-CT-141.nii.gz,1790,18,31,512,512
CQ500-CT-142,/media/qiqi/P7000Z/WorkStation/medical/CT_Junior/CQ500/CQ500CT142 CQ500CT142/Unknown Study/CT Thin Plain,CT Thin Plain,/media/qiqi/P7000Z/WorkStation/medical/CT_Junior/CT artifact annotation/output_refined_v2/images_nifti/CQ500-CT-142.nii.gz,/media/qiqi/P7000Z/WorkStation/medical/CT_Junior/CT artifact annotation/output_refined_v2/masks_nifti/CQ500-CT-142.nii.gz,141073,264,288,512,512
CQ500-CT-143,/media/qiqi/P7000Z/WorkStation/medical/CT_Junior/CQ500/CQ500CT143 CQ500CT143/Unknown Study/CT Plain,CT Plain,/media/qiqi/P7000Z/WorkStation/medical/CT_Junior/CT artifact annotation/output_refined_v2/images_nifti/CQ500-CT-143.nii.gz,/media/qiqi/P7000Z/WorkStation/medical/CT_Junior/CT artifact annotation/output_refined_v2/masks_nifti/CQ500-CT-143.nii.gz,7425,18,28,512,512
CQ500-CT-144,/media/qiqi/P7000Z/WorkStation/medical/CT_Junior/CQ500/CQ500CT144 CQ500CT144/Unknown Study/CT PRE CONTRAST 5MM STD,CT PRE CONTRAST 5MM STD,/media/qiqi/P7000Z/WorkStation/medical/CT_Junior/CT artifact annotation/output_refined_v2/images_nifti/CQ500-CT-144.nii.gz,/media/qiqi/P7000Z/WorkStation/medical/CT_Junior/CT artifact annotation/output_refined_v2/masks_nifti/CQ500-CT-144.nii.gz,11774,23,32,512,512
CQ500-CT-145,/media/qiqi/P7000Z/WorkStation/medical/CT_Junior/CQ500/CQ500CT145 CQ500CT145/Unknown Study/CT Plain,CT Plain,/media/qiqi/P7000Z/WorkStation/medical/CT_Junior/CT artifact annotation/output_refined_v2/images_nifti/CQ500-CT-145.nii.gz,/media/qiqi/P7000Z/WorkStation/medical/CT_Junior/CT artifact annotation/output_refined_v2/masks_nifti/CQ500-CT-145.nii.gz,15146,24,30,512,512
CQ500-CT-146,/media/qiqi/P7000Z/WorkStation/medical/CT_Junior/CQ500/CQ500CT146 CQ500CT146/Unknown Study/CT 5mm POST CONTRAST,CT 5mm POST CONTRAST,/media/qiqi/P7000Z/WorkStation/medical/CT_Junior/CT artifact annotation/output_refined_v2/images_nifti/CQ500-CT-146.nii.gz,/media/qiqi/P7000Z/WorkStation/medical/CT_Junior/CT artifact annotation/output_refined_v2/masks_nifti/CQ500-CT-146.nii.gz,936035,223,233,512,512
CQ500-CT-147,/media/qiqi/P7000Z/WorkStation/medical/CT_Junior/CQ500/CQ500CT147 CQ500CT147/Unknown Study/CT 2.55mm,CT 2.55mm,/media/qiqi/P7000Z/WorkStation/medical/CT_Junior/CT artifact annotation/output_refined_v2/images_nifti/CQ500-CT-147.nii.gz,/media/qiqi/P7000Z/WorkStation/medical/CT_Junior/CT artifact annotation/output_refined_v2/masks_nifti/CQ500-CT-147.nii.gz,199,2,32,512,512
CQ500-CT-148,/media/qiqi/P7000Z/WorkStation/medical/CT_Junior/CQ500/CQ500CT148 CQ500CT148/Unknown Study/CT Thin Plain,CT Thin Plain,/media/qiqi/P7000Z/WorkStation/medical/CT_Junior/CT artifact annotation/output_refined_v2/images_nifti/CQ500-CT-148.nii.gz,/media/qiqi/P7000Z/WorkStation/medical/CT_Junior/CT artifact annotation/output_refined_v2/masks_nifti/CQ500-CT-148.nii.gz,57926,64,64,512,512
CQ500-CT-149,/media/qiqi/P7000Z/WorkStation/medical/CT_Junior/CQ500/CQ500CT149 CQ500CT149/Unknown Study/CT 0.625mm,CT 0.625mm,/media/qiqi/P7000Z/WorkStation/medical/CT_Junior/CT artifact annotation/output_refined_v2/images_nifti/CQ500-CT-149.nii.gz,/media/qiqi/P7000Z/WorkStation/medical/CT_Junior/CT artifact annotation/output_refined_v2/masks_nifti/CQ500-CT-149.nii.gz,764638,253,256,512,512
CQ500-CT-150,/media/qiqi/P7000Z/WorkStation/medical/CT_Junior/CQ500/CQ500CT150 CQ500CT150/Unknown Study/CT Thin Plain,CT Thin Plain,/media/qiqi/P7000Z/WorkStation/medical/CT_Junior/CT artifact annotation/output_refined_v2/images_nifti/CQ500-CT-150.nii.gz,/media/qiqi/P7000Z/WorkStation/medical/CT_Junior/CT artifact annotation/output_refined_v2/masks_nifti/CQ500-CT-150.nii.gz,426261,243,256,512,512
CQ500-CT-151,/media/qiqi/P7000Z/WorkStation/medical/CT_Junior/CQ500/CQ500CT151 CQ500CT151/Unknown Study/CT Plain THIN,CT Plain THIN,/media/qiqi/P7000Z/WorkStation/medical/CT_Junior/CT artifact annotation/output_refined_v2/images_nifti/CQ500-CT-151.nii.gz,/media/qiqi/P7000Z/WorkStation/medical/CT_Junior/CT artifact annotation/output_refined_v2/masks_nifti/CQ500-CT-151.nii.gz,96518,159,325,512,512
CQ500-CT-152,/media/qiqi/P7000Z/WorkStation/medical/CT_Junior/CQ500/CQ500CT152 CQ500CT152/Unknown Study/CT Plain,CT Plain,/media/qiqi/P7000Z/WorkStation/medical/CT_Junior/CT artifact annotation/output_refined_v2/images_nifti/CQ500-CT-152.nii.gz,/media/qiqi/P7000Z/WorkStation/medical/CT_Junior/CT artifact annotation/output_refined_v2/masks_nifti/CQ500-CT-152.nii.gz,5728,21,30,512,512
CQ500-CT-153,/media/qiqi/P7000Z/WorkStation/medical/CT_Junior/CQ500/CQ500CT153 CQ500CT153/Unknown Study/CT PLAIN THIN,CT PLAIN THIN,/media/qiqi/P7000Z/WorkStation/medical/CT_Junior/CT artifact annotation/output_refined_v2/images_nifti/CQ500-CT-153.nii.gz,/media/qiqi/P7000Z/WorkStation/medical/CT_Junior/CT artifact annotation/output_refined_v2/masks_nifti/CQ500-CT-153.nii.gz,471350,314,331,512,512
CQ500-CT-154,/media/qiqi/P7000Z/WorkStation/medical/CT_Junior/CQ500/CQ500CT154 CQ500CT154/Unknown Study/CT Plain,CT Plain,/media/qiqi/P7000Z/WorkStation/medical/CT_Junior/CT artifact annotation/output_refined_v2/images_nifti/CQ500-CT-154.nii.gz,/media/qiqi/P7000Z/WorkStation/medical/CT_Junior/CT artifact annotation/output_refined_v2/masks_nifti/CQ500-CT-154.nii.gz,14839,25,32,512,512
CQ500-CT-155,/media/qiqi/P7000Z/WorkStation/medical/CT_Junior/CQ500/CQ500CT155 CQ500CT155/Unknown Study/CT 0.625mm,CT 0.625mm,/media/qiqi/P7000Z/WorkStation/medical/CT_Junior/CT artifact annotation/output_refined_v2/images_nifti/CQ500-CT-155.nii.gz,/media/qiqi/P7000Z/WorkStation/medical/CT_Junior/CT artifact annotation/output_refined_v2/masks_nifti/CQ500-CT-155.nii.gz,903081,245,256,512,512
CQ500-CT-156,/media/qiqi/P7000Z/WorkStation/medical/CT_Junior/CQ500/CQ500CT156 CQ500CT156/Unknown Study/CT Plain,CT Plain,/media/qiqi/P7000Z/WorkStation/medical/CT_Junior/CT artifact annotation/output_refined_v2/images_nifti/CQ500-CT-156.nii.gz,/media/qiqi/P7000Z/WorkStation/medical/CT_Junior/CT artifact annotation/output_refined_v2/masks_nifti/CQ500-CT-156.nii.gz,785,19,30,512,512
CQ500-CT-157,/media/qiqi/P7000Z/WorkStation/medical/CT_Junior/CQ500/CQ500CT157 CQ500CT157/Unknown Study/CT Plain 3mm,CT Plain 3mm,/media/qiqi/P7000Z/WorkStation/medical/CT_Junior/CT artifact annotation/output_refined_v2/images_nifti/CQ500-CT-157.nii.gz,/media/qiqi/P7000Z/WorkStation/medical/CT_Junior/CT artifact annotation/output_refined_v2/masks_nifti/CQ500-CT-157.nii.gz,13908,52,53,512,512
CQ500-CT-158,/media/qiqi/P7000Z/WorkStation/medical/CT_Junior/CQ500/CQ500CT158 CQ500CT158/Unknown Study/CT PLAIN THIN,CT PLAIN THIN,/media/qiqi/P7000Z/WorkStation/medical/CT_Junior/CT artifact annotation/output_refined_v2/images_nifti/CQ500-CT-158.nii.gz,/media/qiqi/P7000Z/WorkStation/medical/CT_Junior/CT artifact annotation/output_refined_v2/masks_nifti/CQ500-CT-158.nii.gz,71870,211,290,512,512
CQ500-CT-159,/media/qiqi/P7000Z/WorkStation/medical/CT_Junior/CQ500/CQ500CT159 CQ500CT159/Unknown Study/CT 0.625mm,CT 0.625mm,/media/qiqi/P7000Z/WorkStation/medical/CT_Junior/CT artifact annotation/output_refined_v2/images_nifti/CQ500-CT-159.nii.gz,/media/qiqi/P7000Z/WorkStation/medical/CT_Junior/CT artifact annotation/output_refined_v2/masks_nifti/CQ500-CT-159.nii.gz,1183698,251,256,512,512
CQ500-CT-160,/media/qiqi/P7000Z/WorkStation/medical/CT_Junior/CQ500/CQ500CT160 CQ500CT160/Unknown Study/CT Plain,CT Plain,/media/qiqi/P7000Z/WorkStation/medical/CT_Junior/CT artifact annotation/output_refined_v2/images_nifti/CQ500-CT-160.nii.gz,/media/qiqi/P7000Z/WorkStation/medical/CT_Junior/CT artifact annotation/output_refined_v2/masks_nifti/CQ500-CT-160.nii.gz,75,8,28,512,512
CQ500-CT-161,/media/qiqi/P7000Z/WorkStation/medical/CT_Junior/CQ500/CQ500CT161 CQ500CT161/Unknown Study/CT Plain 3mm,CT Plain 3mm,/media/qiqi/P7000Z/WorkStation/medical/CT_Junior/CT artifact annotation/output_refined_v2/images_nifti/CQ500-CT-161.nii.gz,/media/qiqi/P7000Z/WorkStation/medical/CT_Junior/CT artifact annotation/output_refined_v2/masks_nifti/CQ500-CT-161.nii.gz,13715,43,47,512,512
CQ500-CT-162,/media/qiqi/P7000Z/WorkStation/medical/CT_Junior/CQ500/CQ500CT162 CQ500CT162/Unknown Study/CT Plain,CT Plain,/media/qiqi/P7000Z/WorkStation/medical/CT_Junior/CT artifact annotation/output_refined_v2/images_nifti/CQ500-CT-162.nii.gz,/media/qiqi/P7000Z/WorkStation/medical/CT_Junior/CT artifact annotation/output_refined_v2/masks_nifti/CQ500-CT-162.nii.gz,5617,18,24,512,512
CQ500-CT-163,/media/qiqi/P7000Z/WorkStation/medical/CT_Junior/CQ500/CQ500CT163 CQ500CT163/Unknown Study/CT Thin Plain,CT Thin Plain,/media/qiqi/P7000Z/WorkStation/medical/CT_Junior/CT artifact annotation/output_refined_v2/images_nifti/CQ500-CT-163.nii.gz,/media/qiqi/P7000Z/WorkStation/medical/CT_Junior/CT artifact annotation/output_refined_v2/masks_nifti/CQ500-CT-163.nii.gz,3318,2,4,512,512
CQ500-CT-164,/media/qiqi/P7000Z/WorkStation/medical/CT_Junior/CQ500/CQ500CT164 CQ500CT164/Unknown Study/CT Plain,CT Plain,/media/qiqi/P7000Z/WorkStation/medical/CT_Junior/CT artifact annotation/output_refined_v2/images_nifti/CQ500-CT-164.nii.gz,/media/qiqi/P7000Z/WorkStation/medical/CT_Junior/CT artifact annotation/output_refined_v2/masks_nifti/CQ500-CT-164.nii.gz,297,12,30,512,512
CQ500-CT-165,/media/qiqi/P7000Z/WorkStation/medical/CT_Junior/CQ500/CQ500CT165 CQ500CT165/Unknown Study/CT PRE CONTRAST 5MM STD,CT PRE CONTRAST 5MM STD,/media/qiqi/P7000Z/WorkStation/medical/CT_Junior/CT artifact annotation/output_refined_v2/images_nifti/CQ500-CT-165.nii.gz,/media/qiqi/P7000Z/WorkStation/medical/CT_Junior/CT artifact annotation/output_refined_v2/masks_nifti/CQ500-CT-165.nii.gz,5745,22,30,512,512
CQ500-CT-166,/media/qiqi/P7000Z/WorkStation/medical/CT_Junior/CQ500/CQ500CT166 CQ500CT166/Unknown Study/CT 0.625mm,CT 0.625mm,/media/qiqi/P7000Z/WorkStation/medical/CT_Junior/CT artifact annotation/output_refined_v2/images_nifti/CQ500-CT-166.nii.gz,/media/qiqi/P7000Z/WorkStation/medical/CT_Junior/CT artifact annotation/output_refined_v2/masks_nifti/CQ500-CT-166.nii.gz,1040010,276,288,512,512
CQ500-CT-167,/media/qiqi/P7000Z/WorkStation/medical/CT_Junior/CQ500/CQ500CT167 CQ500CT167/Unknown Study/CT 0.625mm,CT 0.625mm,/media/qiqi/P7000Z/WorkStation/medical/CT_Junior/CT artifact annotation/output_refined_v2/images_nifti/CQ500-CT-167.nii.gz,/media/qiqi/P7000Z/WorkStation/medical/CT_Junior/CT artifact annotation/output_refined_v2/masks_nifti/CQ500-CT-167.nii.gz,461072,270,288,512,512
CQ500-CT-168,/media/qiqi/P7000Z/WorkStation/medical/CT_Junior/CQ500/CQ500CT168 CQ500CT168/Unknown Study/CT PLAIN THIN,CT PLAIN THIN,/media/qiqi/P7000Z/WorkStation/medical/CT_Junior/CT artifact annotation/output_refined_v2/images_nifti/CQ500-CT-168.nii.gz,/media/qiqi/P7000Z/WorkStation/medical/CT_Junior/CT artifact annotation/output_refined_v2/masks_nifti/CQ500-CT-168.nii.gz,175299,215,221,512,512
CQ500-CT-169,/media/qiqi/P7000Z/WorkStation/medical/CT_Junior/CQ500/CQ500CT169 CQ500CT169/Unknown Study/CT Plain 3mm,CT Plain 3mm,/media/qiqi/P7000Z/WorkStation/medical/CT_Junior/CT artifact annotation/output_refined_v2/images_nifti/CQ500-CT-169.nii.gz,/media/qiqi/P7000Z/WorkStation/medical/CT_Junior/CT artifact annotation/output_refined_v2/masks_nifti/CQ500-CT-169.nii.gz,8878,38,54,512,512
CQ500-CT-170,/media/qiqi/P7000Z/WorkStation/medical/CT_Junior/CQ500/CQ500CT170 CQ500CT170/Unknown Study/CT Plain 3mm,CT Plain 3mm,/media/qiqi/P7000Z/WorkStation/medical/CT_Junior/CT artifact annotation/output_refined_v2/images_nifti/CQ500-CT-170.nii.gz,/media/qiqi/P7000Z/WorkStation/medical/CT_Junior/CT artifact annotation/output_refined_v2/masks_nifti/CQ500-CT-170.nii.gz,233,8,53,512,512
CQ500-CT-171,/media/qiqi/P7000Z/WorkStation/medical/CT_Junior/CQ500/CQ500CT171 CQ500CT171/Unknown Study/CT Plain,CT Plain,/media/qiqi/P7000Z/WorkStation/medical/CT_Junior/CT artifact annotation/output_refined_v2/images_nifti/CQ500-CT-171.nii.gz,/media/qiqi/P7000Z/WorkStation/medical/CT_Junior/CT artifact annotation/output_refined_v2/masks_nifti/CQ500-CT-171.nii.gz,316,11,32,512,512
CQ500-CT-172,/media/qiqi/P7000Z/WorkStation/medical/CT_Junior/CQ500/CQ500CT172 CQ500CT172/Unknown Study/CT Thin PLAIN,CT Thin PLAIN,/media/qiqi/P7000Z/WorkStation/medical/CT_Junior/CT artifact annotation/output_refined_v2/images_nifti/CQ500-CT-172.nii.gz,/media/qiqi/P7000Z/WorkStation/medical/CT_Junior/CT artifact annotation/output_refined_v2/masks_nifti/CQ500-CT-172.nii.gz,0,0,638,512,512
CQ500-CT-173,/media/qiqi/P7000Z/WorkStation/medical/CT_Junior/CQ500/CQ500CT173 CQ500CT173/Unknown Study/CT 5mm,CT 5mm,/media/qiqi/P7000Z/WorkStation/medical/CT_Junior/CT artifact annotation/output_refined_v2/images_nifti/CQ500-CT-173.nii.gz,/media/qiqi/P7000Z/WorkStation/medical/CT_Junior/CT artifact annotation/output_refined_v2/masks_nifti/CQ500-CT-173.nii.gz,33,2,101,512,512
CQ500-CT-174,/media/qiqi/P7000Z/WorkStation/medical/CT_Junior/CQ500/CQ500CT174 CQ500CT174/Unknown Study/CT 0.625mm,CT 0.625mm,/media/qiqi/P7000Z/WorkStation/medical/CT_Junior/CT artifact annotation/output_refined_v2/images_nifti/CQ500-CT-174.nii.gz,/media/qiqi/P7000Z/WorkStation/medical/CT_Junior/CT artifact annotation/output_refined_v2/masks_nifti/CQ500-CT-174.nii.gz,97938,123,256,512,512
CQ500-CT-175,/media/qiqi/P7000Z/WorkStation/medical/CT_Junior/CQ500/CQ500CT175 CQ500CT175/Unknown Study/CT PRE CONTRAST 5MM STD,CT PRE CONTRAST 5MM STD,/media/qiqi/P7000Z/WorkStation/medical/CT_Junior/CT artifact annotation/output_refined_v2/images_nifti/CQ500-CT-175.nii.gz,/media/qiqi/P7000Z/WorkStation/medical/CT_Junior/CT artifact annotation/output_refined_v2/masks_nifti/CQ500-CT-175.nii.gz,16514,20,28,512,512
CQ500-CT-176,/media/qiqi/P7000Z/WorkStation/medical/CT_Junior/CQ500/CQ500CT176 CQ500CT176/Unknown Study/CT Plain 3mm,CT Plain 3mm,/media/qiqi/P7000Z/WorkStation/medical/CT_Junior/CT artifact annotation/output_refined_v2/images_nifti/CQ500-CT-176.nii.gz,/media/qiqi/P7000Z/WorkStation/medical/CT_Junior/CT artifact annotation/output_refined_v2/masks_nifti/CQ500-CT-176.nii.gz,21591,53,67,512,512
CQ500-CT-177,/media/qiqi/P7000Z/WorkStation/medical/CT_Junior/CQ500/CQ500CT177 CQ500CT177/Unknown Study/CT PRE CONTRAST 5MM STD,CT PRE CONTRAST 5MM STD,/media/qiqi/P7000Z/WorkStation/medical/CT_Junior/CT artifact annotation/output_refined_v2/images_nifti/CQ500-CT-177.nii.gz,/media/qiqi/P7000Z/WorkStation/medical/CT_Junior/CT artifact annotation/output_refined_v2/masks_nifti/CQ500-CT-177.nii.gz,6903,19,30,512,512
CQ500-CT-178,/media/qiqi/P7000Z/WorkStation/medical/CT_Junior/CQ500/CQ500CT178 CQ500CT178/Unknown Study/CT Plain,CT Plain,/media/qiqi/P7000Z/WorkStation/medical/CT_Junior/CT artifact annotation/output_refined_v2/images_nifti/CQ500-CT-178.nii.gz,/media/qiqi/P7000Z/WorkStation/medical/CT_Junior/CT artifact annotation/output_refined_v2/masks_nifti/CQ500-CT-178.nii.gz,1111,18,26,512,512
CQ500-CT-179,/media/qiqi/P7000Z/WorkStation/medical/CT_Junior/CQ500/CQ500CT179 CQ500CT179/Unknown Study/CT Plain,CT Plain,/media/qiqi/P7000Z/WorkStation/medical/CT_Junior/CT artifact annotation/output_refined_v2/images_nifti/CQ500-CT-179.nii.gz,/media/qiqi/P7000Z/WorkStation/medical/CT_Junior/CT artifact annotation/output_refined_v2/masks_nifti/CQ500-CT-179.nii.gz,7105,21,30,512,512
CQ500-CT-180,/media/qiqi/P7000Z/WorkStation/medical/CT_Junior/CQ500/CQ500CT180 CQ500CT180/Unknown Study/CT Thin Plain,CT Thin Plain,/media/qiqi/P7000Z/WorkStation/medical/CT_Junior/CT artifact annotation/output_refined_v2/images_nifti/CQ500-CT-180.nii.gz,/media/qiqi/P7000Z/WorkStation/medical/CT_Junior/CT artifact annotation/output_refined_v2/masks_nifti/CQ500-CT-180.nii.gz,435394,264,288,512,512
CQ500-CT-181,/media/qiqi/P7000Z/WorkStation/medical/CT_Junior/CQ500/CQ500CT181 CQ500CT181/Unknown Study/CT 0.625mm,CT 0.625mm,/media/qiqi/P7000Z/WorkStation/medical/CT_Junior/CT artifact annotation/output_refined_v2/images_nifti/CQ500-CT-181.nii.gz,/media/qiqi/P7000Z/WorkStation/medical/CT_Junior/CT artifact annotation/output_refined_v2/masks_nifti/CQ500-CT-181.nii.gz,881811,244,256,512,512
CQ500-CT-182,/media/qiqi/P7000Z/WorkStation/medical/CT_Junior/CQ500/CQ500CT182 CQ500CT182/Unknown Study/CT PRE CONTRAST 5MM STD,CT PRE CONTRAST 5MM STD,/media/qiqi/P7000Z/WorkStation/medical/CT_Junior/CT artifact annotation/output_refined_v2/images_nifti/CQ500-CT-182.nii.gz,/media/qiqi/P7000Z/WorkStation/medical/CT_Junior/CT artifact annotation/output_refined_v2/masks_nifti/CQ500-CT-182.nii.gz,14018,25,31,512,512
CQ500-CT-183,/media/qiqi/P7000Z/WorkStation/medical/CT_Junior/CQ500/CQ500CT183 CQ500CT183/Unknown Study/CT Plain,CT Plain,/media/qiqi/P7000Z/WorkStation/medical/CT_Junior/CT artifact annotation/output_refined_v2/images_nifti/CQ500-CT-183.nii.gz,/media/qiqi/P7000Z/WorkStation/medical/CT_Junior/CT artifact annotation/output_refined_v2/masks_nifti/CQ500-CT-183.nii.gz,11771,28,44,512,512
CQ500-CT-184,/media/qiqi/P7000Z/WorkStation/medical/CT_Junior/CQ500/CQ500CT184 CQ500CT184/Unknown Study/CT Thin Plain,CT Thin Plain,/media/qiqi/P7000Z/WorkStation/medical/CT_Junior/CT artifact annotation/output_refined_v2/images_nifti/CQ500-CT-184.nii.gz,/media/qiqi/P7000Z/WorkStation/medical/CT_Junior/CT artifact annotation/output_refined_v2/masks_nifti/CQ500-CT-184.nii.gz,320379,237,256,512,512
CQ500-CT-185,/media/qiqi/P7000Z/WorkStation/medical/CT_Junior/CQ500/CQ500CT185 CQ500CT185/Unknown Study/CT Thin Plain,CT Thin Plain,/media/qiqi/P7000Z/WorkStation/medical/CT_Junior/CT artifact annotation/output_refined_v2/images_nifti/CQ500-CT-185.nii.gz,/media/qiqi/P7000Z/WorkStation/medical/CT_Junior/CT artifact annotation/output_refined_v2/masks_nifti/CQ500-CT-185.nii.gz,167140,267,288,512,512
CQ500-CT-186,/media/qiqi/P7000Z/WorkStation/medical/CT_Junior/CQ500/CQ500CT186 CQ500CT186/Unknown Study/CT PRE CONTRAST 5MM STD,CT PRE CONTRAST 5MM STD,/media/qiqi/P7000Z/WorkStation/medical/CT_Junior/CT artifact annotation/output_refined_v2/images_nifti/CQ500-CT-186.nii.gz,/media/qiqi/P7000Z/WorkStation/medical/CT_Junior/CT artifact annotation/output_refined_v2/masks_nifti/CQ500-CT-186.nii.gz,12239,24,32,512,512
CQ500-CT-187,/media/qiqi/P7000Z/WorkStation/medical/CT_Junior/CQ500/CQ500CT187 CQ500CT187/Unknown Study/CT Thin Plain,CT Thin Plain,/media/qiqi/P7000Z/WorkStation/medical/CT_Junior/CT artifact annotation/output_refined_v2/images_nifti/CQ500-CT-187.nii.gz,/media/qiqi/P7000Z/WorkStation/medical/CT_Junior/CT artifact annotation/output_refined_v2/masks_nifti/CQ500-CT-187.nii.gz,199100,243,256,512,512
CQ500-CT-188,/media/qiqi/P7000Z/WorkStation/medical/CT_Junior/CQ500/CQ500CT188 CQ500CT188/Unknown Study/CT 0.625mm,CT 0.625mm,/media/qiqi/P7000Z/WorkStation/medical/CT_Junior/CT artifact annotation/output_refined_v2/images_nifti/CQ500-CT-188.nii.gz,/media/qiqi/P7000Z/WorkStation/medical/CT_Junior/CT artifact annotation/output_refined_v2/masks_nifti/CQ500-CT-188.nii.gz,46686,161,256,512,512
CQ500-CT-189,/media/qiqi/P7000Z/WorkStation/medical/CT_Junior/CQ500/CQ500CT189 CQ500CT189/Unknown Study/CT Plain,CT Plain,/media/qiqi/P7000Z/WorkStation/medical/CT_Junior/CT artifact annotation/output_refined_v2/images_nifti/CQ500-CT-189.nii.gz,/media/qiqi/P7000Z/WorkStation/medical/CT_Junior/CT artifact annotation/output_refined_v2/masks_nifti/CQ500-CT-189.nii.gz,12622,27,30,512,512
CQ500-CT-190,/media/qiqi/P7000Z/WorkStation/medical/CT_Junior/CQ500/CQ500CT190 CQ500CT190/Unknown Study/CT Thin Plain,CT Thin Plain,/media/qiqi/P7000Z/WorkStation/medical/CT_Junior/CT artifact annotation/output_refined_v2/images_nifti/CQ500-CT-190.nii.gz,/media/qiqi/P7000Z/WorkStation/medical/CT_Junior/CT artifact annotation/output_refined_v2/masks_nifti/CQ500-CT-190.nii.gz,87228,254,288,512,512
CQ500-CT-191,/media/qiqi/P7000Z/WorkStation/medical/CT_Junior/CQ500/CQ500CT191 CQ500CT191/Unknown Study/CT PRE CONTRAST 5MM STD,CT PRE CONTRAST 5MM STD,/media/qiqi/P7000Z/WorkStation/medical/CT_Junior/CT artifact annotation/output_refined_v2/images_nifti/CQ500-CT-191.nii.gz,/media/qiqi/P7000Z/WorkStation/medical/CT_Junior/CT artifact annotation/output_refined_v2/masks_nifti/CQ500-CT-191.nii.gz,13905,25,33,512,512
CQ500-CT-192,/media/qiqi/P7000Z/WorkStation/medical/CT_Junior/CQ500/CQ500CT192 CQ500CT192/Unknown Study/CT PRE CONTRAST 5MM STD,CT PRE CONTRAST 5MM STD,/media/qiqi/P7000Z/WorkStation/medical/CT_Junior/CT artifact annotation/output_refined_v2/images_nifti/CQ500-CT-192.nii.gz,/media/qiqi/P7000Z/WorkStation/medical/CT_Junior/CT artifact annotation/output_refined_v2/masks_nifti/CQ500-CT-192.nii.gz,32879,23,32,512,512
CQ500-CT-193,/media/qiqi/P7000Z/WorkStation/medical/CT_Junior/CQ500/CQ500CT193 CQ500CT193/Unknown Study/CT 0.625mm,CT 0.625mm,/media/qiqi/P7000Z/WorkStation/medical/CT_Junior/CT artifact annotation/output_refined_v2/images_nifti/CQ500-CT-193.nii.gz,/media/qiqi/P7000Z/WorkStation/medical/CT_Junior/CT artifact annotation/output_refined_v2/masks_nifti/CQ500-CT-193.nii.gz,497072,242,256,512,512
CQ500-CT-194,/media/qiqi/P7000Z/WorkStation/medical/CT_Junior/CQ500/CQ500CT194 CQ500CT194/Unknown Study/CT 5mm POST CONTRAST,CT 5mm POST CONTRAST,/media/qiqi/P7000Z/WorkStation/medical/CT_Junior/CT artifact annotation/output_refined_v2/images_nifti/CQ500-CT-194.nii.gz,/media/qiqi/P7000Z/WorkStation/medical/CT_Junior/CT artifact annotation/output_refined_v2/masks_nifti/CQ500-CT-194.nii.gz,64042,172,233,512,512
CQ500-CT-195,/media/qiqi/P7000Z/WorkStation/medical/CT_Junior/CQ500/CQ500CT195 CQ500CT195/Unknown Study/CT PRE CONTRAST 5MM STD,CT PRE CONTRAST 5MM STD,/media/qiqi/P7000Z/WorkStation/medical/CT_Junior/CT artifact annotation/output_refined_v2/images_nifti/CQ500-CT-195.nii.gz,/media/qiqi/P7000Z/WorkStation/medical/CT_Junior/CT artifact annotation/output_refined_v2/masks_nifti/CQ500-CT-195.nii.gz,26297,20,30,512,512
CQ500-CT-196,/media/qiqi/P7000Z/WorkStation/medical/CT_Junior/CQ500/CQ500CT196 CQ500CT196/Unknown Study/CT 0.625mm,CT 0.625mm,/media/qiqi/P7000Z/WorkStation/medical/CT_Junior/CT artifact annotation/output_refined_v2/images_nifti/CQ500-CT-196.nii.gz,/media/qiqi/P7000Z/WorkStation/medical/CT_Junior/CT artifact annotation/output_refined_v2/masks_nifti/CQ500-CT-196.nii.gz,749568,247,256,512,512
CQ500-CT-197,/media/qiqi/P7000Z/WorkStation/medical/CT_Junior/CQ500/CQ500CT197 CQ500CT197/Unknown Study/CT Plain,CT Plain,/media/qiqi/P7000Z/WorkStation/medical/CT_Junior/CT artifact annotation/output_refined_v2/images_nifti/CQ500-CT-197.nii.gz,/media/qiqi/P7000Z/WorkStation/medical/CT_Junior/CT artifact annotation/output_refined_v2/masks_nifti/CQ500-CT-197.nii.gz,14792,21,21,512,512
CQ500-CT-198,/media/qiqi/P7000Z/WorkStation/medical/CT_Junior/CQ500/CQ500CT198 CQ500CT198/Unknown Study/CT Thin Plain,CT Thin Plain,/media/qiqi/P7000Z/WorkStation/medical/CT_Junior/CT artifact annotation/output_refined_v2/images_nifti/CQ500-CT-198.nii.gz,/media/qiqi/P7000Z/WorkStation/medical/CT_Junior/CT artifact annotation/output_refined_v2/masks_nifti/CQ500-CT-198.nii.gz,16479,80,256,512,512
CQ500-CT-199,/media/qiqi/P7000Z/WorkStation/medical/CT_Junior/CQ500/CQ500CT199 CQ500CT199/Unknown Study/CT Plain 3mm,CT Plain 3mm,/media/qiqi/P7000Z/WorkStation/medical/CT_Junior/CT artifact annotation/output_refined_v2/images_nifti/CQ500-CT-199.nii.gz,/media/qiqi/P7000Z/WorkStation/medical/CT_Junior/CT artifact annotation/output_refined_v2/masks_nifti/CQ500-CT-199.nii.gz,7675,38,51,512,512
CQ500-CT-200,/media/qiqi/P7000Z/WorkStation/medical/CT_Junior/CQ500/CQ500CT200 CQ500CT200/Unknown Study/CT Thin Plain,CT Thin Plain,/media/qiqi/P7000Z/WorkStation/medical/CT_Junior/CT artifact annotation/output_refined_v2/images_nifti/CQ500-CT-200.nii.gz,/media/qiqi/P7000Z/WorkStation/medical/CT_Junior/CT artifact annotation/output_refined_v2/masks_nifti/CQ500-CT-200.nii.gz,225124,264,288,512,512
CQ500-CT-201,/media/qiqi/P7000Z/WorkStation/medical/CT_Junior/CQ500/CQ500CT201 CQ500CT201/Unknown Study/CT PLAIN THIN,CT PLAIN THIN,/media/qiqi/P7000Z/WorkStation/medical/CT_Junior/CT artifact annotation/output_refined_v2/images_nifti/CQ500-CT-201.nii.gz,/media/qiqi/P7000Z/WorkStation/medical/CT_Junior/CT artifact annotation/output_refined_v2/masks_nifti/CQ500-CT-201.nii.gz,38559,89,247,512,512
CQ500-CT-202,/media/qiqi/P7000Z/WorkStation/medical/CT_Junior/CQ500/CQ500CT202 CQ500CT202/Unknown Study/CT Plain,CT Plain,/media/qiqi/P7000Z/WorkStation/medical/CT_Junior/CT artifact annotation/output_refined_v2/images_nifti/CQ500-CT-202.nii.gz,/media/qiqi/P7000Z/WorkStation/medical/CT_Junior/CT artifact annotation/output_refined_v2/masks_nifti/CQ500-CT-202.nii.gz,3778,22,32,512,512
CQ500-CT-203,/media/qiqi/P7000Z/WorkStation/medical/CT_Junior/CQ500/CQ500CT203 CQ500CT203/Unknown Study/CT Plain THIN,CT Plain THIN,/media/qiqi/P7000Z/WorkStation/medical/CT_Junior/CT artifact annotation/output_refined_v2/images_nifti/CQ500-CT-203.nii.gz,/media/qiqi/P7000Z/WorkStation/medical/CT_Junior/CT artifact annotation/output_refined_v2/masks_nifti/CQ500-CT-203.nii.gz,96455,225,313,512,512
CQ500-CT-204,/media/qiqi/P7000Z/WorkStation/medical/CT_Junior/CQ500/CQ500CT204 CQ500CT204/Unknown Study/CT PLAIN THIN,CT PLAIN THIN,/media/qiqi/P7000Z/WorkStation/medical/CT_Junior/CT artifact annotation/output_refined_v2/images_nifti/CQ500-CT-204.nii.gz,/media/qiqi/P7000Z/WorkStation/medical/CT_Junior/CT artifact annotation/output_refined_v2/masks_nifti/CQ500-CT-204.nii.gz,377318,233,240,512,512
CQ500-CT-205,/media/qiqi/P7000Z/WorkStation/medical/CT_Junior/CQ500/CQ500CT205 CQ500CT205/Unknown Study/CT PRE CONTRAST 5MM STD,CT PRE CONTRAST 5MM STD,/media/qiqi/P7000Z/WorkStation/medical/CT_Junior/CT artifact annotation/output_refined_v2/images_nifti/CQ500-CT-205.nii.gz,/media/qiqi/P7000Z/WorkStation/medical/CT_Junior/CT artifact annotation/output_refined_v2/masks_nifti/CQ500-CT-205.nii.gz,5391,21,32,512,512
CQ500-CT-206,/media/qiqi/P7000Z/WorkStation/medical/CT_Junior/CQ500/CQ500CT206 CQ500CT206/Unknown Study/CT PLAIN THIN,CT PLAIN THIN,/media/qiqi/P7000Z/WorkStation/medical/CT_Junior/CT artifact annotation/output_refined_v2/images_nifti/CQ500-CT-206.nii.gz,/media/qiqi/P7000Z/WorkStation/medical/CT_Junior/CT artifact annotation/output_refined_v2/masks_nifti/CQ500-CT-206.nii.gz,410316,188,194,512,512
CQ500-CT-207,/media/qiqi/P7000Z/WorkStation/medical/CT_Junior/CQ500/CQ500CT207 CQ500CT207/Unknown Study/CT 0.625mm,CT 0.625mm,/media/qiqi/P7000Z/WorkStation/medical/CT_Junior/CT artifact annotation/output_refined_v2/images_nifti/CQ500-CT-207.nii.gz,/media/qiqi/P7000Z/WorkStation/medical/CT_Junior/CT artifact annotation/output_refined_v2/masks_nifti/CQ500-CT-207.nii.gz,367511,224,224,512,512
CQ500-CT-208,/media/qiqi/P7000Z/WorkStation/medical/CT_Junior/CQ500/CQ500CT208 CQ500CT208/Unknown Study/CT 2.55mm,CT 2.55mm,/media/qiqi/P7000Z/WorkStation/medical/CT_Junior/CT artifact annotation/output_refined_v2/images_nifti/CQ500-CT-208.nii.gz,/media/qiqi/P7000Z/WorkStation/medical/CT_Junior/CT artifact annotation/output_refined_v2/masks_nifti/CQ500-CT-208.nii.gz,2328,22,32,512,512
CQ500-CT-209,/media/qiqi/P7000Z/WorkStation/medical/CT_Junior/CQ500/CQ500CT209 CQ500CT209/Unknown Study/CT Plain 3mm,CT Plain 3mm,/media/qiqi/P7000Z/WorkStation/medical/CT_Junior/CT artifact annotation/output_refined_v2/images_nifti/CQ500-CT-209.nii.gz,/media/qiqi/P7000Z/WorkStation/medical/CT_Junior/CT artifact annotation/output_refined_v2/masks_nifti/CQ500-CT-209.nii.gz,2318,38,54,512,512
CQ500-CT-210,/media/qiqi/P7000Z/WorkStation/medical/CT_Junior/CQ500/CQ500CT210 CQ500CT210/Unknown Study/CT Plain THIN,CT Plain THIN,/media/qiqi/P7000Z/WorkStation/medical/CT_Junior/CT artifact annotation/output_refined_v2/images_nifti/CQ500-CT-210.nii.gz,/media/qiqi/P7000Z/WorkStation/medical/CT_Junior/CT artifact annotation/output_refined_v2/masks_nifti/CQ500-CT-210.nii.gz,177138,320,325,512,512
CQ500-CT-211,/media/qiqi/P7000Z/WorkStation/medical/CT_Junior/CQ500/CQ500CT211 CQ500CT211/Unknown Study/CT 0.625mm,CT 0.625mm,/media/qiqi/P7000Z/WorkStation/medical/CT_Junior/CT artifact annotation/output_refined_v2/images_nifti/CQ500-CT-211.nii.gz,/media/qiqi/P7000Z/WorkStation/medical/CT_Junior/CT artifact annotation/output_refined_v2/masks_nifti/CQ500-CT-211.nii.gz,72625,96,96,512,512
CQ500-CT-212,/media/qiqi/P7000Z/WorkStation/medical/CT_Junior/CQ500/CQ500CT212 CQ500CT212/Unknown Study/CT Thin Plain,CT Thin Plain,/media/qiqi/P7000Z/WorkStation/medical/CT_Junior/CT artifact annotation/output_refined_v2/images_nifti/CQ500-CT-212.nii.gz,/media/qiqi/P7000Z/WorkStation/medical/CT_Junior/CT artifact annotation/output_refined_v2/masks_nifti/CQ500-CT-212.nii.gz,303707,232,232,512,512
CQ500-CT-213,/media/qiqi/P7000Z/WorkStation/medical/CT_Junior/CQ500/CQ500CT213 CQ500CT213/Unknown Study/CT Thin Plain,CT Thin Plain,/media/qiqi/P7000Z/WorkStation/medical/CT_Junior/CT artifact annotation/output_refined_v2/images_nifti/CQ500-CT-213.nii.gz,/media/qiqi/P7000Z/WorkStation/medical/CT_Junior/CT artifact annotation/output_refined_v2/masks_nifti/CQ500-CT-213.nii.gz,97011,230,256,512,512
CQ500-CT-214,/media/qiqi/P7000Z/WorkStation/medical/CT_Junior/CQ500/CQ500CT214 CQ500CT214/Unknown Study/CT Thin Plain,CT Thin Plain,/media/qiqi/P7000Z/WorkStation/medical/CT_Junior/CT artifact annotation/output_refined_v2/images_nifti/CQ500-CT-214.nii.gz,/media/qiqi/P7000Z/WorkStation/medical/CT_Junior/CT artifact annotation/output_refined_v2/masks_nifti/CQ500-CT-214.nii.gz,293328,250,256,512,512
CQ500-CT-215,/media/qiqi/P7000Z/WorkStation/medical/CT_Junior/CQ500/CQ500CT215 CQ500CT215/Unknown Study/CT Plain,CT Plain,/media/qiqi/P7000Z/WorkStation/medical/CT_Junior/CT artifact annotation/output_refined_v2/images_nifti/CQ500-CT-215.nii.gz,/media/qiqi/P7000Z/WorkStation/medical/CT_Junior/CT artifact annotation/output_refined_v2/masks_nifti/CQ500-CT-215.nii.gz,19439,23,30,512,512
CQ500-CT-216,/media/qiqi/P7000Z/WorkStation/medical/CT_Junior/CQ500/CQ500CT216 CQ500CT216/Unknown Study/CT 0.625mm,CT 0.625mm,/media/qiqi/P7000Z/WorkStation/medical/CT_Junior/CT artifact annotation/output_refined_v2/images_nifti/CQ500-CT-216.nii.gz,/media/qiqi/P7000Z/WorkStation/medical/CT_Junior/CT artifact annotation/output_refined_v2/masks_nifti/CQ500-CT-216.nii.gz,538521,249,256,512,512
CQ500-CT-217,/media/qiqi/P7000Z/WorkStation/medical/CT_Junior/CQ500/CQ500CT217 CQ500CT217/Unknown Study/CT Thin Plain,CT Thin Plain,/media/qiqi/P7000Z/WorkStation/medical/CT_Junior/CT artifact annotation/output_refined_v2/images_nifti/CQ500-CT-217.nii.gz,/media/qiqi/P7000Z/WorkStation/medical/CT_Junior/CT artifact annotation/output_refined_v2/masks_nifti/CQ500-CT-217.nii.gz,229629,241,256,512,512
CQ500-CT-218,/media/qiqi/P7000Z/WorkStation/medical/CT_Junior/CQ500/CQ500CT218 CQ500CT218/Unknown Study/CT Plain,CT Plain,/media/qiqi/P7000Z/WorkStation/medical/CT_Junior/CT artifact annotation/output_refined_v2/images_nifti/CQ500-CT-218.nii.gz,/media/qiqi/P7000Z/WorkStation/medical/CT_Junior/CT artifact annotation/output_refined_v2/masks_nifti/CQ500-CT-218.nii.gz,6378,17,26,512,512
CQ500-CT-219,/media/qiqi/P7000Z/WorkStation/medical/CT_Junior/CQ500/CQ500CT219 CQ500CT219/Unknown Study/CT 0.625mm,CT 0.625mm,/media/qiqi/P7000Z/WorkStation/medical/CT_Junior/CT artifact annotation/output_refined_v2/images_nifti/CQ500-CT-219.nii.gz,/media/qiqi/P7000Z/WorkStation/medical/CT_Junior/CT artifact annotation/output_refined_v2/masks_nifti/CQ500-CT-219.nii.gz,608117,267,288,512,512
CQ500-CT-220,/media/qiqi/P7000Z/WorkStation/medical/CT_Junior/CQ500/CQ500CT220 CQ500CT220/Unknown Study/CT Plain,CT Plain,/media/qiqi/P7000Z/WorkStation/medical/CT_Junior/CT artifact annotation/output_refined_v2/images_nifti/CQ500-CT-220.nii.gz,/media/qiqi/P7000Z/WorkStation/medical/CT_Junior/CT artifact annotation/output_refined_v2/masks_nifti/CQ500-CT-220.nii.gz,3735,23,34,512,512
CQ500-CT-221,/media/qiqi/P7000Z/WorkStation/medical/CT_Junior/CQ500/CQ500CT221 CQ500CT221/Unknown Study/CT Plain,CT Plain,/media/qiqi/P7000Z/WorkStation/medical/CT_Junior/CT artifact annotation/output_refined_v2/images_nifti/CQ500-CT-221.nii.gz,/media/qiqi/P7000Z/WorkStation/medical/CT_Junior/CT artifact annotation/output_refined_v2/masks_nifti/CQ500-CT-221.nii.gz,2775,17,30,512,512
CQ500-CT-222,/media/qiqi/P7000Z/WorkStation/medical/CT_Junior/CQ500/CQ500CT222 CQ500CT222/Unknown Study/CT PRE CONTRAST 5MM STD,CT PRE CONTRAST 5MM STD,/media/qiqi/P7000Z/WorkStation/medical/CT_Junior/CT artifact annotation/output_refined_v2/images_nifti/CQ500-CT-222.nii.gz,/media/qiqi/P7000Z/WorkStation/medical/CT_Junior/CT artifact annotation/output_refined_v2/masks_nifti/CQ500-CT-222.nii.gz,25418,20,29,512,512
CQ500-CT-223,/media/qiqi/P7000Z/WorkStation/medical/CT_Junior/CQ500/CQ500CT223 CQ500CT223/Unknown Study/CT Plain,CT Plain,/media/qiqi/P7000Z/WorkStation/medical/CT_Junior/CT artifact annotation/output_refined_v2/images_nifti/CQ500-CT-223.nii.gz,/media/qiqi/P7000Z/WorkStation/medical/CT_Junior/CT artifact annotation/output_refined_v2/masks_nifti/CQ500-CT-223.nii.gz,14266,24,25,512,512
CQ500-CT-224,/media/qiqi/P7000Z/WorkStation/medical/CT_Junior/CQ500/CQ500CT224 CQ500CT224/Unknown Study/CT Plain 3mm,CT Plain 3mm,/media/qiqi/P7000Z/WorkStation/medical/CT_Junior/CT artifact annotation/output_refined_v2/images_nifti/CQ500-CT-224.nii.gz,/media/qiqi/P7000Z/WorkStation/medical/CT_Junior/CT artifact annotation/output_refined_v2/masks_nifti/CQ500-CT-224.nii.gz,19493,47,52,512,512
CQ500-CT-225,/media/qiqi/P7000Z/WorkStation/medical/CT_Junior/CQ500/CQ500CT225 CQ500CT225/Unknown Study/CT Plain,CT Plain,/media/qiqi/P7000Z/WorkStation/medical/CT_Junior/CT artifact annotation/output_refined_v2/images_nifti/CQ500-CT-225.nii.gz,/media/qiqi/P7000Z/WorkStation/medical/CT_Junior/CT artifact annotation/output_refined_v2/masks_nifti/CQ500-CT-225.nii.gz,1776,17,30,512,512
CQ500-CT-226,/media/qiqi/P7000Z/WorkStation/medical/CT_Junior/CQ500/CQ500CT226 CQ500CT226/Unknown Study/CT 0.625mm,CT 0.625mm,/media/qiqi/P7000Z/WorkStation/medical/CT_Junior/CT artifact annotation/output_refined_v2/images_nifti/CQ500-CT-226.nii.gz,/media/qiqi/P7000Z/WorkStation/medical/CT_Junior/CT artifact annotation/output_refined_v2/masks_nifti/CQ500-CT-226.nii.gz,723592,223,224,512,512
CQ500-CT-227,/media/qiqi/P7000Z/WorkStation/medical/CT_Junior/CQ500/CQ500CT227 CQ500CT227/Unknown Study/CT Thin Plain,CT Thin Plain,/media/qiqi/P7000Z/WorkStation/medical/CT_Junior/CT artifact annotation/output_refined_v2/images_nifti/CQ500-CT-227.nii.gz,/media/qiqi/P7000Z/WorkStation/medical/CT_Junior/CT artifact annotation/output_refined_v2/masks_nifti/CQ500-CT-227.nii.gz,261559,271,288,512,512
CQ500-CT-228,/media/qiqi/P7000Z/WorkStation/medical/CT_Junior/CQ500/CQ500CT228 CQ500CT228/Unknown Study/CT Plain,CT Plain,/media/qiqi/P7000Z/WorkStation/medical/CT_Junior/CT artifact annotation/output_refined_v2/images_nifti/CQ500-CT-228.nii.gz,/media/qiqi/P7000Z/WorkStation/medical/CT_Junior/CT artifact annotation/output_refined_v2/masks_nifti/CQ500-CT-228.nii.gz,779,17,32,512,512
CQ500-CT-229,/media/qiqi/P7000Z/WorkStation/medical/CT_Junior/CQ500/CQ500CT229 CQ500CT229/Unknown Study/CT PRE CONTRAST 5MM STD,CT PRE CONTRAST 5MM STD,/media/qiqi/P7000Z/WorkStation/medical/CT_Junior/CT artifact annotation/output_refined_v2/images_nifti/CQ500-CT-229.nii.gz,/media/qiqi/P7000Z/WorkStation/medical/CT_Junior/CT artifact annotation/output_refined_v2/masks_nifti/CQ500-CT-229.nii.gz,19411,21,30,512,512
CQ500-CT-230,/media/qiqi/P7000Z/WorkStation/medical/CT_Junior/CQ500/CQ500CT230 CQ500CT230/Unknown Study/CT SOFT THIN,CT SOFT THIN,/media/qiqi/P7000Z/WorkStation/medical/CT_Junior/CT artifact annotation/output_refined_v2/images_nifti/CQ500-CT-230.nii.gz,/media/qiqi/P7000Z/WorkStation/medical/CT_Junior/CT artifact annotation/output_refined_v2/masks_nifti/CQ500-CT-230.nii.gz,37623,47,226,512,512
CQ500-CT-231,/media/qiqi/P7000Z/WorkStation/medical/CT_Junior/CQ500/CQ500CT231 CQ500CT231/Unknown Study/CT Thin Plain,CT Thin Plain,/media/qiqi/P7000Z/WorkStation/medical/CT_Junior/CT artifact annotation/output_refined_v2/images_nifti/CQ500-CT-231.nii.gz,/media/qiqi/P7000Z/WorkStation/medical/CT_Junior/CT artifact annotation/output_refined_v2/masks_nifti/CQ500-CT-231.nii.gz,600943,264,288,512,512
CQ500-CT-232,/media/qiqi/P7000Z/WorkStation/medical/CT_Junior/CQ500/CQ500CT232 CQ500CT232/Unknown Study/CT Thin Plain,CT Thin Plain,/media/qiqi/P7000Z/WorkStation/medical/CT_Junior/CT artifact annotation/output_refined_v2/images_nifti/CQ500-CT-232.nii.gz,/media/qiqi/P7000Z/WorkStation/medical/CT_Junior/CT artifact annotation/output_refined_v2/masks_nifti/CQ500-CT-232.nii.gz,500587,241,256,512,512
CQ500-CT-233,/media/qiqi/P7000Z/WorkStation/medical/CT_Junior/CQ500/CQ500CT233 CQ500CT233/Unknown Study/CT Plain,CT Plain,/media/qiqi/P7000Z/WorkStation/medical/CT_Junior/CT artifact annotation/output_refined_v2/images_nifti/CQ500-CT-233.nii.gz,/media/qiqi/P7000Z/WorkStation/medical/CT_Junior/CT artifact annotation/output_refined_v2/masks_nifti/CQ500-CT-233.nii.gz,639,8,32,512,512
CQ500-CT-234,/media/qiqi/P7000Z/WorkStation/medical/CT_Junior/CQ500/CQ500CT234 CQ500CT234/Unknown Study/CT Thin Plain,CT Thin Plain,/media/qiqi/P7000Z/WorkStation/medical/CT_Junior/CT artifact annotation/output_refined_v2/images_nifti/CQ500-CT-234.nii.gz,/media/qiqi/P7000Z/WorkStation/medical/CT_Junior/CT artifact annotation/output_refined_v2/masks_nifti/CQ500-CT-234.nii.gz,15909,84,256,512,512
CQ500-CT-235,/media/qiqi/P7000Z/WorkStation/medical/CT_Junior/CQ500/CQ500CT235 CQ500CT235/Unknown Study/CT Thin Plain,CT Thin Plain,/media/qiqi/P7000Z/WorkStation/medical/CT_Junior/CT artifact annotation/output_refined_v2/images_nifti/CQ500-CT-235.nii.gz,/media/qiqi/P7000Z/WorkStation/medical/CT_Junior/CT artifact annotation/output_refined_v2/masks_nifti/CQ500-CT-235.nii.gz,889278,305,320,512,512
CQ500-CT-236,/media/qiqi/P7000Z/WorkStation/medical/CT_Junior/CQ500/CQ500CT236 CQ500CT236/Unknown Study/CT 0.625mm,CT 0.625mm,/media/qiqi/P7000Z/WorkStation/medical/CT_Junior/CT artifact annotation/output_refined_v2/images_nifti/CQ500-CT-236.nii.gz,/media/qiqi/P7000Z/WorkStation/medical/CT_Junior/CT artifact annotation/output_refined_v2/masks_nifti/CQ500-CT-236.nii.gz,209040,76,76,512,512
CQ500-CT-237,/media/qiqi/P7000Z/WorkStation/medical/CT_Junior/CQ500/CQ500CT237 CQ500CT237/Unknown Study/CT PLAIN THIN,CT PLAIN THIN,/media/qiqi/P7000Z/WorkStation/medical/CT_Junior/CT artifact annotation/output_refined_v2/images_nifti/CQ500-CT-237.nii.gz,/media/qiqi/P7000Z/WorkStation/medical/CT_Junior/CT artifact annotation/output_refined_v2/masks_nifti/CQ500-CT-237.nii.gz,527182,233,240,512,512
CQ500-CT-238,/media/qiqi/P7000Z/WorkStation/medical/CT_Junior/CQ500/CQ500CT238 CQ500CT238/Unknown Study/CT Thin Plain,CT Thin Plain,/media/qiqi/P7000Z/WorkStation/medical/CT_Junior/CT artifact annotation/output_refined_v2/images_nifti/CQ500-CT-238.nii.gz,/media/qiqi/P7000Z/WorkStation/medical/CT_Junior/CT artifact annotation/output_refined_v2/masks_nifti/CQ500-CT-238.nii.gz,37508,147,256,512,512
CQ500-CT-239,/media/qiqi/P7000Z/WorkStation/medical/CT_Junior/CQ500/CQ500CT239 CQ500CT239/Unknown Study/CT PRE CONTRAST 5MM STD,CT PRE CONTRAST 5MM STD,/media/qiqi/P7000Z/WorkStation/medical/CT_Junior/CT artifact annotation/output_refined_v2/images_nifti/CQ500-CT-239.nii.gz,/media/qiqi/P7000Z/WorkStation/medical/CT_Junior/CT artifact annotation/output_refined_v2/masks_nifti/CQ500-CT-239.nii.gz,6663,20,31,512,512
CQ500-CT-240,/media/qiqi/P7000Z/WorkStation/medical/CT_Junior/CQ500/CQ500CT240 CQ500CT240/Unknown Study/CT Plain 3mm,CT Plain 3mm,/media/qiqi/P7000Z/WorkStation/medical/CT_Junior/CT artifact annotation/output_refined_v2/images_nifti/CQ500-CT-240.nii.gz,/media/qiqi/P7000Z/WorkStation/medical/CT_Junior/CT artifact annotation/output_refined_v2/masks_nifti/CQ500-CT-240.nii.gz,8955,47,53,512,512
CQ500-CT-241,/media/qiqi/P7000Z/WorkStation/medical/CT_Junior/CQ500/CQ500CT241 CQ500CT241/Unknown Study/CT PLAIN THIN,CT PLAIN THIN,/media/qiqi/P7000Z/WorkStation/medical/CT_Junior/CT artifact annotation/output_refined_v2/images_nifti/CQ500-CT-241.nii.gz,/media/qiqi/P7000Z/WorkStation/medical/CT_Junior/CT artifact annotation/output_refined_v2/masks_nifti/CQ500-CT-241.nii.gz,257681,281,289,512,512
CQ500-CT-242,/media/qiqi/P7000Z/WorkStation/medical/CT_Junior/CQ500/CQ500CT242 CQ500CT242/Unknown Study/CT Thin Plain,CT Thin Plain,/media/qiqi/P7000Z/WorkStation/medical/CT_Junior/CT artifact annotation/output_refined_v2/images_nifti/CQ500-CT-242.nii.gz,/media/qiqi/P7000Z/WorkStation/medical/CT_Junior/CT artifact annotation/output_refined_v2/masks_nifti/CQ500-CT-242.nii.gz,676062,243,256,512,512
CQ500-CT-243,/media/qiqi/P7000Z/WorkStation/medical/CT_Junior/CQ500/CQ500CT243 CQ500CT243/Unknown Study/CT Plain,CT Plain,/media/qiqi/P7000Z/WorkStation/medical/CT_Junior/CT artifact annotation/output_refined_v2/images_nifti/CQ500-CT-243.nii.gz,/media/qiqi/P7000Z/WorkStation/medical/CT_Junior/CT artifact annotation/output_refined_v2/masks_nifti/CQ500-CT-243.nii.gz,15138,23,32,512,512
CQ500-CT-244,/media/qiqi/P7000Z/WorkStation/medical/CT_Junior/CQ500/CQ500CT244 CQ500CT244/Unknown Study/CT Plain,CT Plain,/media/qiqi/P7000Z/WorkStation/medical/CT_Junior/CT artifact annotation/output_refined_v2/images_nifti/CQ500-CT-244.nii.gz,/media/qiqi/P7000Z/WorkStation/medical/CT_Junior/CT artifact annotation/output_refined_v2/masks_nifti/CQ500-CT-244.nii.gz,13606,27,36,512,512
CQ500-CT-245,/media/qiqi/P7000Z/WorkStation/medical/CT_Junior/CQ500/CQ500CT245 CQ500CT245/Unknown Study/CT 2.55mm,CT 2.55mm,/media/qiqi/P7000Z/WorkStation/medical/CT_Junior/CT artifact annotation/output_refined_v2/images_nifti/CQ500-CT-245.nii.gz,/media/qiqi/P7000Z/WorkStation/medical/CT_Junior/CT artifact annotation/output_refined_v2/masks_nifti/CQ500-CT-245.nii.gz,1833,21,32,512,512
CQ500-CT-246,/media/qiqi/P7000Z/WorkStation/medical/CT_Junior/CQ500/CQ500CT246 CQ500CT246/Unknown Study/CT Thin Plain,CT Thin Plain,/media/qiqi/P7000Z/WorkStation/medical/CT_Junior/CT artifact annotation/output_refined_v2/images_nifti/CQ500-CT-246.nii.gz,/media/qiqi/P7000Z/WorkStation/medical/CT_Junior/CT artifact annotation/output_refined_v2/masks_nifti/CQ500-CT-246.nii.gz,239221,242,256,512,512
CQ500-CT-247,/media/qiqi/P7000Z/WorkStation/medical/CT_Junior/CQ500/CQ500CT247 CQ500CT247/Unknown Study/CT Plain 3mm,CT Plain 3mm,/media/qiqi/P7000Z/WorkStation/medical/CT_Junior/CT artifact annotation/output_refined_v2/images_nifti/CQ500-CT-247.nii.gz,/media/qiqi/P7000Z/WorkStation/medical/CT_Junior/CT artifact annotation/output_refined_v2/masks_nifti/CQ500-CT-247.nii.gz,2891,39,51,512,512
CQ500-CT-248,/media/qiqi/P7000Z/WorkStation/medical/CT_Junior/CQ500/CQ500CT248 CQ500CT248/Unknown Study/CT Plain,CT Plain,/media/qiqi/P7000Z/WorkStation/medical/CT_Junior/CT artifact annotation/output_refined_v2/images_nifti/CQ500-CT-248.nii.gz,/media/qiqi/P7000Z/WorkStation/medical/CT_Junior/CT artifact annotation/output_refined_v2/masks_nifti/CQ500-CT-248.nii.gz,8309,21,32,512,512
CQ500-CT-249,/media/qiqi/P7000Z/WorkStation/medical/CT_Junior/CQ500/CQ500CT249 CQ500CT249/Unknown Study/CT 0.625mm,CT 0.625mm,/media/qiqi/P7000Z/WorkStation/medical/CT_Junior/CT artifact annotation/output_refined_v2/images_nifti/CQ500-CT-249.nii.gz,/media/qiqi/P7000Z/WorkStation/medical/CT_Junior/CT artifact annotation/output_refined_v2/masks_nifti/CQ500-CT-249.nii.gz,643119,238,256,512,512
CQ500-CT-250,/media/qiqi/P7000Z/WorkStation/medical/CT_Junior/CQ500/CQ500CT250 CQ500CT250/Unknown Study/CT Plain,CT Plain,/media/qiqi/P7000Z/WorkStation/medical/CT_Junior/CT artifact annotation/output_refined_v2/images_nifti/CQ500-CT-250.nii.gz,/media/qiqi/P7000Z/WorkStation/medical/CT_Junior/CT artifact annotation/output_refined_v2/masks_nifti/CQ500-CT-250.nii.gz,701,17,30,512,512
CQ500-CT-251,/media/qiqi/P7000Z/WorkStation/medical/CT_Junior/CQ500/CQ500CT251 CQ500CT251/Unknown Study/CT Plain,CT Plain,/media/qiqi/P7000Z/WorkStation/medical/CT_Junior/CT artifact annotation/output_refined_v2/images_nifti/CQ500-CT-251.nii.gz,/media/qiqi/P7000Z/WorkStation/medical/CT_Junior/CT artifact annotation/output_refined_v2/masks_nifti/CQ500-CT-251.nii.gz,7562,24,34,512,512
CQ500-CT-252,/media/qiqi/P7000Z/WorkStation/medical/CT_Junior/CQ500/CQ500CT252 CQ500CT252/Unknown Study/CT PRE CONTRAST 5MM STD,CT PRE CONTRAST 5MM STD,/media/qiqi/P7000Z/WorkStation/medical/CT_Junior/CT artifact annotation/output_refined_v2/images_nifti/CQ500-CT-252.nii.gz,/media/qiqi/P7000Z/WorkStation/medical/CT_Junior/CT artifact annotation/output_refined_v2/masks_nifti/CQ500-CT-252.nii.gz,5231,23,33,512,512
CQ500-CT-253,/media/qiqi/P7000Z/WorkStation/medical/CT_Junior/CQ500/CQ500CT253 CQ500CT253/Unknown Study/CT Plain,CT Plain,/media/qiqi/P7000Z/WorkStation/medical/CT_Junior/CT artifact annotation/output_refined_v2/images_nifti/CQ500-CT-253.nii.gz,/media/qiqi/P7000Z/WorkStation/medical/CT_Junior/CT artifact annotation/output_refined_v2/masks_nifti/CQ500-CT-253.nii.gz,5884,18,28,512,512
CQ500-CT-254,/media/qiqi/P7000Z/WorkStation/medical/CT_Junior/CQ500/CQ500CT254 CQ500CT254/Unknown Study/CT Plain,CT Plain,/media/qiqi/P7000Z/WorkStation/medical/CT_Junior/CT artifact annotation/output_refined_v2/images_nifti/CQ500-CT-254.nii.gz,/media/qiqi/P7000Z/WorkStation/medical/CT_Junior/CT artifact annotation/output_refined_v2/masks_nifti/CQ500-CT-254.nii.gz,5460,20,29,512,512
CQ500-CT-255,/media/qiqi/P7000Z/WorkStation/medical/CT_Junior/CQ500/CQ500CT255 CQ500CT255/Unknown Study/CT Plain,CT Plain,/media/qiqi/P7000Z/WorkStation/medical/CT_Junior/CT artifact annotation/output_refined_v2/images_nifti/CQ500-CT-255.nii.gz,/media/qiqi/P7000Z/WorkStation/medical/CT_Junior/CT artifact annotation/output_refined_v2/masks_nifti/CQ500-CT-255.nii.gz,652,13,28,512,512
CQ500-CT-256,/media/qiqi/P7000Z/WorkStation/medical/CT_Junior/CQ500/CQ500CT256 CQ500CT256/Unknown Study/CT 0.625mm,CT 0.625mm,/media/qiqi/P7000Z/WorkStation/medical/CT_Junior/CT artifact annotation/output_refined_v2/images_nifti/CQ500-CT-256.nii.gz,/media/qiqi/P7000Z/WorkStation/medical/CT_Junior/CT artifact annotation/output_refined_v2/masks_nifti/CQ500-CT-256.nii.gz,265687,244,256,512,512
CQ500-CT-257,/media/qiqi/P7000Z/WorkStation/medical/CT_Junior/CQ500/CQ500CT257 CQ500CT257/Unknown Study/CT 0.625mm,CT 0.625mm,/media/qiqi/P7000Z/WorkStation/medical/CT_Junior/CT artifact annotation/output_refined_v2/images_nifti/CQ500-CT-257.nii.gz,/media/qiqi/P7000Z/WorkStation/medical/CT_Junior/CT artifact annotation/output_refined_v2/masks_nifti/CQ500-CT-257.nii.gz,759078,252,256,512,512
CQ500-CT-258,/media/qiqi/P7000Z/WorkStation/medical/CT_Junior/CQ500/CQ500CT258 CQ500CT258/Unknown Study/CT Plain,CT Plain,/media/qiqi/P7000Z/WorkStation/medical/CT_Junior/CT artifact annotation/output_refined_v2/images_nifti/CQ500-CT-258.nii.gz,/media/qiqi/P7000Z/WorkStation/medical/CT_Junior/CT artifact annotation/output_refined_v2/masks_nifti/CQ500-CT-258.nii.gz,10309,24,34,512,512
CQ500-CT-259,/media/qiqi/P7000Z/WorkStation/medical/CT_Junior/CQ500/CQ500CT259 CQ500CT259/Unknown Study/CT Plain,CT Plain,/media/qiqi/P7000Z/WorkStation/medical/CT_Junior/CT artifact annotation/output_refined_v2/images_nifti/CQ500-CT-259.nii.gz,/media/qiqi/P7000Z/WorkStation/medical/CT_Junior/CT artifact annotation/output_refined_v2/masks_nifti/CQ500-CT-259.nii.gz,6333,21,30,512,512
CQ500-CT-260,/media/qiqi/P7000Z/WorkStation/medical/CT_Junior/CQ500/CQ500CT260 CQ500CT260/Unknown Study/CT PRE CONTRAST 5MM STD,CT PRE CONTRAST 5MM STD,/media/qiqi/P7000Z/WorkStation/medical/CT_Junior/CT artifact annotation/output_refined_v2/images_nifti/CQ500-CT-260.nii.gz,/media/qiqi/P7000Z/WorkStation/medical/CT_Junior/CT artifact annotation/output_refined_v2/masks_nifti/CQ500-CT-260.nii.gz,4036,20,30,512,512
CQ500-CT-261,/media/qiqi/P7000Z/WorkStation/medical/CT_Junior/CQ500/CQ500CT261 CQ500CT261/Unknown Study/CT PRE CONTRAST 5MM STD,CT PRE CONTRAST 5MM STD,/media/qiqi/P7000Z/WorkStation/medical/CT_Junior/CT artifact annotation/output_refined_v2/images_nifti/CQ500-CT-261.nii.gz,/media/qiqi/P7000Z/WorkStation/medical/CT_Junior/CT artifact annotation/output_refined_v2/masks_nifti/CQ500-CT-261.nii.gz,5693,21,33,512,512
CQ500-CT-262,/media/qiqi/P7000Z/WorkStation/medical/CT_Junior/CQ500/CQ500CT262 CQ500CT262/Unknown Study/CT Plain,CT Plain,/media/qiqi/P7000Z/WorkStation/medical/CT_Junior/CT artifact annotation/output_refined_v2/images_nifti/CQ500-CT-262.nii.gz,/media/qiqi/P7000Z/WorkStation/medical/CT_Junior/CT artifact annotation/output_refined_v2/masks_nifti/CQ500-CT-262.nii.gz,1227,21,30,512,512
CQ500-CT-263,/media/qiqi/P7000Z/WorkStation/medical/CT_Junior/CQ500/CQ500CT263 CQ500CT263/Unknown Study/CT Plain,CT Plain,/media/qiqi/P7000Z/WorkStation/medical/CT_Junior/CT artifact annotation/output_refined_v2/images_nifti/CQ500-CT-263.nii.gz,/media/qiqi/P7000Z/WorkStation/medical/CT_Junior/CT artifact annotation/output_refined_v2/masks_nifti/CQ500-CT-263.nii.gz,2121,25,34,512,512
CQ500-CT-264,/media/qiqi/P7000Z/WorkStation/medical/CT_Junior/CQ500/CQ500CT264 CQ500CT264/Unknown Study/CT Plain 3mm,CT Plain 3mm,/media/qiqi/P7000Z/WorkStation/medical/CT_Junior/CT artifact annotation/output_refined_v2/images_nifti/CQ500-CT-264.nii.gz,/media/qiqi/P7000Z/WorkStation/medical/CT_Junior/CT artifact annotation/output_refined_v2/masks_nifti/CQ500-CT-264.nii.gz,8188,49,55,512,512
CQ500-CT-265,/media/qiqi/P7000Z/WorkStation/medical/CT_Junior/CQ500/CQ500CT265 CQ500CT265/Unknown Study/CT 5mm POST CONTRAST,CT 5mm POST CONTRAST,/media/qiqi/P7000Z/WorkStation/medical/CT_Junior/CT artifact annotation/output_refined_v2/images_nifti/CQ500-CT-265.nii.gz,/media/qiqi/P7000Z/WorkStation/medical/CT_Junior/CT artifact annotation/output_refined_v2/masks_nifti/CQ500-CT-265.nii.gz,1393035,209,221,512,512
CQ500-CT-266,/media/qiqi/P7000Z/WorkStation/medical/CT_Junior/CQ500/CQ500CT266 CQ500CT266/Unknown Study/CT Plain,CT Plain,/media/qiqi/P7000Z/WorkStation/medical/CT_Junior/CT artifact annotation/output_refined_v2/images_nifti/CQ500-CT-266.nii.gz,/media/qiqi/P7000Z/WorkStation/medical/CT_Junior/CT artifact annotation/output_refined_v2/masks_nifti/CQ500-CT-266.nii.gz,22140,33,48,512,512
CQ500-CT-267,/media/qiqi/P7000Z/WorkStation/medical/CT_Junior/CQ500/CQ500CT267 CQ500CT267/Unknown Study/CT Plain,CT Plain,/media/qiqi/P7000Z/WorkStation/medical/CT_Junior/CT artifact annotation/output_refined_v2/images_nifti/CQ500-CT-267.nii.gz,/media/qiqi/P7000Z/WorkStation/medical/CT_Junior/CT artifact annotation/output_refined_v2/masks_nifti/CQ500-CT-267.nii.gz,1594,19,30,512,512
CQ500-CT-268,/media/qiqi/P7000Z/WorkStation/medical/CT_Junior/CQ500/CQ500CT268 CQ500CT268/Unknown Study/CT Thin Plain,CT Thin Plain,/media/qiqi/P7000Z/WorkStation/medical/CT_Junior/CT artifact annotation/output_refined_v2/images_nifti/CQ500-CT-268.nii.gz,/media/qiqi/P7000Z/WorkStation/medical/CT_Junior/CT artifact annotation/output_refined_v2/masks_nifti/CQ500-CT-268.nii.gz,652267,248,288,512,512
CQ500-CT-269,/media/qiqi/P7000Z/WorkStation/medical/CT_Junior/CQ500/CQ500CT269 CQ500CT269/Unknown Study/CT Thin Plain,CT Thin Plain,/media/qiqi/P7000Z/WorkStation/medical/CT_Junior/CT artifact annotation/output_refined_v2/images_nifti/CQ500-CT-269.nii.gz,/media/qiqi/P7000Z/WorkStation/medical/CT_Junior/CT artifact annotation/output_refined_v2/masks_nifti/CQ500-CT-269.nii.gz,196655,234,256,512,512
CQ500-CT-270,/media/qiqi/P7000Z/WorkStation/medical/CT_Junior/CQ500/CQ500CT270 CQ500CT270/Unknown Study/CT Plain,CT Plain,/media/qiqi/P7000Z/WorkStation/medical/CT_Junior/CT artifact annotation/output_refined_v2/images_nifti/CQ500-CT-270.nii.gz,/media/qiqi/P7000Z/WorkStation/medical/CT_Junior/CT artifact annotation/output_refined_v2/masks_nifti/CQ500-CT-270.nii.gz,12365,24,32,512,512
CQ500-CT-271,/media/qiqi/P7000Z/WorkStation/medical/CT_Junior/CQ500/CQ500CT271 CQ500CT271/Unknown Study/CT 0.625mm,CT 0.625mm,/media/qiqi/P7000Z/WorkStation/medical/CT_Junior/CT artifact annotation/output_refined_v2/images_nifti/CQ500-CT-271.nii.gz,/media/qiqi/P7000Z/WorkStation/medical/CT_Junior/CT artifact annotation/output_refined_v2/masks_nifti/CQ500-CT-271.nii.gz,145816,225,256,512,512
CQ500-CT-272,/media/qiqi/P7000Z/WorkStation/medical/CT_Junior/CQ500/CQ500CT272 CQ500CT272/Unknown Study/CT PLAIN THIN,CT PLAIN THIN,/media/qiqi/P7000Z/WorkStation/medical/CT_Junior/CT artifact annotation/output_refined_v2/images_nifti/CQ500-CT-272.nii.gz,/media/qiqi/P7000Z/WorkStation/medical/CT_Junior/CT artifact annotation/output_refined_v2/masks_nifti/CQ500-CT-272.nii.gz,789259,189,194,512,512
CQ500-CT-273,/media/qiqi/P7000Z/WorkStation/medical/CT_Junior/CQ500/CQ500CT273 CQ500CT273/Unknown Study/CT 0.625mm,CT 0.625mm,/media/qiqi/P7000Z/WorkStation/medical/CT_Junior/CT artifact annotation/output_refined_v2/images_nifti/CQ500-CT-273.nii.gz,/media/qiqi/P7000Z/WorkStation/medical/CT_Junior/CT artifact annotation/output_refined_v2/masks_nifti/CQ500-CT-273.nii.gz,345826,128,128,512,512
CQ500-CT-274,/media/qiqi/P7000Z/WorkStation/medical/CT_Junior/CQ500/CQ500CT274 CQ500CT274/Unknown Study/CT Thin Plain,CT Thin Plain,/media/qiqi/P7000Z/WorkStation/medical/CT_Junior/CT artifact annotation/output_refined_v2/images_nifti/CQ500-CT-274.nii.gz,/media/qiqi/P7000Z/WorkStation/medical/CT_Junior/CT artifact annotation/output_refined_v2/masks_nifti/CQ500-CT-274.nii.gz,338300,268,288,512,512
CQ500-CT-275,/media/qiqi/P7000Z/WorkStation/medical/CT_Junior/CQ500/CQ500CT275 CQ500CT275/Unknown Study/CT PRE CONTRAST 5MM STD,CT PRE CONTRAST 5MM STD,/media/qiqi/P7000Z/WorkStation/medical/CT_Junior/CT artifact annotation/output_refined_v2/images_nifti/CQ500-CT-275.nii.gz,/media/qiqi/P7000Z/WorkStation/medical/CT_Junior/CT artifact annotation/output_refined_v2/masks_nifti/CQ500-CT-275.nii.gz,8539,20,28,512,512
CQ500-CT-276,/media/qiqi/P7000Z/WorkStation/medical/CT_Junior/CQ500/CQ500CT276 CQ500CT276/Unknown Study/CT PRE CONTRAST THIN,CT PRE CONTRAST THIN,/media/qiqi/P7000Z/WorkStation/medical/CT_Junior/CT artifact annotation/output_refined_v2/images_nifti/CQ500-CT-276.nii.gz,/media/qiqi/P7000Z/WorkStation/medical/CT_Junior/CT artifact annotation/output_refined_v2/masks_nifti/CQ500-CT-276.nii.gz,902681,223,233,512,512
CQ500-CT-277,/media/qiqi/P7000Z/WorkStation/medical/CT_Junior/CQ500/CQ500CT277 CQ500CT277/Unknown Study/CT 0.625mm,CT 0.625mm,/media/qiqi/P7000Z/WorkStation/medical/CT_Junior/CT artifact annotation/output_refined_v2/images_nifti/CQ500-CT-277.nii.gz,/media/qiqi/P7000Z/WorkStation/medical/CT_Junior/CT artifact annotation/output_refined_v2/masks_nifti/CQ500-CT-277.nii.gz,298946,128,128,512,512
CQ500-CT-278,/media/qiqi/P7000Z/WorkStation/medical/CT_Junior/CQ500/CQ500CT278 CQ500CT278/Unknown Study/CT PRE CONTRAST 5MM STD,CT PRE CONTRAST 5MM STD,/media/qiqi/P7000Z/WorkStation/medical/CT_Junior/CT artifact annotation/output_refined_v2/images_nifti/CQ500-CT-278.nii.gz,/media/qiqi/P7000Z/WorkStation/medical/CT_Junior/CT artifact annotation/output_refined_v2/masks_nifti/CQ500-CT-278.nii.gz,18058,21,30,512,512
CQ500-CT-279,/media/qiqi/P7000Z/WorkStation/medical/CT_Junior/CQ500/CQ500CT279 CQ500CT279/Unknown Study/CT Plain,CT Plain,/media/qiqi/P7000Z/WorkStation/medical/CT_Junior/CT artifact annotation/output_refined_v2/images_nifti/CQ500-CT-279.nii.gz,/media/qiqi/P7000Z/WorkStation/medical/CT_Junior/CT artifact annotation/output_refined_v2/masks_nifti/CQ500-CT-279.nii.gz,820,14,32,512,512
CQ500-CT-280,/media/qiqi/P7000Z/WorkStation/medical/CT_Junior/CQ500/CQ500CT280 CQ500CT280/Unknown Study/CT Plain,CT Plain,/media/qiqi/P7000Z/WorkStation/medical/CT_Junior/CT artifact annotation/output_refined_v2/images_nifti/CQ500-CT-280.nii.gz,/media/qiqi/P7000Z/WorkStation/medical/CT_Junior/CT artifact annotation/output_refined_v2/masks_nifti/CQ500-CT-280.nii.gz,212,8,30,512,512
CQ500-CT-281,/media/qiqi/P7000Z/WorkStation/medical/CT_Junior/CQ500/CQ500CT281 CQ500CT281/Unknown Study/CT Thin Plain,CT Thin Plain,/media/qiqi/P7000Z/WorkStation/medical/CT_Junior/CT artifact annotation/output_refined_v2/images_nifti/CQ500-CT-281.nii.gz,/media/qiqi/P7000Z/WorkStation/medical/CT_Junior/CT artifact annotation/output_refined_v2/masks_nifti/CQ500-CT-281.nii.gz,13979,73,256,512,512
CQ500-CT-282,/media/qiqi/P7000Z/WorkStation/medical/CT_Junior/CQ500/CQ500CT282 CQ500CT282/Unknown Study/CT 0.625mm,CT 0.625mm,/media/qiqi/P7000Z/WorkStation/medical/CT_Junior/CT artifact annotation/output_refined_v2/images_nifti/CQ500-CT-282.nii.gz,/media/qiqi/P7000Z/WorkStation/medical/CT_Junior/CT artifact annotation/output_refined_v2/masks_nifti/CQ500-CT-282.nii.gz,111791,122,132,512,512
CQ500-CT-283,/media/qiqi/P7000Z/WorkStation/medical/CT_Junior/CQ500/CQ500CT283 CQ500CT283/Unknown Study/CT Plain,CT Plain,/media/qiqi/P7000Z/WorkStation/medical/CT_Junior/CT artifact annotation/output_refined_v2/images_nifti/CQ500-CT-283.nii.gz,/media/qiqi/P7000Z/WorkStation/medical/CT_Junior/CT artifact annotation/output_refined_v2/masks_nifti/CQ500-CT-283.nii.gz,3550,18,30,512,512
CQ500-CT-284,/media/qiqi/P7000Z/WorkStation/medical/CT_Junior/CQ500/CQ500CT284 CQ500CT284/Unknown Study/CT PRE CONTRAST 5MM STD,CT PRE CONTRAST 5MM STD,/media/qiqi/P7000Z/WorkStation/medical/CT_Junior/CT artifact annotation/output_refined_v2/images_nifti/CQ500-CT-284.nii.gz,/media/qiqi/P7000Z/WorkStation/medical/CT_Junior/CT artifact annotation/output_refined_v2/masks_nifti/CQ500-CT-284.nii.gz,39839,22,30,512,512
CQ500-CT-285,/media/qiqi/P7000Z/WorkStation/medical/CT_Junior/CQ500/CQ500CT285 CQ500CT285/Unknown Study/CT 0.625mm,CT 0.625mm,/media/qiqi/P7000Z/WorkStation/medical/CT_Junior/CT artifact annotation/output_refined_v2/images_nifti/CQ500-CT-285.nii.gz,/media/qiqi/P7000Z/WorkStation/medical/CT_Junior/CT artifact annotation/output_refined_v2/masks_nifti/CQ500-CT-285.nii.gz,687903,237,256,512,512
CQ500-CT-286,/media/qiqi/P7000Z/WorkStation/medical/CT_Junior/CQ500/CQ500CT286 CQ500CT286/Unknown Study/CT PRE CONTRAST 5MM STD,CT PRE CONTRAST 5MM STD,/media/qiqi/P7000Z/WorkStation/medical/CT_Junior/CT artifact annotation/output_refined_v2/images_nifti/CQ500-CT-286.nii.gz,/media/qiqi/P7000Z/WorkStation/medical/CT_Junior/CT artifact annotation/output_refined_v2/masks_nifti/CQ500-CT-286.nii.gz,7222,19,30,512,512
CQ500-CT-287,/media/qiqi/P7000Z/WorkStation/medical/CT_Junior/CQ500/CQ500CT287 CQ500CT287/Unknown Study/CT Thin Plain,CT Thin Plain,/media/qiqi/P7000Z/WorkStation/medical/CT_Junior/CT artifact annotation/output_refined_v2/images_nifti/CQ500-CT-287.nii.gz,/media/qiqi/P7000Z/WorkStation/medical/CT_Junior/CT artifact annotation/output_refined_v2/masks_nifti/CQ500-CT-287.nii.gz,174722,244,256,512,512
CQ500-CT-288,/media/qiqi/P7000Z/WorkStation/medical/CT_Junior/CQ500/CQ500CT288 CQ500CT288/Unknown Study/CT Plain 3mm,CT Plain 3mm,/media/qiqi/P7000Z/WorkStation/medical/CT_Junior/CT artifact annotation/output_refined_v2/images_nifti/CQ500-CT-288.nii.gz,/media/qiqi/P7000Z/WorkStation/medical/CT_Junior/CT artifact annotation/output_refined_v2/masks_nifti/CQ500-CT-288.nii.gz,13415,51,55,512,512
CQ500-CT-289,/media/qiqi/P7000Z/WorkStation/medical/CT_Junior/CQ500/CQ500CT289 CQ500CT289/Unknown Study/CT 5mm POST CONTRAST,CT 5mm POST CONTRAST,/media/qiqi/P7000Z/WorkStation/medical/CT_Junior/CT artifact annotation/output_refined_v2/images_nifti/CQ500-CT-289.nii.gz,/media/qiqi/P7000Z/WorkStation/medical/CT_Junior/CT artifact annotation/output_refined_v2/masks_nifti/CQ500-CT-289.nii.gz,446722,215,233,512,512
CQ500-CT-290,/media/qiqi/P7000Z/WorkStation/medical/CT_Junior/CQ500/CQ500CT290 CQ500CT290/Unknown Study/CT 0.625mm,CT 0.625mm,/media/qiqi/P7000Z/WorkStation/medical/CT_Junior/CT artifact annotation/output_refined_v2/images_nifti/CQ500-CT-290.nii.gz,/media/qiqi/P7000Z/WorkStation/medical/CT_Junior/CT artifact annotation/output_refined_v2/masks_nifti/CQ500-CT-290.nii.gz,115973,238,256,512,512
CQ500-CT-291,/media/qiqi/P7000Z/WorkStation/medical/CT_Junior/CQ500/CQ500CT291 CQ500CT291/Unknown Study/CT Plain,CT Plain,/media/qiqi/P7000Z/WorkStation/medical/CT_Junior/CT artifact annotation/output_refined_v2/images_nifti/CQ500-CT-291.nii.gz,/media/qiqi/P7000Z/WorkStation/medical/CT_Junior/CT artifact annotation/output_refined_v2/masks_nifti/CQ500-CT-291.nii.gz,4949,25,32,512,512
CQ500-CT-292,/media/qiqi/P7000Z/WorkStation/medical/CT_Junior/CQ500/CQ500CT292 CQ500CT292/Unknown Study/CT Plain,CT Plain,/media/qiqi/P7000Z/WorkStation/medical/CT_Junior/CT artifact annotation/output_refined_v2/images_nifti/CQ500-CT-292.nii.gz,/media/qiqi/P7000Z/WorkStation/medical/CT_Junior/CT artifact annotation/output_refined_v2/masks_nifti/CQ500-CT-292.nii.gz,6607,21,30,512,512
CQ500-CT-293,/media/qiqi/P7000Z/WorkStation/medical/CT_Junior/CQ500/CQ500CT293 CQ500CT293/Unknown Study/CT Plain,CT Plain,/media/qiqi/P7000Z/WorkStation/medical/CT_Junior/CT artifact annotation/output_refined_v2/images_nifti/CQ500-CT-293.nii.gz,/media/qiqi/P7000Z/WorkStation/medical/CT_Junior/CT artifact annotation/output_refined_v2/masks_nifti/CQ500-CT-293.nii.gz,4305,21,30,512,512
CQ500-CT-294,/media/qiqi/P7000Z/WorkStation/medical/CT_Junior/CQ500/CQ500CT294 CQ500CT294/Unknown Study/CT Plain,CT Plain,/media/qiqi/P7000Z/WorkStation/medical/CT_Junior/CT artifact annotation/output_refined_v2/images_nifti/CQ500-CT-294.nii.gz,/media/qiqi/P7000Z/WorkStation/medical/CT_Junior/CT artifact annotation/output_refined_v2/masks_nifti/CQ500-CT-294.nii.gz,249,9,30,512,512
CQ500-CT-295,/media/qiqi/P7000Z/WorkStation/medical/CT_Junior/CQ500/CQ500CT295 CQ500CT295/Unknown Study/CT Plain 3mm,CT Plain 3mm,/media/qiqi/P7000Z/WorkStation/medical/CT_Junior/CT artifact annotation/output_refined_v2/images_nifti/CQ500-CT-295.nii.gz,/media/qiqi/P7000Z/WorkStation/medical/CT_Junior/CT artifact annotation/output_refined_v2/masks_nifti/CQ500-CT-295.nii.gz,12651,41,53,512,512
CQ500-CT-296,/media/qiqi/P7000Z/WorkStation/medical/CT_Junior/CQ500/CQ500CT296 CQ500CT296/Unknown Study/CT Plain,CT Plain,/media/qiqi/P7000Z/WorkStation/medical/CT_Junior/CT artifact annotation/output_refined_v2/images_nifti/CQ500-CT-296.nii.gz,/media/qiqi/P7000Z/WorkStation/medical/CT_Junior/CT artifact annotation/output_refined_v2/masks_nifti/CQ500-CT-296.nii.gz,8719,23,34,512,512
CQ500-CT-297,/media/qiqi/P7000Z/WorkStation/medical/CT_Junior/CQ500/CQ500CT297 CQ500CT297/Unknown Study/CT 2.55mm,CT 2.55mm,/media/qiqi/P7000Z/WorkStation/medical/CT_Junior/CT artifact annotation/output_refined_v2/images_nifti/CQ500-CT-297.nii.gz,/media/qiqi/P7000Z/WorkStation/medical/CT_Junior/CT artifact annotation/output_refined_v2/masks_nifti/CQ500-CT-297.nii.gz,6775,22,36,512,512
CQ500-CT-298,/media/qiqi/P7000Z/WorkStation/medical/CT_Junior/CQ500/CQ500CT298 CQ500CT298/Unknown Study/CT Thin Stnd,CT Thin Stnd,/media/qiqi/P7000Z/WorkStation/medical/CT_Junior/CT artifact annotation/output_refined_v2/images_nifti/CQ500-CT-298.nii.gz,/media/qiqi/P7000Z/WorkStation/medical/CT_Junior/CT artifact annotation/output_refined_v2/masks_nifti/CQ500-CT-298.nii.gz,340953,365,413,512,512
CQ500-CT-299,/media/qiqi/P7000Z/WorkStation/medical/CT_Junior/CQ500/CQ500CT299 CQ500CT299/Unknown Study/CT Thin Plain,CT Thin Plain,/media/qiqi/P7000Z/WorkStation/medical/CT_Junior/CT artifact annotation/output_refined_v2/images_nifti/CQ500-CT-299.nii.gz,/media/qiqi/P7000Z/WorkStation/medical/CT_Junior/CT artifact annotation/output_refined_v2/masks_nifti/CQ500-CT-299.nii.gz,295827,235,256,512,512
CQ500-CT-300,/media/qiqi/P7000Z/WorkStation/medical/CT_Junior/CQ500/CQ500CT300 CQ500CT300/Unknown Study/CT Thin Plain,CT Thin Plain,/media/qiqi/P7000Z/WorkStation/medical/CT_Junior/CT artifact annotation/output_refined_v2/images_nifti/CQ500-CT-300.nii.gz,/media/qiqi/P7000Z/WorkStation/medical/CT_Junior/CT artifact annotation/output_refined_v2/masks_nifti/CQ500-CT-300.nii.gz,29964,68,256,512,512
CQ500-CT-301,/media/qiqi/P7000Z/WorkStation/medical/CT_Junior/CQ500/CQ500CT301 CQ500CT301/Unknown Study/CT Plain,CT Plain,/media/qiqi/P7000Z/WorkStation/medical/CT_Junior/CT artifact annotation/output_refined_v2/images_nifti/CQ500-CT-301.nii.gz,/media/qiqi/P7000Z/WorkStation/medical/CT_Junior/CT artifact annotation/output_refined_v2/masks_nifti/CQ500-CT-301.nii.gz,786,7,32,512,512
CQ500-CT-302,/media/qiqi/P7000Z/WorkStation/medical/CT_Junior/CQ500/CQ500CT302 CQ500CT302/Unknown Study/CT Thin Plain,CT Thin Plain,/media/qiqi/P7000Z/WorkStation/medical/CT_Junior/CT artifact annotation/output_refined_v2/images_nifti/CQ500-CT-302.nii.gz,/media/qiqi/P7000Z/WorkStation/medical/CT_Junior/CT artifact annotation/output_refined_v2/masks_nifti/CQ500-CT-302.nii.gz,359629,234,256,512,512
CQ500-CT-303,/media/qiqi/P7000Z/WorkStation/medical/CT_Junior/CQ500/CQ500CT303 CQ500CT303/Unknown Study/CT PRE CONTRAST 5MM STD,CT PRE CONTRAST 5MM STD,/media/qiqi/P7000Z/WorkStation/medical/CT_Junior/CT artifact annotation/output_refined_v2/images_nifti/CQ500-CT-303.nii.gz,/media/qiqi/P7000Z/WorkStation/medical/CT_Junior/CT artifact annotation/output_refined_v2/masks_nifti/CQ500-CT-303.nii.gz,30806,23,30,512,512
CQ500-CT-304,/media/qiqi/P7000Z/WorkStation/medical/CT_Junior/CQ500/CQ500CT304 CQ500CT304/Unknown Study/CT Plain 3mm,CT Plain 3mm,/media/qiqi/P7000Z/WorkStation/medical/CT_Junior/CT artifact annotation/output_refined_v2/images_nifti/CQ500-CT-304.nii.gz,/media/qiqi/P7000Z/WorkStation/medical/CT_Junior/CT artifact annotation/output_refined_v2/masks_nifti/CQ500-CT-304.nii.gz,32280,52,55,512,512
CQ500-CT-305,/media/qiqi/P7000Z/WorkStation/medical/CT_Junior/CQ500/CQ500CT305 CQ500CT305/Unknown Study/CT Thin Plain,CT Thin Plain,/media/qiqi/P7000Z/WorkStation/medical/CT_Junior/CT artifact annotation/output_refined_v2/images_nifti/CQ500-CT-305.nii.gz,/media/qiqi/P7000Z/WorkStation/medical/CT_Junior/CT artifact annotation/output_refined_v2/masks_nifti/CQ500-CT-305.nii.gz,628958,301,352,512,512
CQ500-CT-306,/media/qiqi/P7000Z/WorkStation/medical/CT_Junior/CQ500/CQ500CT306 CQ500CT306/Unknown Study/CT Plain THIN,CT Plain THIN,/media/qiqi/P7000Z/WorkStation/medical/CT_Junior/CT artifact annotation/output_refined_v2/images_nifti/CQ500-CT-306.nii.gz,/media/qiqi/P7000Z/WorkStation/medical/CT_Junior/CT artifact annotation/output_refined_v2/masks_nifti/CQ500-CT-306.nii.gz,46908,128,331,512,512
CQ500-CT-307,/media/qiqi/P7000Z/WorkStation/medical/CT_Junior/CQ500/CQ500CT307 CQ500CT307/Unknown Study/CT Plain,CT Plain,/media/qiqi/P7000Z/WorkStation/medical/CT_Junior/CT artifact annotation/output_refined_v2/images_nifti/CQ500-CT-307.nii.gz,/media/qiqi/P7000Z/WorkStation/medical/CT_Junior/CT artifact annotation/output_refined_v2/masks_nifti/CQ500-CT-307.nii.gz,23259,32,46,512,512
CQ500-CT-308,/media/qiqi/P7000Z/WorkStation/medical/CT_Junior/CQ500/CQ500CT308 CQ500CT308/Unknown Study/CT Plain,CT Plain,/media/qiqi/P7000Z/WorkStation/medical/CT_Junior/CT artifact annotation/output_refined_v2/images_nifti/CQ500-CT-308.nii.gz,/media/qiqi/P7000Z/WorkStation/medical/CT_Junior/CT artifact annotation/output_refined_v2/masks_nifti/CQ500-CT-308.nii.gz,15583,21,28,512,512
CQ500-CT-309,/media/qiqi/P7000Z/WorkStation/medical/CT_Junior/CQ500/CQ500CT309 CQ500CT309/Unknown Study/CT Plain,CT Plain,/media/qiqi/P7000Z/WorkStation/medical/CT_Junior/CT artifact annotation/output_refined_v2/images_nifti/CQ500-CT-309.nii.gz,/media/qiqi/P7000Z/WorkStation/medical/CT_Junior/CT artifact annotation/output_refined_v2/masks_nifti/CQ500-CT-309.nii.gz,1032,17,36,512,512
CQ500-CT-310,/media/qiqi/P7000Z/WorkStation/medical/CT_Junior/CQ500/CQ500CT310 CQ500CT310/Unknown Study/CT Thin Plain,CT Thin Plain,/media/qiqi/P7000Z/WorkStation/medical/CT_Junior/CT artifact annotation/output_refined_v2/images_nifti/CQ500-CT-310.nii.gz,/media/qiqi/P7000Z/WorkStation/medical/CT_Junior/CT artifact annotation/output_refined_v2/masks_nifti/CQ500-CT-310.nii.gz,158658,238,256,512,512
CQ500-CT-311,/media/qiqi/P7000Z/WorkStation/medical/CT_Junior/CQ500/CQ500CT311 CQ500CT311/Unknown Study/CT PRE CONTRAST 5MM STD,CT PRE CONTRAST 5MM STD,/media/qiqi/P7000Z/WorkStation/medical/CT_Junior/CT artifact annotation/output_refined_v2/images_nifti/CQ500-CT-311.nii.gz,/media/qiqi/P7000Z/WorkStation/medical/CT_Junior/CT artifact annotation/output_refined_v2/masks_nifti/CQ500-CT-311.nii.gz,20628,20,30,512,512
CQ500-CT-312,/media/qiqi/P7000Z/WorkStation/medical/CT_Junior/CQ500/CQ500CT312 CQ500CT312/Unknown Study/CT PRE CONTRAST 5MM STD,CT PRE CONTRAST 5MM STD,/media/qiqi/P7000Z/WorkStation/medical/CT_Junior/CT artifact annotation/output_refined_v2/images_nifti/CQ500-CT-312.nii.gz,/media/qiqi/P7000Z/WorkStation/medical/CT_Junior/CT artifact annotation/output_refined_v2/masks_nifti/CQ500-CT-312.nii.gz,6475,19,30,512,512
CQ500-CT-313,/media/qiqi/P7000Z/WorkStation/medical/CT_Junior/CQ500/CQ500CT313 CQ500CT313/Unknown Study/CT PLAIN THIN,CT PLAIN THIN,/media/qiqi/P7000Z/WorkStation/medical/CT_Junior/CT artifact annotation/output_refined_v2/images_nifti/CQ500-CT-313.nii.gz,/media/qiqi/P7000Z/WorkStation/medical/CT_Junior/CT artifact annotation/output_refined_v2/masks_nifti/CQ500-CT-313.nii.gz,871522,224,240,512,512
CQ500-CT-314,/media/qiqi/P7000Z/WorkStation/medical/CT_Junior/CQ500/CQ500CT314 CQ500CT314/Unknown Study/CT Plain,CT Plain,/media/qiqi/P7000Z/WorkStation/medical/CT_Junior/CT artifact annotation/output_refined_v2/images_nifti/CQ500-CT-314.nii.gz,/media/qiqi/P7000Z/WorkStation/medical/CT_Junior/CT artifact annotation/output_refined_v2/masks_nifti/CQ500-CT-314.nii.gz,2539,17,30,512,512
CQ500-CT-315,/media/qiqi/P7000Z/WorkStation/medical/CT_Junior/CQ500/CQ500CT315 CQ500CT315/Unknown Study/CT Plain,CT Plain,/media/qiqi/P7000Z/WorkStation/medical/CT_Junior/CT artifact annotation/output_refined_v2/images_nifti/CQ500-CT-315.nii.gz,/media/qiqi/P7000Z/WorkStation/medical/CT_Junior/CT artifact annotation/output_refined_v2/masks_nifti/CQ500-CT-315.nii.gz,10912,22,28,512,512
CQ500-CT-316,/media/qiqi/P7000Z/WorkStation/medical/CT_Junior/CQ500/CQ500CT316 CQ500CT316/Unknown Study/CT 0.625mm,CT 0.625mm,/media/qiqi/P7000Z/WorkStation/medical/CT_Junior/CT artifact annotation/output_refined_v2/images_nifti/CQ500-CT-316.nii.gz,/media/qiqi/P7000Z/WorkStation/medical/CT_Junior/CT artifact annotation/output_refined_v2/masks_nifti/CQ500-CT-316.nii.gz,673412,242,256,512,512
CQ500-CT-317,/media/qiqi/P7000Z/WorkStation/medical/CT_Junior/CQ500/CQ500CT317 CQ500CT317/Unknown Study/CT Plain,CT Plain,/media/qiqi/P7000Z/WorkStation/medical/CT_Junior/CT artifact annotation/output_refined_v2/images_nifti/CQ500-CT-317.nii.gz,/media/qiqi/P7000Z/WorkStation/medical/CT_Junior/CT artifact annotation/output_refined_v2/masks_nifti/CQ500-CT-317.nii.gz,15141,25,32,512,512
CQ500-CT-318,/media/qiqi/P7000Z/WorkStation/medical/CT_Junior/CQ500/CQ500CT318 CQ500CT318/Unknown Study/CT Thin Plain,CT Thin Plain,/media/qiqi/P7000Z/WorkStation/medical/CT_Junior/CT artifact annotation/output_refined_v2/images_nifti/CQ500-CT-318.nii.gz,/media/qiqi/P7000Z/WorkStation/medical/CT_Junior/CT artifact annotation/output_refined_v2/masks_nifti/CQ500-CT-318.nii.gz,114086,258,320,512,512
CQ500-CT-319,/media/qiqi/P7000Z/WorkStation/medical/CT_Junior/CQ500/CQ500CT319 CQ500CT319/Unknown Study/CT 0.625mm,CT 0.625mm,/media/qiqi/P7000Z/WorkStation/medical/CT_Junior/CT artifact annotation/output_refined_v2/images_nifti/CQ500-CT-319.nii.gz,/media/qiqi/P7000Z/WorkStation/medical/CT_Junior/CT artifact annotation/output_refined_v2/masks_nifti/CQ500-CT-319.nii.gz,663597,270,288,512,512
CQ500-CT-320,/media/qiqi/P7000Z/WorkStation/medical/CT_Junior/CQ500/CQ500CT320 CQ500CT320/Unknown Study/CT Thin Plain,CT Thin Plain,/media/qiqi/P7000Z/WorkStation/medical/CT_Junior/CT artifact annotation/output_refined_v2/images_nifti/CQ500-CT-320.nii.gz,/media/qiqi/P7000Z/WorkStation/medical/CT_Junior/CT artifact annotation/output_refined_v2/masks_nifti/CQ500-CT-320.nii.gz,129206,200,200,512,512
CQ500-CT-321,/media/qiqi/P7000Z/WorkStation/medical/CT_Junior/CQ500/CQ500CT321 CQ500CT321/Unknown Study/CT Thin Plain,CT Thin Plain,/media/qiqi/P7000Z/WorkStation/medical/CT_Junior/CT artifact annotation/output_refined_v2/images_nifti/CQ500-CT-321.nii.gz,/media/qiqi/P7000Z/WorkStation/medical/CT_Junior/CT artifact annotation/output_refined_v2/masks_nifti/CQ500-CT-321.nii.gz,153682,187,187,512,512
CQ500-CT-322,/media/qiqi/P7000Z/WorkStation/medical/CT_Junior/CQ500/CQ500CT322 CQ500CT322/Unknown Study/CT Plain THIN,CT Plain THIN,/media/qiqi/P7000Z/WorkStation/medical/CT_Junior/CT artifact annotation/output_refined_v2/images_nifti/CQ500-CT-322.nii.gz,/media/qiqi/P7000Z/WorkStation/medical/CT_Junior/CT artifact annotation/output_refined_v2/masks_nifti/CQ500-CT-322.nii.gz,147775,301,319,512,512
CQ500-CT-323,/media/qiqi/P7000Z/WorkStation/medical/CT_Junior/CQ500/CQ500CT323 CQ500CT323/Unknown Study/CT Plain,CT Plain,/media/qiqi/P7000Z/WorkStation/medical/CT_Junior/CT artifact annotation/output_refined_v2/images_nifti/CQ500-CT-323.nii.gz,/media/qiqi/P7000Z/WorkStation/medical/CT_Junior/CT artifact annotation/output_refined_v2/masks_nifti/CQ500-CT-323.nii.gz,492,11,30,512,512
CQ500-CT-324,/media/qiqi/P7000Z/WorkStation/medical/CT_Junior/CQ500/CQ500CT324 CQ500CT324/Unknown Study/CT PRE CONTRAST 5MM STD,CT PRE CONTRAST 5MM STD,/media/qiqi/P7000Z/WorkStation/medical/CT_Junior/CT artifact annotation/output_refined_v2/images_nifti/CQ500-CT-324.nii.gz,/media/qiqi/P7000Z/WorkStation/medical/CT_Junior/CT artifact annotation/output_refined_v2/masks_nifti/CQ500-CT-324.nii.gz,2049,15,30,512,512
CQ500-CT-325,/media/qiqi/P7000Z/WorkStation/medical/CT_Junior/CQ500/CQ500CT325 CQ500CT325/Unknown Study/CT Plain,CT Plain,/media/qiqi/P7000Z/WorkStation/medical/CT_Junior/CT artifact annotation/output_refined_v2/images_nifti/CQ500-CT-325.nii.gz,/media/qiqi/P7000Z/WorkStation/medical/CT_Junior/CT artifact annotation/output_refined_v2/masks_nifti/CQ500-CT-325.nii.gz,18110,23,35,512,512
CQ500-CT-326,/media/qiqi/P7000Z/WorkStation/medical/CT_Junior/CQ500/CQ500CT326 CQ500CT326/Unknown Study/CT 2.55mm,CT 2.55mm,/media/qiqi/P7000Z/WorkStation/medical/CT_Junior/CT artifact annotation/output_refined_v2/images_nifti/CQ500-CT-326.nii.gz,/media/qiqi/P7000Z/WorkStation/medical/CT_Junior/CT artifact annotation/output_refined_v2/masks_nifti/CQ500-CT-326.nii.gz,408,17,32,512,512
CQ500-CT-327,/media/qiqi/P7000Z/WorkStation/medical/CT_Junior/CQ500/CQ500CT327 CQ500CT327/Unknown Study/CT Plain,CT Plain,/media/qiqi/P7000Z/WorkStation/medical/CT_Junior/CT artifact annotation/output_refined_v2/images_nifti/CQ500-CT-327.nii.gz,/media/qiqi/P7000Z/WorkStation/medical/CT_Junior/CT artifact annotation/output_refined_v2/masks_nifti/CQ500-CT-327.nii.gz,3685,24,32,512,512
CQ500-CT-328,/media/qiqi/P7000Z/WorkStation/medical/CT_Junior/CQ500/CQ500CT328 CQ500CT328/Unknown Study/CT 0.625mm,CT 0.625mm,/media/qiqi/P7000Z/WorkStation/medical/CT_Junior/CT artifact annotation/output_refined_v2/images_nifti/CQ500-CT-328.nii.gz,/media/qiqi/P7000Z/WorkStation/medical/CT_Junior/CT artifact annotation/output_refined_v2/masks_nifti/CQ500-CT-328.nii.gz,823715,242,256,512,512
CQ500-CT-329,/media/qiqi/P7000Z/WorkStation/medical/CT_Junior/CQ500/CQ500CT329 CQ500CT329/Unknown Study/CT Plain,CT Plain,/media/qiqi/P7000Z/WorkStation/medical/CT_Junior/CT artifact annotation/output_refined_v2/images_nifti/CQ500-CT-329.nii.gz,/media/qiqi/P7000Z/WorkStation/medical/CT_Junior/CT artifact annotation/output_refined_v2/masks_nifti/CQ500-CT-329.nii.gz,8923,19,32,512,512
CQ500-CT-330,/media/qiqi/P7000Z/WorkStation/medical/CT_Junior/CQ500/CQ500CT330 CQ500CT330/Unknown Study/CT PRE CONTRAST 5MM STD,CT PRE CONTRAST 5MM STD,/media/qiqi/P7000Z/WorkStation/medical/CT_Junior/CT artifact annotation/output_refined_v2/images_nifti/CQ500-CT-330.nii.gz,/media/qiqi/P7000Z/WorkStation/medical/CT_Junior/CT artifact annotation/output_refined_v2/masks_nifti/CQ500-CT-330.nii.gz,454,12,33,512,512
CQ500-CT-331,/media/qiqi/P7000Z/WorkStation/medical/CT_Junior/CQ500/CQ500CT331 CQ500CT331/Unknown Study/CT Plain,CT Plain,/media/qiqi/P7000Z/WorkStation/medical/CT_Junior/CT artifact annotation/output_refined_v2/images_nifti/CQ500-CT-331.nii.gz,/media/qiqi/P7000Z/WorkStation/medical/CT_Junior/CT artifact annotation/output_refined_v2/masks_nifti/CQ500-CT-331.nii.gz,811,15,30,512,512
CQ500-CT-332,/media/qiqi/P7000Z/WorkStation/medical/CT_Junior/CQ500/CQ500CT332 CQ500CT332/Unknown Study/CT Plain,CT Plain,/media/qiqi/P7000Z/WorkStation/medical/CT_Junior/CT artifact annotation/output_refined_v2/images_nifti/CQ500-CT-332.nii.gz,/media/qiqi/P7000Z/WorkStation/medical/CT_Junior/CT artifact annotation/output_refined_v2/masks_nifti/CQ500-CT-332.nii.gz,481429,273,286,512,512
CQ500-CT-333,/media/qiqi/P7000Z/WorkStation/medical/CT_Junior/CQ500/CQ500CT333 CQ500CT333/Unknown Study/CT PRE CONTRAST 5MM STD,CT PRE CONTRAST 5MM STD,/media/qiqi/P7000Z/WorkStation/medical/CT_Junior/CT artifact annotation/output_refined_v2/images_nifti/CQ500-CT-333.nii.gz,/media/qiqi/P7000Z/WorkStation/medical/CT_Junior/CT artifact annotation/output_refined_v2/masks_nifti/CQ500-CT-333.nii.gz,19130,22,30,512,512
CQ500-CT-334,/media/qiqi/P7000Z/WorkStation/medical/CT_Junior/CQ500/CQ500CT334 CQ500CT334/Unknown Study/CT Plain 3mm,CT Plain 3mm,/media/qiqi/P7000Z/WorkStation/medical/CT_Junior/CT artifact annotation/output_refined_v2/images_nifti/CQ500-CT-334.nii.gz,/media/qiqi/P7000Z/WorkStation/medical/CT_Junior/CT artifact annotation/output_refined_v2/masks_nifti/CQ500-CT-334.nii.gz,4696,45,62,512,512
CQ500-CT-335,/media/qiqi/P7000Z/WorkStation/medical/CT_Junior/CQ500/CQ500CT335 CQ500CT335/Unknown Study/CT Plain,CT Plain,/media/qiqi/P7000Z/WorkStation/medical/CT_Junior/CT artifact annotation/output_refined_v2/images_nifti/CQ500-CT-335.nii.gz,/media/qiqi/P7000Z/WorkStation/medical/CT_Junior/CT artifact annotation/output_refined_v2/masks_nifti/CQ500-CT-335.nii.gz,3322,20,28,512,512
CQ500-CT-336,/media/qiqi/P7000Z/WorkStation/medical/CT_Junior/CQ500/CQ500CT336 CQ500CT336/Unknown Study/CT POST CONTRAST,CT POST CONTRAST,/media/qiqi/P7000Z/WorkStation/medical/CT_Junior/CT artifact annotation/output_refined_v2/images_nifti/CQ500-CT-336.nii.gz,/media/qiqi/P7000Z/WorkStation/medical/CT_Junior/CT artifact annotation/output_refined_v2/masks_nifti/CQ500-CT-336.nii.gz,3575,22,34,512,512
CQ500-CT-337,/media/qiqi/P7000Z/WorkStation/medical/CT_Junior/CQ500/CQ500CT337 CQ500CT337/Unknown Study/CT 2.55mm,CT 2.55mm,/media/qiqi/P7000Z/WorkStation/medical/CT_Junior/CT artifact annotation/output_refined_v2/images_nifti/CQ500-CT-337.nii.gz,/media/qiqi/P7000Z/WorkStation/medical/CT_Junior/CT artifact annotation/output_refined_v2/masks_nifti/CQ500-CT-337.nii.gz,9647,20,32,512,512
CQ500-CT-338,/media/qiqi/P7000Z/WorkStation/medical/CT_Junior/CQ500/CQ500CT338 CQ500CT338/Unknown Study/CT Plain,CT Plain,/media/qiqi/P7000Z/WorkStation/medical/CT_Junior/CT artifact annotation/output_refined_v2/images_nifti/CQ500-CT-338.nii.gz,/media/qiqi/P7000Z/WorkStation/medical/CT_Junior/CT artifact annotation/output_refined_v2/masks_nifti/CQ500-CT-338.nii.gz,1139,14,14,512,512
CQ500-CT-339,/media/qiqi/P7000Z/WorkStation/medical/CT_Junior/CQ500/CQ500CT339 CQ500CT339/Unknown Study/CT PLAIN THIN,CT PLAIN THIN,/media/qiqi/P7000Z/WorkStation/medical/CT_Junior/CT artifact annotation/output_refined_v2/images_nifti/CQ500-CT-339.nii.gz,/media/qiqi/P7000Z/WorkStation/medical/CT_Junior/CT artifact annotation/output_refined_v2/masks_nifti/CQ500-CT-339.nii.gz,216111,225,241,512,512
CQ500-CT-340,/media/qiqi/P7000Z/WorkStation/medical/CT_Junior/CQ500/CQ500CT340 CQ500CT340/Unknown Study/CT Thin Plain,CT Thin Plain,/media/qiqi/P7000Z/WorkStation/medical/CT_Junior/CT artifact annotation/output_refined_v2/images_nifti/CQ500-CT-340.nii.gz,/media/qiqi/P7000Z/WorkStation/medical/CT_Junior/CT artifact annotation/output_refined_v2/masks_nifti/CQ500-CT-340.nii.gz,21951,85,256,512,512
CQ500-CT-341,/media/qiqi/P7000Z/WorkStation/medical/CT_Junior/CQ500/CQ500CT341 CQ500CT341/Unknown Study/CT Plain,CT Plain,/media/qiqi/P7000Z/WorkStation/medical/CT_Junior/CT artifact annotation/output_refined_v2/images_nifti/CQ500-CT-341.nii.gz,/media/qiqi/P7000Z/WorkStation/medical/CT_Junior/CT artifact annotation/output_refined_v2/masks_nifti/CQ500-CT-341.nii.gz,6224,24,26,512,512
CQ500-CT-342,/media/qiqi/P7000Z/WorkStation/medical/CT_Junior/CQ500/CQ500CT342 CQ500CT342/Unknown Study/CT 0.625mm,CT 0.625mm,/media/qiqi/P7000Z/WorkStation/medical/CT_Junior/CT artifact annotation/output_refined_v2/images_nifti/CQ500-CT-342.nii.gz,/media/qiqi/P7000Z/WorkStation/medical/CT_Junior/CT artifact annotation/output_refined_v2/masks_nifti/CQ500-CT-342.nii.gz,528251,239,256,512,512
CQ500-CT-343,/media/qiqi/P7000Z/WorkStation/medical/CT_Junior/CQ500/CQ500CT343 CQ500CT343/Unknown Study/CT Thin Plain,CT Thin Plain,/media/qiqi/P7000Z/WorkStation/medical/CT_Junior/CT artifact annotation/output_refined_v2/images_nifti/CQ500-CT-343.nii.gz,/media/qiqi/P7000Z/WorkStation/medical/CT_Junior/CT artifact annotation/output_refined_v2/masks_nifti/CQ500-CT-343.nii.gz,798779,245,249,512,512
CQ500-CT-344,/media/qiqi/P7000Z/WorkStation/medical/CT_Junior/CQ500/CQ500CT344 CQ500CT344/Unknown Study/CT Plain,CT Plain,/media/qiqi/P7000Z/WorkStation/medical/CT_Junior/CT artifact annotation/output_refined_v2/images_nifti/CQ500-CT-344.nii.gz,/media/qiqi/P7000Z/WorkStation/medical/CT_Junior/CT artifact annotation/output_refined_v2/masks_nifti/CQ500-CT-344.nii.gz,226,11,30,512,512
CQ500-CT-345,/media/qiqi/P7000Z/WorkStation/medical/CT_Junior/CQ500/CQ500CT345 CQ500CT345/Unknown Study/CT 0.625mm,CT 0.625mm,/media/qiqi/P7000Z/WorkStation/medical/CT_Junior/CT artifact annotation/output_refined_v2/images_nifti/CQ500-CT-345.nii.gz,/media/qiqi/P7000Z/WorkStation/medical/CT_Junior/CT artifact annotation/output_refined_v2/masks_nifti/CQ500-CT-345.nii.gz,14299,109,645,512,512
CQ500-CT-346,/media/qiqi/P7000Z/WorkStation/medical/CT_Junior/CQ500/CQ500CT346 CQ500CT346/Unknown Study/CT 0.625mm,CT 0.625mm,/media/qiqi/P7000Z/WorkStation/medical/CT_Junior/CT artifact annotation/output_refined_v2/images_nifti/CQ500-CT-346.nii.gz,/media/qiqi/P7000Z/WorkStation/medical/CT_Junior/CT artifact annotation/output_refined_v2/masks_nifti/CQ500-CT-346.nii.gz,390688,283,288,512,512
CQ500-CT-347,/media/qiqi/P7000Z/WorkStation/medical/CT_Junior/CQ500/CQ500CT347 CQ500CT347/Unknown Study/CT Plain,CT Plain,/media/qiqi/P7000Z/WorkStation/medical/CT_Junior/CT artifact annotation/output_refined_v2/images_nifti/CQ500-CT-347.nii.gz,/media/qiqi/P7000Z/WorkStation/medical/CT_Junior/CT artifact annotation/output_refined_v2/masks_nifti/CQ500-CT-347.nii.gz,3045,20,32,512,512
CQ500-CT-348,/media/qiqi/P7000Z/WorkStation/medical/CT_Junior/CQ500/CQ500CT348 CQ500CT348/Unknown Study/CT Plain,CT Plain,/media/qiqi/P7000Z/WorkStation/medical/CT_Junior/CT artifact annotation/output_refined_v2/images_nifti/CQ500-CT-348.nii.gz,/media/qiqi/P7000Z/WorkStation/medical/CT_Junior/CT artifact annotation/output_refined_v2/masks_nifti/CQ500-CT-348.nii.gz,713,9,26,512,512
CQ500-CT-349,/media/qiqi/P7000Z/WorkStation/medical/CT_Junior/CQ500/CQ500CT349 CQ500CT349/Unknown Study/CT PRE CONTRAST 5MM STD,CT PRE CONTRAST 5MM STD,/media/qiqi/P7000Z/WorkStation/medical/CT_Junior/CT artifact annotation/output_refined_v2/images_nifti/CQ500-CT-349.nii.gz,/media/qiqi/P7000Z/WorkStation/medical/CT_Junior/CT artifact annotation/output_refined_v2/masks_nifti/CQ500-CT-349.nii.gz,19936,31,42,512,512
CQ500-CT-350,/media/qiqi/P7000Z/WorkStation/medical/CT_Junior/CQ500/CQ500CT350 CQ500CT350/Unknown Study/CT Plain,CT Plain,/media/qiqi/P7000Z/WorkStation/medical/CT_Junior/CT artifact annotation/output_refined_v2/images_nifti/CQ500-CT-350.nii.gz,/media/qiqi/P7000Z/WorkStation/medical/CT_Junior/CT artifact annotation/output_refined_v2/masks_nifti/CQ500-CT-350.nii.gz,6043,25,32,512,512
CQ500-CT-351,/media/qiqi/P7000Z/WorkStation/medical/CT_Junior/CQ500/CQ500CT351 CQ500CT351/Unknown Study/CT Plain,CT Plain,/media/qiqi/P7000Z/WorkStation/medical/CT_Junior/CT artifact annotation/output_refined_v2/images_nifti/CQ500-CT-351.nii.gz,/media/qiqi/P7000Z/WorkStation/medical/CT_Junior/CT artifact annotation/output_refined_v2/masks_nifti/CQ500-CT-351.nii.gz,2821,21,32,512,512
CQ500-CT-352,/media/qiqi/P7000Z/WorkStation/medical/CT_Junior/CQ500/CQ500CT352 CQ500CT352/Unknown Study/CT Plain,CT Plain,/media/qiqi/P7000Z/WorkStation/medical/CT_Junior/CT artifact annotation/output_refined_v2/images_nifti/CQ500-CT-352.nii.gz,/media/qiqi/P7000Z/WorkStation/medical/CT_Junior/CT artifact annotation/output_refined_v2/masks_nifti/CQ500-CT-352.nii.gz,9417,14,36,512,512
CQ500-CT-353,/media/qiqi/P7000Z/WorkStation/medical/CT_Junior/CQ500/CQ500CT353 CQ500CT353/Unknown Study/CT PRE CONTRAST 5MM STD,CT PRE CONTRAST 5MM STD,/media/qiqi/P7000Z/WorkStation/medical/CT_Junior/CT artifact annotation/output_refined_v2/images_nifti/CQ500-CT-353.nii.gz,/media/qiqi/P7000Z/WorkStation/medical/CT_Junior/CT artifact annotation/output_refined_v2/masks_nifti/CQ500-CT-353.nii.gz,40126,21,29,512,512
CQ500-CT-354,/media/qiqi/P7000Z/WorkStation/medical/CT_Junior/CQ500/CQ500CT354 CQ500CT354/Unknown Study/CT PLAIN THIN,CT PLAIN THIN,/media/qiqi/P7000Z/WorkStation/medical/CT_Junior/CT artifact annotation/output_refined_v2/images_nifti/CQ500-CT-354.nii.gz,/media/qiqi/P7000Z/WorkStation/medical/CT_Junior/CT artifact annotation/output_refined_v2/masks_nifti/CQ500-CT-354.nii.gz,198486,181,187,512,512
CQ500-CT-355,/media/qiqi/P7000Z/WorkStation/medical/CT_Junior/CQ500/CQ500CT355 CQ500CT355/Unknown Study/CT PRE CONTRAST 5MM STD,CT PRE CONTRAST 5MM STD,/media/qiqi/P7000Z/WorkStation/medical/CT_Junior/CT artifact annotation/output_refined_v2/images_nifti/CQ500-CT-355.nii.gz,/media/qiqi/P7000Z/WorkStation/medical/CT_Junior/CT artifact annotation/output_refined_v2/masks_nifti/CQ500-CT-355.nii.gz,15576,26,38,512,512
CQ500-CT-356,/media/qiqi/P7000Z/WorkStation/medical/CT_Junior/CQ500/CQ500CT356 CQ500CT356/Unknown Study/CT Plain,CT Plain,/media/qiqi/P7000Z/WorkStation/medical/CT_Junior/CT artifact annotation/output_refined_v2/images_nifti/CQ500-CT-356.nii.gz,/media/qiqi/P7000Z/WorkStation/medical/CT_Junior/CT artifact annotation/output_refined_v2/masks_nifti/CQ500-CT-356.nii.gz,18279,27,36,512,512
CQ500-CT-357,/media/qiqi/P7000Z/WorkStation/medical/CT_Junior/CQ500/CQ500CT357 CQ500CT357/Unknown Study/CT 0.625mm,CT 0.625mm,/media/qiqi/P7000Z/WorkStation/medical/CT_Junior/CT artifact annotation/output_refined_v2/images_nifti/CQ500-CT-357.nii.gz,/media/qiqi/P7000Z/WorkStation/medical/CT_Junior/CT artifact annotation/output_refined_v2/masks_nifti/CQ500-CT-357.nii.gz,877734,239,256,512,512
CQ500-CT-358,/media/qiqi/P7000Z/WorkStation/medical/CT_Junior/CQ500/CQ500CT358 CQ500CT358/Unknown Study/CT Plain 3mm,CT Plain 3mm,/media/qiqi/P7000Z/WorkStation/medical/CT_Junior/CT artifact annotation/output_refined_v2/images_nifti/CQ500-CT-358.nii.gz,/media/qiqi/P7000Z/WorkStation/medical/CT_Junior/CT artifact annotation/output_refined_v2/masks_nifti/CQ500-CT-358.nii.gz,6280,38,52,512,512
CQ500-CT-359,/media/qiqi/P7000Z/WorkStation/medical/CT_Junior/CQ500/CQ500CT359 CQ500CT359/Unknown Study/CT Thin Plain,CT Thin Plain,/media/qiqi/P7000Z/WorkStation/medical/CT_Junior/CT artifact annotation/output_refined_v2/images_nifti/CQ500-CT-359.nii.gz,/media/qiqi/P7000Z/WorkStation/medical/CT_Junior/CT artifact annotation/output_refined_v2/masks_nifti/CQ500-CT-359.nii.gz,244366,241,256,512,512
CQ500-CT-360,/media/qiqi/P7000Z/WorkStation/medical/CT_Junior/CQ500/CQ500CT360 CQ500CT360/Unknown Study/CT PRE CONTRAST 5MM STD,CT PRE CONTRAST 5MM STD,/media/qiqi/P7000Z/WorkStation/medical/CT_Junior/CT artifact annotation/output_refined_v2/images_nifti/CQ500-CT-360.nii.gz,/media/qiqi/P7000Z/WorkStation/medical/CT_Junior/CT artifact annotation/output_refined_v2/masks_nifti/CQ500-CT-360.nii.gz,320,7,31,512,512
CQ500-CT-361,/media/qiqi/P7000Z/WorkStation/medical/CT_Junior/CQ500/CQ500CT361 CQ500CT361/Unknown Study/CT 0.625mm,CT 0.625mm,/media/qiqi/P7000Z/WorkStation/medical/CT_Junior/CT artifact annotation/output_refined_v2/images_nifti/CQ500-CT-361.nii.gz,/media/qiqi/P7000Z/WorkStation/medical/CT_Junior/CT artifact annotation/output_refined_v2/masks_nifti/CQ500-CT-361.nii.gz,739869,235,256,512,512
CQ500-CT-362,/media/qiqi/P7000Z/WorkStation/medical/CT_Junior/CQ500/CQ500CT362 CQ500CT362/Unknown Study/CT Thin Plain,CT Thin Plain,/media/qiqi/P7000Z/WorkStation/medical/CT_Junior/CT artifact annotation/output_refined_v2/images_nifti/CQ500-CT-362.nii.gz,/media/qiqi/P7000Z/WorkStation/medical/CT_Junior/CT artifact annotation/output_refined_v2/masks_nifti/CQ500-CT-362.nii.gz,243484,243,256,512,512
CQ500-CT-363,/media/qiqi/P7000Z/WorkStation/medical/CT_Junior/CQ500/CQ500CT363 CQ500CT363/Unknown Study/CT Plain,CT Plain,/media/qiqi/P7000Z/WorkStation/medical/CT_Junior/CT artifact annotation/output_refined_v2/images_nifti/CQ500-CT-363.nii.gz,/media/qiqi/P7000Z/WorkStation/medical/CT_Junior/CT artifact annotation/output_refined_v2/masks_nifti/CQ500-CT-363.nii.gz,24447,22,28,512,512
CQ500-CT-364,/media/qiqi/P7000Z/WorkStation/medical/CT_Junior/CQ500/CQ500CT364 CQ500CT364/Unknown Study/CT Plain 3mm,CT Plain 3mm,/media/qiqi/P7000Z/WorkStation/medical/CT_Junior/CT artifact annotation/output_refined_v2/images_nifti/CQ500-CT-364.nii.gz,/media/qiqi/P7000Z/WorkStation/medical/CT_Junior/CT artifact annotation/output_refined_v2/masks_nifti/CQ500-CT-364.nii.gz,11998,43,50,512,512
CQ500-CT-365,/media/qiqi/P7000Z/WorkStation/medical/CT_Junior/CQ500/CQ500CT365 CQ500CT365/Unknown Study/CT Thin Plain,CT Thin Plain,/media/qiqi/P7000Z/WorkStation/medical/CT_Junior/CT artifact annotation/output_refined_v2/images_nifti/CQ500-CT-365.nii.gz,/media/qiqi/P7000Z/WorkStation/medical/CT_Junior/CT artifact annotation/output_refined_v2/masks_nifti/CQ500-CT-365.nii.gz,644983,250,256,512,512
CQ500-CT-366,/media/qiqi/P7000Z/WorkStation/medical/CT_Junior/CQ500/CQ500CT366 CQ500CT366/Unknown Study/CT Plain THIN,CT Plain THIN,/media/qiqi/P7000Z/WorkStation/medical/CT_Junior/CT artifact annotation/output_refined_v2/images_nifti/CQ500-CT-366.nii.gz,/media/qiqi/P7000Z/WorkStation/medical/CT_Junior/CT artifact annotation/output_refined_v2/masks_nifti/CQ500-CT-366.nii.gz,518645,307,313,512,512
CQ500-CT-367,/media/qiqi/P7000Z/WorkStation/medical/CT_Junior/CQ500/CQ500CT367 CQ500CT367/Unknown Study/CT Thin Plain,CT Thin Plain,/media/qiqi/P7000Z/WorkStation/medical/CT_Junior/CT artifact annotation/output_refined_v2/images_nifti/CQ500-CT-367.nii.gz,/media/qiqi/P7000Z/WorkStation/medical/CT_Junior/CT artifact annotation/output_refined_v2/masks_nifti/CQ500-CT-367.nii.gz,67975,247,256,512,512
CQ500-CT-368,/media/qiqi/P7000Z/WorkStation/medical/CT_Junior/CQ500/CQ500CT368 CQ500CT368/Unknown Study/CT Plain,CT Plain,/media/qiqi/P7000Z/WorkStation/medical/CT_Junior/CT artifact annotation/output_refined_v2/images_nifti/CQ500-CT-368.nii.gz,/media/qiqi/P7000Z/WorkStation/medical/CT_Junior/CT artifact annotation/output_refined_v2/masks_nifti/CQ500-CT-368.nii.gz,4418,20,30,512,512
CQ500-CT-369,/media/qiqi/P7000Z/WorkStation/medical/CT_Junior/CQ500/CQ500CT369 CQ500CT369/Unknown Study/CT PLAIN THIN,CT PLAIN THIN,/media/qiqi/P7000Z/WorkStation/medical/CT_Junior/CT artifact annotation/output_refined_v2/images_nifti/CQ500-CT-369.nii.gz,/media/qiqi/P7000Z/WorkStation/medical/CT_Junior/CT artifact annotation/output_refined_v2/masks_nifti/CQ500-CT-369.nii.gz,379061,238,256,512,512
CQ500-CT-370,/media/qiqi/P7000Z/WorkStation/medical/CT_Junior/CQ500/CQ500CT370 CQ500CT370/Unknown Study/CT Plain,CT Plain,/media/qiqi/P7000Z/WorkStation/medical/CT_Junior/CT artifact annotation/output_refined_v2/images_nifti/CQ500-CT-370.nii.gz,/media/qiqi/P7000Z/WorkStation/medical/CT_Junior/CT artifact annotation/output_refined_v2/masks_nifti/CQ500-CT-370.nii.gz,1043,20,34,512,512
CQ500-CT-371,/media/qiqi/P7000Z/WorkStation/medical/CT_Junior/CQ500/CQ500CT371 CQ500CT371/Unknown Study/CT Plain 3mm,CT Plain 3mm,/media/qiqi/P7000Z/WorkStation/medical/CT_Junior/CT artifact annotation/output_refined_v2/images_nifti/CQ500-CT-371.nii.gz,/media/qiqi/P7000Z/WorkStation/medical/CT_Junior/CT artifact annotation/output_refined_v2/masks_nifti/CQ500-CT-371.nii.gz,5335,22,52,512,512
CQ500-CT-372,/media/qiqi/P7000Z/WorkStation/medical/CT_Junior/CQ500/CQ500CT372 CQ500CT372/Unknown Study/CT Thin Plain,CT Thin Plain,/media/qiqi/P7000Z/WorkStation/medical/CT_Junior/CT artifact annotation/output_refined_v2/images_nifti/CQ500-CT-372.nii.gz,/media/qiqi/P7000Z/WorkStation/medical/CT_Junior/CT artifact annotation/output_refined_v2/masks_nifti/CQ500-CT-372.nii.gz,450801,247,256,512,512
CQ500-CT-373,/media/qiqi/P7000Z/WorkStation/medical/CT_Junior/CQ500/CQ500CT373 CQ500CT373/Unknown Study/CT Thin Plain,CT Thin Plain,/media/qiqi/P7000Z/WorkStation/medical/CT_Junior/CT artifact annotation/output_refined_v2/images_nifti/CQ500-CT-373.nii.gz,/media/qiqi/P7000Z/WorkStation/medical/CT_Junior/CT artifact annotation/output_refined_v2/masks_nifti/CQ500-CT-373.nii.gz,204549,231,256,512,512
CQ500-CT-374,/media/qiqi/P7000Z/WorkStation/medical/CT_Junior/CQ500/CQ500CT374 CQ500CT374/Unknown Study/CT Plain THIN,CT Plain THIN,/media/qiqi/P7000Z/WorkStation/medical/CT_Junior/CT artifact annotation/output_refined_v2/images_nifti/CQ500-CT-374.nii.gz,/media/qiqi/P7000Z/WorkStation/medical/CT_Junior/CT artifact annotation/output_refined_v2/masks_nifti/CQ500-CT-374.nii.gz,54383,181,325,512,512
CQ500-CT-375,/media/qiqi/P7000Z/WorkStation/medical/CT_Junior/CQ500/CQ500CT375 CQ500CT375/Unknown Study/CT Thin Plain,CT Thin Plain,/media/qiqi/P7000Z/WorkStation/medical/CT_Junior/CT artifact annotation/output_refined_v2/images_nifti/CQ500-CT-375.nii.gz,/media/qiqi/P7000Z/WorkStation/medical/CT_Junior/CT artifact annotation/output_refined_v2/masks_nifti/CQ500-CT-375.nii.gz,201066,300,320,512,512
CQ500-CT-376,/media/qiqi/P7000Z/WorkStation/medical/CT_Junior/CQ500/CQ500CT376 CQ500CT376/Unknown Study/CT 2.55mm,CT 2.55mm,/media/qiqi/P7000Z/WorkStation/medical/CT_Junior/CT artifact annotation/output_refined_v2/images_nifti/CQ500-CT-376.nii.gz,/media/qiqi/P7000Z/WorkStation/medical/CT_Junior/CT artifact annotation/output_refined_v2/masks_nifti/CQ500-CT-376.nii.gz,506,15,32,512,512
CQ500-CT-377,/media/qiqi/P7000Z/WorkStation/medical/CT_Junior/CQ500/CQ500CT377 CQ500CT377/Unknown Study/CT 2.55mm,CT 2.55mm,/media/qiqi/P7000Z/WorkStation/medical/CT_Junior/CT artifact annotation/output_refined_v2/images_nifti/CQ500-CT-377.nii.gz,/media/qiqi/P7000Z/WorkStation/medical/CT_Junior/CT artifact annotation/output_refined_v2/masks_nifti/CQ500-CT-377.nii.gz,231,10,32,512,512
CQ500-CT-378,/media/qiqi/P7000Z/WorkStation/medical/CT_Junior/CQ500/CQ500CT378 CQ500CT378/Unknown Study/CT 0.625mm,CT 0.625mm,/media/qiqi/P7000Z/WorkStation/medical/CT_Junior/CT artifact annotation/output_refined_v2/images_nifti/CQ500-CT-378.nii.gz,/media/qiqi/P7000Z/WorkStation/medical/CT_Junior/CT artifact annotation/output_refined_v2/masks_nifti/CQ500-CT-378.nii.gz,219261,244,256,512,512
CQ500-CT-379,/media/qiqi/P7000Z/WorkStation/medical/CT_Junior/CQ500/CQ500CT379 CQ500CT379/Unknown Study/CT 0.625mm,CT 0.625mm,/media/qiqi/P7000Z/WorkStation/medical/CT_Junior/CT artifact annotation/output_refined_v2/images_nifti/CQ500-CT-379.nii.gz,/media/qiqi/P7000Z/WorkStation/medical/CT_Junior/CT artifact annotation/output_refined_v2/masks_nifti/CQ500-CT-379.nii.gz,20121,25,25,512,512
CQ500-CT-380,/media/qiqi/P7000Z/WorkStation/medical/CT_Junior/CQ500/CQ500CT380 CQ500CT380/Unknown Study/CT Thin Plain,CT Thin Plain,/media/qiqi/P7000Z/WorkStation/medical/CT_Junior/CT artifact annotation/output_refined_v2/images_nifti/CQ500-CT-380.nii.gz,/media/qiqi/P7000Z/WorkStation/medical/CT_Junior/CT artifact annotation/output_refined_v2/masks_nifti/CQ500-CT-380.nii.gz,747549,272,288,512,512
CQ500-CT-381,/media/qiqi/P7000Z/WorkStation/medical/CT_Junior/CQ500/CQ500CT381 CQ500CT381/Unknown Study/CT Plain,CT Plain,/media/qiqi/P7000Z/WorkStation/medical/CT_Junior/CT artifact annotation/output_refined_v2/images_nifti/CQ500-CT-381.nii.gz,/media/qiqi/P7000Z/WorkStation/medical/CT_Junior/CT artifact annotation/output_refined_v2/masks_nifti/CQ500-CT-381.nii.gz,224,7,12,512,512
CQ500-CT-382,/media/qiqi/P7000Z/WorkStation/medical/CT_Junior/CQ500/CQ500CT382 CQ500CT382/Unknown Study/CT 2.55mm,CT 2.55mm,/media/qiqi/P7000Z/WorkStation/medical/CT_Junior/CT artifact annotation/output_refined_v2/images_nifti/CQ500-CT-382.nii.gz,/media/qiqi/P7000Z/WorkStation/medical/CT_Junior/CT artifact annotation/output_refined_v2/masks_nifti/CQ500-CT-382.nii.gz,330,12,32,512,512
CQ500-CT-383,/media/qiqi/P7000Z/WorkStation/medical/CT_Junior/CQ500/CQ500CT383 CQ500CT383/Unknown Study/CT 0.625mm,CT 0.625mm,/media/qiqi/P7000Z/WorkStation/medical/CT_Junior/CT artifact annotation/output_refined_v2/images_nifti/CQ500-CT-383.nii.gz,/media/qiqi/P7000Z/WorkStation/medical/CT_Junior/CT artifact annotation/output_refined_v2/masks_nifti/CQ500-CT-383.nii.gz,519273,270,288,512,512
CQ500-CT-384,/media/qiqi/P7000Z/WorkStation/medical/CT_Junior/CQ500/CQ500CT384 CQ500CT384/Unknown Study/CT Plain,CT Plain,/media/qiqi/P7000Z/WorkStation/medical/CT_Junior/CT artifact annotation/output_refined_v2/images_nifti/CQ500-CT-384.nii.gz,/media/qiqi/P7000Z/WorkStation/medical/CT_Junior/CT artifact annotation/output_refined_v2/masks_nifti/CQ500-CT-384.nii.gz,7723,17,36,512,512
CQ500-CT-385,/media/qiqi/P7000Z/WorkStation/medical/CT_Junior/CQ500/CQ500CT385 CQ500CT385/Unknown Study/CT Plain,CT Plain,/media/qiqi/P7000Z/WorkStation/medical/CT_Junior/CT artifact annotation/output_refined_v2/images_nifti/CQ500-CT-385.nii.gz,/media/qiqi/P7000Z/WorkStation/medical/CT_Junior/CT artifact annotation/output_refined_v2/masks_nifti/CQ500-CT-385.nii.gz,768,16,32,512,512
CQ500-CT-386,/media/qiqi/P7000Z/WorkStation/medical/CT_Junior/CQ500/CQ500CT386 CQ500CT386/Unknown Study/CT PRE CONTRAST 5MM STD,CT PRE CONTRAST 5MM STD,/media/qiqi/P7000Z/WorkStation/medical/CT_Junior/CT artifact annotation/output_refined_v2/images_nifti/CQ500-CT-386.nii.gz,/media/qiqi/P7000Z/WorkStation/medical/CT_Junior/CT artifact annotation/output_refined_v2/masks_nifti/CQ500-CT-386.nii.gz,14466,21,30,512,512
CQ500-CT-387,/media/qiqi/P7000Z/WorkStation/medical/CT_Junior/CQ500/CQ500CT387 CQ500CT387/Unknown Study/CT Plain,CT Plain,/media/qiqi/P7000Z/WorkStation/medical/CT_Junior/CT artifact annotation/output_refined_v2/images_nifti/CQ500-CT-387.nii.gz,/media/qiqi/P7000Z/WorkStation/medical/CT_Junior/CT artifact annotation/output_refined_v2/masks_nifti/CQ500-CT-387.nii.gz,8009,24,32,512,512
CQ500-CT-388,/media/qiqi/P7000Z/WorkStation/medical/CT_Junior/CQ500/CQ500CT388 CQ500CT388/Unknown Study/CT PRE CONTRAST 5MM STD,CT PRE CONTRAST 5MM STD,/media/qiqi/P7000Z/WorkStation/medical/CT_Junior/CT artifact annotation/output_refined_v2/images_nifti/CQ500-CT-388.nii.gz,/media/qiqi/P7000Z/WorkStation/medical/CT_Junior/CT artifact annotation/output_refined_v2/masks_nifti/CQ500-CT-388.nii.gz,3808,19,30,512,512
CQ500-CT-389,/media/qiqi/P7000Z/WorkStation/medical/CT_Junior/CQ500/CQ500CT389 CQ500CT389/Unknown Study/CT Plain,CT Plain,/media/qiqi/P7000Z/WorkStation/medical/CT_Junior/CT artifact annotation/output_refined_v2/images_nifti/CQ500-CT-389.nii.gz,/media/qiqi/P7000Z/WorkStation/medical/CT_Junior/CT artifact annotation/output_refined_v2/masks_nifti/CQ500-CT-389.nii.gz,10135,22,30,512,512
CQ500-CT-390,/media/qiqi/P7000Z/WorkStation/medical/CT_Junior/CQ500/CQ500CT390 CQ500CT390/Unknown Study/CT 5mm POST CONTRAST,CT 5mm POST CONTRAST,/media/qiqi/P7000Z/WorkStation/medical/CT_Junior/CT artifact annotation/output_refined_v2/images_nifti/CQ500-CT-390.nii.gz,/media/qiqi/P7000Z/WorkStation/medical/CT_Junior/CT artifact annotation/output_refined_v2/masks_nifti/CQ500-CT-390.nii.gz,1483509,209,222,512,512
CQ500-CT-391,/media/qiqi/P7000Z/WorkStation/medical/CT_Junior/CQ500/CQ500CT391 CQ500CT391/Unknown Study/CT Plain THIN,CT Plain THIN,/media/qiqi/P7000Z/WorkStation/medical/CT_Junior/CT artifact annotation/output_refined_v2/images_nifti/CQ500-CT-391.nii.gz,/media/qiqi/P7000Z/WorkStation/medical/CT_Junior/CT artifact annotation/output_refined_v2/masks_nifti/CQ500-CT-391.nii.gz,90178,307,319,512,512
CQ500-CT-392,/media/qiqi/P7000Z/WorkStation/medical/CT_Junior/CQ500/CQ500CT392 CQ500CT392/Unknown Study/CT Plain,CT Plain,/media/qiqi/P7000Z/WorkStation/medical/CT_Junior/CT artifact annotation/output_refined_v2/images_nifti/CQ500-CT-392.nii.gz,/media/qiqi/P7000Z/WorkStation/medical/CT_Junior/CT artifact annotation/output_refined_v2/masks_nifti/CQ500-CT-392.nii.gz,6005,22,32,512,512
CQ500-CT-393,/media/qiqi/P7000Z/WorkStation/medical/CT_Junior/CQ500/CQ500CT393 CQ500CT393/Unknown Study/CT Thin Plain,CT Thin Plain,/media/qiqi/P7000Z/WorkStation/medical/CT_Junior/CT artifact annotation/output_refined_v2/images_nifti/CQ500-CT-393.nii.gz,/media/qiqi/P7000Z/WorkStation/medical/CT_Junior/CT artifact annotation/output_refined_v2/masks_nifti/CQ500-CT-393.nii.gz,724554,252,273,512,512
CQ500-CT-394,/media/qiqi/P7000Z/WorkStation/medical/CT_Junior/CQ500/CQ500CT394 CQ500CT394/Unknown Study/CT Thin Plain,CT Thin Plain,/media/qiqi/P7000Z/WorkStation/medical/CT_Junior/CT artifact annotation/output_refined_v2/images_nifti/CQ500-CT-394.nii.gz,/media/qiqi/P7000Z/WorkStation/medical/CT_Junior/CT artifact annotation/output_refined_v2/masks_nifti/CQ500-CT-394.nii.gz,151629,233,256,512,512
CQ500-CT-395,/media/qiqi/P7000Z/WorkStation/medical/CT_Junior/CQ500/CQ500CT395 CQ500CT395/Unknown Study/CT Thin Plain,CT Thin Plain,/media/qiqi/P7000Z/WorkStation/medical/CT_Junior/CT artifact annotation/output_refined_v2/images_nifti/CQ500-CT-395.nii.gz,/media/qiqi/P7000Z/WorkStation/medical/CT_Junior/CT artifact annotation/output_refined_v2/masks_nifti/CQ500-CT-395.nii.gz,994624,235,256,512,512
CQ500-CT-396,/media/qiqi/P7000Z/WorkStation/medical/CT_Junior/CQ500/CQ500CT396 CQ500CT396/Unknown Study/CT 0.625mm,CT 0.625mm,/media/qiqi/P7000Z/WorkStation/medical/CT_Junior/CT artifact annotation/output_refined_v2/images_nifti/CQ500-CT-396.nii.gz,/media/qiqi/P7000Z/WorkStation/medical/CT_Junior/CT artifact annotation/output_refined_v2/masks_nifti/CQ500-CT-396.nii.gz,732748,269,288,512,512
CQ500-CT-397,/media/qiqi/P7000Z/WorkStation/medical/CT_Junior/CQ500/CQ500CT397 CQ500CT397/Unknown Study/CT Plain,CT Plain,/media/qiqi/P7000Z/WorkStation/medical/CT_Junior/CT artifact annotation/output_refined_v2/images_nifti/CQ500-CT-397.nii.gz,/media/qiqi/P7000Z/WorkStation/medical/CT_Junior/CT artifact annotation/output_refined_v2/masks_nifti/CQ500-CT-397.nii.gz,9675,23,34,512,512
CQ500-CT-398,/media/qiqi/P7000Z/WorkStation/medical/CT_Junior/CQ500/CQ500CT398 CQ500CT398/Unknown Study/CT Plain 3mm,CT Plain 3mm,/media/qiqi/P7000Z/WorkStation/medical/CT_Junior/CT artifact annotation/output_refined_v2/images_nifti/CQ500-CT-398.nii.gz,/media/qiqi/P7000Z/WorkStation/medical/CT_Junior/CT artifact annotation/output_refined_v2/masks_nifti/CQ500-CT-398.nii.gz,13844,43,54,512,512
CQ500-CT-399,/media/qiqi/P7000Z/WorkStation/medical/CT_Junior/CQ500/CQ500CT399 CQ500CT399/Unknown Study/CT Plain 3mm,CT Plain 3mm,/media/qiqi/P7000Z/WorkStation/medical/CT_Junior/CT artifact annotation/output_refined_v2/images_nifti/CQ500-CT-399.nii.gz,/media/qiqi/P7000Z/WorkStation/medical/CT_Junior/CT artifact annotation/output_refined_v2/masks_nifti/CQ500-CT-399.nii.gz,5507,38,49,512,512
CQ500-CT-400,/media/qiqi/P7000Z/WorkStation/medical/CT_Junior/CQ500/CQ500CT400 CQ500CT400/Unknown Study/CT 2.55mm,CT 2.55mm,/media/qiqi/P7000Z/WorkStation/medical/CT_Junior/CT artifact annotation/output_refined_v2/images_nifti/CQ500-CT-400.nii.gz,/media/qiqi/P7000Z/WorkStation/medical/CT_Junior/CT artifact annotation/output_refined_v2/masks_nifti/CQ500-CT-400.nii.gz,345,7,32,512,512
CQ500-CT-401,/media/qiqi/P7000Z/WorkStation/medical/CT_Junior/CQ500/CQ500CT401 CQ500CT401/Unknown Study/CT 0.625mm,CT 0.625mm,/media/qiqi/P7000Z/WorkStation/medical/CT_Junior/CT artifact annotation/output_refined_v2/images_nifti/CQ500-CT-401.nii.gz,/media/qiqi/P7000Z/WorkStation/medical/CT_Junior/CT artifact annotation/output_refined_v2/masks_nifti/CQ500-CT-401.nii.gz,580625,251,256,512,512
CQ500-CT-402,/media/qiqi/P7000Z/WorkStation/medical/CT_Junior/CQ500/CQ500CT402 CQ500CT402/Unknown Study/CT 0.625mm,CT 0.625mm,/media/qiqi/P7000Z/WorkStation/medical/CT_Junior/CT artifact annotation/output_refined_v2/images_nifti/CQ500-CT-402.nii.gz,/media/qiqi/P7000Z/WorkStation/medical/CT_Junior/CT artifact annotation/output_refined_v2/masks_nifti/CQ500-CT-402.nii.gz,531547,246,256,512,512
CQ500-CT-403,/media/qiqi/P7000Z/WorkStation/medical/CT_Junior/CQ500/CQ500CT403 CQ500CT403/Unknown Study/CT PRE CONTRAST 5MM STD,CT PRE CONTRAST 5MM STD,/media/qiqi/P7000Z/WorkStation/medical/CT_Junior/CT artifact annotation/output_refined_v2/images_nifti/CQ500-CT-403.nii.gz,/media/qiqi/P7000Z/WorkStation/medical/CT_Junior/CT artifact annotation/output_refined_v2/masks_nifti/CQ500-CT-403.nii.gz,4662,17,29,512,512
CQ500-CT-404,/media/qiqi/P7000Z/WorkStation/medical/CT_Junior/CQ500/CQ500CT404 CQ500CT404/Unknown Study/CT Thin Plain,CT Thin Plain,/media/qiqi/P7000Z/WorkStation/medical/CT_Junior/CT artifact annotation/output_refined_v2/images_nifti/CQ500-CT-404.nii.gz,/media/qiqi/P7000Z/WorkStation/medical/CT_Junior/CT artifact annotation/output_refined_v2/masks_nifti/CQ500-CT-404.nii.gz,1123987,240,256,512,512
CQ500-CT-405,/media/qiqi/P7000Z/WorkStation/medical/CT_Junior/CQ500/CQ500CT405 CQ500CT405/Unknown Study/CT Thin Plain,CT Thin Plain,/media/qiqi/P7000Z/WorkStation/medical/CT_Junior/CT artifact annotation/output_refined_v2/images_nifti/CQ500-CT-405.nii.gz,/media/qiqi/P7000Z/WorkStation/medical/CT_Junior/CT artifact annotation/output_refined_v2/masks_nifti/CQ500-CT-405.nii.gz,90414,227,255,512,512
CQ500-CT-406,/media/qiqi/P7000Z/WorkStation/medical/CT_Junior/CQ500/CQ500CT406 CQ500CT406/Unknown Study/CT Plain,CT Plain,/media/qiqi/P7000Z/WorkStation/medical/CT_Junior/CT artifact annotation/output_refined_v2/images_nifti/CQ500-CT-406.nii.gz,/media/qiqi/P7000Z/WorkStation/medical/CT_Junior/CT artifact annotation/output_refined_v2/masks_nifti/CQ500-CT-406.nii.gz,648,14,32,512,512
CQ500-CT-407,/media/qiqi/P7000Z/WorkStation/medical/CT_Junior/CQ500/CQ500CT407 CQ500CT407/Unknown Study/CT Plain,CT Plain,/media/qiqi/P7000Z/WorkStation/medical/CT_Junior/CT artifact annotation/output_refined_v2/images_nifti/CQ500-CT-407.nii.gz,/media/qiqi/P7000Z/WorkStation/medical/CT_Junior/CT artifact annotation/output_refined_v2/masks_nifti/CQ500-CT-407.nii.gz,7589,28,34,512,512
CQ500-CT-408,/media/qiqi/P7000Z/WorkStation/medical/CT_Junior/CQ500/CQ500CT408 CQ500CT408/Unknown Study/CT PLAIN THIN,CT PLAIN THIN,/media/qiqi/P7000Z/WorkStation/medical/CT_Junior/CT artifact annotation/output_refined_v2/images_nifti/CQ500-CT-408.nii.gz,/media/qiqi/P7000Z/WorkStation/medical/CT_Junior/CT artifact annotation/output_refined_v2/masks_nifti/CQ500-CT-408.nii.gz,1116047,298,301,512,512
CQ500-CT-409,/media/qiqi/P7000Z/WorkStation/medical/CT_Junior/CQ500/CQ500CT409 CQ500CT409/Unknown Study/CT Plain 3mm,CT Plain 3mm,/media/qiqi/P7000Z/WorkStation/medical/CT_Junior/CT artifact annotation/output_refined_v2/images_nifti/CQ500-CT-409.nii.gz,/media/qiqi/P7000Z/WorkStation/medical/CT_Junior/CT artifact annotation/output_refined_v2/masks_nifti/CQ500-CT-409.nii.gz,14309,53,57,512,512
CQ500-CT-410,/media/qiqi/P7000Z/WorkStation/medical/CT_Junior/CQ500/CQ500CT410 CQ500CT410/Unknown Study/CT Thin Plain,CT Thin Plain,/media/qiqi/P7000Z/WorkStation/medical/CT_Junior/CT artifact annotation/output_refined_v2/images_nifti/CQ500-CT-410.nii.gz,/media/qiqi/P7000Z/WorkStation/medical/CT_Junior/CT artifact annotation/output_refined_v2/masks_nifti/CQ500-CT-410.nii.gz,267059,244,256,512,512
CQ500-CT-411,/media/qiqi/P7000Z/WorkStation/medical/CT_Junior/CQ500/CQ500CT411 CQ500CT411/Unknown Study/CT 0.625mm,CT 0.625mm,/media/qiqi/P7000Z/WorkStation/medical/CT_Junior/CT artifact annotation/output_refined_v2/images_nifti/CQ500-CT-411.nii.gz,/media/qiqi/P7000Z/WorkStation/medical/CT_Junior/CT artifact annotation/output_refined_v2/masks_nifti/CQ500-CT-411.nii.gz,164751,281,288,512,512
CQ500-CT-412,/media/qiqi/P7000Z/WorkStation/medical/CT_Junior/CQ500/CQ500CT412 CQ500CT412/Unknown Study/CT 0.625mm,CT 0.625mm,/media/qiqi/P7000Z/WorkStation/medical/CT_Junior/CT artifact annotation/output_refined_v2/images_nifti/CQ500-CT-412.nii.gz,/media/qiqi/P7000Z/WorkStation/medical/CT_Junior/CT artifact annotation/output_refined_v2/masks_nifti/CQ500-CT-412.nii.gz,1206746,247,256,512,512
CQ500-CT-413,/media/qiqi/P7000Z/WorkStation/medical/CT_Junior/CQ500/CQ500CT413 CQ500CT413/Unknown Study/CT Plain 3mm,CT Plain 3mm,/media/qiqi/P7000Z/WorkStation/medical/CT_Junior/CT artifact annotation/output_refined_v2/images_nifti/CQ500-CT-413.nii.gz,/media/qiqi/P7000Z/WorkStation/medical/CT_Junior/CT artifact annotation/output_refined_v2/masks_nifti/CQ500-CT-413.nii.gz,10932,41,51,512,512
CQ500-CT-414,/media/qiqi/P7000Z/WorkStation/medical/CT_Junior/CQ500/CQ500CT414 CQ500CT414/Unknown Study/CT PRE CONTRAST 5MM STD,CT PRE CONTRAST 5MM STD,/media/qiqi/P7000Z/WorkStation/medical/CT_Junior/CT artifact annotation/output_refined_v2/images_nifti/CQ500-CT-414.nii.gz,/media/qiqi/P7000Z/WorkStation/medical/CT_Junior/CT artifact annotation/output_refined_v2/masks_nifti/CQ500-CT-414.nii.gz,2427,18,30,512,512
CQ500-CT-415,/media/qiqi/P7000Z/WorkStation/medical/CT_Junior/CQ500/CQ500CT415 CQ500CT415/Unknown Study/CT 2.55mm,CT 2.55mm,/media/qiqi/P7000Z/WorkStation/medical/CT_Junior/CT artifact annotation/output_refined_v2/images_nifti/CQ500-CT-415.nii.gz,/media/qiqi/P7000Z/WorkStation/medical/CT_Junior/CT artifact annotation/output_refined_v2/masks_nifti/CQ500-CT-415.nii.gz,164,9,32,512,512
CQ500-CT-416,/media/qiqi/P7000Z/WorkStation/medical/CT_Junior/CQ500/CQ500CT416 CQ500CT416/Unknown Study/CT Plain,CT Plain,/media/qiqi/P7000Z/WorkStation/medical/CT_Junior/CT artifact annotation/output_refined_v2/images_nifti/CQ500-CT-416.nii.gz,/media/qiqi/P7000Z/WorkStation/medical/CT_Junior/CT artifact annotation/output_refined_v2/masks_nifti/CQ500-CT-416.nii.gz,2451,20,28,512,512
CQ500-CT-417,/media/qiqi/P7000Z/WorkStation/medical/CT_Junior/CQ500/CQ500CT417 CQ500CT417/Unknown Study/CT Plain,CT Plain,/media/qiqi/P7000Z/WorkStation/medical/CT_Junior/CT artifact annotation/output_refined_v2/images_nifti/CQ500-CT-417.nii.gz,/media/qiqi/P7000Z/WorkStation/medical/CT_Junior/CT artifact annotation/output_refined_v2/masks_nifti/CQ500-CT-417.nii.gz,4478,20,30,512,512
CQ500-CT-418,/media/qiqi/P7000Z/WorkStation/medical/CT_Junior/CQ500/CQ500CT418 CQ500CT418/Unknown Study/CT Thin Plain,CT Thin Plain,/media/qiqi/P7000Z/WorkStation/medical/CT_Junior/CT artifact annotation/output_refined_v2/images_nifti/CQ500-CT-418.nii.gz,/media/qiqi/P7000Z/WorkStation/medical/CT_Junior/CT artifact annotation/output_refined_v2/masks_nifti/CQ500-CT-418.nii.gz,642438,242,256,512,512
CQ500-CT-419,/media/qiqi/P7000Z/WorkStation/medical/CT_Junior/CQ500/CQ500CT419 CQ500CT419/Unknown Study/CT 5mm,CT 5mm,/media/qiqi/P7000Z/WorkStation/medical/CT_Junior/CT artifact annotation/output_refined_v2/images_nifti/CQ500-CT-419.nii.gz,/media/qiqi/P7000Z/WorkStation/medical/CT_Junior/CT artifact annotation/output_refined_v2/masks_nifti/CQ500-CT-419.nii.gz,10356,24,36,512,512
CQ500-CT-420,/media/qiqi/P7000Z/WorkStation/medical/CT_Junior/CQ500/CQ500CT420 CQ500CT420/Unknown Study/CT 0.625mm,CT 0.625mm,/media/qiqi/P7000Z/WorkStation/medical/CT_Junior/CT artifact annotation/output_refined_v2/images_nifti/CQ500-CT-420.nii.gz,/media/qiqi/P7000Z/WorkStation/medical/CT_Junior/CT artifact annotation/output_refined_v2/masks_nifti/CQ500-CT-420.nii.gz,1008208,245,256,512,512
CQ500-CT-421,/media/qiqi/P7000Z/WorkStation/medical/CT_Junior/CQ500/CQ500CT421 CQ500CT421/Unknown Study/CT Thin Plain,CT Thin Plain,/media/qiqi/P7000Z/WorkStation/medical/CT_Junior/CT artifact annotation/output_refined_v2/images_nifti/CQ500-CT-421.nii.gz,/media/qiqi/P7000Z/WorkStation/medical/CT_Junior/CT artifact annotation/output_refined_v2/masks_nifti/CQ500-CT-421.nii.gz,468910,267,288,512,512
CQ500-CT-422,/media/qiqi/P7000Z/WorkStation/medical/CT_Junior/CQ500/CQ500CT422 CQ500CT422/Unknown Study/CT Plain,CT Plain,/media/qiqi/P7000Z/WorkStation/medical/CT_Junior/CT artifact annotation/output_refined_v2/images_nifti/CQ500-CT-422.nii.gz,/media/qiqi/P7000Z/WorkStation/medical/CT_Junior/CT artifact annotation/output_refined_v2/masks_nifti/CQ500-CT-422.nii.gz,4913,23,32,512,512
CQ500-CT-423,/media/qiqi/P7000Z/WorkStation/medical/CT_Junior/CQ500/CQ500CT423 CQ500CT423/Unknown Study/CT 0.625mm,CT 0.625mm,/media/qiqi/P7000Z/WorkStation/medical/CT_Junior/CT artifact annotation/output_refined_v2/images_nifti/CQ500-CT-423.nii.gz,/media/qiqi/P7000Z/WorkStation/medical/CT_Junior/CT artifact annotation/output_refined_v2/masks_nifti/CQ500-CT-423.nii.gz,745902,241,256,512,512
CQ500-CT-424,/media/qiqi/P7000Z/WorkStation/medical/CT_Junior/CQ500/CQ500CT424 CQ500CT424/Unknown Study/CT PLAIN THIN,CT PLAIN THIN,/media/qiqi/P7000Z/WorkStation/medical/CT_Junior/CT artifact annotation/output_refined_v2/images_nifti/CQ500-CT-424.nii.gz,/media/qiqi/P7000Z/WorkStation/medical/CT_Junior/CT artifact annotation/output_refined_v2/masks_nifti/CQ500-CT-424.nii.gz,99846,122,225,512,512
CQ500-CT-425,/media/qiqi/P7000Z/WorkStation/medical/CT_Junior/CQ500/CQ500CT425 CQ500CT425/Unknown Study/CT 0.625mm,CT 0.625mm,/media/qiqi/P7000Z/WorkStation/medical/CT_Junior/CT artifact annotation/output_refined_v2/images_nifti/CQ500-CT-425.nii.gz,/media/qiqi/P7000Z/WorkStation/medical/CT_Junior/CT artifact annotation/output_refined_v2/masks_nifti/CQ500-CT-425.nii.gz,814939,262,288,512,512
CQ500-CT-426,/media/qiqi/P7000Z/WorkStation/medical/CT_Junior/CQ500/CQ500CT426 CQ500CT426/Unknown Study/CT Plain 3mm,CT Plain 3mm,/media/qiqi/P7000Z/WorkStation/medical/CT_Junior/CT artifact annotation/output_refined_v2/images_nifti/CQ500-CT-426.nii.gz,/media/qiqi/P7000Z/WorkStation/medical/CT_Junior/CT artifact annotation/output_refined_v2/masks_nifti/CQ500-CT-426.nii.gz,3865,21,58,512,512
CQ500-CT-427,/media/qiqi/P7000Z/WorkStation/medical/CT_Junior/CQ500/CQ500CT427 CQ500CT427/Unknown Study/CT 2.55mm,CT 2.55mm,/media/qiqi/P7000Z/WorkStation/medical/CT_Junior/CT artifact annotation/output_refined_v2/images_nifti/CQ500-CT-427.nii.gz,/media/qiqi/P7000Z/WorkStation/medical/CT_Junior/CT artifact annotation/output_refined_v2/masks_nifti/CQ500-CT-427.nii.gz,1909,15,32,512,512
CQ500-CT-428,/media/qiqi/P7000Z/WorkStation/medical/CT_Junior/CQ500/CQ500CT428 CQ500CT428/Unknown Study/CT Thin Plain,CT Thin Plain,/media/qiqi/P7000Z/WorkStation/medical/CT_Junior/CT artifact annotation/output_refined_v2/images_nifti/CQ500-CT-428.nii.gz,/media/qiqi/P7000Z/WorkStation/medical/CT_Junior/CT artifact annotation/output_refined_v2/masks_nifti/CQ500-CT-428.nii.gz,249332,247,252,512,512
CQ500-CT-429,/media/qiqi/P7000Z/WorkStation/medical/CT_Junior/CQ500/CQ500CT429 CQ500CT429/Unknown Study/CT Plain,CT Plain,/media/qiqi/P7000Z/WorkStation/medical/CT_Junior/CT artifact annotation/output_refined_v2/images_nifti/CQ500-CT-429.nii.gz,/media/qiqi/P7000Z/WorkStation/medical/CT_Junior/CT artifact annotation/output_refined_v2/masks_nifti/CQ500-CT-429.nii.gz,5545,20,30,512,512
CQ500-CT-430,/media/qiqi/P7000Z/WorkStation/medical/CT_Junior/CQ500/CQ500CT430 CQ500CT430/Unknown Study/CT Thin Plain,CT Thin Plain,/media/qiqi/P7000Z/WorkStation/medical/CT_Junior/CT artifact annotation/output_refined_v2/images_nifti/CQ500-CT-430.nii.gz,/media/qiqi/P7000Z/WorkStation/medical/CT_Junior/CT artifact annotation/output_refined_v2/masks_nifti/CQ500-CT-430.nii.gz,1034174,241,256,512,512
CQ500-CT-431,/media/qiqi/P7000Z/WorkStation/medical/CT_Junior/CQ500/CQ500CT431 CQ500CT431/Unknown Study/CT Plain,CT Plain,/media/qiqi/P7000Z/WorkStation/medical/CT_Junior/CT artifact annotation/output_refined_v2/images_nifti/CQ500-CT-431.nii.gz,/media/qiqi/P7000Z/WorkStation/medical/CT_Junior/CT artifact annotation/output_refined_v2/masks_nifti/CQ500-CT-431.nii.gz,11254,24,32,512,512
CQ500-CT-432,/media/qiqi/P7000Z/WorkStation/medical/CT_Junior/CQ500/CQ500CT432 CQ500CT432/Unknown Study/CT Plain 3mm,CT Plain 3mm,/media/qiqi/P7000Z/WorkStation/medical/CT_Junior/CT artifact annotation/output_refined_v2/images_nifti/CQ500-CT-432.nii.gz,/media/qiqi/P7000Z/WorkStation/medical/CT_Junior/CT artifact annotation/output_refined_v2/masks_nifti/CQ500-CT-432.nii.gz,20558,50,52,512,512
CQ500-CT-433,/media/qiqi/P7000Z/WorkStation/medical/CT_Junior/CQ500/CQ500CT433 CQ500CT433/Unknown Study/CT Plain,CT Plain,/media/qiqi/P7000Z/WorkStation/medical/CT_Junior/CT artifact annotation/output_refined_v2/images_nifti/CQ500-CT-433.nii.gz,/media/qiqi/P7000Z/WorkStation/medical/CT_Junior/CT artifact annotation/output_refined_v2/masks_nifti/CQ500-CT-433.nii.gz,6013,21,30,512,512
CQ500-CT-434,/media/qiqi/P7000Z/WorkStation/medical/CT_Junior/CQ500/CQ500CT434 CQ500CT434/Unknown Study/CT PRE CONTRAST 5MM STD,CT PRE CONTRAST 5MM STD,/media/qiqi/P7000Z/WorkStation/medical/CT_Junior/CT artifact annotation/output_refined_v2/images_nifti/CQ500-CT-434.nii.gz,/media/qiqi/P7000Z/WorkStation/medical/CT_Junior/CT artifact annotation/output_refined_v2/masks_nifti/CQ500-CT-434.nii.gz,13582,24,33,512,512
CQ500-CT-435,/media/qiqi/P7000Z/WorkStation/medical/CT_Junior/CQ500/CQ500CT435 CQ500CT435/Unknown Study/CT Plain,CT Plain,/media/qiqi/P7000Z/WorkStation/medical/CT_Junior/CT artifact annotation/output_refined_v2/images_nifti/CQ500-CT-435.nii.gz,/media/qiqi/P7000Z/WorkStation/medical/CT_Junior/CT artifact annotation/output_refined_v2/masks_nifti/CQ500-CT-435.nii.gz,558,16,32,512,512
CQ500-CT-436,/media/qiqi/P7000Z/WorkStation/medical/CT_Junior/CQ500/CQ500CT436 CQ500CT436/Unknown Study/CT Plain,CT Plain,/media/qiqi/P7000Z/WorkStation/medical/CT_Junior/CT artifact annotation/output_refined_v2/images_nifti/CQ500-CT-436.nii.gz,/media/qiqi/P7000Z/WorkStation/medical/CT_Junior/CT artifact annotation/output_refined_v2/masks_nifti/CQ500-CT-436.nii.gz,4483,23,32,512,512
CQ500-CT-437,/media/qiqi/P7000Z/WorkStation/medical/CT_Junior/CQ500/CQ500CT437 CQ500CT437/Unknown Study/CT Plain,CT Plain,/media/qiqi/P7000Z/WorkStation/medical/CT_Junior/CT artifact annotation/output_refined_v2/images_nifti/CQ500-CT-437.nii.gz,/media/qiqi/P7000Z/WorkStation/medical/CT_Junior/CT artifact annotation/output_refined_v2/masks_nifti/CQ500-CT-437.nii.gz,11906,23,30,512,512
CQ500-CT-438,/media/qiqi/P7000Z/WorkStation/medical/CT_Junior/CQ500/CQ500CT438 CQ500CT438/Unknown Study/CT 2.55mm,CT 2.55mm,/media/qiqi/P7000Z/WorkStation/medical/CT_Junior/CT artifact annotation/output_refined_v2/images_nifti/CQ500-CT-438.nii.gz,/media/qiqi/P7000Z/WorkStation/medical/CT_Junior/CT artifact annotation/output_refined_v2/masks_nifti/CQ500-CT-438.nii.gz,3440,19,32,512,512
CQ500-CT-439,/media/qiqi/P7000Z/WorkStation/medical/CT_Junior/CQ500/CQ500CT439 CQ500CT439/Unknown Study/CT PRE CONTRAST 5MM STD,CT PRE CONTRAST 5MM STD,/media/qiqi/P7000Z/WorkStation/medical/CT_Junior/CT artifact annotation/output_refined_v2/images_nifti/CQ500-CT-439.nii.gz,/media/qiqi/P7000Z/WorkStation/medical/CT_Junior/CT artifact annotation/output_refined_v2/masks_nifti/CQ500-CT-439.nii.gz,38140,21,29,512,512
CQ500-CT-440,/media/qiqi/P7000Z/WorkStation/medical/CT_Junior/CQ500/CQ500CT440 CQ500CT440/Unknown Study/CT Thin Plain,CT Thin Plain,/media/qiqi/P7000Z/WorkStation/medical/CT_Junior/CT artifact annotation/output_refined_v2/images_nifti/CQ500-CT-440.nii.gz,/media/qiqi/P7000Z/WorkStation/medical/CT_Junior/CT artifact annotation/output_refined_v2/masks_nifti/CQ500-CT-440.nii.gz,267235,243,256,512,512
CQ500-CT-441,/media/qiqi/P7000Z/WorkStation/medical/CT_Junior/CQ500/CQ500CT441 CQ500CT441/Unknown Study/CT PRE CONTRAST 5MM STD,CT PRE CONTRAST 5MM STD,/media/qiqi/P7000Z/WorkStation/medical/CT_Junior/CT artifact annotation/output_refined_v2/images_nifti/CQ500-CT-441.nii.gz,/media/qiqi/P7000Z/WorkStation/medical/CT_Junior/CT artifact annotation/output_refined_v2/masks_nifti/CQ500-CT-441.nii.gz,23730,19,29,512,512
CQ500-CT-442,/media/qiqi/P7000Z/WorkStation/medical/CT_Junior/CQ500/CQ500CT442 CQ500CT442/Unknown Study/CT Thin Plain,CT Thin Plain,/media/qiqi/P7000Z/WorkStation/medical/CT_Junior/CT artifact annotation/output_refined_v2/images_nifti/CQ500-CT-442.nii.gz,/media/qiqi/P7000Z/WorkStation/medical/CT_Junior/CT artifact annotation/output_refined_v2/masks_nifti/CQ500-CT-442.nii.gz,235356,247,256,512,512
CQ500-CT-443,/media/qiqi/P7000Z/WorkStation/medical/CT_Junior/CQ500/CQ500CT443 CQ500CT443/Unknown Study/CT PRE CONTRAST 5MM STD,CT PRE CONTRAST 5MM STD,/media/qiqi/P7000Z/WorkStation/medical/CT_Junior/CT artifact annotation/output_refined_v2/images_nifti/CQ500-CT-443.nii.gz,/media/qiqi/P7000Z/WorkStation/medical/CT_Junior/CT artifact annotation/output_refined_v2/masks_nifti/CQ500-CT-443.nii.gz,7485,20,29,512,512
CQ500-CT-444,/media/qiqi/P7000Z/WorkStation/medical/CT_Junior/CQ500/CQ500CT444 CQ500CT444/Unknown Study/CT Thin Plain,CT Thin Plain,/media/qiqi/P7000Z/WorkStation/medical/CT_Junior/CT artifact annotation/output_refined_v2/images_nifti/CQ500-CT-444.nii.gz,/media/qiqi/P7000Z/WorkStation/medical/CT_Junior/CT artifact annotation/output_refined_v2/masks_nifti/CQ500-CT-444.nii.gz,335321,265,288,512,512
CQ500-CT-445,/media/qiqi/P7000Z/WorkStation/medical/CT_Junior/CQ500/CQ500CT445 CQ500CT445/Unknown Study/CT Plain THIN,CT Plain THIN,/media/qiqi/P7000Z/WorkStation/medical/CT_Junior/CT artifact annotation/output_refined_v2/images_nifti/CQ500-CT-445.nii.gz,/media/qiqi/P7000Z/WorkStation/medical/CT_Junior/CT artifact annotation/output_refined_v2/masks_nifti/CQ500-CT-445.nii.gz,38793,180,307,512,512
CQ500-CT-446,/media/qiqi/P7000Z/WorkStation/medical/CT_Junior/CQ500/CQ500CT446 CQ500CT446/Unknown Study/CT Plain,CT Plain,/media/qiqi/P7000Z/WorkStation/medical/CT_Junior/CT artifact annotation/output_refined_v2/images_nifti/CQ500-CT-446.nii.gz,/media/qiqi/P7000Z/WorkStation/medical/CT_Junior/CT artifact annotation/output_refined_v2/masks_nifti/CQ500-CT-446.nii.gz,2886,21,32,512,512
CQ500-CT-447,/media/qiqi/P7000Z/WorkStation/medical/CT_Junior/CQ500/CQ500CT447 CQ500CT447/Unknown Study/CT PLAIN THIN,CT PLAIN THIN,/media/qiqi/P7000Z/WorkStation/medical/CT_Junior/CT artifact annotation/output_refined_v2/images_nifti/CQ500-CT-447.nii.gz,/media/qiqi/P7000Z/WorkStation/medical/CT_Junior/CT artifact annotation/output_refined_v2/masks_nifti/CQ500-CT-447.nii.gz,195821,150,156,512,512
CQ500-CT-448,/media/qiqi/P7000Z/WorkStation/medical/CT_Junior/CQ500/CQ500CT448 CQ500CT448/Unknown Study/CT PLAIN THIN,CT PLAIN THIN,/media/qiqi/P7000Z/WorkStation/medical/CT_Junior/CT artifact annotation/output_refined_v2/images_nifti/CQ500-CT-448.nii.gz,/media/qiqi/P7000Z/WorkStation/medical/CT_Junior/CT artifact annotation/output_refined_v2/masks_nifti/CQ500-CT-448.nii.gz,438352,199,214,512,512
CQ500-CT-449,/media/qiqi/P7000Z/WorkStation/medical/CT_Junior/CQ500/CQ500CT449 CQ500CT449/Unknown Study/CT 0.625mm,CT 0.625mm,/media/qiqi/P7000Z/WorkStation/medical/CT_Junior/CT artifact annotation/output_refined_v2/images_nifti/CQ500-CT-449.nii.gz,/media/qiqi/P7000Z/WorkStation/medical/CT_Junior/CT artifact annotation/output_refined_v2/masks_nifti/CQ500-CT-449.nii.gz,716706,251,256,512,512
CQ500-CT-450,/media/qiqi/P7000Z/WorkStation/medical/CT_Junior/CQ500/CQ500CT450 CQ500CT450/Unknown Study/CT Plain,CT Plain,/media/qiqi/P7000Z/WorkStation/medical/CT_Junior/CT artifact annotation/output_refined_v2/images_nifti/CQ500-CT-450.nii.gz,/media/qiqi/P7000Z/WorkStation/medical/CT_Junior/CT artifact annotation/output_refined_v2/masks_nifti/CQ500-CT-450.nii.gz,9868,21,28,512,512
CQ500-CT-451,/media/qiqi/P7000Z/WorkStation/medical/CT_Junior/CQ500/CQ500CT451 CQ500CT451/Unknown Study/CT Thin Plain,CT Thin Plain,/media/qiqi/P7000Z/WorkStation/medical/CT_Junior/CT artifact annotation/output_refined_v2/images_nifti/CQ500-CT-451.nii.gz,/media/qiqi/P7000Z/WorkStation/medical/CT_Junior/CT artifact annotation/output_refined_v2/masks_nifti/CQ500-CT-451.nii.gz,558352,250,256,512,512
CQ500-CT-452,/media/qiqi/P7000Z/WorkStation/medical/CT_Junior/CQ500/CQ500CT452 CQ500CT452/Unknown Study/CT Plain,CT Plain,/media/qiqi/P7000Z/WorkStation/medical/CT_Junior/CT artifact annotation/output_refined_v2/images_nifti/CQ500-CT-452.nii.gz,/media/qiqi/P7000Z/WorkStation/medical/CT_Junior/CT artifact annotation/output_refined_v2/masks_nifti/CQ500-CT-452.nii.gz,599,13,28,512,512
CQ500-CT-453,/media/qiqi/P7000Z/WorkStation/medical/CT_Junior/CQ500/CQ500CT453 CQ500CT453/Unknown Study/CT Plain,CT Plain,/media/qiqi/P7000Z/WorkStation/medical/CT_Junior/CT artifact annotation/output_refined_v2/images_nifti/CQ500-CT-453.nii.gz,/media/qiqi/P7000Z/WorkStation/medical/CT_Junior/CT artifact annotation/output_refined_v2/masks_nifti/CQ500-CT-453.nii.gz,5334,22,30,512,512
CQ500-CT-454,/media/qiqi/P7000Z/WorkStation/medical/CT_Junior/CQ500/CQ500CT454 CQ500CT454/Unknown Study/CT 0.625mm,CT 0.625mm,/media/qiqi/P7000Z/WorkStation/medical/CT_Junior/CT artifact annotation/output_refined_v2/images_nifti/CQ500-CT-454.nii.gz,/media/qiqi/P7000Z/WorkStation/medical/CT_Junior/CT artifact annotation/output_refined_v2/masks_nifti/CQ500-CT-454.nii.gz,315336,247,256,512,512
CQ500-CT-455,/media/qiqi/P7000Z/WorkStation/medical/CT_Junior/CQ500/CQ500CT455 CQ500CT455/Unknown Study/CT PLAIN THIN,CT PLAIN THIN,/media/qiqi/P7000Z/WorkStation/medical/CT_Junior/CT artifact annotation/output_refined_v2/images_nifti/CQ500-CT-455.nii.gz,/media/qiqi/P7000Z/WorkStation/medical/CT_Junior/CT artifact annotation/output_refined_v2/masks_nifti/CQ500-CT-455.nii.gz,75837,190,240,512,512
CQ500-CT-456,/media/qiqi/P7000Z/WorkStation/medical/CT_Junior/CQ500/CQ500CT456 CQ500CT456/Unknown Study/CT 0.625mm,CT 0.625mm,/media/qiqi/P7000Z/WorkStation/medical/CT_Junior/CT artifact annotation/output_refined_v2/images_nifti/CQ500-CT-456.nii.gz,/media/qiqi/P7000Z/WorkStation/medical/CT_Junior/CT artifact annotation/output_refined_v2/masks_nifti/CQ500-CT-456.nii.gz,364433,237,256,512,512
CQ500-CT-457,/media/qiqi/P7000Z/WorkStation/medical/CT_Junior/CQ500/CQ500CT457 CQ500CT457/Unknown Study/CT 2.55mm,CT 2.55mm,/media/qiqi/P7000Z/WorkStation/medical/CT_Junior/CT artifact annotation/output_refined_v2/images_nifti/CQ500-CT-457.nii.gz,/media/qiqi/P7000Z/WorkStation/medical/CT_Junior/CT artifact annotation/output_refined_v2/masks_nifti/CQ500-CT-457.nii.gz,833,12,28,512,512
CQ500-CT-458,/media/qiqi/P7000Z/WorkStation/medical/CT_Junior/CQ500/CQ500CT458 CQ500CT458/Unknown Study/CT Thin Plain,CT Thin Plain,/media/qiqi/P7000Z/WorkStation/medical/CT_Junior/CT artifact annotation/output_refined_v2/images_nifti/CQ500-CT-458.nii.gz,/media/qiqi/P7000Z/WorkStation/medical/CT_Junior/CT artifact annotation/output_refined_v2/masks_nifti/CQ500-CT-458.nii.gz,29524,173,256,512,512
CQ500-CT-459,/media/qiqi/P7000Z/WorkStation/medical/CT_Junior/CQ500/CQ500CT459 CQ500CT459/Unknown Study/CT Plain,CT Plain,/media/qiqi/P7000Z/WorkStation/medical/CT_Junior/CT artifact annotation/output_refined_v2/images_nifti/CQ500-CT-459.nii.gz,/media/qiqi/P7000Z/WorkStation/medical/CT_Junior/CT artifact annotation/output_refined_v2/masks_nifti/CQ500-CT-459.nii.gz,1110,7,32,512,512
CQ500-CT-460,/media/qiqi/P7000Z/WorkStation/medical/CT_Junior/CQ500/CQ500CT460 CQ500CT460/Unknown Study/CT Plain,CT Plain,/media/qiqi/P7000Z/WorkStation/medical/CT_Junior/CT artifact annotation/output_refined_v2/images_nifti/CQ500-CT-460.nii.gz,/media/qiqi/P7000Z/WorkStation/medical/CT_Junior/CT artifact annotation/output_refined_v2/masks_nifti/CQ500-CT-460.nii.gz,3649,18,32,512,512
CQ500-CT-461,/media/qiqi/P7000Z/WorkStation/medical/CT_Junior/CQ500/CQ500CT461 CQ500CT461/Unknown Study/CT Thin Plain,CT Thin Plain,/media/qiqi/P7000Z/WorkStation/medical/CT_Junior/CT artifact annotation/output_refined_v2/images_nifti/CQ500-CT-461.nii.gz,/media/qiqi/P7000Z/WorkStation/medical/CT_Junior/CT artifact annotation/output_refined_v2/masks_nifti/CQ500-CT-461.nii.gz,45936,223,256,512,512
CQ500-CT-462,/media/qiqi/P7000Z/WorkStation/medical/CT_Junior/CQ500/CQ500CT462 CQ500CT462/Unknown Study/CT Thin Plain,CT Thin Plain,/media/qiqi/P7000Z/WorkStation/medical/CT_Junior/CT artifact annotation/output_refined_v2/images_nifti/CQ500-CT-462.nii.gz,/media/qiqi/P7000Z/WorkStation/medical/CT_Junior/CT artifact annotation/output_refined_v2/masks_nifti/CQ500-CT-462.nii.gz,725442,237,256,512,512
CQ500-CT-463,/media/qiqi/P7000Z/WorkStation/medical/CT_Junior/CQ500/CQ500CT463 CQ500CT463/Unknown Study/CT Thin Plain,CT Thin Plain,/media/qiqi/P7000Z/WorkStation/medical/CT_Junior/CT artifact annotation/output_refined_v2/images_nifti/CQ500-CT-463.nii.gz,/media/qiqi/P7000Z/WorkStation/medical/CT_Junior/CT artifact annotation/output_refined_v2/masks_nifti/CQ500-CT-463.nii.gz,182031,275,288,512,512
CQ500-CT-464,/media/qiqi/P7000Z/WorkStation/medical/CT_Junior/CQ500/CQ500CT464 CQ500CT464/Unknown Study/CT Plain,CT Plain,/media/qiqi/P7000Z/WorkStation/medical/CT_Junior/CT artifact annotation/output_refined_v2/images_nifti/CQ500-CT-464.nii.gz,/media/qiqi/P7000Z/WorkStation/medical/CT_Junior/CT artifact annotation/output_refined_v2/masks_nifti/CQ500-CT-464.nii.gz,7797,25,32,512,512
CQ500-CT-465,/media/qiqi/P7000Z/WorkStation/medical/CT_Junior/CQ500/CQ500CT465 CQ500CT465/Unknown Study/CT Thin Plain,CT Thin Plain,/media/qiqi/P7000Z/WorkStation/medical/CT_Junior/CT artifact annotation/output_refined_v2/images_nifti/CQ500-CT-465.nii.gz,/media/qiqi/P7000Z/WorkStation/medical/CT_Junior/CT artifact annotation/output_refined_v2/masks_nifti/CQ500-CT-465.nii.gz,653853,243,256,512,512
CQ500-CT-466,/media/qiqi/P7000Z/WorkStation/medical/CT_Junior/CQ500/CQ500CT466 CQ500CT466/Unknown Study/CT Thin Plain,CT Thin Plain,/media/qiqi/P7000Z/WorkStation/medical/CT_Junior/CT artifact annotation/output_refined_v2/images_nifti/CQ500-CT-466.nii.gz,/media/qiqi/P7000Z/WorkStation/medical/CT_Junior/CT artifact annotation/output_refined_v2/masks_nifti/CQ500-CT-466.nii.gz,142220,265,288,512,512
CQ500-CT-467,/media/qiqi/P7000Z/WorkStation/medical/CT_Junior/CQ500/CQ500CT467 CQ500CT467/Unknown Study/CT PRE CONTRAST 5MM STD,CT PRE CONTRAST 5MM STD,/media/qiqi/P7000Z/WorkStation/medical/CT_Junior/CT artifact annotation/output_refined_v2/images_nifti/CQ500-CT-467.nii.gz,/media/qiqi/P7000Z/WorkStation/medical/CT_Junior/CT artifact annotation/output_refined_v2/masks_nifti/CQ500-CT-467.nii.gz,35737,24,31,512,512
CQ500-CT-468,/media/qiqi/P7000Z/WorkStation/medical/CT_Junior/CQ500/CQ500CT468 CQ500CT468/Unknown Study/CT Plain,CT Plain,/media/qiqi/P7000Z/WorkStation/medical/CT_Junior/CT artifact annotation/output_refined_v2/images_nifti/CQ500-CT-468.nii.gz,/media/qiqi/P7000Z/WorkStation/medical/CT_Junior/CT artifact annotation/output_refined_v2/masks_nifti/CQ500-CT-468.nii.gz,1839,23,32,512,512
CQ500-CT-469,/media/qiqi/P7000Z/WorkStation/medical/CT_Junior/CQ500/CQ500CT469 CQ500CT469/Unknown Study/CT 0.625mm,CT 0.625mm,/media/qiqi/P7000Z/WorkStation/medical/CT_Junior/CT artifact annotation/output_refined_v2/images_nifti/CQ500-CT-469.nii.gz,/media/qiqi/P7000Z/WorkStation/medical/CT_Junior/CT artifact annotation/output_refined_v2/masks_nifti/CQ500-CT-469.nii.gz,473545,244,256,512,512
CQ500-CT-470,/media/qiqi/P7000Z/WorkStation/medical/CT_Junior/CQ500/CQ500CT470 CQ500CT470/Unknown Study/CT 5mm POST CONTRAST,CT 5mm POST CONTRAST,/media/qiqi/P7000Z/WorkStation/medical/CT_Junior/CT artifact annotation/output_refined_v2/images_nifti/CQ500-CT-470.nii.gz,/media/qiqi/P7000Z/WorkStation/medical/CT_Junior/CT artifact annotation/output_refined_v2/masks_nifti/CQ500-CT-470.nii.gz,1469583,247,247,512,512
CQ500-CT-471,/media/qiqi/P7000Z/WorkStation/medical/CT_Junior/CQ500/CQ500CT471 CQ500CT471/Unknown Study/CT PRE CONTRAST 5MM STD,CT PRE CONTRAST 5MM STD,/media/qiqi/P7000Z/WorkStation/medical/CT_Junior/CT artifact annotation/output_refined_v2/images_nifti/CQ500-CT-471.nii.gz,/media/qiqi/P7000Z/WorkStation/medical/CT_Junior/CT artifact annotation/output_refined_v2/masks_nifti/CQ500-CT-471.nii.gz,13146,23,31,512,512
CQ500-CT-472,/media/qiqi/P7000Z/WorkStation/medical/CT_Junior/CQ500/CQ500CT472 CQ500CT472/Unknown Study/CT PRE CONTRAST 5MM STD,CT PRE CONTRAST 5MM STD,/media/qiqi/P7000Z/WorkStation/medical/CT_Junior/CT artifact annotation/output_refined_v2/images_nifti/CQ500-CT-472.nii.gz,/media/qiqi/P7000Z/WorkStation/medical/CT_Junior/CT artifact annotation/output_refined_v2/masks_nifti/CQ500-CT-472.nii.gz,16578,22,30,512,512
CQ500-CT-473,/media/qiqi/P7000Z/WorkStation/medical/CT_Junior/CQ500/CQ500CT473 CQ500CT473/Unknown Study/CT Plain 3mm,CT Plain 3mm,/media/qiqi/P7000Z/WorkStation/medical/CT_Junior/CT artifact annotation/output_refined_v2/images_nifti/CQ500-CT-473.nii.gz,/media/qiqi/P7000Z/WorkStation/medical/CT_Junior/CT artifact annotation/output_refined_v2/masks_nifti/CQ500-CT-473.nii.gz,1995,37,55,512,512
CQ500-CT-474,/media/qiqi/P7000Z/WorkStation/medical/CT_Junior/CQ500/CQ500CT474 CQ500CT474/Unknown Study/CT Plain,CT Plain,/media/qiqi/P7000Z/WorkStation/medical/CT_Junior/CT artifact annotation/output_refined_v2/images_nifti/CQ500-CT-474.nii.gz,/media/qiqi/P7000Z/WorkStation/medical/CT_Junior/CT artifact annotation/output_refined_v2/masks_nifti/CQ500-CT-474.nii.gz,9899,28,38,512,512
CQ500-CT-475,/media/qiqi/P7000Z/WorkStation/medical/CT_Junior/CQ500/CQ500CT475 CQ500CT475/Unknown Study/CT PLAIN THIN,CT PLAIN THIN,/media/qiqi/P7000Z/WorkStation/medical/CT_Junior/CT artifact annotation/output_refined_v2/images_nifti/CQ500-CT-475.nii.gz,/media/qiqi/P7000Z/WorkStation/medical/CT_Junior/CT artifact annotation/output_refined_v2/masks_nifti/CQ500-CT-475.nii.gz,230676,250,256,512,512
CQ500-CT-476,/media/qiqi/P7000Z/WorkStation/medical/CT_Junior/CQ500/CQ500CT476 CQ500CT476/Unknown Study/CT PLAIN THIN,CT PLAIN THIN,/media/qiqi/P7000Z/WorkStation/medical/CT_Junior/CT artifact annotation/output_refined_v2/images_nifti/CQ500-CT-476.nii.gz,/media/qiqi/P7000Z/WorkStation/medical/CT_Junior/CT artifact annotation/output_refined_v2/masks_nifti/CQ500-CT-476.nii.gz,30349,145,241,512,512
CQ500-CT-477,/media/qiqi/P7000Z/WorkStation/medical/CT_Junior/CQ500/CQ500CT477 CQ500CT477/Unknown Study/CT 0.625mm DMPR on HiRes VS40,CT 0.625mm DMPR on HiRes VS40,/media/qiqi/P7000Z/WorkStation/medical/CT_Junior/CT artifact annotation/output_refined_v2/images_nifti/CQ500-CT-477.nii.gz,/media/qiqi/P7000Z/WorkStation/medical/CT_Junior/CT artifact annotation/output_refined_v2/masks_nifti/CQ500-CT-477.nii.gz,111,10,418,512,512
CQ500-CT-478,/media/qiqi/P7000Z/WorkStation/medical/CT_Junior/CQ500/CQ500CT478 CQ500CT478/Unknown Study/CT PRE CONTRAST 5MM STD,CT PRE CONTRAST 5MM STD,/media/qiqi/P7000Z/WorkStation/medical/CT_Junior/CT artifact annotation/output_refined_v2/images_nifti/CQ500-CT-478.nii.gz,/media/qiqi/P7000Z/WorkStation/medical/CT_Junior/CT artifact annotation/output_refined_v2/masks_nifti/CQ500-CT-478.nii.gz,15608,23,30,512,512
CQ500-CT-479,/media/qiqi/P7000Z/WorkStation/medical/CT_Junior/CQ500/CQ500CT479 CQ500CT479/Unknown Study/CT PRE CONTRAST 5MM STD,CT PRE CONTRAST 5MM STD,/media/qiqi/P7000Z/WorkStation/medical/CT_Junior/CT artifact annotation/output_refined_v2/images_nifti/CQ500-CT-479.nii.gz,/media/qiqi/P7000Z/WorkStation/medical/CT_Junior/CT artifact annotation/output_refined_v2/masks_nifti/CQ500-CT-479.nii.gz,10859,24,33,512,512
CQ500-CT-480,/media/qiqi/P7000Z/WorkStation/medical/CT_Junior/CQ500/CQ500CT480 CQ500CT480/Unknown Study/CT PRE CONTRAST 5MM STD,CT PRE CONTRAST 5MM STD,/media/qiqi/P7000Z/WorkStation/medical/CT_Junior/CT artifact annotation/output_refined_v2/images_nifti/CQ500-CT-480.nii.gz,/media/qiqi/P7000Z/WorkStation/medical/CT_Junior/CT artifact annotation/output_refined_v2/masks_nifti/CQ500-CT-480.nii.gz,17380,23,30,512,512
CQ500-CT-481,/media/qiqi/P7000Z/WorkStation/medical/CT_Junior/CQ500/CQ500CT481 CQ500CT481/Unknown Study/CT Plain,CT Plain,/media/qiqi/P7000Z/WorkStation/medical/CT_Junior/CT artifact annotation/output_refined_v2/images_nifti/CQ500-CT-481.nii.gz,/media/qiqi/P7000Z/WorkStation/medical/CT_Junior/CT artifact annotation/output_refined_v2/masks_nifti/CQ500-CT-481.nii.gz,348,10,30,512,512
CQ500-CT-482,/media/qiqi/P7000Z/WorkStation/medical/CT_Junior/CQ500/CQ500CT482 CQ500CT482/Unknown Study/CT PRE CONTRAST 5MM STD,CT PRE CONTRAST 5MM STD,/media/qiqi/P7000Z/WorkStation/medical/CT_Junior/CT artifact annotation/output_refined_v2/images_nifti/CQ500-CT-482.nii.gz,/media/qiqi/P7000Z/WorkStation/medical/CT_Junior/CT artifact annotation/output_refined_v2/masks_nifti/CQ500-CT-482.nii.gz,6883,22,32,512,512
CQ500-CT-483,/media/qiqi/P7000Z/WorkStation/medical/CT_Junior/CQ500/CQ500CT483 CQ500CT483/Unknown Study/CT Thin Plain,CT Thin Plain,/media/qiqi/P7000Z/WorkStation/medical/CT_Junior/CT artifact annotation/output_refined_v2/images_nifti/CQ500-CT-483.nii.gz,/media/qiqi/P7000Z/WorkStation/medical/CT_Junior/CT artifact annotation/output_refined_v2/masks_nifti/CQ500-CT-483.nii.gz,16226,71,256,512,512
CQ500-CT-484,/media/qiqi/P7000Z/WorkStation/medical/CT_Junior/CQ500/CQ500CT484 CQ500CT484/Unknown Study/CT Plain THIN,CT Plain THIN,/media/qiqi/P7000Z/WorkStation/medical/CT_Junior/CT artifact annotation/output_refined_v2/images_nifti/CQ500-CT-484.nii.gz,/media/qiqi/P7000Z/WorkStation/medical/CT_Junior/CT artifact annotation/output_refined_v2/masks_nifti/CQ500-CT-484.nii.gz,57422,329,349,512,512
CQ500-CT-485,/media/qiqi/P7000Z/WorkStation/medical/CT_Junior/CQ500/CQ500CT485 CQ500CT485/Unknown Study/CT Plain,CT Plain,/media/qiqi/P7000Z/WorkStation/medical/CT_Junior/CT artifact annotation/output_refined_v2/images_nifti/CQ500-CT-485.nii.gz,/media/qiqi/P7000Z/WorkStation/medical/CT_Junior/CT artifact annotation/output_refined_v2/masks_nifti/CQ500-CT-485.nii.gz,889,17,30,512,512
CQ500-CT-486,/media/qiqi/P7000Z/WorkStation/medical/CT_Junior/CQ500/CQ500CT486 CQ500CT486/Unknown Study/CT Plain,CT Plain,/media/qiqi/P7000Z/WorkStation/medical/CT_Junior/CT artifact annotation/output_refined_v2/images_nifti/CQ500-CT-486.nii.gz,/media/qiqi/P7000Z/WorkStation/medical/CT_Junior/CT artifact annotation/output_refined_v2/masks_nifti/CQ500-CT-486.nii.gz,7475,21,28,512,512
CQ500-CT-487,/media/qiqi/P7000Z/WorkStation/medical/CT_Junior/CQ500/CQ500CT487 CQ500CT487/Unknown Study/CT Plain 3mm,CT Plain 3mm,/media/qiqi/P7000Z/WorkStation/medical/CT_Junior/CT artifact annotation/output_refined_v2/images_nifti/CQ500-CT-487.nii.gz,/media/qiqi/P7000Z/WorkStation/medical/CT_Junior/CT artifact annotation/output_refined_v2/masks_nifti/CQ500-CT-487.nii.gz,1534,15,30,512,512
CQ500-CT-488,/media/qiqi/P7000Z/WorkStation/medical/CT_Junior/CQ500/CQ500CT488 CQ500CT488/Unknown Study/CT 0.625mm,CT 0.625mm,/media/qiqi/P7000Z/WorkStation/medical/CT_Junior/CT artifact annotation/output_refined_v2/images_nifti/CQ500-CT-488.nii.gz,/media/qiqi/P7000Z/WorkStation/medical/CT_Junior/CT artifact annotation/output_refined_v2/masks_nifti/CQ500-CT-488.nii.gz,778118,224,224,512,512
CQ500-CT-489,/media/qiqi/P7000Z/WorkStation/medical/CT_Junior/CQ500/CQ500CT489 CQ500CT489/Unknown Study/CT 0.625mm,CT 0.625mm,/media/qiqi/P7000Z/WorkStation/medical/CT_Junior/CT artifact annotation/output_refined_v2/images_nifti/CQ500-CT-489.nii.gz,/media/qiqi/P7000Z/WorkStation/medical/CT_Junior/CT artifact annotation/output_refined_v2/masks_nifti/CQ500-CT-489.nii.gz,1298083,266,288,512,512
CQ500-CT-490,/media/qiqi/P7000Z/WorkStation/medical/CT_Junior/CQ500/CQ500CT490 CQ500CT490/Unknown Study/CT Plain,CT Plain,/media/qiqi/P7000Z/WorkStation/medical/CT_Junior/CT artifact annotation/output_refined_v2/images_nifti/CQ500-CT-490.nii.gz,/media/qiqi/P7000Z/WorkStation/medical/CT_Junior/CT artifact annotation/output_refined_v2/masks_nifti/CQ500-CT-490.nii.gz,4509,20,30,512,512
